# id	acronyms (comma-separated, primary first) — generated by build_rhythm_acronyms.py
ecg00001	1AVB
ecg00002	2AVB
ecg00003	2AVB
ecg00004	AVB,2AVB2
ecg00005	2AVB,2AVB2
ecg00006	3AVB
ecg00007	MI_ANT,SR
ecg00008	MI_ANTLAT,SR
ecg00009	MI_ANTSEP,SR
ecg00011	JEB
ecg00012	AF
ecg00013	AVNRT
ecg00014	SR
ecg00016	ARHY
ecg00018	AFIB
ecg00019	VFIB
ecg00020	VER
ecg00021	SR
ecg00022	SR
ecg00023	MI_ANTLAT,SR
ecg00024	MI
ecg00025	LAH,SR
ecg00026	APACE
ecg00027	APACE
ecg00028	APACE
ecg00029	SR
ecg00030	MI_INF_POST,SR
ecg00031	RAH,SR
ecg00032	SAB
ecg00033	SR
ecg00034	TWC,SR
ecg00035	SA
ecg00036	SQTI,SR
ecg00037	QTIE,SR
ecg00038	UW,SR
ecg00039	SR
ecg00040	STDD,SR
ecg00041	QTIE,SR
ecg00042	SR
ecg00043	SR
ecg00044	SR
ecg00045	LVH,SR
ecg00046	RVH,SR
ecg00047	WPW,SR
ecg00048	PVT
ecg00049	AT,WAVN
ecg00050	SVT
ecg00051	PVT
ecg00052	VFL
ecg00053	PVT
ecg00054	WAVN
ecg00055	TWO
ecg00056	WPW
ecg00057	TWC,AFIB,RBBB
ecg00058	TWC,SB
ecg00059	SB
ecg00060	STDD,AF,STTC
ecg00061	SB
ecg00062	TWC,AFIB
ecg00063	SR
ecg00064	SB
ecg00065	SB
ecg00066	LVH,SB
ecg00067	ST
ecg00068	1AVB,SB
ecg00069	ABI,SB,LVH
ecg00070	SB
ecg00071	STTC,AFIB
ecg00072	SB
ecg00073	RBBB,SB
ecg00074	TWO,SB,1AVB
ecg00075	SB
ecg00076	SR
ecg00077	SB
ecg00078	TWC,AFIB
ecg00079	TWC,ST
ecg00080	LAFB,SB,LVH,PWC
ecg00081	AQW,SB
ecg00082	APB,SB
ecg00083	AVB,AF
ecg00084	TWC,AFIB,VPB
ecg00085	SB
ecg00086	ST
ecg00087	SB
ecg00088	TWC,AFIB,VPB
ecg00089	AFIB
ecg00090	SB
ecg00091	AFIB,LVH,VPB
ecg00092	SB
ecg00093	AFIB
ecg00094	VPB,ST
ecg00095	SR
ecg00096	IDC,AFIB,LVH
ecg00097	STDD,SB,TWC
ecg00098	ST,LVQRSAL
ecg00099	STTC,AFIB,VPB
ecg00100	SR
ecg00101	AFIB
ecg00102	SB,ALS
ecg00103	AFIB
ecg00104	SR
ecg00105	STTC,AF,RBBB
ecg00106	SB
ecg00107	SB
ecg00108	SB
ecg00109	SB
ecg00110	ST
ecg00111	SR
ecg00112	STTC,ST
ecg00113	AFIB
ecg00114	SR
ecg00115	SB
ecg00116	SR
ecg00117	TWC,AFIB,LVH
ecg00118	SB
ecg00119	SB
ecg00120	STTC,AFIB,LVH
ecg00121	SR
ecg00122	AVB,AF,ARS
ecg00123	SR
ecg00124	STTC,AFIB,IDC,LVH
ecg00125	SR,ALS
ecg00126	LVH,SB
ecg00127	TWC,AFIB,ALS,VPB
ecg00128	SB
ecg00129	SR,ALS
ecg00130	SB,CCR
ecg00131	MI,MI_LAT,AFIB,IDC
ecg00132	SB
ecg00133	MI,AFIB,MI_LAT,STDD,TWC
ecg00134	STTC,AF
ecg00135	SB
ecg00136	LVH,SB
ecg00137	LVH,SB
ecg00138	AFIB
ecg00139	VPB,SB,LVH
ecg00140	SB
ecg00141	TWC,SB
ecg00142	LVH,SB
ecg00143	1AVB,SB,APB,LVH
ecg00144	SB
ecg00145	RBBB,AFIB,LVQRSAL
ecg00146	TWC,SB
ecg00147	ST
ecg00148	SB
ecg00149	STTC,ST,1AVB,IDC,LAFB
ecg00150	SR
ecg00151	TWC,SB
ecg00152	TWC,SB
ecg00153	SB
ecg00154	ST,LVQRSAL
ecg00155	SB
ecg00156	SB
ecg00157	AFIB
ecg00158	SB
ecg00159	ST
ecg00160	SB
ecg00161	TWC,AFIB
ecg00162	ST
ecg00163	SB
ecg00164	STDD,AFIB,STTC,TWO
ecg00165	SB
ecg00166	SB
ecg00167	SB
ecg00168	SB
ecg00169	STTC,SB,ALS
ecg00170	1AVB,SB
ecg00171	TWC,AFIB
ecg00172	SB
ecg00173	STTC,SB,APB
ecg00174	STTC,AFIB,RBBB
ecg00175	SB
ecg00176	STDD,AF,LVH,STTC,TWC
ecg00177	STDD,AFIB,IDC,STTC,TWC,VPB
ecg00178	LVH,SB
ecg00179	1AVB,SB
ecg00180	SB
ecg00181	LVH,SR
ecg00182	TWC,SB
ecg00183	AVB,AF
ecg00184	STDD,AFIB,STTC
ecg00185	APB,SB
ecg00186	SB
ecg00187	IDC,AFIB,LAFB
ecg00188	TWC,AF
ecg00189	LVH,SB
ecg00190	SB
ecg00191	STDD,AFIB,STTC,TWC
ecg00192	SR
ecg00193	1AVB,SB,LAFB
ecg00194	STDD,AFIB,STTC,TWC
ecg00195	TWC,AFIB,LVH
ecg00196	SB
ecg00197	SB
ecg00198	STTU,SB,TWC
ecg00199	VET,SB
ecg00200	AFIB
ecg00201	SB
ecg00202	SB
ecg00203	SR
ecg00204	SR
ecg00205	SB
ecg00206	SB
ecg00207	STTC,AFIB,IDC,LVH
ecg00208	SB
ecg00209	IDC,SB
ecg00210	SB
ecg00211	SB
ecg00212	ST
ecg00213	APB,SB
ecg00214	SB
ecg00215	SB
ecg00216	APB,SB
ecg00217	TWC,SB,LVH
ecg00218	1AVB,ST
ecg00219	SB
ecg00220	ST
ecg00221	SR
ecg00222	LVH,SB
ecg00223	SR
ecg00224	TWC,SB
ecg00225	STTC,AFIB,ALS,LVQRSAL
ecg00226	SB
ecg00227	TWC,AFIB
ecg00228	TWC,SB
ecg00229	LVH,SB
ecg00230	LAFB,SR,APB
ecg00231	SB
ecg00232	STTC,ST
ecg00233	SB
ecg00234	TWC,SB,LVH,RBBB
ecg00235	SB
ecg00236	LVH,SR
ecg00237	AFIB
ecg00238	TWC,SB,LVH
ecg00239	AVB,AF
ecg00240	SB
ecg00241	SB
ecg00242	SB
ecg00243	SB
ecg00244	TWC,AFIB
ecg00245	ST
ecg00246	SB
ecg00247	SB
ecg00248	AQW,SB,MI,MI_LAT,STDD,STTU
ecg00249	SB
ecg00250	TWC,SB
ecg00251	AFIB
ecg00252	SR
ecg00253	SB
ecg00254	RBBB,SB,LVH
ecg00255	TWC,SB
ecg00256	STTC,SR,VPB
ecg00257	UW,AFIB,QTIE,RBBB
ecg00258	TWC,AFIB,UW
ecg00259	TWC,AFIB
ecg00260	TWC,SB,VPB
ecg00261	SB,ALS
ecg00262	ST
ecg00263	TWC,AFIB,LVH
ecg00264	RBBB,SB
ecg00265	ST,ARS
ecg00266	TWC,SR,1AVB,ALS
ecg00267	AQW,AFIB,STDD,STTC,TWC
ecg00268	SR
ecg00269	1AVB,SB
ecg00270	ST
ecg00271	SR
ecg00272	SR
ecg00273	SB
ecg00274	TWC,AF,AVB
ecg00275	SB
ecg00276	SB
ecg00277	SB
ecg00278	SB
ecg00279	TWC,AF
ecg00280	SB
ecg00281	ST
ecg00282	TWC,AFIB,LVH
ecg00283	SB
ecg00284	SR
ecg00285	ST
ecg00286	AFIB
ecg00287	VET,ST
ecg00288	SB
ecg00289	LVH,SB
ecg00290	LVH,SB
ecg00291	AFIB
ecg00292	TWC,AFIB
ecg00293	RBBB,SR
ecg00294	ST
ecg00295	SB,LVQRSAL
ecg00296	TWC,AFIB
ecg00297	AFIB,LVH
ecg00298	AF,ARS
ecg00299	SR,CCR
ecg00300	TWC,SB,LVH,TWO
ecg00301	TWC,ST
ecg00302	SB
ecg00303	RBBB,AFIB
ecg00304	SB
ecg00305	STDD,SR,PWC,STTC,TWC
ecg00306	STTC,AF
ecg00307	TWC,AFIB,CCR
ecg00308	TWC,SB,LVH
ecg00309	APB,ST
ecg00310	SB,LVQRSAL
ecg00311	SB
ecg00312	STTC,SR
ecg00313	AQW,AFIB
ecg00314	LVH,SB
ecg00315	1AVB,SB
ecg00316	TWC,AFIB
ecg00317	TWC,AFIB
ecg00318	ERV,SB,LVH
ecg00319	TWC,AFIB,LVH
ecg00320	LVH,SB
ecg00321	SB
ecg00322	STTC,AFIB,IDC
ecg00323	SR
ecg00324	SB
ecg00325	ST,CCR
ecg00326	SR
ecg00327	SB
ecg00328	SB
ecg00329	SR
ecg00330	SB
ecg00331	ST
ecg00332	SR
ecg00333	TWC,SB
ecg00334	AF
ecg00335	STTC,AFIB
ecg00336	AF
ecg00337	SB
ecg00338	SB
ecg00339	SR
ecg00340	ST,ARS
ecg00341	PRIE,SB
ecg00342	STTC,AFIB,LVH
ecg00343	STTU,SB
ecg00344	SB
ecg00345	LVH,SR
ecg00346	SB
ecg00347	SB,ALS,LVQRSAL
ecg00348	LVH,SB
ecg00349	SB
ecg00350	SB,ALS
ecg00351	ST
ecg00352	LAFB,AFIB
ecg00353	SR
ecg00354	SB
ecg00355	SB
ecg00356	LVH,SB
ecg00357	SB
ecg00358	SR
ecg00359	STTU,SB,1AVB
ecg00360	ST
ecg00361	SR
ecg00362	RBBB,AFIB
ecg00363	IDC,AF,ALS,LAFB
ecg00364	AFIB
ecg00365	TWC,AF,IDC
ecg00366	LAFB,AF,VPB
ecg00367	AFIB
ecg00368	STTC,AFIB,RBBB
ecg00369	STTC,ST,APB,LVH
ecg00370	SR
ecg00371	AVB,AF
ecg00372	LVH,SB
ecg00373	STTC,ST
ecg00374	SB
ecg00375	STTC,ST
ecg00376	STTC,AFIB,LVH,VPB
ecg00377	SB
ecg00378	ST
ecg00379	SR
ecg00380	AFIB
ecg00381	TWC,AFIB
ecg00382	SB
ecg00383	LVH,ST
ecg00384	SB
ecg00385	TWC,ST
ecg00386	SB
ecg00387	1AVB,SB
ecg00388	STDD,SB,STTC,TWC
ecg00389	SB
ecg00390	IDC,AF,ALS,LAFB
ecg00391	SB
ecg00392	SB
ecg00393	SB
ecg00394	STTC,ST
ecg00395	SB
ecg00396	SB
ecg00397	SR
ecg00398	SB
ecg00399	SB
ecg00400	SB
ecg00401	1AVB,SB
ecg00402	VPB,SB
ecg00403	SB
ecg00404	SB
ecg00405	SB
ecg00406	TWC,SB,LVH
ecg00407	SB
ecg00408	AFIB,LVH
ecg00409	ST
ecg00410	ST
ecg00411	IDC,SB
ecg00412	TWC,AFIB
ecg00413	SB
ecg00414	SR
ecg00415	SB
ecg00416	SR
ecg00417	APB,SB
ecg00418	VPB,ST
ecg00419	LVH,SB
ecg00420	SR
ecg00421	STDD,ST,STTC
ecg00422	LVH,SB
ecg00423	TWC,SB
ecg00424	TWC,AFIB
ecg00425	AFIB,LVH
ecg00426	AFIB
ecg00427	SR
ecg00428	LVH,ST
ecg00429	STTC,AFIB,RBBB
ecg00430	1AVB,SR,RBBB
ecg00431	SB
ecg00432	SR
ecg00433	LVH,ST
ecg00434	SR
ecg00435	SR
ecg00436	SR
ecg00437	ST
ecg00438	AFIB
ecg00439	TWC,AFIB
ecg00440	ST
ecg00441	ST
ecg00442	SR
ecg00443	SB
ecg00444	SB
ecg00445	TWC,SB,IDC
ecg00446	AFIB
ecg00447	SR
ecg00448	SB
ecg00449	AQW,AF,TWC,TWO
ecg00450	LVH,SB
ecg00451	AFIB,LVH
ecg00452	AF
ecg00453	SR
ecg00454	TWC,SB
ecg00455	STTC,SB
ecg00456	TWC,ST,LVH
ecg00457	VPB,SB,LVH
ecg00458	AVB,AF
ecg00459	SR
ecg00460	AFIB,ALS
ecg00461	APB,SB
ecg00462	AFIB,ALS
ecg00463	TWC,SB
ecg00464	QTIE,AFIB,LVH
ecg00465	SB
ecg00466	LVH,SB
ecg00467	1AVB,ST
ecg00468	QTIE,AF,LVH,RBBB
ecg00469	LVH,SB
ecg00470	SB
ecg00471	ST
ecg00472	STTC,ST
ecg00473	SR
ecg00474	SB
ecg00475	TWC,SB
ecg00476	SB
ecg00477	SB
ecg00478	SB
ecg00479	SB
ecg00480	1AVB,SB
ecg00481	SB
ecg00482	APB,SB
ecg00483	SB
ecg00484	AFIB,ALS,CCR
ecg00485	AQW,AFIB,RBBB,TWC
ecg00486	TWC,ST
ecg00487	LVH,SB
ecg00488	SB
ecg00489	ST,LVQRSAL
ecg00490	SR
ecg00491	STDD,ST,ALS,STTC,STTU
ecg00492	SB
ecg00493	SB
ecg00494	SR
ecg00495	SB
ecg00496	SB
ecg00497	TWC,AF,AVB
ecg00498	LVH,SB
ecg00499	SR
ecg00500	SB
ecg00501	AF,VPB
ecg00502	SR
ecg00503	LVH,SB
ecg00504	TWC,SB,LVH
ecg00505	TWC,AFIB
ecg00506	VPB,ST
ecg00507	SR
ecg00508	TWC,SB,VPB
ecg00509	SB
ecg00510	SB
ecg00511	STTC,ST,LVH
ecg00512	STDD,AF,LVH,STTC,TWC
ecg00513	SR
ecg00514	TWC,SR
ecg00515	IDC,SB,LVH
ecg00516	SB
ecg00517	SB
ecg00518	SB
ecg00519	LVH,SB
ecg00520	APB,ST,CCR
ecg00521	RBBB,ST
ecg00522	SB
ecg00523	SR
ecg00524	AFIB,LVH,VPB
ecg00525	SB
ecg00526	SB
ecg00527	SR
ecg00528	LVH,SB
ecg00529	ST
ecg00530	1AVB,SB,RBBB
ecg00531	RBBB,SB
ecg00532	SB
ecg00533	SB
ecg00534	SB
ecg00535	STDD,AFIB,STTC,TWC
ecg00536	SB
ecg00537	SB
ecg00538	STTC,AFIB
ecg00539	TWC,SB,LVH
ecg00540	RBBB,ST
ecg00541	LVH,ST
ecg00542	SB
ecg00543	STTC,AFIB,VPB
ecg00544	STDD,AFIB,LVH,RBBB,STTC,TWC
ecg00545	STTC,SR
ecg00546	STDD,AFIB,STTC,TWC
ecg00547	RBBB,SB,LVQRSAL
ecg00548	ST,PWC
ecg00549	1AVB,SB
ecg00550	SB
ecg00551	SR
ecg00552	SB
ecg00553	SB
ecg00554	STTC,ST
ecg00555	SB
ecg00556	1AVB,SB
ecg00557	SR
ecg00558	TWC,SB,LVH
ecg00559	SB
ecg00560	TWC,SB,LVH,TWO
ecg00561	TWC,SB
ecg00562	SB
ecg00563	ST
ecg00564	LVH,SB
ecg00565	TWC,SB
ecg00566	TWC,SB,LVH
ecg00567	SB
ecg00568	SB
ecg00569	TWC,AF
ecg00570	SR
ecg00571	ERV,SR
ecg00572	ST
ecg00573	SB
ecg00574	AQW,AF,AVB,LVH,STTC
ecg00575	STTC,AFIB
ecg00576	SB,CCR
ecg00577	TWC,ST
ecg00578	TWC,SB
ecg00579	SR
ecg00580	SB
ecg00581	TWC,SB
ecg00582	AFIB
ecg00583	SB
ecg00584	SB
ecg00585	ST
ecg00586	SB
ecg00587	SB
ecg00588	SB
ecg00589	SB
ecg00590	RBBB,SB,LVH
ecg00591	TWC,SR
ecg00592	SB
ecg00593	ST
ecg00594	SB
ecg00595	STTC,AF
ecg00596	ST
ecg00597	AFIB
ecg00598	STTC,ST,LVH,PWC
ecg00599	ST
ecg00600	ST
ecg00601	SR
ecg00602	STDD,ST,STTC,STTU,TWC,TWO
ecg00603	LVH,SB
ecg00604	TWC,AF,LVH
ecg00605	SB
ecg00606	ST
ecg00607	SB
ecg00608	AFIB
ecg00609	ST
ecg00610	ST
ecg00611	SR
ecg00612	SR
ecg00613	SB
ecg00614	SB
ecg00615	SR
ecg00616	SR
ecg00617	SR
ecg00618	ST
ecg00619	ST
ecg00620	SB
ecg00621	VPB,SB
ecg00622	ST
ecg00623	STTC,AFIB
ecg00624	STTC,AFIB
ecg00625	STTC,AFIB,LVH,VPB
ecg00626	SR
ecg00627	ST
ecg00628	SB
ecg00629	ST
ecg00630	TWC,AFIB,ALS,LAFB,LVQRSAL
ecg00631	STTC,SR
ecg00632	TWC,SB
ecg00633	SR
ecg00634	SB
ecg00635	AF,LVH
ecg00636	STTC,ST
ecg00637	TWC,AFIB
ecg00638	LVH,SB
ecg00639	STTC,ST
ecg00640	SB
ecg00641	SB
ecg00642	SR
ecg00643	STDD,AFIB,LVH,TWC
ecg00644	STTU,SB,1AVB,TWC
ecg00645	SB
ecg00646	SB
ecg00647	1AVB,ST
ecg00648	SB
ecg00649	SR
ecg00650	TWC,AFIB,ARS
ecg00651	TWC,SB,CR
ecg00652	TWC,AFIB,LVH
ecg00653	SB
ecg00654	SB
ecg00655	STTC,AFIB
ecg00656	TWC,SB,LVH
ecg00657	ST,ARS
ecg00658	AVB,AF
ecg00659	TWC,ST
ecg00660	TWC,SB
ecg00661	ST
ecg00662	SB
ecg00663	ST
ecg00664	SB
ecg00665	AQW,ST,STDD,TWC
ecg00666	SB
ecg00667	SR
ecg00668	SR
ecg00669	STTC,AFIB,LVH
ecg00670	STTC,SB,1AVB,LVH
ecg00671	SR
ecg00672	TWC,SB
ecg00673	AFIB
ecg00674	SB
ecg00675	SR
ecg00676	STDD,AFIB,STTC,TWC
ecg00677	SB
ecg00678	TWC,ST,LVH
ecg00679	AFIB
ecg00680	AQW,SR,STDD,TWC
ecg00681	TWC,ST,APB,LAFB,RBBB
ecg00682	SB
ecg00683	SB
ecg00684	SB
ecg00685	ST
ecg00686	SB
ecg00687	SR
ecg00688	SR
ecg00689	AFIB,LVQRSAL
ecg00690	TWC,SB,APB,TWO
ecg00691	SB
ecg00692	ST
ecg00693	TWC,SR,APB
ecg00694	ST
ecg00695	1AVB,SR
ecg00696	SB
ecg00697	AFIB,LVH,VPB
ecg00698	TWC,SB
ecg00699	TWC,ST,CR,IDC,LAFB,TWO
ecg00700	ST
ecg00701	AFIB
ecg00702	SR
ecg00703	SR
ecg00704	SR
ecg00705	AFIB
ecg00706	TWC,SB,TWO
ecg00707	IDC,SB
ecg00708	SR
ecg00709	1AVB,ST
ecg00710	ST
ecg00711	SB
ecg00712	STTC,AFIB
ecg00713	SB
ecg00714	TWC,SB
ecg00715	SB
ecg00716	AFIB
ecg00717	SB,ALS
ecg00718	AFIB
ecg00719	QTIE,AFIB
ecg00720	SB,CCR
ecg00721	LVH,ST
ecg00722	SR
ecg00723	TWC,SB
ecg00724	STDD,AFIB,STTC,TWC
ecg00725	SB
ecg00726	ST
ecg00727	1AVB,SB
ecg00728	TWC,ST,ARS,PWC
ecg00729	SB
ecg00730	SR
ecg00731	AF,LVQRSAL
ecg00732	IDC,AFIB,LVQRSAL
ecg00733	SB
ecg00734	TWC,SB
ecg00735	STDD,AFIB,STTC,TWC
ecg00736	SB
ecg00737	SR
ecg00738	TWC,SB,1AVB
ecg00739	SR
ecg00740	STTC,AFIB
ecg00741	SB,CCR
ecg00742	AFIB,LVH
ecg00743	SR
ecg00744	SB
ecg00745	SB
ecg00746	SR
ecg00747	SR
ecg00748	ERV,SB
ecg00749	SB
ecg00750	SR,ARS
ecg00751	AFIB,LVH
ecg00752	LVH,SB
ecg00753	LVH,SB
ecg00754	TWC,SB
ecg00755	LVH,SB
ecg00756	LVH,SB
ecg00757	TWC,SB
ecg00758	SB
ecg00759	SB
ecg00760	ST
ecg00761	APB,ST,ALS
ecg00762	SR
ecg00763	SR
ecg00764	SR
ecg00765	SB
ecg00766	AFIB
ecg00767	SB
ecg00768	ST
ecg00769	STTC,ST
ecg00770	TWC,AFIB,LAFB,LVH
ecg00771	1AVB,ST
ecg00772	LVH,SB
ecg00773	AQW,SB,CCR,TWC
ecg00774	RAH,ST,ARS,CR
ecg00775	SB
ecg00776	SR
ecg00777	TWC,ST,LVH
ecg00778	STTC,SB
ecg00779	SB
ecg00780	STTC,SB
ecg00781	SR
ecg00782	SR
ecg00783	STDD,SB,STTC,TWC
ecg00784	ST
ecg00785	AFIB
ecg00786	1AVB,ST,LAFB
ecg00787	SB
ecg00788	TWC,AFIB,LVH
ecg00789	STTU,SB
ecg00790	ST
ecg00791	TWC,SB
ecg00792	LVH,SB
ecg00793	AQW,SB,LVH
ecg00794	SR
ecg00795	STTC,AFIB
ecg00796	STDD,AFIB,STTC,TWC
ecg00797	SR
ecg00798	AFIB
ecg00799	TWC,AFIB
ecg00800	RBBB,AFIB
ecg00801	AFIB,LVH
ecg00802	SR
ecg00803	AVB,AF
ecg00804	SB
ecg00805	TWC,SB
ecg00806	TWC,AFIB
ecg00807	AFIB
ecg00808	STTU,SB
ecg00809	SB,ARS
ecg00810	TWC,AFIB,IDC
ecg00811	1AVB,ST
ecg00812	ST
ecg00813	TWC,ST,APB,CR,RBBB
ecg00814	SB
ecg00815	AQW,AFIB,ALS
ecg00816	ST
ecg00817	AFIB
ecg00818	TWC,SB
ecg00819	RBBB,SB
ecg00820	AFIB
ecg00821	APB,SB,VPB
ecg00822	ST,ALS,PWC
ecg00823	AVB,AF
ecg00824	SR
ecg00825	SB
ecg00826	TWC,AFIB,LVH
ecg00827	ST
ecg00828	SR,ALS
ecg00829	SB
ecg00830	LVH,SB
ecg00831	SB
ecg00832	SR
ecg00833	1AVB,SB
ecg00834	STTC,AFIB,ALS,VPB
ecg00835	AQW,SB,ALS,TWC
ecg00836	TWC,SB
ecg00837	SB
ecg00838	SR
ecg00839	SR
ecg00840	SR
ecg00841	SB
ecg00842	TWC,AFIB,LVH
ecg00843	TWC,AFIB
ecg00844	STTC,AFIB,IDC
ecg00845	LAFB,SB,ALS
ecg00846	SR
ecg00847	RBBB,SB
ecg00848	ST
ecg00849	ST
ecg00850	STDD,AFIB,TWC
ecg00851	SB
ecg00852	TWC,SR
ecg00853	1AVB,SB
ecg00854	SB
ecg00855	STTC,ST,ALS,LAFB
ecg00856	SR
ecg00857	SB
ecg00858	AQW,AFIB,LAFB,STTC
ecg00859	STTU,SR,1AVB,ARS,TWC
ecg00860	TWC,SB,LVH
ecg00861	SB
ecg00862	SB
ecg00863	SR
ecg00864	SB
ecg00865	SB
ecg00866	TWC,AFIB,LVQRSAL
ecg00867	SR
ecg00868	SB
ecg00869	SR
ecg00870	AFIB
ecg00871	SB
ecg00872	STTC,SB
ecg00873	SR
ecg00874	SB
ecg00875	LVH,SB
ecg00876	TWC,ST,LVQRSAL
ecg00877	SR
ecg00878	SB
ecg00879	STTC,ST,LVQRSAL
ecg00880	STTC,AFIB,CCR,LVH
ecg00881	SR
ecg00882	SR
ecg00883	SR
ecg00884	AFIB
ecg00885	SB,ALS
ecg00886	ST
ecg00887	SR
ecg00888	LVH,ST
ecg00889	SB
ecg00890	SB
ecg00891	SB
ecg00892	SB
ecg00893	SB
ecg00894	TWC,AF,LVH
ecg00895	LVH,SB
ecg00896	SB
ecg00897	ST
ecg00898	SR
ecg00899	RBBB,SB
ecg00900	TWC,SR
ecg00901	SB
ecg00902	AFIB,LVH
ecg00903	SB
ecg00904	SR
ecg00905	SR
ecg00906	SR
ecg00907	STTC,SB
ecg00908	SB
ecg00909	STTC,SB
ecg00910	TWC,SB
ecg00911	ST,ARS
ecg00912	SB
ecg00913	LVH,SB
ecg00914	SR
ecg00915	STTC,SB
ecg00916	SR
ecg00917	STDD,AFIB,STTC,TWO
ecg00918	TWC,SB
ecg00919	AFIB
ecg00920	AQW,AF,AVB
ecg00921	LVH,SB
ecg00922	ST
ecg00923	TWC,AF,VPB
ecg00924	TWC,SB,CCR
ecg00925	AF
ecg00926	TWC,SR
ecg00927	SB
ecg00928	SR
ecg00929	SR
ecg00930	SR
ecg00931	SB
ecg00932	LAFB,AFIB,IDC
ecg00933	STTC,ST
ecg00934	TWC,AF,AVB
ecg00935	SB
ecg00936	TWC,ST
ecg00937	TWC,AFIB,LVH
ecg00938	SB
ecg00939	ST
ecg00940	TWC,SB
ecg00941	RBBB,ST
ecg00942	AFIB
ecg00943	SR,ALS
ecg00944	APB,SB
ecg00945	TWC,SB
ecg00946	SB
ecg00947	AFIB
ecg00948	STTC,ST
ecg00949	STTC,SR
ecg00950	SB
ecg00951	SB
ecg00952	SR
ecg00953	SR
ecg00954	SR
ecg00955	TWC,SR
ecg00956	SB
ecg00957	APB,SB
ecg00958	ST
ecg00959	SR
ecg00960	SB
ecg00961	STTC,SB
ecg00962	SB,PWC
ecg00963	ST
ecg00964	SR
ecg00965	AVB,AF,ARS
ecg00966	SB
ecg00967	TWC,AFIB
ecg00968	ST
ecg00969	SB
ecg00970	SB
ecg00971	AQW,AFIB,STTU,TWC
ecg00972	ST
ecg00973	SB
ecg00974	ST
ecg00975	SB
ecg00976	AFIB
ecg00977	AFIB
ecg00978	QTIE,AF,AVB
ecg00979	AQW,AFIB,STTC
ecg00980	SR
ecg00981	SR
ecg00982	SR
ecg00983	TWC,AFIB
ecg00984	SB
ecg00985	AFIB,ALS,VPB
ecg00986	TWC,ST
ecg00987	SB
ecg00988	SR
ecg00989	SR
ecg00990	SR
ecg00991	SR
ecg00992	STTC,ST
ecg00993	STTC,AFIB,LVH
ecg00994	SR
ecg00995	LAFB,AF,ALS
ecg00996	SB
ecg00997	SR
ecg00998	TWC,ST
ecg00999	SB
ecg01000	AFIB
ecg01001	SR
ecg01002	AFIB
ecg01003	SR
ecg01004	APB,SB,LVH
ecg01005	TWC,SR
ecg01006	SB
ecg01007	SB
ecg01008	SB
ecg01009	RBBB,SB
ecg01010	SB
ecg01011	AFIB
ecg01012	TWC,SR
ecg01013	TWC,AFIB
ecg01014	STDD,AFIB,TWO
ecg01015	ST
ecg01016	SB
ecg01017	SB
ecg01018	STDD,AFIB,LVH,STTC,TWO
ecg01019	AFIB,LVH
ecg01020	TWC,AFIB
ecg01021	SB,ARS
ecg01022	STTC,SB,LVH
ecg01023	SR
ecg01024	LVH,SB
ecg01025	AVB,AF,RBBB
ecg01026	AFIB,VPB
ecg01027	SR
ecg01028	SB
ecg01029	TWC,SB,LVH
ecg01030	RBBB,SB
ecg01031	RBBB,AFIB
ecg01032	SR
ecg01033	SR
ecg01034	SR
ecg01035	STTC,AFIB
ecg01036	SR
ecg01037	SB
ecg01038	SR
ecg01039	TWC,ST,APB,LVQRSAL
ecg01040	SB
ecg01041	SB
ecg01042	STTC,AFIB,ALS,LVH,TWO
ecg01043	SB
ecg01044	AF
ecg01045	AQW,AFIB,STDD,STTC,TWC
ecg01046	LVH,SB
ecg01047	AFIB
ecg01048	TWC,SR,LVH
ecg01049	TWC,SB
ecg01050	SB
ecg01051	SB
ecg01052	SB
ecg01053	SB
ecg01054	SB
ecg01055	TWC,SB,LVH
ecg01056	SB
ecg01057	STTC,ST
ecg01058	ST
ecg01059	STDD,ST,STTC
ecg01060	SB
ecg01061	STTC,ST
ecg01062	SR
ecg01063	TWC,SR,LVH
ecg01064	LVH,SB
ecg01065	STDD,ST,1AVB,STTC,TWC
ecg01066	AVB,AF,LVH
ecg01067	AFIB
ecg01068	LAFB,AFIB,ALS,LVQRSAL
ecg01069	ST
ecg01070	SB
ecg01071	RBBB,SB
ecg01072	TWC,AFIB,RBBB,VPB
ecg01073	SB
ecg01074	TWC,ST,APB
ecg01075	STDD,ST,1AVB,STTC
ecg01076	SR
ecg01077	SR
ecg01078	SR,FQRS
ecg01079	AQW,SB,LVH
ecg01080	SR
ecg01081	SR
ecg01082	STDD,AF,STTC,STTU
ecg01083	SB
ecg01084	SB
ecg01085	SB,ALS
ecg01086	LAFB,SB
ecg01087	SR
ecg01088	AQW,SB,ALS,MI,MI_LAT,PWC,TWC
ecg01089	SR
ecg01090	SB
ecg01091	LAFB,AFIB
ecg01092	ST
ecg01093	STTC,ST
ecg01094	SR
ecg01095	LVH,SB
ecg01096	STTU,SB
ecg01097	LVH,SB
ecg01098	SB
ecg01099	AVB,AF
ecg01100	SR
ecg01101	STDD,SB,STTC,TWC
ecg01102	STTC,AFIB,LVH,VPB
ecg01103	ST
ecg01104	TWC,SB,LVH
ecg01105	TWC,AFIB
ecg01106	TWC,SB
ecg01107	VPB,SB
ecg01108	SB
ecg01109	LVH,SB
ecg01110	LVH,SB
ecg01111	STTC,SR
ecg01112	STTU,SB,1AVB
ecg01113	SB
ecg01114	SB
ecg01115	SR
ecg01116	SR
ecg01117	SB
ecg01118	AFIB,VPB
ecg01119	SR
ecg01120	STDD,AFIB,TWC
ecg01121	SB
ecg01122	SR
ecg01123	TWC,AFIB
ecg01124	SR
ecg01125	SR
ecg01126	STDD,AFIB,STTC,TWC
ecg01127	TWC,AFIB,RBBB,VPB
ecg01128	SR
ecg01129	SB
ecg01130	STDD,AFIB,STTC,TWC
ecg01131	AFIB
ecg01132	TWC,ST
ecg01133	SB
ecg01134	AVB,AF
ecg01135	TWC,SB
ecg01136	STTC,AFIB
ecg01137	SB
ecg01138	STTC,AFIB,ALS
ecg01139	SB
ecg01140	SB
ecg01141	PRIE,SB
ecg01142	LVH,SB
ecg01143	SB
ecg01144	SR
ecg01145	SB
ecg01146	STTU,SB,LVQRSAL
ecg01147	SR
ecg01148	SB
ecg01149	TWC,AFIB
ecg01150	ST
ecg01151	STTC,SB,1AVB
ecg01152	SB
ecg01153	SB
ecg01154	SB
ecg01155	SR,LVQRSAL
ecg01156	IDC,SB,APB,LVQRSAL
ecg01157	STDD,AFIB,LVH,STTC,TWO
ecg01158	SB,ALS
ecg01159	LVH,SB
ecg01160	STDD,AF,STTC,TWC
ecg01161	STTC,SB
ecg01162	LAFB,SB
ecg01163	SR
ecg01164	SB
ecg01165	VPB,ST,LVH
ecg01166	STDD,SR,TWC
ecg01167	STDD,SB,STTC,TWC
ecg01168	TWC,SB
ecg01169	TWC,AFIB,VPB
ecg01170	SR
ecg01171	STTC,ST
ecg01172	SB,ALS
ecg01173	TWC,AFIB,IDC,VPB
ecg01174	TWC,SB,TWO
ecg01175	SB
ecg01176	LVH,SB
ecg01177	TWC,SB,LVH
ecg01178	SB,ALS
ecg01179	AFIB
ecg01180	RBBB,SB
ecg01181	SR
ecg01182	SB
ecg01183	STTC,ST
ecg01184	TWC,ST,LVQRSAL
ecg01185	SB
ecg01186	TWC,SB
ecg01187	SB
ecg01188	SB
ecg01189	TWC,SR
ecg01190	AFIB,LVH
ecg01191	ST
ecg01192	AFIB,VPB
ecg01193	STTC,ST
ecg01194	LVH,SB
ecg01195	SB
ecg01196	SR
ecg01197	LVH,ST,PWC
ecg01198	STTC,SB
ecg01199	SB
ecg01200	STTC,ST
ecg01201	ST
ecg01202	SR
ecg01203	AQW,ST,LAFB,MI,MI_LAT,RBBB,STTU
ecg01204	TWC,AFIB
ecg01205	SB
ecg01206	APB,SB
ecg01207	AFIB
ecg01208	SB,ALS
ecg01209	SB
ecg01210	SB
ecg01211	SB
ecg01212	SR
ecg01213	TWC,SB
ecg01214	AFIB
ecg01215	AQW,AFIB,LAFB,TWC
ecg01216	ST
ecg01217	SB
ecg01218	TWO,AFIB,IDC
ecg01219	SR
ecg01220	SB
ecg01221	STTC,AF,AVB,LVH,RBBB
ecg01222	IDC,SB,LVH
ecg01223	RBBB,SB
ecg01224	SB
ecg01225	AFIB
ecg01226	AFIB
ecg01227	AQW,SR,1AVB,TWC
ecg01228	AFIB,LVQRSAL
ecg01229	AF,ARS
ecg01230	SR
ecg01231	IDC,AFIB,ALS
ecg01232	STTC,ST
ecg01233	SB
ecg01234	SR
ecg01235	AQW,AFIB,STTC
ecg01236	LVH,SB
ecg01237	SB
ecg01238	LVH,SB
ecg01239	SB
ecg01240	ST
ecg01241	TWC,AFIB
ecg01242	ST
ecg01243	TWC,AFIB,LAFB,LVH,QTIE,RBBB
ecg01244	TWC,AFIB,LVH
ecg01245	ST,PWC
ecg01246	AQW,ST,1AVB,ALS,STTU,TWC
ecg01247	SR
ecg01248	SB
ecg01249	AFIB
ecg01250	TWC,SB
ecg01251	STTC,AF
ecg01252	LVH,ST
ecg01253	SR
ecg01254	AF
ecg01255	1AVB,SB
ecg01256	STTC,SR
ecg01257	SR
ecg01258	AFIB
ecg01259	AFIB
ecg01260	AFIB,CCR
ecg01261	RBBB,AF
ecg01262	SB,LVQRSAL
ecg01263	LVH,SB
ecg01264	STTC,AFIB,ARS
ecg01265	AFIB
ecg01266	TWC,SR
ecg01267	STDD,AF,STTC,TWO,VPB
ecg01268	STDD,AFIB,STTC,TWC
ecg01269	STTC,AFIB,IDC,VPB
ecg01270	SR,LVQRSAL
ecg01271	SB
ecg01272	TWC,AF
ecg01273	SB,ALS
ecg01274	APB,ST
ecg01275	TWC,SB
ecg01276	ST
ecg01277	TWC,ST
ecg01278	STTC,SR
ecg01279	IDC,ST,LAFB
ecg01280	1AVB,SR
ecg01281	SB
ecg01282	ST
ecg01283	STDD,AFIB,STTC,TWC
ecg01284	SB
ecg01285	SB
ecg01286	AFIB
ecg01287	SB
ecg01288	SB
ecg01289	ST
ecg01290	SB
ecg01291	STDD,ST,STTC,TWC
ecg01292	SB,CCR
ecg01293	STTC,ST
ecg01294	STTC,ST
ecg01295	SB
ecg01296	RBBB,ST
ecg01297	SB,ALS
ecg01298	SB
ecg01299	AFIB,LVH,VPB
ecg01300	SB
ecg01301	AQW,SB,1AVB,APB,JEB,LVH,STTC
ecg01302	TWC,SB
ecg01303	SR
ecg01304	TWC,ST
ecg01305	SR
ecg01306	AFIB
ecg01307	SB
ecg01308	STTC,ST
ecg01309	STDD,AFIB,STTU,TWC
ecg01310	AQW,SB,ALS,TWC,TWO
ecg01311	TWC,AFIB
ecg01312	TWC,ST,LVQRSAL
ecg01313	SB
ecg01314	RBBB,SR,APB
ecg01315	ST
ecg01316	AFIB,LVQRSAL
ecg01317	SR,ALS
ecg01318	SR
ecg01319	RAH,ST,RVH
ecg01320	TWC,SB
ecg01321	SB
ecg01322	STDD,SB,STTC,TWC
ecg01323	TWC,SB,1AVB,LVH
ecg01324	SB
ecg01325	SB
ecg01326	RBBB,SB
ecg01327	STDD,AF,STTC,TWC
ecg01328	SB
ecg01329	STDD,AF,ARS,STTC,TWC
ecg01330	STTC,ST
ecg01331	SR
ecg01332	ST
ecg01333	ST
ecg01334	SB
ecg01335	AFIB,ARS,LVH
ecg01336	TWC,AFIB
ecg01337	TWC,SR
ecg01338	ST
ecg01339	SB,ARS
ecg01340	IDC,AFIB
ecg01341	SB
ecg01342	SR
ecg01343	SR
ecg01344	TWC,ST
ecg01345	VET,ST
ecg01346	SB
ecg01347	SB
ecg01348	SB
ecg01349	TWC,AFIB,2AVB
ecg01350	SR
ecg01351	AFIB
ecg01352	LAFB,ST
ecg01353	ST,CCR
ecg01354	SB
ecg01355	TWC,SB
ecg01356	ST,ALS
ecg01357	ST,PWC
ecg01358	STTC,ST,LVH
ecg01359	SR
ecg01360	AQW,SB,CCR,STDD,TWO
ecg01361	APB,SB
ecg01362	SB
ecg01363	SR,ALS
ecg01364	ST
ecg01365	VPE,AF
ecg01366	LVH,SB
ecg01367	AFIB
ecg01368	SB
ecg01369	TWC,SB
ecg01370	SR
ecg01371	TWC,ST
ecg01372	SR
ecg01373	LVH,SB
ecg01374	AFIB
ecg01375	SB
ecg01376	SB
ecg01377	AFIB
ecg01378	ST,CCR
ecg01379	AQW,SB
ecg01380	TWC,SB
ecg01381	SR
ecg01382	STDD,AFIB,STTC,TWC
ecg01383	TWC,SR
ecg01384	LVH,SB
ecg01385	SB
ecg01386	STTC,ST,APB
ecg01387	AQW,AFIB,ALS,TWC
ecg01388	1AVB,SB
ecg01389	AFIB
ecg01390	AFIB
ecg01391	SR
ecg01392	SB
ecg01393	SB
ecg01394	ST
ecg01395	LVH,SB
ecg01396	TWC,AFIB,LVH
ecg01397	LVH,SB
ecg01398	SB
ecg01399	TWC,SB,1AVB
ecg01400	AFIB,ALS
ecg01401	SB
ecg01402	STTC,ST,LVH,PWC
ecg01403	ST
ecg01404	SB
ecg01405	ST
ecg01406	SB
ecg01407	STTC,ST,APB,LVH
ecg01408	STTC,AFIB
ecg01409	SR
ecg01410	APB,SB
ecg01411	LVH,SB
ecg01412	STTC,AFIB,RBBB
ecg01413	AFIB,LVQRSAL,VPB
ecg01414	AQW,AFIB,ALS,IDC
ecg01415	LVH,SB
ecg01416	1AVB,SB
ecg01417	TWC,AFIB
ecg01418	LVH,SB
ecg01419	AFIB
ecg01420	SB
ecg01421	SB
ecg01422	SR
ecg01423	AFIB
ecg01424	SB
ecg01425	SR
ecg01426	ST
ecg01427	LVH,SB
ecg01428	TWC,SB,1AVB
ecg01429	TWC,SR
ecg01430	1AVB,SB
ecg01431	AQW,AFIB,IDC,STTU,TWC
ecg01432	SB
ecg01433	SB
ecg01434	SR
ecg01435	AFIB
ecg01436	TWC,SB,1AVB,ALS,RBBB
ecg01437	TWC,AF,AVB
ecg01438	QTIE,AF
ecg01439	TWC,ST,ARS,PWC
ecg01440	SB
ecg01441	SR
ecg01442	SR
ecg01443	SB
ecg01444	RBBB,ST,ALS
ecg01445	SR
ecg01446	SR
ecg01447	SR
ecg01448	RBBB,SB
ecg01449	AFIB,LVH
ecg01450	AFIB
ecg01451	SR
ecg01452	LVH,SB
ecg01453	SB
ecg01454	ST,PWC
ecg01455	SB
ecg01456	LVH,SB
ecg01457	SB
ecg01458	SR
ecg01459	ST
ecg01460	SB
ecg01461	SB
ecg01462	TWC,AFIB,IDC
ecg01463	SR,LVQRSAL
ecg01464	TWO,SB
ecg01465	RBBB,SB
ecg01466	LAFB,ST,ALS,APB,CR
ecg01467	AVB,AF,ARS,CR,RBBB
ecg01468	ST
ecg01469	STTC,AFIB
ecg01470	SR
ecg01471	LVH,SR
ecg01472	AFIB
ecg01473	LAFB,SR,VPB
ecg01474	SB
ecg01475	AFIB
ecg01476	SB
ecg01477	ST
ecg01478	AQW,ST,CR,LAFB,MI,MI_LAT,RBBB,STTU
ecg01479	1AVB,SR
ecg01480	STTC,SB,LVH
ecg01481	TWC,SB
ecg01482	SB
ecg01483	SR
ecg01484	SR
ecg01485	SB
ecg01486	SR
ecg01487	SB,ALS
ecg01488	SB
ecg01489	SB
ecg01490	TWC,AFIB
ecg01491	LAFB,SB
ecg01492	SB
ecg01493	SB,ARS
ecg01494	STTC,SB
ecg01495	TWC,SB
ecg01496	SR
ecg01497	SB
ecg01498	SB
ecg01499	STDD,ST,LAFB,LVH,TWO,VPB
ecg01500	AFIB
ecg01501	STTC,ST
ecg01502	LVH,SB
ecg01503	STTC,AF
ecg01504	RBBB,ST
ecg01505	ST
ecg01506	SR
ecg01507	LVH,SB
ecg01508	SR
ecg01509	LAFB,SB,LVH,RBBB
ecg01510	STDD,SB,LVH,STTC,STTU,TWO
ecg01511	TWC,AFIB,ARS,CCR
ecg01512	TWC,AFIB,VPB
ecg01513	SB
ecg01514	SR
ecg01515	1AVB,SB
ecg01516	ST
ecg01517	SB,LVQRSAL
ecg01518	STTC,SB
ecg01519	TWC,SB
ecg01520	SR
ecg01521	IDC,AFIB
ecg01522	SR
ecg01523	SR
ecg01524	SB,LVQRSAL
ecg01525	TWC,AFIB,LVH
ecg01526	SB
ecg01527	ST
ecg01528	LVH,SB
ecg01529	STDD,ST,STTC,TWO
ecg01530	TWC,SB
ecg01531	ST
ecg01532	SB
ecg01533	TWC,ST,TWO
ecg01534	AFIB,LVH
ecg01535	LVH,SB
ecg01536	ST
ecg01537	SB
ecg01538	LVH,SR
ecg01539	SR
ecg01540	AFIB
ecg01541	SR
ecg01542	STTC,AFIB
ecg01543	STTC,AFIB,LVH
ecg01544	1AVB,SB,LVH
ecg01545	LVH,SB
ecg01546	SR,LVQRSAL
ecg01547	TWC,AF,AVB,LVH
ecg01548	AFIB
ecg01549	STTC,SB
ecg01550	TWC,ST
ecg01551	ST
ecg01552	APB,SR
ecg01553	ST
ecg01554	SR
ecg01555	ST
ecg01556	SR
ecg01557	SR
ecg01558	TWC,AFIB
ecg01559	STTC,ST,ALS
ecg01560	TWC,SB
ecg01561	TWC,AFIB,RBBB
ecg01562	STTC,AFIB
ecg01563	AFIB
ecg01564	TWC,AFIB
ecg01565	ERV,SB
ecg01566	SB
ecg01567	SB
ecg01568	APB,ST,VPB
ecg01569	TWC,SR,APB
ecg01570	STTC,SB
ecg01571	STTC,SB
ecg01572	TWC,AFIB
ecg01573	SR
ecg01574	SB
ecg01575	AFIB
ecg01576	SB
ecg01577	STTC,AF,TWC
ecg01578	ST,ARS
ecg01579	AF,VPB
ecg01580	LAFB,AF,RBBB
ecg01581	AFIB
ecg01582	SB
ecg01583	SB
ecg01584	AFIB
ecg01585	TWC,AF,AVB,RBBB
ecg01586	AFIB
ecg01587	STTC,AFIB,LVH
ecg01588	LVH,SB
ecg01589	SR
ecg01590	LVH,SB
ecg01591	AFIB,VPB
ecg01592	ST
ecg01593	ST
ecg01594	TWC,AF,LAFB
ecg01595	STTC,AFIB
ecg01596	SR
ecg01597	ST
ecg01598	TWC,SR,ARS
ecg01599	ST,ARS,LVQRSAL
ecg01600	LVH,SB
ecg01601	SB
ecg01602	AQW,AFIB,STTC
ecg01603	1AVB,SB
ecg01604	SB
ecg01605	AVB,AF,LVH
ecg01606	PRIE,SB
ecg01607	STDD,AFIB,STTC,TWC
ecg01608	ST
ecg01609	RBBB,ST
ecg01610	TWC,ST,TWO
ecg01611	AFIB,LVH
ecg01612	STDD,ST,APB,STTC,STTU,TWC
ecg01613	SR
ecg01614	SB
ecg01615	AF,CCR
ecg01616	ST
ecg01617	SB
ecg01618	SB
ecg01619	SR
ecg01620	TWC,SB
ecg01621	STTC,ST
ecg01622	AFIB
ecg01623	LVH,SB
ecg01624	STDD,SB,STTC,TWO
ecg01625	SB
ecg01626	SB
ecg01627	STDD,AFIB,IDC,TWC
ecg01628	TWC,AFIB
ecg01629	AVB,AF,ALS
ecg01630	AQW,ST,STDD,STTU
ecg01631	AQW,SB,1AVB,TWC
ecg01632	TWC,AFIB,LVH
ecg01633	SR
ecg01634	SB
ecg01635	SR
ecg01636	AF
ecg01637	SB
ecg01638	1AVB,SB,LVH
ecg01639	SR
ecg01640	TWC,AFIB,LVH
ecg01641	APB,SB,LVH
ecg01642	TWC,AFIB
ecg01643	TWC,SB,ALS,APB
ecg01644	STTC,AFIB,LVH
ecg01645	TWC,SB,ALS,UW
ecg01646	SB
ecg01647	SB
ecg01648	SR
ecg01649	SB
ecg01650	RBBB,AF
ecg01651	SR
ecg01652	TWC,ST
ecg01653	SB
ecg01654	LVH,SB
ecg01655	SB
ecg01656	TWC,AFIB,CCR
ecg01657	STDD,SR,STTC,TWC
ecg01658	STTC,AFIB,VPB
ecg01659	VPB,ST,PWC
ecg01660	AFIB,ALS
ecg01661	AFIB
ecg01662	AFIB
ecg01663	SB
ecg01664	SB
ecg01665	TWC,SB,APB,JEB
ecg01666	TWC,SB,LVH,TWO
ecg01667	AFIB
ecg01668	AFIB
ecg01669	SB
ecg01670	SB,LVQRSAL
ecg01671	RBBB,SB,ALS,LVH
ecg01672	SR
ecg01673	STDD,AFIB,ARS,STTC,TWO,VPB
ecg01674	STTC,AFIB,ARS
ecg01675	SB
ecg01676	AFIB
ecg01677	SB
ecg01678	STDD,AFIB,STTC,TWC
ecg01679	SB
ecg01680	SB
ecg01681	SB
ecg01682	TWC,AFIB,LVH
ecg01683	SB,CCR
ecg01684	SR
ecg01685	TWC,AF
ecg01686	1AVB,SB
ecg01687	AQW,AFIB,ALS,LVQRSAL,TWC
ecg01688	SB
ecg01689	SB
ecg01690	AFIB
ecg01691	SB,ARS
ecg01692	LVH,SB
ecg01693	TWC,AFIB
ecg01694	SR
ecg01695	1AVB,SB
ecg01696	STDD,SB,STTC,STTU,TWO
ecg01697	SB
ecg01698	AQW,AFIB,ALS,TWC
ecg01699	SB
ecg01700	TWC,ST
ecg01701	AF
ecg01702	SR
ecg01703	STTC,SR,APB,VPB
ecg01704	1AVB,SB,ARS
ecg01705	STTC,ST,ALS,LVQRSAL
ecg01706	SB
ecg01707	TWC,AFIB,IDC,LVH
ecg01708	LVH,SB
ecg01709	LVH,SB
ecg01710	STTC,AFIB
ecg01711	SR
ecg01712	SB
ecg01713	SR
ecg01714	SR
ecg01715	SB
ecg01716	SB
ecg01717	SR
ecg01718	SR
ecg01719	LAFB,AFIB
ecg01720	SB
ecg01721	LVH,SB
ecg01722	SB
ecg01723	STDD,SR,LVH
ecg01724	RBBB,SR,ALS
ecg01725	ST
ecg01726	LAFB,SB
ecg01727	STDD,SB,1AVB,IDC,LVH,STTC,TWC
ecg01728	TWC,ST
ecg01729	AFIB
ecg01730	1AVB,SB
ecg01731	TWC,AFIB
ecg01732	AQW,ST,APB,ARS,PWC
ecg01733	AFIB,LVH
ecg01734	AFIB,LVQRSAL
ecg01735	SB
ecg01736	AF,LVQRSAL,VPB
ecg01737	TWC,SR,VPB
ecg01738	ST
ecg01739	SB
ecg01740	STDD,AFIB,LVH,STTC,TWC
ecg01741	AFIB
ecg01742	SR
ecg01743	LVH,SB
ecg01744	SB
ecg01745	ST,ALS,CR
ecg01746	SB
ecg01747	SB
ecg01748	SB
ecg01749	SR
ecg01750	ST
ecg01751	STDD,AFIB,LVH,TWC
ecg01752	SR
ecg01753	SR
ecg01754	SR
ecg01755	SR
ecg01756	TWC,SB
ecg01757	ST
ecg01758	ST,ARS
ecg01759	SB
ecg01760	SR
ecg01761	SB
ecg01762	LVH,SB
ecg01763	ST
ecg01764	SB
ecg01765	SR
ecg01766	TWC,SB,ALS,APB
ecg01767	AQW,ST,LAFB,STTU
ecg01768	SR
ecg01769	TWC,SB
ecg01770	ST
ecg01771	AFIB,LVH,VPB
ecg01772	SB
ecg01773	ST,ARS,CR
ecg01774	LAFB,SB
ecg01775	AFIB
ecg01776	ST
ecg01777	SB
ecg01778	SB
ecg01779	LVH,ST
ecg01780	SR
ecg01781	AQW,SB,ALS,RBBB,TWC
ecg01782	SB
ecg01783	TWC,SB
ecg01784	SB
ecg01785	SR
ecg01786	ST
ecg01787	LVH,SR
ecg01788	AFIB
ecg01789	ST
ecg01790	SR
ecg01791	TWC,SB,QTIE
ecg01792	TWC,AF,ALS,RBBB
ecg01793	TWC,SR
ecg01794	TWC,ST
ecg01795	SR
ecg01796	QTIE,AF,ARS
ecg01797	TWC,AFIB
ecg01798	STTC,SB,1AVB
ecg01799	STTC,AFIB,IDC,LVH
ecg01800	AFIB,LVH
ecg01801	LVH,SB
ecg01802	STTU,SR,TWC,TWO
ecg01803	TWC,AFIB,RBBB
ecg01804	SB
ecg01805	SB
ecg01806	SB
ecg01807	SB,ALS
ecg01808	STTU,SB,1AVB,LVH
ecg01809	TWC,SB
ecg01810	LVH,SB
ecg01811	LVH,SB
ecg01812	AQW,ST
ecg01813	SB
ecg01814	SB,ALS
ecg01815	SR
ecg01816	SR
ecg01817	SB
ecg01818	SB
ecg01819	SR
ecg01820	SB
ecg01821	AFIB,ARS
ecg01822	SB
ecg01823	SB
ecg01824	ST
ecg01825	AVB,AF
ecg01826	SR
ecg01827	SB
ecg01828	TWC,SB,1AVB
ecg01829	ST
ecg01830	ST
ecg01831	AFIB
ecg01832	SR
ecg01833	APB,ST,ALS,CR
ecg01834	STDD,AFIB,STTC,TWO
ecg01835	SB
ecg01836	STTC,SB,APB,ARS,JEB,LVQRSAL,QTIE
ecg01837	SB
ecg01838	SB
ecg01839	SB
ecg01840	SB,ALS
ecg01841	SR
ecg01842	VPB,SB
ecg01843	ST
ecg01844	STTC,AF,AVB,IDC
ecg01845	TWC,SB,ALS,RBBB,UW
ecg01846	LVH,SB
ecg01847	RBBB,AFIB,LVH
ecg01848	SB
ecg01849	STTC,AFIB,VPB
ecg01850	STDD,ST,LVH,STTC,TWC
ecg01851	SB
ecg01852	TWC,SB
ecg01853	LVH,SB
ecg01854	STDD,AFIB,RBBB,STTC,TWO
ecg01855	ST
ecg01856	SR
ecg01857	SB
ecg01858	LVH,SB
ecg01859	TWC,AFIB,ALS
ecg01860	SR
ecg01861	STTU,AFIB,TWC,VPB
ecg01862	SB
ecg01863	TWC,SB
ecg01864	TWC,SR,APB
ecg01865	SB
ecg01866	STTC,ST
ecg01867	STTC,SB,ALS,APB,IDC,LVH
ecg01868	TWC,SB
ecg01869	AVB,AF
ecg01870	SB
ecg01871	SB
ecg01872	TWC,SR
ecg01873	SB
ecg01874	SB
ecg01875	SR
ecg01876	TWC,AFIB
ecg01877	SB
ecg01878	ST
ecg01879	STTC,AFIB,IDC
ecg01880	STTC,ST,APB,LVH
ecg01881	SB
ecg01882	SB
ecg01883	SB
ecg01884	RBBB,SR
ecg01885	SB
ecg01886	SR
ecg01887	SB
ecg01888	SB
ecg01889	SR
ecg01890	SB
ecg01891	TWC,ST
ecg01892	SB
ecg01893	SB
ecg01894	RBBB,ST,PWC
ecg01895	SB
ecg01896	SB
ecg01897	VPB,SB
ecg01898	ST
ecg01899	SB
ecg01900	SB
ecg01901	AFIB
ecg01902	SR
ecg01903	SB
ecg01904	TWC,AFIB
ecg01905	SB
ecg01906	QTIE,SB
ecg01907	LVH,SB
ecg01908	TWC,SB
ecg01909	AF
ecg01910	TWC,AFIB
ecg01911	STTC,SB
ecg01912	TWC,AFIB,RBBB
ecg01913	SB
ecg01914	TWC,SB
ecg01915	AFIB
ecg01916	1AVB,ST,CCR
ecg01917	SB
ecg01918	SR
ecg01919	SB
ecg01920	STDD,AFIB,STTC,TWO
ecg01921	TWC,SB,LVQRSAL
ecg01922	VPE,SB
ecg01923	AQW,SB
ecg01924	SR
ecg01925	ST
ecg01926	TWC,SB
ecg01927	SB
ecg01928	SR
ecg01929	TWC,AFIB,IDC
ecg01930	SB
ecg01931	AQW,AFIB
ecg01932	LVH,SB
ecg01933	STTC,SB
ecg01934	TWC,SB,CCR,IDC,LVH
ecg01935	SB
ecg01936	SR
ecg01937	SB
ecg01938	SB
ecg01939	AFIB
ecg01940	AFIB
ecg01941	AFIB
ecg01942	AF
ecg01943	STDD,AFIB,STTC,TWO
ecg01944	AQW,AFIB,TWC
ecg01945	SB
ecg01946	SB
ecg01947	AFIB,LVH
ecg01948	TWC,SB,LVH
ecg01949	SB
ecg01950	STDD,ST,TWC
ecg01951	LVH,SB
ecg01952	STTC,SB
ecg01953	SR
ecg01954	TWC,AFIB,ARS
ecg01955	SB
ecg01956	STTC,ST,LVH
ecg01957	LVH,SB
ecg01958	AF,LVH
ecg01959	STDD,AFIB,LVH,STTC,TWC
ecg01960	SB,ALS
ecg01961	SB
ecg01962	AFIB
ecg01963	AFIB
ecg01964	ST
ecg01965	SR
ecg01966	SR
ecg01967	LVH,SB
ecg01968	VPB,SR
ecg01969	ST
ecg01970	TWO,SB,APB,LVH
ecg01971	TWC,AFIB,IDC,LVH
ecg01972	1AVB,ST,CCR
ecg01973	LVH,SB
ecg01974	TWC,AF
ecg01975	STTC,ST,LVH
ecg01976	TWC,SB
ecg01977	STTU,SB,TWC
ecg01978	SB
ecg01979	LAFB,SB
ecg01980	TWC,AF,AVB,LVH
ecg01981	AVB,AF
ecg01982	SB
ecg01983	SB,CCR
ecg01984	SB
ecg01985	LVH,SB
ecg01986	TWC,SB
ecg01987	LVH,SB
ecg01988	SR
ecg01989	STTC,AFIB
ecg01990	SR
ecg01991	AQW,SR,LAFB,LVH,STTU
ecg01992	AFIB
ecg01993	AFIB
ecg01994	SB
ecg01995	SB
ecg01996	LAFB,AFIB,RBBB
ecg01997	SB
ecg01998	SB
ecg01999	AQW,AF,AVB,LVH
ecg02000	SR
ecg02001	TWC,SB
ecg02002	AFIB
ecg02003	STDD,ST,APB,STTC,TWO
ecg02004	STTU,ST,ALS,LVH,TWC
ecg02005	SB
ecg02006	SR
ecg02007	AFIB
ecg02008	TWC,AFIB,RBBB
ecg02009	SB
ecg02010	AF
ecg02011	SB
ecg02012	RBBB,SB,LVH
ecg02013	ST
ecg02014	TWC,SR
ecg02015	SB
ecg02016	STTC,ST
ecg02017	ST
ecg02018	STTC,AFIB,IDC
ecg02019	STTC,AFIB,IDC,VPB
ecg02020	TWC,SB
ecg02021	SB
ecg02022	ST,LVQRSAL
ecg02023	TWC,AFIB
ecg02024	TWC,AFIB,RBBB
ecg02025	AVB,AF
ecg02026	1AVB,SB
ecg02027	RBBB,AFIB
ecg02028	SB
ecg02029	STDD,ST,TWC
ecg02030	SR
ecg02031	TWC,AFIB,IDC
ecg02032	STTC,AF,ALS,AVB
ecg02033	AVB,AF
ecg02034	SR
ecg02035	AFIB
ecg02036	1AVB,SB
ecg02037	SB
ecg02038	AFIB
ecg02039	LVH,SB
ecg02040	STTC,ST
ecg02041	SR
ecg02042	TWC,AF,AVB
ecg02043	SR
ecg02044	SR
ecg02045	SR
ecg02046	SR
ecg02047	ST
ecg02048	MI,SB,MI_LAT,STDD,STTU,TWC
ecg02049	LVH,SB
ecg02050	SB
ecg02051	TWC,SB,LVH
ecg02052	LVH,SB
ecg02053	SB
ecg02054	SB
ecg02055	STTC,AFIB
ecg02056	AF
ecg02057	SB
ecg02058	SB,ALS
ecg02059	SR
ecg02060	LVH,SB
ecg02061	1AVB,SB
ecg02062	SB
ecg02063	SR
ecg02064	STTC,SB,LVH
ecg02065	AQW,AFIB,IDC,LAFB,TWC
ecg02066	SB
ecg02067	SB
ecg02068	SB
ecg02069	ST,CCR
ecg02070	STTC,SB
ecg02071	SB
ecg02072	STTC,AFIB,IDC
ecg02073	SR
ecg02074	SR
ecg02075	SR,ALS
ecg02076	APB,SR
ecg02077	STDD,AFIB,STTC,TWC
ecg02078	STTC,AFIB,ARS
ecg02079	TWC,SB,APB,LVH
ecg02080	AFIB
ecg02081	AFIB,ARS,VPB
ecg02082	SR
ecg02083	AVB,AF
ecg02084	SB
ecg02085	STTC,SR
ecg02086	ST,ARS
ecg02087	ST
ecg02088	TWC,SB
ecg02089	LAFB,SB
ecg02090	SB
ecg02091	SR
ecg02092	STDD,AFIB,STTC,TWC,VEB
ecg02093	TWC,ST
ecg02094	ST
ecg02095	APB,ST
ecg02096	ST
ecg02097	LVH,SB
ecg02098	TWC,SB
ecg02099	STTC,SR
ecg02100	SB
ecg02101	SR
ecg02102	SB
ecg02103	STTC,ST
ecg02104	SR
ecg02105	STTC,AFIB,LVH
ecg02106	TWC,SB
ecg02107	LVH,ST,ALS
ecg02108	SR
ecg02109	TWC,AFIB
ecg02110	TWC,AFIB,ALS
ecg02111	STTC,AF,LAFB
ecg02112	SB
ecg02113	SB
ecg02114	SB
ecg02115	AQW,SB,TWO
ecg02116	ST
ecg02117	SR
ecg02118	SR
ecg02119	SR,LVQRSAL
ecg02120	ST
ecg02121	STTC,AFIB,LVH
ecg02122	SB
ecg02123	STTC,SB
ecg02124	SR
ecg02125	ST
ecg02126	SR
ecg02127	SB
ecg02128	SB
ecg02129	ST
ecg02130	ST
ecg02131	TWC,SB,LVH
ecg02132	AFIB
ecg02133	AFIB
ecg02134	ST
ecg02135	TWC,AFIB
ecg02136	SR
ecg02137	ST
ecg02138	SB
ecg02139	SR
ecg02140	IDC,AFIB,ARS
ecg02141	STDD,AFIB,STTC,TWC
ecg02142	LVH,SB,CCR
ecg02143	SB
ecg02144	TWC,SB,LVQRSAL
ecg02145	SB,CCR
ecg02146	ST
ecg02147	AQW,SB,TWC
ecg02148	SB
ecg02149	SB
ecg02150	LVH,SR
ecg02151	AQW,SB,LVH,TWC
ecg02152	SR
ecg02153	RBBB,SB
ecg02154	AFIB
ecg02155	ST
ecg02156	SR
ecg02157	SB
ecg02158	SR
ecg02159	TWC,SR
ecg02160	AFIB,VPB
ecg02161	TWC,SB
ecg02162	SR
ecg02163	SB
ecg02164	PWC,ST,CR
ecg02165	SB
ecg02166	ST
ecg02167	SR
ecg02168	STTC,ST,PWC
ecg02169	SR
ecg02170	SB
ecg02171	TWC,SR,LAFB
ecg02172	TWC,SB
ecg02173	SB
ecg02174	SB
ecg02175	TWC,ST,LVH
ecg02176	APB,SB
ecg02177	1AVB,SB
ecg02178	LVH,SB
ecg02179	STTC,ST
ecg02180	STTC,SB,3AVB,AVB,JEB,LVH
ecg02181	AFIB
ecg02182	SB
ecg02183	SB
ecg02184	SB
ecg02185	STTC,ST,PWC
ecg02186	SB
ecg02187	RBBB,AFIB
ecg02188	TWC,SB
ecg02189	AQW,SR,STDD,STTC,TWO
ecg02190	SB
ecg02191	ST
ecg02192	SR
ecg02193	SB
ecg02194	AFIB,ARS
ecg02195	ST
ecg02196	TWC,SB
ecg02197	SB
ecg02198	SR
ecg02199	SR
ecg02200	APB,ST
ecg02201	TWC,AFIB
ecg02202	SB
ecg02203	STTC,AFIB,ARS,VPB
ecg02204	ERV,SB,LVH
ecg02205	SB
ecg02206	TWC,SB
ecg02207	ST,LVQRSAL
ecg02208	TWC,ST,APB
ecg02209	TWC,AF,CR
ecg02210	SB
ecg02211	ST
ecg02212	SB
ecg02213	AFIB
ecg02214	SB
ecg02215	AF
ecg02216	STTC,ST
ecg02217	SB
ecg02218	SR
ecg02219	SB
ecg02220	SB
ecg02221	SR
ecg02222	TWC,SB,APB,LVH,UW
ecg02223	1AVB,ST
ecg02224	ST
ecg02225	AQW,SB,ALS,LVQRSAL
ecg02226	STTC,ST
ecg02227	SR
ecg02228	STTC,AF
ecg02229	TWC,SB,LAFB
ecg02230	AQW,SB,LVH,TWC
ecg02231	ST
ecg02232	AF,LVH
ecg02233	SR
ecg02234	AFIB
ecg02235	ST
ecg02236	TWC,AFIB
ecg02237	AFIB
ecg02238	SB
ecg02239	ST,ALS
ecg02240	SR
ecg02241	SB
ecg02242	TWC,SR,LVQRSAL
ecg02243	STTC,ST,LVH
ecg02244	LVH,SB
ecg02245	SR
ecg02246	SB
ecg02247	SR
ecg02248	STTC,SR
ecg02249	RBBB,SB,ALS,LVH
ecg02250	ST
ecg02251	SR,CCR
ecg02252	APB,ST
ecg02253	SR
ecg02254	LVH,SR
ecg02255	STTC,ST
ecg02256	TWC,ST
ecg02257	SB,LVQRSAL
ecg02258	SR
ecg02259	STTC,AFIB,LVH
ecg02260	STDD,SR,STTC,TWC
ecg02261	TWC,AF,ALS
ecg02262	SR
ecg02263	1AVB,ST
ecg02264	TWC,AFIB
ecg02265	SB
ecg02266	TWC,AFIB
ecg02267	TWC,ST
ecg02268	SR
ecg02269	APB,ST,LVQRSAL
ecg02270	SR
ecg02271	AF
ecg02272	AVB,AF,LAFB,RBBB
ecg02273	SR
ecg02274	AVB,AF
ecg02275	SB
ecg02276	SR
ecg02277	TWC,AFIB
ecg02278	SB
ecg02279	AF
ecg02280	LVH,SR
ecg02281	STTC,AFIB
ecg02282	TWC,AFIB
ecg02283	SB
ecg02284	QTIE,SR,1AVB
ecg02285	SB
ecg02286	SR
ecg02287	ST
ecg02288	SB
ecg02289	AFIB
ecg02290	SR
ecg02291	ST
ecg02292	ST
ecg02293	SR
ecg02294	LVH,SB
ecg02295	SB
ecg02296	AF
ecg02297	SR
ecg02298	TWC,ST
ecg02299	ST
ecg02300	STTC,SB
ecg02301	LVH,SB
ecg02302	LVH,SB
ecg02303	STTC,SB
ecg02304	SR
ecg02305	RBBB,AFIB,LVQRSAL
ecg02306	SB
ecg02307	LVH,SB
ecg02308	AF
ecg02309	SB
ecg02310	STTC,AFIB
ecg02311	SB
ecg02312	SB
ecg02313	AQW,SB
ecg02314	STDD,AFIB,STTC,TWC
ecg02315	SR
ecg02316	TWC,SB
ecg02317	AFIB
ecg02318	STTC,AF,AVB
ecg02319	AVB,AF
ecg02320	SR
ecg02321	STTC,ST
ecg02322	ST
ecg02323	SB
ecg02324	TWC,AFIB,LVH
ecg02325	ST,ALS
ecg02326	SR
ecg02327	SR
ecg02328	SR
ecg02329	SB
ecg02330	SR,LVQRSAL
ecg02331	SR
ecg02332	TWC,SB
ecg02333	SB
ecg02334	RBBB,SB
ecg02335	SR
ecg02336	SR
ecg02337	TWC,AFIB,LVH
ecg02338	RBBB,AFIB
ecg02339	SB
ecg02340	TWC,AFIB
ecg02341	SB
ecg02342	SR
ecg02343	SB
ecg02344	APB,SB,LVQRSAL
ecg02345	AFIB,CCR
ecg02346	APB,SB,ALS
ecg02347	ST
ecg02348	SB
ecg02349	ST
ecg02350	LVH,SB
ecg02351	STTC,SB
ecg02352	TWC,SB
ecg02353	TWC,SB
ecg02354	AFIB,LVH
ecg02355	SR
ecg02356	SB
ecg02357	1AVB,SB
ecg02358	SB
ecg02359	SB
ecg02360	AFIB
ecg02361	STTC,AFIB
ecg02362	SB
ecg02363	AFIB,LVQRSAL
ecg02364	TWC,ST
ecg02365	SR
ecg02366	SR
ecg02367	TWC,SB,LVH
ecg02368	SB
ecg02369	SB
ecg02370	SB
ecg02371	SR
ecg02372	LVH,SB
ecg02373	SB
ecg02374	STDD,AFIB,ARS,STTC,TWC
ecg02375	SR
ecg02376	ERV,SB
ecg02377	SB
ecg02378	TWC,AFIB,LAFB,RBBB
ecg02379	TWC,AF,LVH
ecg02380	AQW,ST,ALS,LAFB,LVH,STTU,TWC,VPB
ecg02381	SB
ecg02382	SB
ecg02383	RBBB,SR
ecg02384	ST
ecg02385	SR
ecg02386	TWC,AFIB,LVH
ecg02387	AVB,AF
ecg02388	TWC,SR,LVH
ecg02389	SB
ecg02390	TWC,SB
ecg02391	STTC,AFIB,VPB
ecg02392	STTU,ST,TWO
ecg02393	STTC,SB
ecg02394	TWC,SR
ecg02395	SB
ecg02396	STDD,ST,TWC
ecg02397	SB
ecg02398	TWC,SR
ecg02399	STDD,AFIB,STTC,TWC,TWO
ecg02400	ST
ecg02401	AFIB
ecg02402	ST
ecg02403	1AVB,SB,LAFB,RBBB
ecg02404	AFIB
ecg02405	SB
ecg02406	SB
ecg02407	SR
ecg02408	RBBB,SR,ALS
ecg02409	SR
ecg02410	SR
ecg02411	SB
ecg02412	IDC,AF,ARS
ecg02413	1AVB,SB
ecg02414	SR
ecg02415	SR
ecg02416	SB
ecg02417	TWC,ST,LVH
ecg02418	LVH,SB
ecg02419	SB,ALS
ecg02420	SR
ecg02421	TWC,AFIB,ALS
ecg02422	SR
ecg02423	SB
ecg02424	STTC,AFIB
ecg02425	TWC,AF,LVH
ecg02426	SR
ecg02427	SR
ecg02428	STTC,AFIB
ecg02429	TWC,ST,APB,IDC
ecg02430	LVH,SR
ecg02431	SR
ecg02432	STTC,AFIB
ecg02433	SB
ecg02434	SR,CCR
ecg02435	ST
ecg02436	SB
ecg02437	APB,ST,LVH,VPB
ecg02438	AFIB
ecg02439	IDC,AFIB
ecg02440	TWC,SB
ecg02441	LAFB,SB
ecg02442	AFIB
ecg02443	SB
ecg02444	SR
ecg02445	SR
ecg02446	ST
ecg02447	TWC,ST
ecg02448	TWC,ST
ecg02449	TWC,SR
ecg02450	SB
ecg02451	SR
ecg02452	TWC,SB
ecg02453	SB
ecg02454	SB
ecg02455	SB
ecg02456	TWC,AFIB
ecg02457	AFIB
ecg02458	STDD,ST,STTC,TWC
ecg02459	SB
ecg02460	ST
ecg02461	SB
ecg02462	LVH,SR
ecg02463	SB
ecg02464	TWC,SB
ecg02465	AFIB,ARS,CR
ecg02466	SB
ecg02467	SR
ecg02468	TWC,SB
ecg02469	ST
ecg02470	SB
ecg02471	SR
ecg02472	STTC,AFIB
ecg02473	SR
ecg02474	ERV,SB
ecg02475	TWC,SB,VPB
ecg02476	SB
ecg02477	SR
ecg02478	SB
ecg02479	SR
ecg02480	SB
ecg02481	STTC,AFIB,VPB
ecg02482	SB
ecg02483	1AVB,SB,LAFB
ecg02484	SB
ecg02485	TWC,SB,RBBB
ecg02486	SR
ecg02487	TWC,AFIB
ecg02488	SB
ecg02489	SB
ecg02490	SB
ecg02491	ST
ecg02492	TWC,SB,LVH
ecg02493	VPB,SB
ecg02494	STDD,SB,LVH
ecg02495	SR
ecg02496	TWC,SB
ecg02497	AFIB,LVQRSAL
ecg02498	TWC,ST,APB,LAFB
ecg02499	SR
ecg02500	AFIB,LVH
ecg02501	ST
ecg02502	AQW,ST
ecg02503	SB
ecg02504	TWC,SB
ecg02505	SR
ecg02506	APB,ST
ecg02507	AFIB,CCR
ecg02508	SB
ecg02509	SR
ecg02510	SB
ecg02511	SB
ecg02512	SR
ecg02513	LVH,SB
ecg02514	SB
ecg02515	ST,ALS
ecg02516	SR
ecg02517	SB
ecg02518	SB
ecg02519	STTC,ST
ecg02520	SB
ecg02521	AFIB,ALS
ecg02522	SB
ecg02523	SR
ecg02524	SB
ecg02525	AF,ALS
ecg02526	SB
ecg02527	AFIB,LVH
ecg02528	AFIB
ecg02529	SB
ecg02530	SB
ecg02531	TWC,ST
ecg02532	SB
ecg02533	STTC,SR,CCR
ecg02534	SB
ecg02535	TWC,SR
ecg02536	ST
ecg02537	TWC,AF
ecg02538	SR
ecg02539	SB
ecg02540	AFIB,LVH
ecg02541	SB
ecg02542	STTC,ST,LVH
ecg02543	SR
ecg02544	SR
ecg02545	SR
ecg02546	RBBB,SB
ecg02547	AFIB
ecg02548	SR
ecg02549	SB
ecg02550	RBBB,SB
ecg02551	SB
ecg02552	AFIB,LVH,VPB
ecg02553	SB
ecg02554	AFIB,LVH
ecg02555	LVH,SB
ecg02556	SB
ecg02557	STTC,ST
ecg02558	SR,LVQRSAL
ecg02559	AFIB,LVH
ecg02560	TWC,SB
ecg02561	STTC,ST,ALS,LVH
ecg02562	SR
ecg02563	SR
ecg02564	ST
ecg02565	AF
ecg02566	SB
ecg02567	SR
ecg02568	LAFB,SR,RBBB
ecg02569	AQW,AFIB,RBBB,TWC
ecg02570	SB
ecg02571	SR
ecg02572	AFIB
ecg02573	SR
ecg02574	TWC,SR
ecg02575	SR
ecg02576	SB
ecg02577	SR
ecg02578	SR
ecg02579	1AVB,SB
ecg02580	VPB,SB
ecg02581	LVH,ST
ecg02582	SR,PWC
ecg02583	AFIB
ecg02584	TWC,SB,1AVB
ecg02585	SB
ecg02586	STDD,AF,STTC
ecg02587	ST
ecg02588	IDC,AFIB,ALS
ecg02589	TWC,SR,CCR
ecg02590	AQW,SB,ALS,APB,IDC,TWC
ecg02591	SR
ecg02592	SB
ecg02593	SB
ecg02594	STTC,ST,LVQRSAL
ecg02595	SR
ecg02596	SR
ecg02597	SR
ecg02598	ST,ARS
ecg02599	LVH,SB
ecg02600	TWC,SB,LVH
ecg02601	LAFB,AFIB
ecg02602	SR
ecg02603	SB
ecg02604	SB
ecg02605	SB
ecg02606	TWC,SR
ecg02607	LVH,SB
ecg02608	TWC,ST
ecg02609	SB
ecg02610	SB
ecg02611	SB
ecg02612	SB
ecg02613	SB
ecg02614	SR
ecg02615	STDD,ST,ARS,STTC,TWC
ecg02616	SB
ecg02617	SB
ecg02618	AF
ecg02619	LVH,SB
ecg02620	SR
ecg02621	TWC,ST,PWC
ecg02622	RBBB,ST
ecg02623	STTC,AFIB
ecg02624	AFIB,LVH
ecg02625	QTIE,AF,ARS
ecg02626	SB
ecg02627	STTC,AFIB,CCR,LVH
ecg02628	VPB,ST,LVQRSAL
ecg02629	SB
ecg02630	SB
ecg02631	STTU,TWC,VPB,LVQRSAL,CCR,ST
ecg02632	STDD,AFIB,LVH,STTC,TWC
ecg02633	AFIB
ecg02634	SB
ecg02635	TWC,AFIB,LAFB,RBBB
ecg02636	SB
ecg02637	WPW,ST
ecg02638	STTC,ST
ecg02639	AFIB
ecg02640	1AVB,SB
ecg02641	SB
ecg02642	SB
ecg02643	SR
ecg02644	SB
ecg02645	SB
ecg02646	STTC,ST
ecg02647	STDD,ST,1AVB,ALS,STTC,TWC,VPB
ecg02648	SR
ecg02649	TWC,SB,LVH
ecg02650	SB
ecg02651	ST,PWC
ecg02652	STTC,ST,LVQRSAL
ecg02653	TWC,ST
ecg02654	LVH,SB
ecg02655	SR
ecg02656	TWC,SR
ecg02657	STDD,ST,LVH,PWC
ecg02658	SR
ecg02659	SB
ecg02660	APB,SB
ecg02661	TWC,SR
ecg02662	TWC,AFIB,LVH,VPB
ecg02663	SB
ecg02664	SR
ecg02665	SB
ecg02666	SR
ecg02667	RBBB,AFIB,LVQRSAL
ecg02668	AVB,AF
ecg02669	SB
ecg02670	STTC,AF,AVB,LVH
ecg02671	STDD,SB,STTC,TWC
ecg02672	SR
ecg02673	TWC,AFIB,ARS
ecg02674	AFIB
ecg02675	SB
ecg02676	SR
ecg02677	SB
ecg02678	SR
ecg02679	STTC,AFIB
ecg02680	STTC,SB,IDC,LVH
ecg02681	LAFB,AFIB
ecg02682	TWC,SR
ecg02683	SR
ecg02684	RBBB,AFIB,ARS
ecg02685	RBBB,AFIB
ecg02686	SR
ecg02687	SB
ecg02688	SB
ecg02689	LVH,SB
ecg02690	SB
ecg02691	SB
ecg02692	SB,LVQRSAL
ecg02693	SB
ecg02694	ST
ecg02695	STTC,SB
ecg02696	SB
ecg02697	SB
ecg02698	STTC,SB
ecg02699	SR
ecg02700	SB
ecg02701	SB,CCR
ecg02702	LVH,SB
ecg02703	STTC,ST
ecg02704	TWC,AF
ecg02705	LAFB,ST,RBBB
ecg02706	SB
ecg02707	SB
ecg02708	SB
ecg02709	SB
ecg02710	SB
ecg02711	SR
ecg02712	SB
ecg02713	SB
ecg02714	ST
ecg02715	SB
ecg02716	AQW,AFIB,TWC
ecg02717	QTIE,SB
ecg02718	SB
ecg02719	ST
ecg02720	ST,PWC
ecg02721	STTC,AFIB
ecg02722	SB
ecg02723	RBBB,SB,LVH
ecg02724	LVH,SB
ecg02725	ST
ecg02726	IDC,SB
ecg02727	ST
ecg02728	SB
ecg02729	ST
ecg02730	ST
ecg02731	ST,ARS
ecg02732	TWC,SB,1AVB
ecg02733	SR
ecg02734	STDD,AFIB,STTC,TWC
ecg02735	SB
ecg02736	SB
ecg02737	STTC,ST,1AVB
ecg02738	AFIB
ecg02739	ST
ecg02740	SB
ecg02741	SR
ecg02742	TWC,SB
ecg02743	SB
ecg02744	SB
ecg02745	AFIB
ecg02746	LAFB,AF,ALS
ecg02747	STDD,AFIB,TWC
ecg02748	STDD,AFIB,ALS,LVQRSAL,STTC,TWC
ecg02749	SR
ecg02750	SR
ecg02751	SB
ecg02752	AFIB
ecg02753	TWC,AFIB
ecg02754	STTC,AFIB,IDC,LVH,VPB
ecg02755	AFIB,LVH
ecg02756	1AVB,SB
ecg02757	AFIB,LVH
ecg02758	ST
ecg02759	TWO,SB,LAFB,VPB
ecg02760	SR
ecg02761	SR
ecg02762	TWC,SB,LVH
ecg02763	STTC,SB
ecg02764	SR
ecg02765	STTC,SR,LVH
ecg02766	SR
ecg02767	SB
ecg02768	SB
ecg02769	STTC,AFIB,IDC
ecg02770	RBBB,AF
ecg02771	ST
ecg02772	SB
ecg02773	AQW,SB
ecg02774	SR
ecg02775	SB
ecg02776	ST
ecg02777	1AVB,SB
ecg02778	SB
ecg02779	LVH,SB
ecg02780	1AVB,SB,ALS
ecg02781	AFIB
ecg02782	SB
ecg02783	ST
ecg02784	SR
ecg02785	RBBB,ST
ecg02786	TWC,SR
ecg02787	SB
ecg02788	RBBB,SR
ecg02789	SB
ecg02790	SB
ecg02791	LVH,ST
ecg02792	QTIE,SB,LVQRSAL
ecg02793	ST
ecg02794	STDD,SR,STTC,TWC
ecg02795	SR
ecg02796	SB
ecg02797	AFIB
ecg02798	SR
ecg02799	STDD,AFIB,STTC,TWC
ecg02800	SR
ecg02801	SB
ecg02802	APB,SB,LVH
ecg02803	SB
ecg02804	UW,SB,JEB
ecg02805	SR
ecg02806	SB
ecg02807	SR,ALS
ecg02808	TWC,SB,LVH
ecg02809	VPB,SB
ecg02810	SR
ecg02811	SB
ecg02812	AFIB
ecg02813	AFIB
ecg02814	STTC,ST
ecg02815	SR
ecg02816	SR
ecg02817	SR
ecg02818	AFIB
ecg02819	SR
ecg02820	ST
ecg02821	SR
ecg02822	TWC,AFIB
ecg02823	1AVB,SB
ecg02824	ST
ecg02825	SB,LVQRSAL
ecg02826	AFIB
ecg02827	SR
ecg02828	TWC,ST
ecg02829	LAFB,AF,RBBB
ecg02830	SR,ALS
ecg02831	SB
ecg02832	SB
ecg02833	TWC,SR,TWO
ecg02834	SR
ecg02835	SB,ALS
ecg02836	AFIB
ecg02837	APB,SB,LVQRSAL
ecg02838	TWC,SR
ecg02839	SB
ecg02840	SB
ecg02841	STTC,AFIB,VPB
ecg02842	STDD,AFIB,STTC,TWC
ecg02843	SR
ecg02844	SR
ecg02845	SR
ecg02846	TWC,AF,ARS
ecg02847	TWC,SB
ecg02848	SB
ecg02849	SB
ecg02850	ST
ecg02851	ST
ecg02852	STTC,AFIB,LVH
ecg02853	SB
ecg02854	SB
ecg02855	TWC,SB
ecg02856	SB
ecg02857	STTC,AFIB,CCR
ecg02858	SR
ecg02859	SB
ecg02860	STDD,ST,STTC,TWC
ecg02861	AFIB,LVQRSAL
ecg02862	AFIB
ecg02863	LVH,SB
ecg02864	TWC,ST
ecg02865	TWC,SB
ecg02866	TWC,SB
ecg02867	SR
ecg02868	SR
ecg02869	TWC,AFIB,LVH
ecg02870	SB
ecg02871	STTC,ST
ecg02872	SB
ecg02873	AFIB
ecg02874	STTC,SR
ecg02875	SR
ecg02876	AFIB,LVH
ecg02877	STDD,AFIB,CCR,LVH,STTC,TWC,TWO
ecg02878	SB
ecg02879	SR
ecg02880	TWO,ST,APB,IDC
ecg02881	SR
ecg02882	TWC,SR,LVH
ecg02883	ST
ecg02884	TWC,AFIB,IDC,LVH
ecg02885	LVH,SB
ecg02886	LVH,SB
ecg02887	LVH,SB
ecg02888	SB
ecg02889	ST,ALS
ecg02890	SB
ecg02891	ST
ecg02892	SR
ecg02893	TWC,AFIB,RBBB
ecg02894	SB
ecg02895	AQW,ST,LAFB,LVQRSAL,MI,MI_LAT,STTU
ecg02896	SB
ecg02897	SR
ecg02898	SR
ecg02899	1AVB,SR
ecg02900	AQW,AFIB,ALS,STTC,VPB
ecg02901	SR
ecg02902	STTC,ST
ecg02903	SR
ecg02904	SR
ecg02905	ST
ecg02906	SB
ecg02907	STTC,ST,LVH
ecg02908	TWC,SB,LVH
ecg02909	SB
ecg02910	TWC,SB,LAFB
ecg02911	SB,LVQRSAL
ecg02912	STTC,AFIB,VPB
ecg02913	STTU,SR,TWO
ecg02914	RBBB,SB
ecg02915	SB
ecg02916	ST
ecg02917	SB
ecg02918	STDD,AFIB,IDC,LVH,STTC,TWC
ecg02919	SB,CCR
ecg02920	AQW,SR,1AVB,STDD,STTC,TWC
ecg02921	SB
ecg02922	SB
ecg02923	ST,ARS
ecg02924	TWC,AFIB,LVQRSAL
ecg02925	SB
ecg02926	ST,PWC
ecg02927	SB
ecg02928	TWC,AFIB
ecg02929	SR
ecg02930	TWC,AFIB,LVQRSAL
ecg02931	STTC,AFIB
ecg02932	AFIB
ecg02933	SR
ecg02934	SR
ecg02935	LAFB,ST,APB
ecg02936	AFIB,ALS
ecg02937	ST
ecg02938	1AVB,ST,ALS
ecg02939	SB
ecg02940	SB
ecg02941	STDD,AFIB,LVH,STTC,TWC
ecg02942	SB
ecg02943	SB
ecg02944	SB
ecg02945	STTC,SB
ecg02946	ST,PWC
ecg02947	STTC,SR,LVH
ecg02948	TWC,SB
ecg02949	SR
ecg02950	TWC,AF,ALS
ecg02951	SB
ecg02952	TWC,SR
ecg02953	SB
ecg02954	IDC,AF,RBBB
ecg02955	ST
ecg02956	SB
ecg02957	SB
ecg02958	TWC,SB
ecg02959	SR
ecg02960	SB
ecg02961	STTU,SR
ecg02962	1AVB,SB,ALS
ecg02963	TWC,AFIB,IDC
ecg02964	SR
ecg02965	STTU,SB
ecg02966	TWC,SB,LVH
ecg02967	ST
ecg02968	RBBB,ST
ecg02969	TWC,SB
ecg02970	SB
ecg02971	LVH,SB
ecg02972	SB
ecg02973	SR
ecg02974	AFIB
ecg02975	AFIB
ecg02976	LVH,SB
ecg02977	STTC,AFIB,LVH
ecg02978	SB
ecg02979	STTC,SB
ecg02980	STTC,ST
ecg02981	TWC,AFIB,ALS,LVH,RBBB
ecg02982	STTC,ST,PRIE,TWO
ecg02983	SB
ecg02984	SR,CCR
ecg02985	STTU,SB,LVQRSAL,TWC
ecg02986	SB
ecg02987	SB
ecg02988	SB
ecg02989	LVH,SB
ecg02990	AF
ecg02991	SB
ecg02992	SR
ecg02993	AQW,AFIB,LVH,TWC
ecg02994	STTC,AFIB,VEB
ecg02995	ST
ecg02996	TWC,ST
ecg02997	STTC,ST,VPB
ecg02998	AFIB
ecg02999	AFIB,LVQRSAL
ecg03000	LVH,SB
ecg03001	STDD,ST,LVH,STTC,TWC
ecg03002	LAFB,ST,CR
ecg03003	ST
ecg03004	AFIB,LVQRSAL
ecg03005	SR
ecg03006	STTC,AFIB
ecg03007	AFIB
ecg03008	TWC,SB,LVH
ecg03009	TWC,AFIB,LVH
ecg03010	ST
ecg03011	STTC,AFIB
ecg03012	STTC,SB,1AVB,APB
ecg03013	STTC,AFIB,QTIE
ecg03014	SB
ecg03015	STDD,AFIB,RBBB,STTC,TWO,VPB
ecg03016	STTU,ST
ecg03017	TWC,AFIB
ecg03018	AFIB
ecg03019	SB
ecg03020	SB
ecg03021	SB
ecg03022	STTC,ST
ecg03023	SR
ecg03024	ST
ecg03025	TWC,SB,LVH
ecg03026	ST
ecg03027	STDD,ST,STTC,TWC
ecg03028	ST
ecg03029	SR
ecg03030	ST
ecg03031	STDD,AF,IDC,LVH,STTC,TWC
ecg03032	STTC,ST
ecg03033	IDC,AFIB,ALS
ecg03034	IDC,AFIB,LVQRSAL
ecg03035	SB
ecg03036	ST
ecg03037	ST
ecg03038	TWC,SB
ecg03039	SR
ecg03040	LAFB,SB
ecg03041	AFIB
ecg03042	SB
ecg03043	SB
ecg03044	1AVB,SB,ALS
ecg03045	ST
ecg03046	AFIB,LVH
ecg03047	SB
ecg03048	LAFB,SR
ecg03049	TWC,ST
ecg03050	STTC,AF,LVH
ecg03051	SB
ecg03052	AFIB,LVH
ecg03053	SB
ecg03054	TWC,SB,1AVB,LVH
ecg03055	SR
ecg03056	STTU,SB,1AVB,TWC,TWO
ecg03057	STDD,AF,STTC,TWC
ecg03058	ST
ecg03059	STDD,SB,TWC,VPB
ecg03060	STTC,ST
ecg03061	TWC,AFIB
ecg03062	ST,CR
ecg03063	1AVB,SB
ecg03064	AFIB
ecg03065	QTIE,SR
ecg03066	SB
ecg03067	RBBB,AFIB
ecg03068	SB
ecg03069	STTC,SB
ecg03070	STTU,SR,CCR,LAFB
ecg03071	TWC,SB,LVH
ecg03072	STTC,ST
ecg03073	SB
ecg03074	SB
ecg03075	ST
ecg03076	STTU,SB
ecg03077	SB
ecg03078	SR,LVQRSAL
ecg03079	SR
ecg03080	SR
ecg03081	RBBB,AFIB,ARS
ecg03082	AFIB
ecg03083	SB
ecg03084	LVH,SB
ecg03085	SB
ecg03086	SR
ecg03087	STDD,SB,STTC,TWC
ecg03088	STTC,SB
ecg03089	IDC,AFIB,LAFB,VPB
ecg03090	IDC,AFIB,ALS
ecg03091	SR
ecg03092	SR
ecg03093	AVB,AF,ALS,CR
ecg03094	SB
ecg03095	STTC,SR
ecg03096	SB
ecg03097	SR
ecg03098	TWC,SB,LVH
ecg03099	ST,PWC
ecg03100	AF,ARS
ecg03101	LVH,SB
ecg03102	SR
ecg03103	TWC,AFIB,CCR
ecg03104	SB,ARS,LVQRSAL
ecg03105	STTU,ST
ecg03106	SB
ecg03107	SR
ecg03108	SB
ecg03109	SR
ecg03110	SB
ecg03111	STTC,ST,ARS
ecg03112	AFIB
ecg03113	STTC,ST,STTU
ecg03114	SB
ecg03115	LVH,ST
ecg03116	SB
ecg03117	SR
ecg03118	LAFB,AFIB
ecg03119	STTC,SB
ecg03120	SR,CCR
ecg03121	TWC,AF,TWO
ecg03122	SB
ecg03123	TWC,SB
ecg03124	STDD,AFIB,STTC,TWC
ecg03125	SR
ecg03126	STTC,ST
ecg03127	TWC,SB
ecg03128	SR
ecg03129	RBBB,ST,VPB
ecg03130	TWC,SB
ecg03131	LVH,SB
ecg03132	TWC,SB
ecg03133	TWC,AFIB
ecg03134	AVB,AF,LVH
ecg03135	STDD,AF,STTC,TWC
ecg03136	ST
ecg03137	SB
ecg03138	SR
ecg03139	SR
ecg03140	STTC,ST
ecg03141	STDD,SB,LVH,STTC,TWC
ecg03142	STTC,AF,AVB,LVH,RBBB
ecg03143	SB,CCR
ecg03144	SR
ecg03145	SB,ALS
ecg03146	SB
ecg03147	AF
ecg03148	SB
ecg03149	ST
ecg03150	SR,CCR
ecg03151	SR
ecg03152	AQW,SB,1AVB
ecg03153	SR
ecg03154	TWC,SB
ecg03155	SB
ecg03156	AFIB,LVH
ecg03157	TWC,SB
ecg03158	TWC,SB
ecg03159	STDD,AFIB,IDC,LAFB,STTC,TWO
ecg03160	SB
ecg03161	VPB,ST
ecg03162	TWC,ST
ecg03163	AVB,AF,CR,LAFB,RBBB
ecg03164	SB
ecg03165	ST
ecg03166	STTC,ST,LAFB,RBBB,VPB
ecg03167	ST
ecg03168	SR
ecg03169	ST
ecg03170	AFIB
ecg03171	TWC,AFIB
ecg03172	SB
ecg03173	STTC,SB,LVH
ecg03174	STTC,SR
ecg03175	SB
ecg03176	TWC,SB
ecg03177	STTC,ST,APB
ecg03178	LVH,SB
ecg03179	RBBB,AF
ecg03180	SB
ecg03181	SB
ecg03182	ST
ecg03183	LVH,SB
ecg03184	AFIB
ecg03185	SR
ecg03186	SR
ecg03187	TWC,ST
ecg03188	SR
ecg03189	VPE,ST
ecg03190	SB
ecg03191	TWO,AFIB,LAFB,VPB
ecg03192	SB,ALS
ecg03193	AVB,AF
ecg03194	SB
ecg03195	TWC,AFIB
ecg03196	SB
ecg03197	TWC,AFIB
ecg03198	SB
ecg03199	SR
ecg03200	SR
ecg03201	ST,CCR
ecg03202	SR
ecg03203	SB
ecg03204	SB
ecg03205	STTC,SB,LVH
ecg03206	QTIE,SR
ecg03207	ST
ecg03208	SR
ecg03209	SB
ecg03210	AQW,AFIB,ALS,LVH,TWC
ecg03211	SB
ecg03212	SB
ecg03213	LAFB,AFIB
ecg03214	STTC,AFIB,VPB
ecg03215	ST
ecg03216	TWC,AFIB,VPB
ecg03217	TWC,AFIB
ecg03218	SR
ecg03219	SB
ecg03220	TWC,SB,APB,VPB
ecg03221	SR
ecg03222	TWC,AFIB,LVH
ecg03223	AFIB
ecg03224	RBBB,ST
ecg03225	ST
ecg03226	RBBB,SB
ecg03227	SB
ecg03228	SB
ecg03229	SR
ecg03230	STTC,ST,ALS,STTU
ecg03231	SR
ecg03232	AFIB
ecg03233	SB
ecg03234	STTC,AFIB
ecg03235	MI,SB,MI_LAT
ecg03236	IDC,SB
ecg03237	ST,CCR
ecg03238	TWC,AF,AVB
ecg03239	APB,SB,LVH
ecg03240	TWC,ST,LVH,VPB
ecg03241	STTC,AFIB,LVH,LVQRSAL,RBBB
ecg03242	LVH,SB
ecg03243	SR
ecg03244	SR
ecg03245	SR
ecg03246	AFIB,CCR
ecg03247	SB
ecg03248	TWC,SB
ecg03249	SB
ecg03250	TWC,SB
ecg03251	SB
ecg03252	SR
ecg03253	SB
ecg03254	SB
ecg03255	SR
ecg03256	SB
ecg03257	ST
ecg03258	RBBB,SR
ecg03259	TWC,SR
ecg03260	TWC,ST,RBBB
ecg03261	ST
ecg03262	TWC,SB
ecg03263	ST
ecg03264	ST
ecg03265	STTC,AFIB,LVH
ecg03266	STTC,AFIB,LVH
ecg03267	SB
ecg03268	SB
ecg03269	TWC,AFIB,RBBB,VPB
ecg03270	LVH,ST
ecg03271	TWC,SB
ecg03272	TWC,AFIB,RBBB
ecg03273	TWC,AFIB
ecg03274	RBBB,AFIB,LVH
ecg03275	STTC,AFIB,CCR
ecg03276	ST
ecg03277	SR
ecg03278	ST
ecg03279	AFIB
ecg03280	ST
ecg03281	SB
ecg03282	SR
ecg03283	SB
ecg03284	ST
ecg03285	TWC,AFIB
ecg03286	LVH,SB
ecg03287	AFIB
ecg03288	AF
ecg03289	SB
ecg03290	ST
ecg03291	SB
ecg03292	SB
ecg03293	SR
ecg03294	TWC,SB,CCR
ecg03295	TWC,SR
ecg03296	AQW,AFIB,ALS,LAFB,STDD,STTC,TWC
ecg03297	ST
ecg03298	AFIB,VPB
ecg03299	TWC,ST
ecg03300	STDD,ST,STTC,TWC
ecg03301	AFIB
ecg03302	ST
ecg03303	SB
ecg03304	AFIB
ecg03305	LVH,SB
ecg03306	TWC,SR
ecg03307	SR
ecg03308	TWC,SB,LAFB
ecg03309	SR
ecg03310	SB
ecg03311	STTC,ST,APB
ecg03312	ST
ecg03313	SB
ecg03314	TWC,AFIB,LVH
ecg03315	LVH,SR
ecg03316	TWC,SB
ecg03317	SB
ecg03318	TWC,AFIB
ecg03319	SB
ecg03320	LVH,SB
ecg03321	TWC,AF,AVB,LVH
ecg03322	TWC,AFIB,LVQRSAL
ecg03323	SR
ecg03324	AQW,SR
ecg03325	SR
ecg03326	SB
ecg03327	STTC,AFIB,RBBB
ecg03328	SB
ecg03329	SB
ecg03330	AF
ecg03331	AFIB
ecg03332	ST,ARS
ecg03333	SR
ecg03334	SR
ecg03335	STTC,ST
ecg03336	RBBB,AF,VPB
ecg03337	APB,ST
ecg03338	STTU,SB,LVH
ecg03339	TWC,AFIB,ALS,LVH
ecg03340	STTU,SB,1AVB,LVH
ecg03341	STTC,SB
ecg03342	STTU,AFIB,CR,TWC
ecg03343	SB
ecg03344	SB
ecg03345	SB
ecg03346	SB
ecg03347	STDD,AFIB,STTC,TWC
ecg03348	TWC,AFIB,IDC
ecg03349	TWC,SR
ecg03350	SB
ecg03351	AQW,ST,ALS
ecg03352	SR
ecg03353	RBBB,SR
ecg03354	SB
ecg03355	TWC,AFIB,CCR
ecg03356	SB
ecg03357	SB
ecg03358	LVH,SB
ecg03359	SB
ecg03360	LVH,SB
ecg03361	SB
ecg03362	SR
ecg03363	TWC,AF,LVQRSAL
ecg03364	SB
ecg03365	SB
ecg03366	LAFB,AFIB,VPB
ecg03367	TWC,SB
ecg03368	TWC,AF
ecg03369	TWC,SB,LAFB,LVQRSAL
ecg03370	ST
ecg03371	TWC,SB
ecg03372	SB
ecg03373	STTC,SB,ARS,JEB,LVQRSAL,QTIE,VPB
ecg03374	TWC,AF,RBBB
ecg03375	ST
ecg03376	TWC,AFIB
ecg03377	SB
ecg03378	QTIE,AFIB
ecg03379	ST
ecg03380	LAFB,AFIB
ecg03381	IDC,AF
ecg03382	TWC,SB
ecg03383	LVH,SB
ecg03384	SB
ecg03385	SR
ecg03386	TWC,SB
ecg03387	SB
ecg03388	SR
ecg03389	STDD,AFIB,LVH,STTC,TWC
ecg03390	TWC,SB,LVH
ecg03391	STTU,AFIB,IDC
ecg03392	SR,CCR
ecg03393	SB
ecg03394	SR
ecg03395	LVH,SB
ecg03396	1AVB,SB
ecg03397	TWC,AFIB,VPB
ecg03398	SB
ecg03399	STTC,SB
ecg03400	ST
ecg03401	STDD,AFIB,STTC,TWC
ecg03402	LVH,SB
ecg03403	TWC,SR
ecg03404	SB
ecg03405	AFIB
ecg03406	SR
ecg03407	STTC,AFIB,IDC
ecg03408	AQW,AFIB,STTC
ecg03409	SR
ecg03410	STTC,ST
ecg03411	STTC,ST,RBBB
ecg03412	SB
ecg03413	SB
ecg03414	SR
ecg03415	SB
ecg03416	ST,CCR
ecg03417	ST
ecg03418	SR
ecg03419	SB
ecg03420	IDC,AFIB
ecg03421	STDD,SR,STTC,TWC
ecg03422	SB
ecg03423	SB
ecg03424	SR
ecg03425	SR
ecg03426	SR
ecg03427	SB
ecg03428	SB
ecg03429	TWC,SB
ecg03430	AVB,AF
ecg03431	RBBB,SB
ecg03432	ST
ecg03433	SR
ecg03434	RBBB,SB
ecg03435	SR
ecg03436	STTU,SB,TWC,TWO
ecg03437	STTC,ST
ecg03438	STTC,SR
ecg03439	ERV,SB
ecg03440	IDC,SB
ecg03441	AFIB,LVH
ecg03442	SB
ecg03443	SB
ecg03444	TWC,AF,RBBB
ecg03445	STDD,AFIB,STTC,TWC
ecg03446	LVH,SB
ecg03447	SR
ecg03448	SR
ecg03449	SB
ecg03450	RBBB,SB
ecg03451	SR
ecg03452	ST,ALS
ecg03453	SR
ecg03454	STDD,ST,JPT,TWC
ecg03455	SB
ecg03456	SR
ecg03457	SR
ecg03458	LVH,SB
ecg03459	STTC,AF,VPB
ecg03460	STTC,AFIB
ecg03461	AFIB,ARS
ecg03462	TWC,SB
ecg03463	STDD,AF,AVB,LVH,STTC,TWC
ecg03464	STTC,AFIB,LVH
ecg03465	SR
ecg03466	TWC,AFIB
ecg03467	SR
ecg03468	SR
ecg03469	SR
ecg03470	QTIE,AF
ecg03471	SB
ecg03472	TWC,SB
ecg03473	TWC,ST
ecg03474	SB
ecg03475	STTC,ST,ARS,TWC,TWO
ecg03476	SR
ecg03477	TWC,AFIB
ecg03478	TWC,SB,LVH
ecg03479	RBBB,AFIB
ecg03480	RBBB,AFIB
ecg03481	AQW,AFIB,LVH
ecg03482	AFIB
ecg03483	IDC,AFIB
ecg03484	SB
ecg03485	SB
ecg03486	SB
ecg03487	TWC,ST
ecg03488	SR
ecg03489	SB,ARS
ecg03490	SB
ecg03491	SB
ecg03492	STTC,AFIB,LVQRSAL
ecg03493	STTC,AFIB,LVQRSAL
ecg03494	ST
ecg03495	AFIB
ecg03496	AFIB
ecg03497	ST
ecg03498	TWC,AFIB,ALS
ecg03499	AFIB,VPB
ecg03500	STTC,AFIB
ecg03501	ST
ecg03502	STTC,ST
ecg03503	STTC,ST
ecg03504	AVB,AF,VPB
ecg03505	TWC,AFIB,LVH
ecg03506	AF
ecg03507	IDC,AFIB,ALS
ecg03508	SB
ecg03509	STTC,ST
ecg03510	AFIB,LVH
ecg03511	STDD,SR,ARS,STTC,STTU,TWC
ecg03512	SB
ecg03513	SB
ecg03514	ST
ecg03515	VPB,SB
ecg03516	AF
ecg03517	AFIB,ALS
ecg03518	RBBB,AFIB,LVQRSAL
ecg03519	TWC,ST,ARS
ecg03520	SR
ecg03521	SR
ecg03522	LVH,SB
ecg03523	SB
ecg03524	SR
ecg03525	STTC,AFIB,LVH
ecg03526	SB
ecg03527	SB
ecg03528	TWC,AFIB
ecg03529	AFIB,ARS,CCR
ecg03530	SB
ecg03531	TWC,SB
ecg03532	STTC,SB
ecg03533	TWC,SR
ecg03534	TWC,AFIB
ecg03535	SR
ecg03536	SB
ecg03537	TWC,AFIB,VPB
ecg03538	RBBB,ST
ecg03539	SR
ecg03540	SB
ecg03541	STDD,AFIB,LAFB,STTC,TWO
ecg03542	STTC,AFIB
ecg03543	SB
ecg03544	SB
ecg03545	TWC,SR
ecg03546	TWC,SB
ecg03547	SR
ecg03548	RBBB,SB
ecg03549	SR
ecg03550	AFIB,LVH
ecg03551	AFIB
ecg03552	AFIB
ecg03553	LVH,ST
ecg03554	STTC,AFIB,ARS,LVH
ecg03555	SB
ecg03556	SR
ecg03557	SR
ecg03558	TWC,SB,LVH
ecg03559	TWC,AFIB
ecg03560	SR
ecg03561	SB
ecg03562	AFIB
ecg03563	SB
ecg03564	STDD,AFIB,LVH,STTC,TWC
ecg03565	AFIB
ecg03566	AFIB,LVH
ecg03567	SB
ecg03568	ST
ecg03569	AFIB,ALS
ecg03570	SB
ecg03571	SR
ecg03572	STTC,ST,LVQRSAL
ecg03573	SR
ecg03574	STDD,SB,LVH,STTC,TWO
ecg03575	SB
ecg03576	SB,LVQRSAL
ecg03577	STTC,AFIB,LVH
ecg03578	TWC,SB
ecg03579	AFIB
ecg03580	LVH,SR
ecg03581	SB
ecg03582	TWC,SB
ecg03583	SB
ecg03584	STTU,AF,AVB,TWC
ecg03585	AQW,AFIB
ecg03586	STTC,AFIB
ecg03587	STTC,AFIB,ALS
ecg03588	SB
ecg03589	SB
ecg03590	SB
ecg03591	SB
ecg03592	SB
ecg03593	SB
ecg03594	SB
ecg03595	AFIB,LVH
ecg03596	SB
ecg03597	ST
ecg03598	AFIB
ecg03599	SB
ecg03600	RBBB,SB
ecg03601	ST
ecg03602	SB
ecg03603	STTC,AF,LVH
ecg03604	SB
ecg03605	STDD,AFIB,STTC,TWC
ecg03606	STTC,AFIB,LVH
ecg03607	LVH,ST,PWC
ecg03608	AQW,ST
ecg03609	STTC,ST
ecg03610	APB,ST
ecg03611	ST,LVQRSAL
ecg03612	SB
ecg03613	AFIB,CCR
ecg03614	LVH,SB
ecg03615	TWC,SB
ecg03616	AFIB
ecg03617	IDC,SB,LVH
ecg03618	TWC,AFIB
ecg03619	SB
ecg03620	SB
ecg03621	SB
ecg03622	LVH,SB
ecg03623	IDC,SB
ecg03624	AQW,ST,ALS,TWC
ecg03625	STTC,AFIB,LVQRSAL
ecg03626	SB
ecg03627	SR
ecg03628	SR
ecg03629	IDC,AFIB
ecg03630	TWC,SB
ecg03631	ST
ecg03632	SB
ecg03633	STTC,AFIB
ecg03634	TWC,SB,RBBB
ecg03635	AFIB,LVH,LVQRSAL
ecg03636	TWC,SR
ecg03637	TWC,ST,PWC,VPB
ecg03638	SB
ecg03639	1AVB,SB
ecg03640	SR
ecg03641	SR
ecg03642	STTC,ST
ecg03643	STDD,AFIB,RBBB,STTC,TWC
ecg03644	1AVB,SB
ecg03645	SR
ecg03646	STTC,ST
ecg03647	SR
ecg03648	SR
ecg03649	TWC,ST
ecg03650	AFIB
ecg03651	AFIB,ARS
ecg03652	AFIB,LVQRSAL
ecg03653	AFIB,VPB
ecg03654	TWC,SB
ecg03655	ERV,SR
ecg03656	STTC,ST
ecg03657	TWC,SR
ecg03658	ST
ecg03659	AFIB
ecg03660	AFIB
ecg03661	ST,CCR
ecg03662	STDD,ST,LVH,STTC,TWC
ecg03663	TWC,SB
ecg03664	TWC,ST
ecg03665	STDD,AFIB,STTC,TWC
ecg03666	SR
ecg03667	SR
ecg03668	SR
ecg03669	TWC,SB,1AVB
ecg03670	TWC,SB,LVH
ecg03671	SR,LVQRSAL
ecg03672	SB
ecg03673	LVH,SB
ecg03674	TWC,AF,AVB
ecg03675	RBBB,AF
ecg03676	STTC,ST,APB,LVQRSAL,RBBB
ecg03677	SB,ALS
ecg03678	SB
ecg03679	TWC,AFIB,TWO
ecg03680	SR
ecg03681	SB
ecg03682	SR
ecg03683	AQW,AF,IDC,LVQRSAL,STTU,TWC,TWO
ecg03684	STDD,SR,CCR,TWC
ecg03685	AF
ecg03686	AFIB
ecg03687	SR
ecg03688	TWC,SR
ecg03689	AQW,AFIB,TWC,VPB
ecg03690	SR
ecg03691	SB
ecg03692	STDD,SR,TWC
ecg03693	SR
ecg03694	SB
ecg03695	ST
ecg03696	TWC,SB
ecg03697	SB
ecg03698	AFIB
ecg03699	SR
ecg03700	AFIB,LVH
ecg03701	SB
ecg03702	SB
ecg03703	SB
ecg03704	1AVB,SB
ecg03705	MI,SB,1AVB,MI_LAT,TWC
ecg03706	TWC,SB
ecg03707	SR
ecg03708	SB,CCR
ecg03709	TWC,SB
ecg03710	SR
ecg03711	ST
ecg03712	SR
ecg03713	SB
ecg03714	STTC,SB
ecg03715	TWC,SB
ecg03716	AFIB
ecg03717	STDD,AFIB,RBBB,STTC
ecg03718	LVH,SB
ecg03719	AQW,SB,ALS
ecg03720	SR
ecg03721	SR
ecg03722	TWC,AFIB
ecg03723	IDC,AFIB
ecg03724	STTC,ST,ARS
ecg03725	STDD,ST,STTC,STTU,TWC
ecg03726	SB
ecg03727	TWC,SB
ecg03728	AQW,SR,LAFB,TWC,TWO
ecg03729	AFIB
ecg03730	ST
ecg03731	STTC,AFIB
ecg03732	STDD,ST,STTC,TWC
ecg03733	VPB,ST
ecg03734	SB
ecg03735	RBBB,SB
ecg03736	STDD,AFIB,CCR
ecg03737	AFIB,LVQRSAL
ecg03738	AFIB,LVH
ecg03739	TWC,ST,LVH
ecg03740	STTC,AFIB
ecg03741	SR
ecg03742	AFIB,ALS,LVH
ecg03743	SB
ecg03744	SR
ecg03745	TWC,AF,RBBB
ecg03746	AQW,AFIB,STTU
ecg03747	TWC,AFIB
ecg03748	LAFB,ST
ecg03749	STTC,AFIB,IDC,RBBB
ecg03750	SR
ecg03751	SB,ALS
ecg03752	AVB,AF
ecg03753	SB
ecg03754	ST
ecg03755	STDD,AFIB,IDC,STTC,TWO
ecg03756	APB,ST
ecg03757	SB
ecg03758	AFIB,ARS
ecg03759	TWC,AFIB
ecg03760	STTC,AFIB,LVH
ecg03761	LAFB,AF,ALS
ecg03762	STTU,SB,ALS,LVH
ecg03763	SR
ecg03764	STTU,SB,TWC,TWO
ecg03765	SB
ecg03766	ST,ARS,CR
ecg03767	RBBB,AFIB,ALS,LVH
ecg03768	ST
ecg03769	SB
ecg03770	ST
ecg03771	RBBB,AF
ecg03772	AF,ALS
ecg03773	SR
ecg03774	STTC,AFIB,ARS
ecg03775	LVH,SB
ecg03776	AFIB
ecg03777	SB
ecg03778	TWC,ST
ecg03779	SB
ecg03780	SR
ecg03781	SR
ecg03782	LVH,SB
ecg03783	IDC,SR
ecg03784	SB
ecg03785	STTC,ST
ecg03786	SB,CCR
ecg03787	SR
ecg03788	TWC,SR,APB,LVH
ecg03789	STDD,SR
ecg03790	SB
ecg03791	TWC,SB
ecg03792	SB
ecg03793	SR
ecg03794	ST
ecg03795	SR
ecg03796	QTIE,AFIB,VPB
ecg03797	SB
ecg03798	AFIB
ecg03799	TWC,SB
ecg03800	TWC,SR,LVH
ecg03801	SB
ecg03802	AFIB
ecg03803	SB
ecg03804	SB
ecg03805	STTU,ST,ARS,CR
ecg03806	SB
ecg03807	SB
ecg03808	1AVB,SR,VPB
ecg03809	SB
ecg03810	TWC,SB,LVH
ecg03811	STDD,ST,APB,LVH,STTC,TWC
ecg03812	SB
ecg03813	ST
ecg03814	TWC,AFIB
ecg03815	STDD,SB,STTC,TWC
ecg03816	SR
ecg03817	SB
ecg03818	TWC,SB
ecg03819	AFIB
ecg03820	LVH,SB
ecg03821	ST
ecg03822	TWC,ST,APB
ecg03823	SR
ecg03824	LVH,SB
ecg03825	STTU,SB
ecg03826	STTC,AFIB,LVH
ecg03827	SR
ecg03828	SR
ecg03829	SB
ecg03830	SR
ecg03831	AFIB
ecg03832	STTC,ST,LVH
ecg03833	SB
ecg03834	SR
ecg03835	SR
ecg03836	AFIB
ecg03837	ERV,SB
ecg03838	ST,LVQRSAL
ecg03839	SR
ecg03840	SR
ecg03841	ST
ecg03842	QTIE,ST
ecg03843	ST
ecg03844	TWC,AFIB,ARS
ecg03845	AQW,SB,APB,IDC,STTC
ecg03846	SR
ecg03847	STTC,ST
ecg03848	SB
ecg03849	SB
ecg03850	STDD,AFIB,STTC,TWC
ecg03851	SB
ecg03852	LVH,SB
ecg03853	SB
ecg03854	ST
ecg03855	TWC,ST
ecg03856	SR
ecg03857	SB
ecg03858	SB
ecg03859	STTU,SB
ecg03860	SR
ecg03861	SR
ecg03862	STDD,AFIB,LVQRSAL,STTC,TWC
ecg03863	TWC,SB
ecg03864	SR
ecg03865	1AVB,SB
ecg03866	SB
ecg03867	TWC,AFIB,VPB
ecg03868	SB
ecg03869	TWC,AFIB,IDC,LVH
ecg03870	ST
ecg03871	UW,AF,QTIE
ecg03872	TWC,AF,IDC,UW
ecg03873	SR
ecg03874	TWC,SB
ecg03875	SR
ecg03876	TWC,SB
ecg03877	VPB,ST,ARS,PWC
ecg03878	LVH,SB
ecg03879	AQW,AFIB
ecg03880	TWC,SB
ecg03881	APB,SB
ecg03882	SR
ecg03883	SR
ecg03884	ERV,SB,LVH
ecg03885	ST
ecg03886	SB
ecg03887	STTC,ST,APB,LVH,PWC
ecg03888	STTC,ST,TWC,VPB
ecg03889	SB
ecg03890	LAFB,SB,RBBB
ecg03891	TWC,SR
ecg03892	SB
ecg03893	LVH,SB
ecg03894	SR
ecg03895	LVH,SB
ecg03896	SB
ecg03897	ST
ecg03898	SB
ecg03899	1AVB,SR
ecg03900	SB
ecg03901	TWC,SB,LVH
ecg03902	SR
ecg03903	TWC,SB
ecg03904	AFIB
ecg03905	ST
ecg03906	SB
ecg03907	SR
ecg03908	VPB,SB
ecg03909	AFIB
ecg03910	SB
ecg03911	SB
ecg03912	LVH,SB
ecg03913	SB
ecg03914	SB
ecg03915	SB
ecg03916	AF
ecg03917	TWC,AFIB
ecg03918	SR
ecg03919	SB
ecg03920	SR
ecg03921	TWC,SB
ecg03922	STTC,AFIB
ecg03923	RBBB,SB,LVQRSAL
ecg03924	SR
ecg03925	RBBB,ST,LVQRSAL
ecg03926	AF,ALS
ecg03927	SR
ecg03928	TWC,SR
ecg03929	STDD,AFIB,STTC,TWO
ecg03930	SB
ecg03931	SB
ecg03932	SB
ecg03933	TWC,AF
ecg03934	STTC,SR,LVH
ecg03935	SB
ecg03936	AQW,AFIB,STDD,STTC,TWC,VPB
ecg03937	STTC,SB
ecg03938	SB
ecg03939	TWC,SB
ecg03940	ST
ecg03941	SB
ecg03942	APB,ST,LVH
ecg03943	SB
ecg03944	AFIB
ecg03945	TWC,AFIB,LVH
ecg03946	SR
ecg03947	SR
ecg03948	STTC,AFIB,LAFB,LVH
ecg03949	SB
ecg03950	SR
ecg03951	SR
ecg03952	AFIB,ALS,LVH
ecg03953	ST
ecg03954	TWC,AF,QTIE
ecg03955	SB
ecg03956	SR
ecg03957	TWC,AFIB
ecg03958	LVH,SB
ecg03959	SB
ecg03960	STDD,AFIB,CR,RBBB,STTC
ecg03961	SB
ecg03962	STTC,SR
ecg03963	ST
ecg03964	SR
ecg03965	SB
ecg03966	STTC,SR,LVH
ecg03967	AQW,ST,ALS,CR,RBBB
ecg03968	TWC,AFIB
ecg03969	STTC,AFIB
ecg03970	AVB,AF
ecg03971	SR
ecg03972	LAFB,AFIB
ecg03973	ST,ALS
ecg03974	SB,PWC
ecg03975	SB
ecg03976	TWC,SR,LVH
ecg03977	SB
ecg03978	SR
ecg03979	STDD,SB,STTC,TWO
ecg03980	SB
ecg03981	TWC,ST,LVH
ecg03982	AF,ALS
ecg03983	AF
ecg03984	SB
ecg03985	SR
ecg03986	SR
ecg03987	AF
ecg03988	LVH,SB
ecg03989	SB
ecg03990	1AVB,SB,ALS
ecg03991	SB
ecg03992	ST,LVQRSAL
ecg03993	SB
ecg03994	1AVB,SB,RBBB
ecg03995	ST
ecg03996	SB
ecg03997	STTC,ST
ecg03998	SB
ecg03999	SB,ALS
ecg04000	TWC,AFIB,LAFB
ecg04001	SR
ecg04002	SB
ecg04003	SR
ecg04004	SR
ecg04005	TWC,SB
ecg04006	SB
ecg04007	SB
ecg04008	STTC,ST,APB,TWC
ecg04009	STTC,ST,1AVB
ecg04010	ST
ecg04011	STDD,AFIB,IDC,TWO
ecg04012	IDC,ST,ARS,VPB
ecg04013	SB
ecg04014	SB
ecg04015	TWC,SB,LVH
ecg04016	TWC,SR,APB
ecg04017	TWC,AFIB
ecg04018	SB
ecg04019	SB
ecg04020	SB
ecg04021	ST
ecg04022	ST
ecg04023	ST,ALS
ecg04024	SR
ecg04025	STDD,AFIB,LVH,STTC,TWC
ecg04026	PRIE,ST,ALS
ecg04027	SB
ecg04028	SR
ecg04029	ST
ecg04030	AQW,SR,APB,MI,MI_LAT,STDD,STTC,STTU,TWC
ecg04031	TWC,SB
ecg04032	TWC,ST
ecg04033	SB
ecg04034	SR
ecg04035	SB
ecg04036	SR
ecg04037	TWC,AFIB,LVH,RBBB
ecg04038	SB
ecg04039	SB
ecg04040	SR
ecg04041	APB,SB
ecg04042	STDD,AF,AVB,STTC,TWC
ecg04043	SB
ecg04044	STTU,ST
ecg04045	AFIB,LVH
ecg04046	1AVB,SB,APB,LVH
ecg04047	AFIB
ecg04048	STTC,AFIB,LVH
ecg04049	SB
ecg04050	SR
ecg04051	SB
ecg04052	STTC,ST
ecg04053	ERV,SB
ecg04054	TWC,SB,LVH
ecg04055	SR
ecg04056	SB
ecg04057	SB
ecg04058	ST
ecg04059	SB
ecg04060	ST
ecg04061	STDD,AFIB,ARS,LVH,STTC,TWC
ecg04062	STTC,ST
ecg04063	AFIB,LVH
ecg04064	SB
ecg04065	IDC,AFIB,ALS
ecg04066	ST
ecg04067	TWC,SB,LVH
ecg04068	LVH,SB
ecg04069	RBBB,SR
ecg04070	SR
ecg04071	RBBB,AFIB
ecg04072	AFIB,LVH
ecg04073	LVH,SR
ecg04074	SB
ecg04075	AFIB,LVH
ecg04076	TWC,AFIB,IDC,RBBB
ecg04077	SR
ecg04078	STTC,AFIB,LVH
ecg04079	AQW,ST,STTU
ecg04080	SB
ecg04081	AFIB
ecg04082	SB
ecg04083	SB
ecg04084	AFIB
ecg04085	TWC,SR
ecg04086	AFIB
ecg04087	SB
ecg04088	STTC,SR
ecg04089	AFIB,LVQRSAL
ecg04090	STTC,AFIB
ecg04091	RBBB,SB
ecg04092	SR
ecg04093	STTC,AFIB
ecg04094	SB
ecg04095	TWC,SB
ecg04096	SB
ecg04097	SR
ecg04098	STTC,AFIB,CCR
ecg04099	ST
ecg04100	TWC,AFIB,ARS
ecg04101	QTIE,ST,1AVB
ecg04102	AVB,AF,LVH
ecg04103	ST
ecg04104	SR
ecg04105	AFIB
ecg04106	SB
ecg04107	SB
ecg04108	AFIB
ecg04109	LVH,SB
ecg04110	ST
ecg04111	AFIB
ecg04112	SR
ecg04113	LVH,SB
ecg04114	1AVB,ST
ecg04115	SB
ecg04116	SR
ecg04117	STDD,SB,APB,LVH,STTC,TWC
ecg04118	ST
ecg04119	STTC,ST,LVQRSAL
ecg04120	LVH,SB
ecg04121	ST
ecg04122	SR
ecg04123	SB
ecg04124	SB
ecg04125	SR
ecg04126	UW,AFIB
ecg04127	TWC,AFIB
ecg04128	SB
ecg04129	AFIB,VPB
ecg04130	SB
ecg04131	TWC,AFIB
ecg04132	SR
ecg04133	SR
ecg04134	SB
ecg04135	TWC,AF,AVB
ecg04136	RBBB,AF
ecg04137	1AVB,SB,PWC
ecg04138	ST
ecg04139	LVH,SB
ecg04140	TWC,ST,TWO
ecg04141	LVH,SB
ecg04142	TWC,SB
ecg04143	SR
ecg04144	AFIB
ecg04145	LAFB,AFIB,VEB
ecg04146	TWC,AFIB
ecg04147	ST
ecg04148	ST
ecg04149	SB
ecg04150	ST
ecg04151	ST
ecg04152	AVB,AF,ALS,LVH
ecg04153	SB
ecg04154	TWC,AFIB,QTIE
ecg04155	TWC,SB
ecg04156	SB,CCR
ecg04157	SR
ecg04158	AVB,AF
ecg04159	SR
ecg04160	SB
ecg04161	SB
ecg04162	SB
ecg04163	STTC,ST,LAFB
ecg04164	AF
ecg04165	SR
ecg04166	SB
ecg04167	ST
ecg04168	IDC,AFIB,ALS,LVH
ecg04169	1AVB,SB
ecg04170	AFIB
ecg04171	STTU,SB,RBBB,TWC,TWO
ecg04172	SB
ecg04173	TWC,AF,LVH
ecg04174	SB
ecg04175	SR
ecg04176	AF,LVH
ecg04177	LVH,SB
ecg04178	TWC,AFIB
ecg04179	STTC,SB
ecg04180	SR
ecg04181	ST
ecg04182	ST
ecg04183	TWC,AFIB,LVH
ecg04184	SR
ecg04185	AFIB
ecg04186	AQW,AFIB,VPB
ecg04187	AFIB
ecg04188	SB
ecg04189	STTC,ST
ecg04190	STTC,SR,APB
ecg04191	TWC,SB
ecg04192	VPE,SB
ecg04193	LAFB,AFIB,ALS
ecg04194	SB
ecg04195	LAFB,ST,CR,RBBB
ecg04196	SB
ecg04197	TWC,SB,LVH
ecg04198	STTC,SB,LVH
ecg04199	ST,ALS
ecg04200	STTU,AFIB
ecg04201	STTC,SB
ecg04202	ST
ecg04203	SR
ecg04204	SR
ecg04205	SB
ecg04206	TWC,AFIB,ALS,RBBB,UW
ecg04207	SB
ecg04208	STTC,AFIB,IDC
ecg04209	SB
ecg04210	AFIB,LVH
ecg04211	SB
ecg04212	AFIB
ecg04213	SB
ecg04214	IDC,SR
ecg04215	STTC,AF
ecg04216	STDD,AF,CCR,STTC
ecg04217	AF
ecg04218	SB
ecg04219	AFIB
ecg04220	SB
ecg04221	SR
ecg04222	ST
ecg04223	STTC,ST,LVH
ecg04224	SB,LVQRSAL
ecg04225	TWC,AF
ecg04226	STTC,SB,1AVB,LVH
ecg04227	STTC,SR,1AVB,LVH
ecg04228	SB
ecg04229	SB
ecg04230	STTU,SR,LVH,TWC
ecg04231	SB
ecg04232	AFIB,VPB
ecg04233	TWC,AFIB,CR,LAFB
ecg04234	SB
ecg04235	SB
ecg04236	VPE,ST
ecg04237	SR
ecg04238	IDC,AF,ALS
ecg04239	SB
ecg04240	SB
ecg04241	SR
ecg04242	SR
ecg04243	AFIB
ecg04244	SB
ecg04245	RBBB,AFIB,VPB
ecg04246	STDD,AFIB,ALS,TWC
ecg04247	STTC,ST,APB,PWC,VPB
ecg04248	SB
ecg04249	TWC,AF
ecg04250	TWC,SR
ecg04251	ST
ecg04252	STTC,ST
ecg04253	AFIB
ecg04254	TWC,AFIB
ecg04255	TWC,ST
ecg04256	SR
ecg04257	TWC,SR,LVH
ecg04258	ST
ecg04259	LVH,SB
ecg04260	SR
ecg04261	STTC,ST,ALS,CCR
ecg04262	SB
ecg04263	SR
ecg04264	TWC,SB
ecg04265	LAFB,AFIB
ecg04266	SR
ecg04267	TWC,AFIB
ecg04268	LVH,ST
ecg04269	IDC,AFIB
ecg04270	STDD,AFIB,STTC,TWC
ecg04271	AFIB,ALS
ecg04272	SB
ecg04273	STDD,AFIB,LVH,STTC,TWC
ecg04274	AVB,AF
ecg04275	AFIB
ecg04276	SB
ecg04277	SB
ecg04278	SR
ecg04279	1AVB,ST
ecg04280	TWC,ST
ecg04281	STTC,AFIB,IDC
ecg04282	TWC,AFIB
ecg04283	IDC,AFIB,LVH,VPB
ecg04284	STTC,ST,ABI
ecg04285	APB,ST
ecg04286	STTC,SB
ecg04287	1AVB,ST,APB,RBBB
ecg04288	AFIB,LVH
ecg04289	TWC,SR
ecg04290	SR
ecg04291	SR
ecg04292	TWC,AFIB,RBBB
ecg04293	AVB,AF
ecg04294	SR
ecg04295	SR
ecg04296	SB
ecg04297	STTC,SB
ecg04298	AFIB,LVH
ecg04299	TWC,AFIB,LVH
ecg04300	SB
ecg04301	LVH,SB
ecg04302	LVH,SB
ecg04303	SR
ecg04304	LVH,SB
ecg04305	AFIB,LVQRSAL
ecg04306	TWC,SB
ecg04307	SR
ecg04308	APB,SB,LVH
ecg04309	IDC,SB
ecg04310	AFIB
ecg04311	SB
ecg04312	ST
ecg04313	SB
ecg04314	ST
ecg04315	SR
ecg04316	STTC,ST,PWC
ecg04317	STDD,AFIB,LVH,STTC,TWC
ecg04318	TWC,SR
ecg04319	RBBB,SB
ecg04320	AFIB
ecg04321	SB
ecg04322	TWC,AFIB
ecg04323	STTU,SB,TWC
ecg04324	ST
ecg04325	SR
ecg04326	SR
ecg04327	STTC,AFIB,LVH,VPB
ecg04328	STTC,SB
ecg04329	TWC,AFIB
ecg04330	SB
ecg04331	STTC,ST
ecg04332	LVH,SR
ecg04333	TWC,AFIB,IDC
ecg04334	SB
ecg04335	STTC,AFIB,LVH
ecg04336	STTC,AF
ecg04337	TWC,ST,VPB
ecg04338	AFIB
ecg04339	LAFB,SB
ecg04340	SB
ecg04341	STTC,SB
ecg04342	SB
ecg04343	SR
ecg04344	SB
ecg04345	SR
ecg04346	STTU,SB,LVH
ecg04347	SR
ecg04348	SR
ecg04349	SB
ecg04350	ST
ecg04351	STDD,ST,TWC
ecg04352	SB
ecg04353	SB
ecg04354	SR
ecg04355	SB
ecg04356	STTC,SB
ecg04357	TWC,AFIB
ecg04358	SB
ecg04359	LVH,ST
ecg04360	AFIB
ecg04361	ST
ecg04362	TWC,AFIB,CCR,IDC,VPB
ecg04363	SR
ecg04364	TWC,AFIB
ecg04365	SB
ecg04366	TWC,SR,APB
ecg04367	TWC,ST
ecg04368	SB
ecg04369	TWC,SB,LVH
ecg04370	TWC,SB,ALS,LVQRSAL
ecg04371	SB
ecg04372	AFIB
ecg04373	VPB,ST
ecg04374	SB
ecg04375	LAFB,SB,RBBB
ecg04376	QTIE,AFIB
ecg04377	SB
ecg04378	SR
ecg04379	SR
ecg04380	SR
ecg04381	IDC,AFIB
ecg04382	RBBB,SB
ecg04383	SB
ecg04384	SR
ecg04385	LVH,SB
ecg04386	AFIB
ecg04387	SB
ecg04388	SB
ecg04389	LAFB,AFIB
ecg04390	SR
ecg04391	ST,ARS,PWC
ecg04392	SB
ecg04393	AF
ecg04394	TWC,ST
ecg04395	TWC,SR,ALS
ecg04396	AFIB
ecg04397	ST
ecg04398	STTC,ST
ecg04399	SB
ecg04400	AFIB
ecg04401	SR
ecg04402	AFIB
ecg04403	ST,LVQRSAL
ecg04404	SB
ecg04405	SB
ecg04406	SR
ecg04407	SB,LVQRSAL
ecg04408	LAFB,AF
ecg04409	SB
ecg04410	SB
ecg04411	ST,ARS,CR
ecg04412	AFIB,LVH
ecg04413	RBBB,AFIB
ecg04414	RBBB,ST,APB
ecg04415	SB
ecg04416	SB
ecg04417	SB
ecg04418	LVH,SB
ecg04419	SR
ecg04420	STDD,AFIB,LVH,STTC,TWC,VPB
ecg04421	SR
ecg04422	AQW,SR,LVH
ecg04423	SB
ecg04424	TWC,ST,ALS,VPB
ecg04425	VPB,ST,VET
ecg04426	LVH,SB
ecg04427	ST
ecg04428	SR
ecg04429	TWC,AFIB,TWO
ecg04430	SB
ecg04431	LVH,SB
ecg04432	SB
ecg04433	AFIB
ecg04434	ST
ecg04435	STTU,SB,LVH
ecg04436	SB
ecg04437	AFIB
ecg04438	SR
ecg04439	LVH,SB
ecg04440	SB,LVQRSAL
ecg04441	IDC,SB
ecg04442	LVH,SB
ecg04443	SB
ecg04444	SB
ecg04445	AFIB,LVH
ecg04446	AQW,ST
ecg04447	APB,ST,LVH
ecg04448	TWC,SB
ecg04449	SB
ecg04450	AF
ecg04451	ST
ecg04452	STTU,SR
ecg04453	AF
ecg04454	SB
ecg04455	RBBB,AFIB
ecg04456	STDD,ST,LVH,STTC,TWC
ecg04457	ST
ecg04458	AFIB
ecg04459	SB
ecg04460	SR
ecg04461	STDD,ST,LVH,STTC,TWC
ecg04462	STDD,SB,PWC,TWC
ecg04463	ST,ARS,LVQRSAL,PWC
ecg04464	SB,ALS
ecg04465	TWC,AFIB
ecg04466	SB
ecg04467	SR
ecg04468	LVH,SB,ALS
ecg04469	ST
ecg04470	AVB,AF,CCR
ecg04471	STTC,SR
ecg04472	LVH,SB
ecg04473	SB
ecg04474	SR
ecg04475	APB,ST,PWC
ecg04476	SB
ecg04477	LVH,ST
ecg04478	SB
ecg04479	SR
ecg04480	LVH,SB
ecg04481	AF
ecg04482	VPB,SB
ecg04483	ST
ecg04484	SR
ecg04485	ST
ecg04486	SB
ecg04487	TWC,AFIB,ALS
ecg04488	SR
ecg04489	TWC,SB
ecg04490	SB,ALS
ecg04491	SB
ecg04492	SB
ecg04493	STDD,AFIB,STTC,TWC
ecg04494	ST
ecg04495	TWC,AFIB
ecg04496	SR
ecg04497	SB
ecg04498	ST
ecg04499	SR
ecg04500	SR
ecg04501	STTC,ST
ecg04502	SR
ecg04503	LVH,SB
ecg04504	TWC,ST,LVH
ecg04505	ST
ecg04506	LVH,SB
ecg04507	LVH,SB
ecg04508	SB
ecg04509	ST
ecg04510	SB
ecg04511	SB
ecg04512	SR
ecg04513	SB
ecg04514	STTC,AFIB,RBBB
ecg04515	ST,PWC
ecg04516	SB
ecg04517	STDD,SR,STTC,TWC
ecg04518	STTC,SR
ecg04519	SB
ecg04520	TWC,AFIB,ARS,VPB
ecg04521	SR
ecg04522	STTC,AFIB
ecg04523	SR
ecg04524	TWC,ST,2AVB1
ecg04525	TWC,AFIB
ecg04526	SR
ecg04527	SB
ecg04528	LAFB,AFIB,RBBB
ecg04529	TWC,SR
ecg04530	ST
ecg04531	AVB,AF
ecg04532	TWC,AFIB,LVH
ecg04533	AFIB,LVH
ecg04534	STTC,ST,LVH
ecg04535	SB
ecg04536	SR
ecg04537	SR
ecg04538	TWC,SB
ecg04539	SB
ecg04540	RBBB,AFIB
ecg04541	SR
ecg04542	ST
ecg04543	IDC,AFIB
ecg04544	AF
ecg04545	TWC,AFIB,VPB
ecg04546	SR
ecg04547	SR
ecg04548	SB
ecg04549	SB
ecg04550	SB,CCR
ecg04551	SB
ecg04552	PRIE,ST,LVH
ecg04553	SB
ecg04554	STTC,ST
ecg04555	AFIB,LVH
ecg04556	SR
ecg04557	SB
ecg04558	TWC,SB
ecg04559	TWC,ST,UW
ecg04560	STTC,ST
ecg04561	STTU,SB,QTIE,TWC
ecg04562	SR
ecg04563	SB
ecg04564	ST
ecg04565	SR
ecg04566	LVH,SB
ecg04567	AQW,AF,RBBB,STDD,STTC,TWO
ecg04568	SB,ALS
ecg04569	SB
ecg04570	TWC,SB
ecg04571	LVH,SB
ecg04572	ST
ecg04573	SB,LVQRSAL
ecg04574	SB
ecg04575	AVB,AF,RBBB
ecg04576	SB
ecg04577	SB
ecg04578	RBBB,AF,VPB
ecg04579	SR
ecg04580	SR
ecg04581	SB
ecg04582	TWC,AF
ecg04583	SR
ecg04584	SB
ecg04585	TWC,AFIB,LVH
ecg04586	AVB,ST,IDC
ecg04587	STTC,AFIB,LVH,RBBB
ecg04588	ST
ecg04589	TWC,SB
ecg04590	SB
ecg04591	SR
ecg04592	SB
ecg04593	ST
ecg04594	TWC,SB,LVH
ecg04595	TWC,SR
ecg04596	SB
ecg04597	AQW,AFIB,ALS,TWC
ecg04598	TWC,SB
ecg04599	TWC,AF,AVB,CCR
ecg04600	LVH,SB
ecg04601	SB
ecg04602	SR
ecg04603	SB
ecg04604	AQW,ST,TWC
ecg04605	1AVB,SB,ALS
ecg04606	SB
ecg04607	AF
ecg04608	SB
ecg04609	SB
ecg04610	TWC,ST
ecg04611	ST
ecg04612	1AVB,ST
ecg04613	TWC,SB,APB,PWC
ecg04614	SB
ecg04615	AFIB
ecg04616	LVH,SB
ecg04617	SB
ecg04618	SB
ecg04619	TWC,AF,AVB
ecg04620	SB,ARS
ecg04621	AQW,AFIB,STDD,STTC,STTU,TWC
ecg04622	LVH,SB
ecg04623	SR
ecg04624	AFIB,LVH
ecg04625	STTC,ST
ecg04626	TWC,SB
ecg04627	SR
ecg04628	SR
ecg04629	SR
ecg04630	SR
ecg04631	STDD,AFIB,LVH,STTC,TWC
ecg04632	LAFB,ST,APB
ecg04633	SB
ecg04634	SR
ecg04635	LVH,SB
ecg04636	SB
ecg04637	ST
ecg04638	STTC,SB
ecg04639	STDD,AFIB,ALS,LVQRSAL,STTC,STTU,VPB
ecg04640	AF,CR
ecg04641	STTC,ST,PWC
ecg04642	SR
ecg04643	SB
ecg04644	SB
ecg04645	SR
ecg04646	SR
ecg04647	ST,ARS,CR
ecg04648	TWC,AFIB
ecg04649	STTC,SB,LVH
ecg04650	SB
ecg04651	AFIB
ecg04652	RBBB,ST
ecg04653	STTC,ST,LVQRSAL
ecg04654	SR
ecg04655	AFIB,ARS
ecg04656	SB
ecg04657	SR
ecg04658	SB
ecg04659	STTC,SB,LVH
ecg04660	SB
ecg04661	SB
ecg04662	SB
ecg04663	AFIB
ecg04664	SB
ecg04665	SR
ecg04666	SR
ecg04667	SR
ecg04668	AFIB
ecg04669	SB
ecg04670	SB
ecg04671	SB
ecg04672	STTC,ST
ecg04673	LVH,SB
ecg04674	SB
ecg04675	TWC,AFIB
ecg04676	SB
ecg04677	APB,SB,LVH
ecg04678	SR
ecg04679	SR
ecg04680	SB
ecg04681	STTC,SB,LVH
ecg04682	STTC,ST
ecg04683	TWC,AFIB,CCR,LVQRSAL
ecg04684	AF
ecg04685	SB
ecg04686	TWC,AF,LVH
ecg04687	ST
ecg04688	AQW,SB,STTU
ecg04689	SB
ecg04690	STTC,SR
ecg04691	STTC,ST,VPB
ecg04692	AF
ecg04693	SB
ecg04694	ST
ecg04695	SR
ecg04696	TWC,ST
ecg04697	AFIB,ARS
ecg04698	ST,ALS,LVQRSAL
ecg04699	SB,LVQRSAL
ecg04700	1AVB,SB
ecg04701	VPB,ST,PWC
ecg04702	TWC,ST,QTIE
ecg04703	SB
ecg04704	STTC,ST,LVH
ecg04705	SB
ecg04706	SB
ecg04707	SB
ecg04708	LAFB,SB,LVH
ecg04709	SB
ecg04710	SB
ecg04711	1AVB,SB,APB
ecg04712	STTC,SB,LVH
ecg04713	SR
ecg04714	SR
ecg04715	STTC,ST
ecg04716	AVB,AF
ecg04717	SB
ecg04718	1AVB,SB
ecg04719	TWC,AFIB
ecg04720	ST
ecg04721	STTC,ST,LVH
ecg04722	SR
ecg04723	SB
ecg04724	SB
ecg04725	AQW,AFIB,LAFB,STTC,VPB
ecg04726	SB
ecg04727	SB
ecg04728	AVB,AF
ecg04729	TWC,AF,AVB,LVH
ecg04730	SR
ecg04731	TWC,ST,APB
ecg04732	TWC,AFIB
ecg04733	SR
ecg04734	ST
ecg04735	SB
ecg04736	ST
ecg04737	STTU,SB,CCR
ecg04738	SB
ecg04739	STDD,AFIB,STTU
ecg04740	RBBB,AFIB,VPB
ecg04741	1AVB,SB
ecg04742	SB
ecg04743	SR
ecg04744	STTC,SB,LVH
ecg04745	ST,ALS
ecg04746	SB
ecg04747	TWC,SR
ecg04748	LVH,SB
ecg04749	STTC,SR,RBBB
ecg04750	RBBB,ST
ecg04751	LVH,SB
ecg04752	STDD,AFIB,CCR,TWC
ecg04753	2AVB,SB,ALS
ecg04754	AFIB
ecg04755	ST
ecg04756	RBBB,AFIB
ecg04757	SR
ecg04758	AQW,AF,ALS
ecg04759	SB,CCR
ecg04760	SB
ecg04761	TWC,ST
ecg04762	ST
ecg04763	STTC,AFIB
ecg04764	SB
ecg04765	STTC,AF
ecg04766	SR
ecg04767	SR
ecg04768	SR
ecg04769	TWC,SB
ecg04770	SR
ecg04771	AVB,AF,LVH
ecg04772	AQW,SB,TWC
ecg04773	SB
ecg04774	SB
ecg04775	AQW,ST,STTC
ecg04776	APB,ST
ecg04777	TWC,AFIB
ecg04778	STTC,SB,ALS
ecg04779	SB
ecg04780	ST,LVQRSAL
ecg04781	SB
ecg04782	TWC,AFIB,LAFB,VPB
ecg04783	TWC,SB,LVH
ecg04784	STDD,AFIB,IDC,STTC,TWO
ecg04785	MI,SB,MI_LAT,TWC
ecg04786	ST
ecg04787	TWC,SR
ecg04788	LVH,SB
ecg04789	SB
ecg04790	SB
ecg04791	TWC,SB,ARS
ecg04792	RBBB,AFIB
ecg04793	SB
ecg04794	AFIB
ecg04795	ST
ecg04796	STTC,ST,APB
ecg04797	SB
ecg04798	SB,ALS
ecg04799	SR
ecg04800	TWC,ST
ecg04801	SR
ecg04802	RBBB,SB
ecg04803	SB
ecg04804	STTC,AFIB
ecg04805	AFIB
ecg04806	STTC,ST
ecg04807	TWC,ST
ecg04808	STTC,AFIB
ecg04809	STTC,AFIB,LVH
ecg04810	SB
ecg04811	LVH,SB
ecg04812	SR,CCR
ecg04813	SB
ecg04814	SB
ecg04815	TWC,AFIB,ARS
ecg04816	SR
ecg04817	STTC,AFIB,CCR,LVH
ecg04818	TWC,SB,APB
ecg04819	STDD,SR,RBBB,STTC,TWC
ecg04820	SR
ecg04821	TWC,AF,AVB
ecg04822	STTC,SB,STTU
ecg04823	STDD,AFIB,RBBB,STTC
ecg04824	STTC,SR
ecg04825	LVH,SB
ecg04826	ST
ecg04827	LVH,SB
ecg04828	SB
ecg04829	SR
ecg04830	AFIB
ecg04831	TWC,AFIB,ALS
ecg04832	TWC,ST
ecg04833	TWC,SR
ecg04834	SB
ecg04835	APB,SB
ecg04836	TWC,SR
ecg04837	SB
ecg04838	VPB,SR,LVH
ecg04839	SB
ecg04840	TWC,SB
ecg04841	STDD,SB,STTC,TWO
ecg04842	TWC,AFIB,LVH
ecg04843	RBBB,SB
ecg04844	TWC,SR
ecg04845	STDD,AFIB,STTC,TWC
ecg04846	ST
ecg04847	ST
ecg04848	SB
ecg04849	RBBB,ST
ecg04850	SR
ecg04851	ST
ecg04852	SR
ecg04853	SB
ecg04854	RBBB,AF
ecg04855	SB
ecg04856	SR
ecg04857	STTC,SB
ecg04858	SR
ecg04859	STTC,ST
ecg04860	ST
ecg04861	SB
ecg04862	SB,LVQRSAL
ecg04863	SB
ecg04864	STTC,ST
ecg04865	ST
ecg04866	STTC,AFIB,LVH
ecg04867	ST
ecg04868	TWC,AFIB
ecg04869	SB
ecg04870	TWC,AFIB,LVH
ecg04871	QTIE,SR
ecg04872	LVH,SB
ecg04873	ST
ecg04874	TWC,ST
ecg04875	SB
ecg04876	SB
ecg04877	SR
ecg04878	STTU,SB,LVH
ecg04879	SR
ecg04880	AFIB
ecg04881	SB
ecg04882	STTC,AFIB,LVH
ecg04883	SR
ecg04884	SR,LVQRSAL
ecg04885	STTC,SR
ecg04886	SB
ecg04887	TWC,ST,RBBB
ecg04888	SB
ecg04889	ST
ecg04890	SR
ecg04891	SB
ecg04892	LVH,ST
ecg04893	ST
ecg04894	STTC,SB
ecg04895	SB
ecg04896	STDD,SB,TWC
ecg04897	SR
ecg04898	SB,ALS
ecg04899	TWC,AFIB,LVH
ecg04900	STDD,AFIB,STTC,TWO
ecg04901	1AVB,SR
ecg04902	STTC,ST
ecg04903	AQW,SR,ALS,LVQRSAL,TWC
ecg04904	IDC,AFIB,ALS,LVH
ecg04905	TWC,AF,AVB,LVH
ecg04906	SB
ecg04907	SR
ecg04908	STTC,AFIB,IDC,LVH
ecg04909	TWC,ST
ecg04910	LVH,ST
ecg04911	SR
ecg04912	STTC,ST
ecg04913	AQW,SB,1AVB,LVQRSAL,RBBB,STDD,STTC,TWC
ecg04914	SR
ecg04915	SR
ecg04916	TWC,AFIB,IDC,VPB
ecg04917	SR
ecg04918	SR
ecg04919	LVH,SB
ecg04920	SR,CCR
ecg04921	SR
ecg04922	STDD,ST,STTC,TWC
ecg04923	ST
ecg04924	SB
ecg04925	RBBB,SB,LVQRSAL
ecg04926	SR
ecg04927	STTC,ST,APB,LVH
ecg04928	SB
ecg04929	SR
ecg04930	QTIE,ST
ecg04931	STTC,AFIB,LAFB,TWC,VPB
ecg04932	SB
ecg04933	TWC,AFIB,VPB
ecg04934	ST,ALS,CR
ecg04935	SR
ecg04936	SB
ecg04937	TWC,AFIB
ecg04938	SB,ALS
ecg04939	AFIB,ALS
ecg04940	TWC,AF,AVB
ecg04941	AFIB
ecg04942	TWC,SB
ecg04943	TWC,SB
ecg04944	SB
ecg04945	STDD,AFIB,LVH,STTC,TWC
ecg04946	LAFB,AFIB
ecg04947	SB
ecg04948	STTC,SB,LVH
ecg04949	SB
ecg04950	SB
ecg04951	LVH,SB
ecg04952	SB
ecg04953	AVB,AF,RBBB
ecg04954	TWC,AF
ecg04955	AF
ecg04956	ST
ecg04957	SR
ecg04958	ST
ecg04959	SR
ecg04960	RBBB,SB
ecg04961	SR
ecg04962	LAFB,AF,LVH
ecg04963	SR
ecg04964	ST
ecg04965	SR
ecg04966	SB
ecg04967	STDD,AFIB,LVH,STTC,TWO
ecg04968	LAFB,AFIB
ecg04969	SB
ecg04970	SR
ecg04971	STDD,ST,LVH,RBBB,STTC,TWC
ecg04972	SR
ecg04973	STTC,AFIB,LVH
ecg04974	LVH,SB
ecg04975	SB
ecg04976	SB
ecg04977	STDD,ST,1AVB,ALS,APB,STTC
ecg04978	SB
ecg04979	SB
ecg04980	SR
ecg04981	TWC,SB
ecg04982	AQW,ST,LAFB,LVQRSAL
ecg04983	TWC,SR
ecg04984	STDD,AFIB,STTC,TWO
ecg04985	STDD,AF,TWC
ecg04986	SB
ecg04987	SB
ecg04988	ST
ecg04989	TWC,SB
ecg04990	SR
ecg04991	SB
ecg04992	TWC,AF,AVB
ecg04993	SB
ecg04994	AFIB,LVH,VPB
ecg04995	TWC,AFIB,RBBB
ecg04996	SB
ecg04997	SB,PWC
ecg04998	LVH,SR
ecg04999	TWC,SB
ecg05000	LAFB,SB,RBBB
ecg05001	SB
ecg05002	SR
ecg05003	1AVB,SB,ALS
ecg05004	SB
ecg05005	SR
ecg05006	AQW,SR,1AVB,LVH,STTC
ecg05007	ST
ecg05008	AQW,SB,1AVB,TWC
ecg05009	SB
ecg05010	STDD,AFIB,TWC
ecg05011	SR
ecg05012	SR
ecg05013	STTC,AFIB,RBBB,VPB
ecg05014	TWC,SB
ecg05015	SB
ecg05016	TWC,SB
ecg05017	SB
ecg05018	TWC,SR
ecg05019	SR
ecg05020	VPB,ST
ecg05021	RBBB,AFIB
ecg05022	1AVB,ST
ecg05023	AFIB
ecg05024	TWC,SB
ecg05025	RBBB,AF
ecg05026	TWC,AFIB
ecg05027	TWC,ST
ecg05028	SR
ecg05029	SB
ecg05030	STTC,AFIB,LVQRSAL
ecg05031	SB
ecg05032	ST
ecg05033	AF
ecg05034	1AVB,ST
ecg05035	AFIB
ecg05036	STTC,AFIB,RBBB
ecg05037	LVH,SB
ecg05038	RBBB,SB
ecg05039	RBBB,ST
ecg05040	AVB,AF
ecg05041	SB
ecg05042	ST
ecg05043	TWC,ST,ALS
ecg05044	SB
ecg05045	SB,LVQRSAL
ecg05046	TWC,SR,VPB
ecg05047	ST
ecg05048	TWC,SB,LVH
ecg05049	STTC,SB,LVH,TWC
ecg05050	SB
ecg05051	TWC,SB,LVQRSAL,TWO
ecg05052	SR
ecg05053	SB
ecg05054	AFIB,ALS
ecg05055	SB
ecg05056	SB
ecg05057	RBBB,AFIB,ALS
ecg05058	SR
ecg05059	ST
ecg05060	STTC,SR
ecg05061	SB
ecg05062	LAFB,AFIB
ecg05063	TWC,SR
ecg05064	SB
ecg05065	TWC,ST
ecg05066	SR
ecg05067	SR
ecg05068	TWC,AFIB,LVH
ecg05069	SB
ecg05070	SR
ecg05071	SB
ecg05072	RBBB,AFIB
ecg05073	SB
ecg05074	SR
ecg05075	AFIB
ecg05076	TWC,AFIB,LVH
ecg05077	SR
ecg05078	AFIB,VPB
ecg05079	AQW,AFIB,LVQRSAL,STTU,TWC,TWO
ecg05080	SB
ecg05081	ST
ecg05082	AQW,SB,LVH
ecg05083	ST
ecg05084	ST
ecg05085	SR
ecg05086	AQW,SB,LVQRSAL,RBBB
ecg05087	AQW,SB,1AVB,LVH,STDD,STTC,TWC
ecg05088	AFIB
ecg05089	SR
ecg05090	SB
ecg05091	TWC,SB
ecg05092	TWC,SR
ecg05093	AF
ecg05094	SB
ecg05095	SR
ecg05096	SR
ecg05097	AFIB
ecg05098	STTC,AFIB
ecg05099	ST
ecg05100	RBBB,SB,LVH
ecg05101	SB
ecg05102	TWC,AFIB
ecg05103	AF,LVH
ecg05104	STTC,AFIB,IDC
ecg05105	RBBB,SR
ecg05106	ST
ecg05107	AQW,AFIB,ALS,TWC,VPB
ecg05108	SB
ecg05109	SR
ecg05110	TWC,AFIB,LVH
ecg05111	SR
ecg05112	AFIB
ecg05113	STTC,AFIB
ecg05114	SB
ecg05115	IDC,SB
ecg05116	SB
ecg05117	TWC,AFIB,LVH
ecg05118	STTU,SB
ecg05119	SB
ecg05120	RBBB,SB
ecg05121	STTC,AFIB,RBBB
ecg05122	AQW,AF,ALS,STTU,TWC
ecg05123	AQW,SR,LVQRSAL
ecg05124	SR
ecg05125	LAFB,AFIB
ecg05126	SR
ecg05127	1AVB,SB
ecg05128	TWC,SB
ecg05129	AQW,ST,APB,STDD,STTC,STTU,TWO
ecg05130	SR
ecg05131	SR
ecg05132	STTC,AFIB,LVH
ecg05133	SB
ecg05134	STDD,AFIB,LVH,RBBB,STTC,TWC
ecg05135	STDD,AFIB,LVH,STTC,TWC
ecg05136	AF
ecg05137	STTC,ST
ecg05138	AVB,AF
ecg05139	APB,SB
ecg05140	STTC,ST,VPB
ecg05141	SB
ecg05142	SR
ecg05143	SR
ecg05144	TWO,AF,ALS,AVB
ecg05145	LVH,SB
ecg05146	ST
ecg05147	SB
ecg05148	SR
ecg05149	TWC,AFIB
ecg05150	SB
ecg05151	APB,ST
ecg05152	STTC,SR,LVH
ecg05153	STTC,AFIB
ecg05154	SB
ecg05155	AFIB,LVH
ecg05156	TWC,ST
ecg05157	SB
ecg05158	AF
ecg05159	SB
ecg05160	STTC,AF
ecg05161	TWC,SR
ecg05162	ST
ecg05163	SB
ecg05164	STTU,SR
ecg05165	STTC,ST
ecg05166	ST
ecg05167	STTC,AF,LAFB
ecg05168	SB
ecg05169	TWC,AFIB,IDC
ecg05170	APB,SB,LVH
ecg05171	AVB,AF,ARS,RBBB
ecg05172	AFIB
ecg05173	STTC,AFIB,LVH
ecg05174	RBBB,AFIB
ecg05175	TWC,AF
ecg05176	SR
ecg05177	AQW,ST,STTC
ecg05178	STTC,ST
ecg05179	SB
ecg05180	STTC,SB
ecg05181	AQW,AFIB,IDC,TWC
ecg05182	SR
ecg05183	TWC,AFIB
ecg05184	IDC,AFIB
ecg05185	AFIB
ecg05186	SB
ecg05187	STTC,ST,1AVB,ALS
ecg05188	SR
ecg05189	TWC,ST,APB
ecg05190	SR
ecg05191	LVH,ST
ecg05192	IDC,AF
ecg05193	TWC,SR
ecg05194	TWC,AFIB,IDC
ecg05195	STDD,AFIB,ARS,LAFB,LVQRSAL,STTC,TWO
ecg05196	LVH,SB
ecg05197	SR
ecg05198	SR
ecg05199	TWC,ST
ecg05200	SR
ecg05201	SB
ecg05202	SB
ecg05203	SR
ecg05204	SB
ecg05205	TWC,AFIB,ARS,RBBB,VPB
ecg05206	STTC,ST
ecg05207	AFIB
ecg05208	SB
ecg05209	TWC,SB,QTIE
ecg05210	STTC,AFIB
ecg05211	TWC,AFIB,IDC,VPB
ecg05212	SB
ecg05213	SB
ecg05214	PRIE,SB,ALS
ecg05215	APB,SB
ecg05216	SB,CR
ecg05217	AFIB
ecg05218	AF
ecg05219	ST
ecg05220	AVB,AF
ecg05221	AFIB
ecg05222	SR
ecg05223	SR
ecg05224	AFIB
ecg05225	TWC,AFIB,FQRS
ecg05226	STDD,ST,LVH,STTC,TWC
ecg05227	TWC,SR,VPB
ecg05228	AQW,SB,LVQRSAL,TWC
ecg05229	SB
ecg05230	STDD,ST,STTC,TWC
ecg05231	LVH,SB
ecg05232	TWC,AFIB
ecg05233	1AVB,SB
ecg05234	ST
ecg05235	ST,LVQRSAL
ecg05236	LVH,SB
ecg05237	AQW,ST,APB
ecg05238	SB,ALS
ecg05239	TWC,AFIB,LVH
ecg05240	ERV,SR
ecg05241	APB,ST
ecg05242	LVH,SB
ecg05243	TWC,ST
ecg05244	STTC,AFIB,VPB
ecg05245	SR
ecg05246	SB
ecg05247	SB
ecg05248	TWC,SB,CCR,TWO
ecg05249	AFIB
ecg05250	RBBB,AFIB
ecg05251	LVH,SB
ecg05252	SB
ecg05253	AFIB,LVH
ecg05254	SB,ARS
ecg05255	SB
ecg05256	SR
ecg05257	TWC,SB
ecg05258	ST
ecg05259	TWC,SB,LVH,VPB
ecg05260	TWC,AFIB
ecg05261	SR
ecg05262	SR
ecg05263	STTC,SB
ecg05264	SR
ecg05265	AQW,SB,TWC
ecg05266	ST
ecg05267	SB
ecg05268	PRIE,ST
ecg05269	QTIE,AFIB
ecg05270	TWC,AFIB,IDC
ecg05271	ST
ecg05272	VET,SB
ecg05273	ST
ecg05274	AFIB
ecg05275	ST
ecg05276	LVH,SB
ecg05277	ST,LVQRSAL
ecg05278	SB
ecg05279	SB
ecg05280	QTIE,AF,ARS,AVB,RBBB
ecg05281	AFIB
ecg05282	SR
ecg05283	STDD,ST,CCR,STTC
ecg05284	STTC,SR,LVH,LVQRSAL
ecg05285	SB
ecg05286	SR
ecg05287	TWC,LVQRSAL,SR
ecg05288	ST
ecg05289	LVH,SB
ecg05290	LAFB,SB,JEB,LVH,VPB
ecg05291	AFIB,LVH
ecg05292	AQW,SB,LVH
ecg05293	TWC,AFIB
ecg05294	SR
ecg05295	ST
ecg05296	TWC,ST,LVH,VPB
ecg05297	SB
ecg05298	STDD,AFIB,LVH,TWC,VPB
ecg05299	RBBB,SB
ecg05300	TWC,SB
ecg05301	SB
ecg05302	SB
ecg05303	SR
ecg05304	SR
ecg05305	SR
ecg05306	IDC,AFIB
ecg05307	AF
ecg05308	STDD,SB,LVH,STTC,TWC
ecg05309	ST
ecg05310	AF
ecg05311	TWC,ST
ecg05312	TWC,SB,QTIE
ecg05313	AQW,ST,LVH,STDD,STTC,TWC
ecg05314	STDD,AFIB,TWC
ecg05315	SR
ecg05316	SB,LVQRSAL
ecg05317	SB
ecg05318	ST
ecg05319	TWC,SR
ecg05320	AFIB
ecg05321	SB
ecg05322	AQW,AF,ARS,TWC
ecg05323	ST
ecg05324	TWC,SB
ecg05325	SB
ecg05326	AQW,SB,APB,LVQRSAL
ecg05327	APB,SB,ALS
ecg05328	STTC,AFIB,LVH
ecg05329	SR
ecg05330	TWC,AFIB,VPB
ecg05331	SR
ecg05332	SB
ecg05333	LVH,SB
ecg05334	TWC,SB,LVH
ecg05335	AFIB,LVH
ecg05336	SR
ecg05337	TWC,SB,LVH
ecg05338	SB
ecg05339	RBBB,AFIB,ALS,CR
ecg05340	SB
ecg05341	SB
ecg05342	ST
ecg05343	SR
ecg05344	SB
ecg05345	AFIB
ecg05346	SB,CCR
ecg05347	TWC,SB,ALS
ecg05348	SR
ecg05349	SB,ALS
ecg05350	AFIB,LVH
ecg05351	TWC,AFIB
ecg05352	SB
ecg05353	STTC,AFIB
ecg05354	SB
ecg05355	AFIB,LVH
ecg05356	STDD,AFIB,STTC,TWC
ecg05357	STDD,SB,TWC
ecg05358	AQW,SB,TWC
ecg05359	ST
ecg05360	APB,SB
ecg05361	TWC,AF,AVB
ecg05362	SB
ecg05363	TWC,AFIB,TWO
ecg05364	SB
ecg05365	LVH,SB
ecg05366	AQW,ST,APB,JEB,TWC
ecg05367	SR
ecg05368	AFIB,LVH
ecg05369	TWC,AFIB,LVH,VET
ecg05370	STTU,ST,APB
ecg05371	ST,ARS
ecg05372	STTC,ST,LVH
ecg05373	SB
ecg05374	TWC,SR
ecg05375	AQW,SB,TWC
ecg05376	IDC,AFIB,ALS
ecg05377	SB
ecg05378	SB
ecg05379	SR
ecg05380	SR
ecg05381	RBBB,SB,ALS
ecg05382	SB
ecg05383	SB
ecg05384	SB
ecg05385	SR
ecg05386	TWC,SR,QTIE
ecg05387	SR
ecg05388	SR
ecg05389	SB
ecg05390	SB
ecg05391	SR
ecg05392	STDD,AFIB,ALS,LVH,STTC,TWO
ecg05393	SR
ecg05394	TWC,AFIB
ecg05395	SB
ecg05396	SR
ecg05397	SB
ecg05398	STTU,ST,LVH,PWC,TWC
ecg05399	SR
ecg05400	SB
ecg05401	AQW,AFIB,STDD,STTC,TWC,VPB
ecg05402	LVH,SB
ecg05403	SR
ecg05404	MI,AFIB,IDC,MI_LAT,STDD,STTU,TWC,VPB
ecg05405	LVH,SB
ecg05406	SB
ecg05407	TWC,AFIB
ecg05408	SR
ecg05409	TWC,SB,PRIE
ecg05410	SB
ecg05411	TWC,AFIB
ecg05412	STTC,SR,LVH
ecg05413	SB
ecg05414	SB
ecg05415	SB
ecg05416	SR
ecg05417	SR
ecg05418	LAFB,AF
ecg05419	STTC,AFIB
ecg05420	LVH,SB
ecg05421	LVH,SB
ecg05422	SR
ecg05423	TWC,SB
ecg05424	AFIB
ecg05425	ST
ecg05426	STDD,AFIB,STTC,TWC
ecg05427	ST
ecg05428	STTC,SR,1AVB,APB,LVH
ecg05429	TWC,SB,LVH
ecg05430	LVH,SB
ecg05431	SR
ecg05432	AQW,SB,TWC,TWO
ecg05433	ST
ecg05434	TWC,AF,LAFB
ecg05435	TWC,SB
ecg05436	LVH,ST
ecg05437	SB
ecg05438	STTC,AFIB,LVH
ecg05439	LVH,SB
ecg05440	STTC,ST,LAFB
ecg05441	ST
ecg05442	LVH,SB
ecg05443	SB
ecg05444	SB
ecg05445	SB
ecg05446	SR
ecg05447	LVH,SB
ecg05448	SB
ecg05449	TWC,ST
ecg05450	SB
ecg05451	VPB,SB
ecg05452	TWC,SB
ecg05453	SB,ALS
ecg05454	TWC,ST
ecg05455	SR
ecg05456	LVH,ST
ecg05457	SB
ecg05458	ST
ecg05459	ST
ecg05460	SB
ecg05461	SR
ecg05462	TWC,SB,LVH
ecg05463	TWC,AFIB,RBBB,VPB
ecg05464	LVH,SB
ecg05465	SB
ecg05466	ST
ecg05467	STTU,SR,CCR
ecg05468	AQW,AFIB,IDC,LAFB,STTC
ecg05469	TWC,AFIB
ecg05470	STDD,AFIB,STTC,TWO
ecg05471	TWC,SB
ecg05472	AFIB
ecg05473	1AVB,ST
ecg05474	SR
ecg05475	STTC,ST
ecg05476	SB
ecg05477	SB
ecg05478	SB
ecg05479	SR
ecg05480	TWC,ST
ecg05481	SR
ecg05482	TWC,ST,RBBB
ecg05483	SB
ecg05484	SB
ecg05485	ST
ecg05486	SB
ecg05487	LVH,SR
ecg05488	STTC,AFIB
ecg05489	SR
ecg05490	SR
ecg05491	LVH,SB
ecg05492	TWC,AFIB
ecg05493	STTC,ST
ecg05494	SR
ecg05495	SB
ecg05496	SR
ecg05497	SR
ecg05498	ST,PWC
ecg05499	TWC,SB,ALS
ecg05500	AFIB
ecg05501	STTC,AFIB
ecg05502	ST
ecg05503	TWC,SB
ecg05504	IDC,AFIB
ecg05505	STTC,ST,APB,LVH
ecg05506	SB
ecg05507	SB
ecg05508	SB
ecg05509	AFIB
ecg05510	LAFB,AFIB
ecg05511	ST,LVQRSAL,PWC
ecg05512	ST
ecg05513	TWC,AFIB,RBBB
ecg05514	RBBB,AFIB,LVH
ecg05515	SB
ecg05516	STTU,SB
ecg05517	SB
ecg05518	TWC,SB
ecg05519	SR
ecg05520	AFIB
ecg05521	RBBB,SB
ecg05522	LVH,SB
ecg05523	STDD,AFIB,RBBB,STTC,VPB
ecg05524	SB
ecg05525	STTC,SR,VPB
ecg05526	ST,ALS
ecg05527	SR
ecg05528	STDD,AFIB,STTC,TWC
ecg05529	LVH,SB
ecg05530	SB
ecg05531	SR
ecg05532	TWC,AFIB,LVH,RBBB
ecg05533	SR
ecg05534	TWC,ST
ecg05535	SB
ecg05536	QTIE,SB,LVH
ecg05537	SB
ecg05538	ST
ecg05539	AVB,AF
ecg05540	SR
ecg05541	STDD,AFIB,STTC,TWO
ecg05542	STDD,ST,STTC,TWO
ecg05543	TWC,SB,LVH,QTIE
ecg05544	AF
ecg05545	SR
ecg05546	AQW,SB,1AVB,LVH
ecg05547	SB
ecg05548	LVH,SR
ecg05549	AVB,AF,CCR
ecg05550	SR
ecg05551	ST
ecg05552	SB
ecg05553	SR
ecg05554	STTC,AFIB,LVH
ecg05555	TWC,AFIB,IDC
ecg05556	AFIB
ecg05557	AFIB,LVH
ecg05558	LVH,SB
ecg05559	IDC,SB
ecg05560	LVH,SB
ecg05561	LVH,SB
ecg05562	TWC,AFIB,LVH
ecg05563	AFIB,ARS,LVQRSAL
ecg05564	STTC,SR
ecg05565	STTC,SB
ecg05566	SB
ecg05567	SR
ecg05568	SR
ecg05569	SB
ecg05570	SB
ecg05571	ST
ecg05572	STTC,AFIB,LVH
ecg05573	SR
ecg05574	TWC,SB
ecg05575	SR
ecg05576	AFIB,LVH
ecg05577	SB
ecg05578	SR
ecg05579	IDC,AFIB,LVH
ecg05580	STTC,SB,LVH
ecg05581	SB
ecg05582	SR
ecg05583	IDC,SB,VPB
ecg05584	TWC,AFIB,LVH,VPB
ecg05585	SB
ecg05586	LAFB,AFIB
ecg05587	TWC,ST,ALS,CR
ecg05588	SB
ecg05589	STTC,AFIB,IDC,LVH
ecg05590	SR
ecg05591	ST
ecg05592	TWC,SB,LVH
ecg05593	SR
ecg05594	SB
ecg05595	STTC,SB
ecg05596	AQW,AFIB,TWC
ecg05597	APB,SB
ecg05598	STDD,AFIB,IDC,LVH,STTC
ecg05599	AQW,AFIB,LVH,STTC,VPB
ecg05600	ST
ecg05601	TWC,AFIB,VPB
ecg05602	1AVB,SB
ecg05603	SB
ecg05604	SB
ecg05605	TWC,SB
ecg05606	SB
ecg05607	SR
ecg05608	AFIB
ecg05609	SB
ecg05610	SR
ecg05611	ST
ecg05612	ST
ecg05613	ST
ecg05614	TWC,SB,LVH
ecg05615	SB
ecg05616	TWC,ST,ALS,PWC
ecg05617	APB,SB
ecg05618	STTC,ST
ecg05619	ST,PWC
ecg05620	STTU,ST
ecg05621	SB
ecg05622	TWC,AFIB
ecg05623	UW,AF,VEB
ecg05624	SR
ecg05625	SB,PWC
ecg05626	SB
ecg05627	TWC,SB,CR,LAFB
ecg05628	TWC,SB,LVH
ecg05629	SB
ecg05630	TWC,SB,APB
ecg05631	STTC,ST,APB
ecg05632	STTU,SB
ecg05633	ST,ARS
ecg05634	STDD,AFIB,LVQRSAL,STTC,TWC
ecg05635	TWC,SB,ARS,CCR
ecg05636	SB
ecg05637	SB
ecg05638	SB
ecg05639	SB
ecg05640	LVH,SB
ecg05641	AQW,ST,ALS,LVQRSAL,TWC,TWO
ecg05642	STTC,ST
ecg05643	SB
ecg05644	SB
ecg05645	SR
ecg05646	TWC,ST,1AVB,ALS,CR
ecg05647	AFIB
ecg05648	AVB,AF
ecg05649	SB
ecg05650	STDD,SB,LVH,PWC,QTIE,TWC
ecg05651	LVH,ST
ecg05652	AFIB
ecg05653	SB
ecg05654	SB
ecg05655	SR
ecg05656	SB
ecg05657	ST,PWC
ecg05658	STTC,AFIB
ecg05659	SR
ecg05660	STTC,SR
ecg05661	SR
ecg05662	RBBB,SR
ecg05663	ST
ecg05664	ST
ecg05665	SR
ecg05666	STTU,SR,LVH
ecg05667	SB
ecg05668	TWC,AFIB
ecg05669	SB
ecg05670	AVB,AF
ecg05671	TWC,SB,CCR,LVH
ecg05672	TWC,SB,TWO
ecg05673	TWC,AF
ecg05674	SR
ecg05675	STTC,AF
ecg05676	TWC,SB,1AVB,QTIE
ecg05677	TWC,AFIB
ecg05678	SB
ecg05679	SB
ecg05680	TWC,SB
ecg05681	AFIB
ecg05682	AQW,ST,APB,RBBB,TWC
ecg05683	ST
ecg05684	SR
ecg05685	1AVB,ST
ecg05686	SR
ecg05687	SR
ecg05688	SR
ecg05689	AFIB
ecg05690	SB
ecg05691	TWC,AFIB,ARS
ecg05692	SB
ecg05693	TWC,AFIB,CR
ecg05694	TWC,SB,LVH
ecg05695	TWC,AFIB
ecg05696	ST,ARS
ecg05697	AFIB,LVH
ecg05698	ST,LVQRSAL
ecg05699	SB
ecg05700	APB,ST
ecg05701	TWC,SR
ecg05702	SB
ecg05703	TWC,AFIB,RBBB
ecg05704	LVH,SB
ecg05705	SB
ecg05706	ST
ecg05707	SB
ecg05708	RBBB,SB,VPB
ecg05709	SB
ecg05710	SB
ecg05711	AVB,AF
ecg05712	TWC,SB
ecg05713	SB
ecg05714	ST
ecg05715	SB
ecg05716	AQW,ST
ecg05717	TWC,SB,ALS,RBBB,TWO
ecg05718	SB
ecg05719	SR
ecg05720	SR
ecg05721	SR
ecg05722	SB
ecg05723	SB
ecg05724	SR
ecg05725	SB
ecg05726	STDD,SB,LVH,STTC,TWC
ecg05727	TWC,SR
ecg05728	TWC,AFIB
ecg05729	ST
ecg05730	1AVB,SB
ecg05731	1AVB,SB,CCR
ecg05732	SB
ecg05733	TWC,AFIB,IDC
ecg05734	TWC,ST,LVQRSAL
ecg05735	SB
ecg05736	LVH,SB
ecg05737	TWC,AFIB,LVH
ecg05738	RBBB,ST
ecg05739	SR
ecg05740	STTC,AFIB,LVH
ecg05741	SB
ecg05742	SB
ecg05743	TWC,ST,APB
ecg05744	ST
ecg05745	TWC,SR,VPB
ecg05746	AFIB
ecg05747	SB
ecg05748	SB
ecg05749	STDD,SR,LVH,STTC,TWC
ecg05750	SB
ecg05751	SB
ecg05752	SB
ecg05753	IDC,AFIB
ecg05754	STTC,SB
ecg05755	ST
ecg05756	SB
ecg05757	SR
ecg05758	AFIB,ALS
ecg05759	SB
ecg05760	SB
ecg05761	STTU,AFIB,TWC,TWO
ecg05762	ST,CR
ecg05763	ST
ecg05764	STDD,SB,LVH,STTC,TWC
ecg05765	TWC,AFIB
ecg05766	SR
ecg05767	ST
ecg05768	APB,ST,ALS,CR,VPB
ecg05769	SB
ecg05770	SR
ecg05771	SB
ecg05772	AFIB
ecg05773	AFIB,LVQRSAL
ecg05774	SR
ecg05775	SB
ecg05776	STTC,SB
ecg05777	SB
ecg05778	AQW,AFIB,TWC
ecg05779	AFIB
ecg05780	LVH,SB
ecg05781	STTC,AFIB,IDC,LVH
ecg05782	LVH,SB
ecg05783	SB
ecg05784	SB
ecg05785	AQW,AFIB,VPB
ecg05786	TWC,SB,ALS
ecg05787	ST
ecg05788	AFIB
ecg05789	ST
ecg05790	STTC,ST
ecg05791	SR
ecg05792	STTC,AFIB,IDC
ecg05793	IDC,AFIB,LVH
ecg05794	RBBB,AFIB,ALS,VPB
ecg05795	STTU,AFIB
ecg05796	ST
ecg05797	ST,ARS
ecg05798	SB
ecg05799	SB
ecg05800	TWC,SR,RBBB
ecg05801	STTC,ST,LVH,TWC
ecg05802	SB
ecg05803	STTU,ST
ecg05804	SB,ALS
ecg05805	STTC,AFIB
ecg05806	TWC,SR
ecg05807	TWC,SB
ecg05808	SR
ecg05809	LVH,SB
ecg05810	ST,CCR
ecg05811	AFIB
ecg05812	SB
ecg05813	TWC,SB
ecg05814	SB
ecg05815	SB
ecg05816	TWC,SR
ecg05817	TWC,SB,TWO
ecg05818	LVH,SB
ecg05819	SB
ecg05820	LVH,SB
ecg05821	SB
ecg05822	AFIB
ecg05823	STTC,AFIB
ecg05824	SR
ecg05825	ST,ALS
ecg05826	TWC,ST,1AVB
ecg05827	STTC,AFIB
ecg05828	AFIB
ecg05829	SR
ecg05830	TWC,SB
ecg05831	ST
ecg05832	TWC,SB
ecg05833	STTC,ST,PWC
ecg05834	AFIB,LVQRSAL
ecg05835	SB
ecg05836	SR
ecg05837	SR
ecg05838	TWC,SB
ecg05839	SR
ecg05840	SR
ecg05841	STTU,SB,ALS
ecg05842	SB
ecg05843	STTC,AFIB,IDC
ecg05844	TWC,SR
ecg05845	LAFB,SR,RBBB
ecg05846	AFIB
ecg05847	SB
ecg05848	STTC,AF,ALS
ecg05849	STTC,ST
ecg05850	STTU,SB
ecg05851	1AVB,SB,ALS
ecg05852	SB
ecg05853	RBBB,AFIB,ARS
ecg05854	ST
ecg05855	TWC,AFIB,IDC
ecg05856	SB
ecg05857	AQW,SR,LVQRSAL
ecg05858	STTC,ST
ecg05859	ST
ecg05860	SB
ecg05861	AFIB
ecg05862	LVH,SB
ecg05863	STDD,AFIB,LVH,TWC
ecg05864	AQW,AFIB,MI,MI_LAT,RBBB,STDD,STTU
ecg05865	SB
ecg05866	SB
ecg05867	AF
ecg05868	AFIB
ecg05869	TWC,ST,1AVB,ARS,CR,TWO
ecg05870	AVB,AF,IDC
ecg05871	TWC,ST
ecg05872	TWC,SB
ecg05873	STTC,ST,APB
ecg05874	APB,SB
ecg05875	SB,CCR
ecg05876	STTC,AFIB,IDC,LAFB,LVH
ecg05877	LVH,SB
ecg05878	AFIB,LVH,VPB
ecg05879	LVH,ST
ecg05880	TWC,SR
ecg05881	TWC,AFIB
ecg05882	TWC,SB
ecg05883	WPW,SB,ALS
ecg05884	LVH,ST
ecg05885	IDC,AFIB,LVH,RBBB
ecg05886	STTC,AF
ecg05887	SB
ecg05888	TWC,ST,VPB
ecg05889	STDD,SR,LVH,STTC,TWC
ecg05890	TWC,AFIB,ALS
ecg05891	SR
ecg05892	STDD,AFIB
ecg05893	ST
ecg05894	AFIB,ARS
ecg05895	SB
ecg05896	TWC,AFIB
ecg05897	1AVB,ST
ecg05898	AFIB,LVH
ecg05899	SR,ALS
ecg05900	SR
ecg05901	SR
ecg05902	SR
ecg05903	SB
ecg05904	STDD,ST,1AVB,APB,STTC,STTU,TWC
ecg05905	SR
ecg05906	TWC,ST,APB
ecg05907	STTC,ST,LVQRSAL
ecg05908	TWC,ST
ecg05909	SR
ecg05910	SR,ALS
ecg05911	SB
ecg05912	2AVB,ST,RBBB
ecg05913	STTC,SR
ecg05914	SB
ecg05915	TWC,SB
ecg05916	RBBB,ST
ecg05917	SR
ecg05918	SR
ecg05919	STTU,ST
ecg05920	SB
ecg05921	AFIB
ecg05922	SR
ecg05923	SB
ecg05924	SB
ecg05925	TWC,SR,LVQRSAL
ecg05926	UW,SB
ecg05927	STTC,AFIB,LVH
ecg05928	AQW,AF
ecg05929	SR
ecg05930	SB
ecg05931	SR
ecg05932	MI,ST,MI_LAT,TWC
ecg05933	LVH,ST
ecg05934	SR
ecg05935	SB
ecg05936	SB,LVQRSAL
ecg05937	LVH,SB
ecg05938	ST,PWC
ecg05939	SB
ecg05940	SB
ecg05941	SB
ecg05942	TWC,SB
ecg05943	SR
ecg05944	SB
ecg05945	LVH,SB
ecg05946	LAFB,AF,RBBB
ecg05947	SB
ecg05948	TWC,AFIB,IDC
ecg05949	STDD,ST,STTC,TWC
ecg05950	LVH,SB
ecg05951	APB,SB
ecg05952	ST
ecg05953	ST,CCR
ecg05954	SB
ecg05955	LAFB,AF,LVH
ecg05956	AFIB
ecg05957	TWC,SB,CCR
ecg05958	STTC,SR,APB
ecg05959	STDD,SR,APB,STTC,TWC
ecg05960	SB
ecg05961	SR
ecg05962	SR
ecg05963	IDC,AFIB,ALS
ecg05964	STTC,ST
ecg05965	RBBB,SB
ecg05966	TWC,ST,PWC
ecg05967	LVH,SR
ecg05968	AFIB
ecg05969	VET,ST
ecg05970	SB
ecg05971	STDD,SB,RBBB,STTC,TWO
ecg05972	SB
ecg05973	LVH,ST,PWC
ecg05974	AFIB,ALS
ecg05975	IDC,AFIB
ecg05976	SB
ecg05977	ST
ecg05978	TWC,ST,VPB
ecg05979	TWC,ST,ARS
ecg05980	STTC,ST
ecg05981	LVH,SB
ecg05982	TWC,AFIB,LVQRSAL,VPB
ecg05983	STTC,SB
ecg05984	SB
ecg05985	SB
ecg05986	ST
ecg05987	AFIB
ecg05988	SB
ecg05989	SB
ecg05990	STTC,ST,CCR
ecg05991	1AVB,ST
ecg05992	SB
ecg05993	ST
ecg05994	SB
ecg05995	LVH,SB
ecg05996	ST
ecg05997	SB
ecg05998	TWC,AFIB,IDC
ecg05999	TWC,AF,AVB
ecg06000	LVH,SB
ecg06001	STTC,AFIB,LVH
ecg06002	ST
ecg06003	SB
ecg06004	STTC,SB
ecg06005	SB
ecg06006	STTC,SB,1AVB
ecg06007	AF
ecg06008	APB,SB,LVQRSAL
ecg06009	AFIB
ecg06010	LVH,SB
ecg06011	SR
ecg06012	SR
ecg06013	STTC,AFIB
ecg06014	SR
ecg06015	SB
ecg06016	SB
ecg06017	TWC,SB,LVH
ecg06018	SB
ecg06019	AFIB,ARS
ecg06020	TWC,SB
ecg06021	LAFB,SB
ecg06022	LAFB,AFIB
ecg06023	SB
ecg06024	AQW,AFIB,ALS,IDC,TWC
ecg06025	ST
ecg06026	SB
ecg06027	AQW,ST,LVH,TWC
ecg06028	STTC,SR
ecg06029	STDD,SR,STTC,TWO
ecg06030	APB,ST,PWC
ecg06031	AFIB
ecg06032	SR,LVQRSAL
ecg06033	TWC,AFIB
ecg06034	RBBB,ST
ecg06035	TWC,SB,LVH
ecg06036	SB
ecg06037	AFIB
ecg06038	SR
ecg06039	SB
ecg06040	STTC,AFIB,LVH
ecg06041	SB,CCR
ecg06042	AFIB,ALS
ecg06043	AFIB
ecg06044	TWC,SB
ecg06045	SB
ecg06046	ST,CCR
ecg06047	AFIB
ecg06048	LAFB,AFIB
ecg06049	ST
ecg06050	APB,LVQRSAL,ST
ecg06051	SR
ecg06052	STTC,ST
ecg06053	SB
ecg06054	AFIB,LVH
ecg06055	SB
ecg06056	ST
ecg06057	STTC,AF,AVB,LVH
ecg06058	TWC,SB,LVH
ecg06059	STDD,ST,STTC,STTU,TWC,VPB
ecg06060	AFIB,LVH,VPB
ecg06061	QTIE,SB
ecg06062	AQW,SB,1AVB,MI,MI_LAT,STDD,STTU,TWC
ecg06063	SB,CCR
ecg06064	ST
ecg06065	AFIB,LVH,VPB
ecg06066	LVH,SB,ALS
ecg06067	AFIB,CCR
ecg06068	SR,ALS
ecg06069	STTC,ST,VPB
ecg06070	SR
ecg06071	SR
ecg06072	LVH,SB
ecg06073	STTC,AFIB,VPB
ecg06074	AQW,AFIB,TWC
ecg06075	1AVB,SB
ecg06076	SB
ecg06077	SB
ecg06078	RBBB,SB
ecg06079	SB
ecg06080	SB
ecg06081	SR,CCR
ecg06082	AFIB
ecg06083	SB,ALS
ecg06084	QTIE,AFIB
ecg06085	RBBB,ST
ecg06086	TWC,SB
ecg06087	LVH,SB
ecg06088	TWC,SB
ecg06089	SR
ecg06090	TWC,AFIB
ecg06091	SB
ecg06092	TWC,SB,APB,LVH
ecg06093	TWC,AFIB
ecg06094	TWC,SB,APB
ecg06095	ST
ecg06096	SR
ecg06097	ST
ecg06098	TWC,SB,CCR
ecg06099	STTC,AF,AVB
ecg06100	SB
ecg06101	STTC,AFIB,VPB
ecg06102	TWC,SB
ecg06103	SB,LVQRSAL
ecg06104	SR
ecg06105	LAFB,ST
ecg06106	SR
ecg06107	TWC,AF,RBBB
ecg06108	SB
ecg06109	SR
ecg06110	TWC,SB,1AVB,LVH
ecg06111	AFIB
ecg06112	SR
ecg06113	STDD,ST,STTC,TWC
ecg06114	SR
ecg06115	TWC,SB
ecg06116	SB
ecg06117	SB
ecg06118	SB
ecg06119	LVH,SB
ecg06120	SB
ecg06121	SB
ecg06122	TWC,AFIB,LVH
ecg06123	STTC,ST,APB,PWC
ecg06124	AVB,AF,ALS,RBBB
ecg06125	STTU,ST,LVH
ecg06126	SB
ecg06127	STDD,ST,STTC,TWO,VPB
ecg06128	AF
ecg06129	ST,CCR
ecg06130	ST
ecg06131	APB,ST
ecg06132	STTC,ST
ecg06133	AFIB
ecg06134	AFIB
ecg06135	SR
ecg06136	SB
ecg06137	STTC,AFIB,IDC,LVH
ecg06138	AFIB
ecg06139	STTC,AFIB
ecg06140	SR
ecg06141	LAFB,SB,LVH
ecg06142	ST
ecg06143	AVB,AF,CR,LAFB,RBBB
ecg06144	ST
ecg06145	SB
ecg06146	LVH,SB
ecg06147	SB
ecg06148	APB,SB,ALS,LVQRSAL
ecg06149	AF
ecg06150	STTC,ST,ARS,RBBB
ecg06151	1AVB,SR,RBBB
ecg06152	STTC,ST,VPB
ecg06153	STTC,ST
ecg06154	SB
ecg06155	STTC,AFIB,LVH
ecg06156	ST
ecg06157	AQW,AFIB,ALS
ecg06158	AF
ecg06159	SB
ecg06160	SR
ecg06161	AFIB
ecg06162	SB
ecg06163	AFIB,VPB
ecg06164	TWC,AFIB
ecg06165	IDC,AF
ecg06166	TWC,SB
ecg06167	SR,LVQRSAL
ecg06168	AFIB
ecg06169	VPB,ST
ecg06170	SR
ecg06171	SB
ecg06172	SB,LVQRSAL
ecg06173	TWC,AF,LVH
ecg06174	ST
ecg06175	SB,ALS,CR
ecg06176	SR
ecg06177	TWC,SB,APB,TWO
ecg06178	SB
ecg06179	SB,CCR
ecg06180	SB
ecg06181	LVH,ST
ecg06182	STTC,AF,AVB
ecg06183	TWO,ST
ecg06184	LAFB,AFIB,ARS,CR
ecg06185	SB
ecg06186	SB
ecg06187	AFIB
ecg06188	TWC,AF
ecg06189	TWC,SB
ecg06190	TWC,AFIB
ecg06191	ST
ecg06192	LVH,SB
ecg06193	SB
ecg06194	SR
ecg06195	SB
ecg06196	ST
ecg06197	1AVB,SB
ecg06198	RBBB,SR
ecg06199	TWC,SB,ALS,RBBB
ecg06200	TWC,SB
ecg06201	SR
ecg06202	SB
ecg06203	AFIB
ecg06204	SB
ecg06205	ST
ecg06206	AFIB,LVH
ecg06207	SR
ecg06208	SB
ecg06209	STTC,SR,RBBB
ecg06210	SR
ecg06211	AFIB
ecg06212	PRIE,SB
ecg06213	STDD,AFIB,RBBB,STTC,TWC
ecg06214	ST
ecg06215	AFIB
ecg06216	TWC,AFIB
ecg06217	LVH,ST
ecg06218	SB
ecg06219	AF,ARS
ecg06220	SB
ecg06221	STTC,AF,AVB
ecg06222	SR
ecg06223	ST
ecg06224	STTU,SB,1AVB
ecg06225	AFIB,ALS
ecg06226	TWC,SB,CCR
ecg06227	LVH,SB
ecg06228	TWC,ST
ecg06229	LAFB,SB,CR
ecg06230	AFIB,LVH
ecg06231	SB
ecg06232	SB
ecg06233	SB
ecg06234	SB
ecg06235	ST
ecg06236	LVH,SB
ecg06237	SB,PWC
ecg06238	APB,SB
ecg06239	SB
ecg06240	AFIB
ecg06241	TWC,AFIB
ecg06242	AFIB
ecg06243	SB
ecg06244	STTU,SB,LVH,RBBB,TWC
ecg06245	AFIB
ecg06246	LVH,SB
ecg06247	SB
ecg06248	TWC,ST
ecg06249	ST
ecg06250	APB,SR
ecg06251	STTC,ST,ALS,LVH
ecg06252	SR,ALS
ecg06253	SR
ecg06254	STTC,AFIB,RBBB,VPB
ecg06255	SB
ecg06256	AFIB,ALS
ecg06257	TWC,AFIB,LVQRSAL,RBBB
ecg06258	AVB,AF
ecg06259	STDD,AFIB,STTC,TWC
ecg06260	SR
ecg06261	TWC,SR
ecg06262	SB
ecg06263	SB
ecg06264	SB
ecg06265	SR
ecg06266	TWC,SR
ecg06267	SB,LVQRSAL
ecg06268	AFIB
ecg06269	SB
ecg06270	RBBB,ST,ALS
ecg06271	ST
ecg06272	AFIB
ecg06273	TWC,AFIB
ecg06274	SB
ecg06275	SR,ALS
ecg06276	STTU,SB,LVH,TWC
ecg06277	LVH,SB
ecg06278	SB
ecg06279	STDD,AFIB,STTC,TWC
ecg06280	LAFB,ST,LVH,PWC
ecg06281	AFIB
ecg06282	TWC,SB,IDC
ecg06283	SB
ecg06284	SB
ecg06285	SB
ecg06286	IDC,AFIB
ecg06287	TWC,AFIB
ecg06288	SR
ecg06289	SR
ecg06290	SR
ecg06291	ST
ecg06292	SB
ecg06293	STTC,ST
ecg06294	RBBB,AFIB
ecg06295	SB
ecg06296	TWC,ST,APB
ecg06297	SB
ecg06298	LVH,SB
ecg06299	AFIB,LVH,VPB
ecg06300	SR
ecg06301	SR
ecg06302	AF
ecg06303	SB
ecg06304	TWC,AFIB
ecg06305	SB
ecg06306	SB
ecg06307	SR
ecg06308	TWO,AF
ecg06309	AQW,ST,ARS,STTU,TWC
ecg06310	QTIE,SB
ecg06311	SR
ecg06312	SR
ecg06313	AFIB
ecg06314	TWC,SB,LVH
ecg06315	ST
ecg06316	TWC,ST
ecg06317	TWC,SR,1AVB,LVH
ecg06318	LVH,SB
ecg06319	SR
ecg06320	SR
ecg06321	TWC,SB
ecg06322	SR
ecg06323	STTC,AFIB,RBBB
ecg06324	TWC,AFIB
ecg06325	SR
ecg06326	ST
ecg06327	TWC,SB
ecg06328	RBBB,AFIB
ecg06329	SR
ecg06330	ST
ecg06331	SB
ecg06332	TWC,SB
ecg06333	AF
ecg06334	SB
ecg06335	TWC,SR
ecg06336	APB,SB
ecg06337	TWC,ST,LVH
ecg06338	RBBB,ST
ecg06339	VPB,SB
ecg06340	SB
ecg06341	AFIB
ecg06342	STDD,SB,STTU,TWC
ecg06343	STTC,ST,PWC
ecg06344	AFIB,ARS
ecg06345	SR
ecg06346	STTC,SB
ecg06347	SB
ecg06348	SB
ecg06349	RBBB,AFIB
ecg06350	TWC,SB
ecg06351	STTC,ST
ecg06352	ST
ecg06353	AFIB
ecg06354	AFIB
ecg06355	STTC,ST,APB,LVH
ecg06356	SR
ecg06357	TWC,AFIB,IDC,LVQRSAL
ecg06358	LAFB,ST
ecg06359	STTC,AFIB,IDC
ecg06360	SR
ecg06361	1AVB,SB
ecg06362	SB
ecg06363	JEB,SB
ecg06364	ST,LVQRSAL
ecg06365	TWC,SR
ecg06366	ST
ecg06367	LVH,SR
ecg06368	SR
ecg06369	SB
ecg06370	SB
ecg06371	SR
ecg06372	TWC,SB
ecg06373	ST
ecg06374	SB
ecg06375	SR
ecg06376	ST
ecg06377	STTC,AFIB,CCR
ecg06378	AFIB
ecg06379	RBBB,AFIB,LVH
ecg06380	SB
ecg06381	SR
ecg06382	SR
ecg06383	STTC,ST,APB
ecg06384	APB,SB
ecg06385	SB
ecg06386	SR,LVQRSAL
ecg06387	TWC,SB
ecg06388	SB
ecg06389	LVH,SB
ecg06390	SR
ecg06391	AFIB
ecg06392	SB
ecg06393	AFIB
ecg06394	IDC,AFIB
ecg06395	ST
ecg06396	SB,LVQRSAL
ecg06397	SB
ecg06398	TWC,SB,LVH
ecg06399	TWC,SB,LVH
ecg06400	SR
ecg06401	MI,AFIB,LVQRSAL,MI_LAT,TWC,TWO
ecg06402	ST
ecg06403	SB
ecg06404	ST
ecg06405	ST,PWC
ecg06406	LVH,SB
ecg06407	STDD,AFIB,LVH,STTC,TWC
ecg06408	SB
ecg06409	ST,LVQRSAL
ecg06410	SB
ecg06411	LVH,SB
ecg06412	STTC,ST,LAFB
ecg06413	1AVB,SB,LVH
ecg06414	SR
ecg06415	SB
ecg06416	SB
ecg06417	AF
ecg06418	1AVB,SB
ecg06419	TWC,SB
ecg06420	AQW,AFIB,IDC
ecg06421	RBBB,AFIB
ecg06422	IDC,SB
ecg06423	SR
ecg06424	ERV,SR
ecg06425	STDD,AFIB,LVH,TWC
ecg06426	SB
ecg06427	SB
ecg06428	AF,ALS
ecg06429	ST,ARS
ecg06430	SB
ecg06431	SB
ecg06432	SB
ecg06433	STDD,SB,LVH,QTIE,STTC,TWO
ecg06434	TWC,SR,ALS
ecg06435	SB
ecg06436	SB
ecg06437	SR
ecg06438	AQW,SB,ARS,LVQRSAL,PWC,STTU,TWO
ecg06439	STTC,ST
ecg06440	SB
ecg06441	SR
ecg06442	SR
ecg06443	SB,ARS
ecg06444	SB
ecg06445	SB
ecg06446	SB
ecg06447	TWC,SB,ALS
ecg06448	SB
ecg06449	SR
ecg06450	TWC,SB
ecg06451	SR
ecg06452	SB
ecg06453	TWC,AFIB,ALS,LVQRSAL
ecg06454	STTC,AFIB,LVH
ecg06455	AFIB
ecg06456	AQW,SB
ecg06457	AFIB
ecg06458	SB
ecg06459	AQW,SB,STDD,STTC,STTU,TWO
ecg06460	SB
ecg06461	SB
ecg06462	SR
ecg06463	RBBB,SB,ARS,LVQRSAL
ecg06464	TWC,AFIB
ecg06465	SB
ecg06466	SB
ecg06467	AVB,AF,ALS,RBBB
ecg06468	SR,CCR
ecg06469	ST
ecg06470	SB
ecg06471	ST
ecg06472	ST
ecg06473	AFIB
ecg06474	SB
ecg06475	SB
ecg06476	TWC,AF,ARS,AVB
ecg06477	SR
ecg06478	SR
ecg06479	AQW,ST,ALS,APB,IDC,MI,MI_LAT,STDD,STTC,STTU,TWC
ecg06480	APB,SR,LVH
ecg06481	ST
ecg06482	SB,LVQRSAL
ecg06483	AVB,AF
ecg06484	ST
ecg06485	TWC,AFIB,IDC
ecg06486	SB
ecg06487	SB
ecg06488	SB
ecg06489	1AVB,SB
ecg06490	SB
ecg06491	LAFB,SR
ecg06492	TWC,SB,1AVB
ecg06493	SB
ecg06494	SR
ecg06495	TWC,AFIB,LVH,VPB
ecg06496	SB
ecg06497	SR
ecg06498	SB
ecg06499	AF
ecg06500	STTC,AFIB
ecg06501	ST
ecg06502	SR
ecg06503	SB
ecg06504	ST,PWC
ecg06505	TWC,AFIB,LAFB
ecg06506	SB
ecg06507	ST
ecg06508	SB
ecg06509	RBBB,SB,LVH
ecg06510	SR
ecg06511	TWC,ST,LVH
ecg06512	SR
ecg06513	STTC,ST
ecg06514	SB
ecg06515	1AVB,SB
ecg06516	SR
ecg06517	ST
ecg06518	STTC,AFIB
ecg06519	SR
ecg06520	SB
ecg06521	SB
ecg06522	AVB,AF,CCR
ecg06523	SB
ecg06524	SB
ecg06525	SB
ecg06526	STTC,SB
ecg06527	TWC,SB,ALS
ecg06528	LVH,SB
ecg06529	SB
ecg06530	ST
ecg06531	SR
ecg06532	SB
ecg06533	STDD,AFIB,LVH,STTC,TWO
ecg06534	SR
ecg06535	SB
ecg06536	SR
ecg06537	ST
ecg06538	SB
ecg06539	LVH,SB
ecg06540	SR,ALS
ecg06541	ST,CCR
ecg06542	ST,ARS
ecg06543	TWC,ST
ecg06544	LVH,SB
ecg06545	STTC,SB,STTU
ecg06546	ST
ecg06547	ST
ecg06548	AF,CR
ecg06549	SB
ecg06550	TWC,SB,CCR,LVH
ecg06551	SR,ALS
ecg06552	SB
ecg06553	1AVB,SB
ecg06554	SR
ecg06555	STDD,AFIB,RBBB,STTC,TWC
ecg06556	SB
ecg06557	SB
ecg06558	SB
ecg06559	RBBB,SB
ecg06560	SR
ecg06561	TWC,SB,LVH
ecg06562	SB
ecg06563	STDD,SB,LVH,STTC,TWO
ecg06564	RBBB,SB,APB,LVH
ecg06565	ABI,SB
ecg06566	LVH,SB
ecg06567	ST,PWC
ecg06568	TWC,AFIB
ecg06569	AQW,AFIB,STTC
ecg06570	SR
ecg06571	STTC,SB
ecg06572	AQW,SB,LVH,TWC
ecg06573	IDC,AFIB
ecg06574	ST
ecg06575	SB,LVQRSAL
ecg06576	SR
ecg06577	SB
ecg06578	SR
ecg06579	SR
ecg06580	APB,SB
ecg06581	TWC,SB
ecg06582	SB,LVQRSAL
ecg06583	ST
ecg06584	SB
ecg06585	SB
ecg06586	ST
ecg06587	LVH,SB
ecg06588	STDD,SB,1AVB,RBBB,STTC,TWC
ecg06589	SB
ecg06590	AQW,AFIB,TWC
ecg06591	SR
ecg06592	SB
ecg06593	STDD,AFIB,ARS,STTC,TWC
ecg06594	SB,LVQRSAL
ecg06595	SB
ecg06596	TWC,AFIB
ecg06597	ST
ecg06598	RBBB,AFIB,ALS
ecg06599	AFIB
ecg06600	AFIB
ecg06601	SR
ecg06602	STDD,AFIB,STTC,TWC
ecg06603	AFIB
ecg06604	AQW,SB,ALS,TWC
ecg06605	SB
ecg06606	ST
ecg06607	SR
ecg06608	SB,CCR
ecg06609	STTC,AFIB
ecg06610	LVH,SB
ecg06611	SB
ecg06612	1AVB,SB
ecg06613	AFIB
ecg06614	SB
ecg06615	STTC,AF,LVH
ecg06616	ST
ecg06617	STTC,AFIB,ARS,RBBB
ecg06618	SB
ecg06619	AFIB
ecg06620	TWC,SB
ecg06621	LVH,ST
ecg06622	RBBB,SB
ecg06623	LVH,SB
ecg06624	SB
ecg06625	STTC,SR
ecg06626	TWC,SR
ecg06627	STDD,AF,STTC,TWC
ecg06628	SR
ecg06629	SB
ecg06630	ST
ecg06631	AF
ecg06632	AQW,SB,STTU,TWC
ecg06633	SR
ecg06634	SR,CCR
ecg06635	AFIB,LVQRSAL
ecg06636	STTC,ST,1AVB
ecg06637	LAFB,AFIB,ALS,CR
ecg06638	AQW,AFIB,IDC,LVQRSAL,STDD,STTU,VPB
ecg06639	TWC,AF,AVB,RBBB
ecg06640	TWC,SB,1AVB
ecg06641	SB
ecg06642	AFIB
ecg06643	SB
ecg06644	RBBB,SB
ecg06645	SB
ecg06646	SR
ecg06647	SB
ecg06648	TWC,AF,QTIE
ecg06649	STDD,AFIB,LVH,STTC,TWC,VPB
ecg06650	SB
ecg06651	ST
ecg06652	SB
ecg06653	SB
ecg06654	AFIB
ecg06655	SB
ecg06656	ST,ARS
ecg06657	AFIB
ecg06658	STTC,SB
ecg06659	STTC,AFIB,LVH,VPB
ecg06660	LVH,SB
ecg06661	ST
ecg06662	TWC,SB
ecg06663	AQW,ST,TWC
ecg06664	TWC,ST
ecg06665	SB
ecg06666	AVB,AF
ecg06667	TWC,AFIB
ecg06668	SR
ecg06669	AFIB
ecg06670	SB
ecg06671	TWC,SB
ecg06672	STTU,AF,AVB
ecg06673	AF
ecg06674	STTC,AFIB,LVH
ecg06675	TWC,SB
ecg06676	STTC,ST
ecg06677	SB,CCR
ecg06678	SB
ecg06679	TWC,SR,TWO
ecg06680	LVH,SB
ecg06681	STTU,SR,LVH,RBBB
ecg06682	ST
ecg06683	RBBB,SB
ecg06684	SB
ecg06685	AFIB
ecg06686	SR
ecg06687	STTC,AFIB,RBBB,VPB
ecg06688	SR
ecg06689	SR
ecg06690	TWC,AFIB,LVH
ecg06691	SR
ecg06692	AQW,ST,RBBB
ecg06693	TWC,SB,TWO
ecg06694	STDD,ST,1AVB,APB,STTC,TWC
ecg06695	TWC,AFIB
ecg06696	SB
ecg06697	SR
ecg06698	SB
ecg06699	1AVB,SB,LVH
ecg06700	SB
ecg06701	SB
ecg06702	SR
ecg06703	STDD,AFIB,LVH,STTC,TWC
ecg06704	AFIB,LVH
ecg06705	AFIB
ecg06706	LAFB,AFIB
ecg06707	SB
ecg06708	SB
ecg06709	AFIB,CR
ecg06710	SB
ecg06711	STDD,SB,TWC
ecg06712	QTIE,SB
ecg06713	ST
ecg06714	TWC,SR,APB
ecg06715	IDC,AFIB,ALS
ecg06716	ST
ecg06717	ST
ecg06718	TWC,AF,LVH,VPB
ecg06719	ERV,SB
ecg06720	AFIB
ecg06721	STDD,AFIB,STTC,TWO
ecg06722	SR
ecg06723	SR
ecg06724	SB
ecg06725	SR
ecg06726	SB
ecg06727	SB
ecg06728	SB
ecg06729	TWC,AF,RBBB
ecg06730	TWC,AFIB,ALS,IDC
ecg06731	ST
ecg06732	SR
ecg06733	SB
ecg06734	LVH,SB
ecg06735	TWC,SB
ecg06736	SB
ecg06737	SB
ecg06738	AQW,SR,1AVB,ALS,LAFB
ecg06739	TWC,AFIB,LVH
ecg06740	AFIB,LVQRSAL
ecg06741	SB
ecg06742	SB
ecg06743	ST
ecg06744	STTC,ST
ecg06745	SR
ecg06746	TWC,AFIB
ecg06747	TWC,SB,ALS,UW
ecg06748	AVB,AF,LVQRSAL,RBBB
ecg06749	AVB,AF,LVH
ecg06750	STTU,SB
ecg06751	AFIB,LVH
ecg06752	STDD,SB,1AVB,STTC,STTU,TWC
ecg06753	LVH,SB
ecg06754	STDD,AFIB,QTIE,STTC,TWC
ecg06755	SB
ecg06756	SB
ecg06757	SB
ecg06758	ST
ecg06759	ST
ecg06760	TWC,AFIB,LVQRSAL,RBBB
ecg06761	TWC,ST
ecg06762	SB
ecg06763	SB
ecg06764	STDD,AFIB,LVH,STTC,TWC
ecg06765	ST
ecg06766	SR
ecg06767	SB,ALS
ecg06768	STTC,SB
ecg06769	AFIB,LVH
ecg06770	WPW,AF
ecg06771	SR
ecg06772	TWC,AFIB,LVH
ecg06773	TWC,SB,ALS,APB
ecg06774	SB
ecg06775	AFIB
ecg06776	SR
ecg06777	SB
ecg06778	TWC,SB,LVH
ecg06779	STTC,SR
ecg06780	SR
ecg06781	SB
ecg06782	SB
ecg06783	SB
ecg06784	TWC,SB,LVH
ecg06785	STDD,ST,LVH,STTC,TWC
ecg06786	ST,PWC
ecg06787	AVB,AF,IDC
ecg06788	SB
ecg06789	TWC,SB
ecg06790	SB
ecg06791	STTU,AFIB,TWC,VEB
ecg06792	IDC,AFIB,LVQRSAL
ecg06793	SB
ecg06794	SR,CCR
ecg06795	SB
ecg06796	SB
ecg06797	RBBB,SB
ecg06798	SB
ecg06799	SB
ecg06800	TWC,ST
ecg06801	TWC,ST
ecg06802	TWC,AF
ecg06803	SB
ecg06804	SB
ecg06805	SB
ecg06806	AVB,AF,LAFB
ecg06807	SB
ecg06808	SR
ecg06809	TWC,AF,QTIE
ecg06810	ST
ecg06811	STTC,AFIB,LVH
ecg06812	AVB,AF
ecg06813	AFIB,LVH
ecg06814	ST
ecg06815	SB
ecg06816	ST
ecg06817	SB
ecg06818	SR
ecg06819	SR
ecg06820	TWC,AFIB,LVH
ecg06821	1AVB,SB
ecg06822	STTC,SB
ecg06823	SB
ecg06824	TWC,AFIB,LVH
ecg06825	SB
ecg06826	ST
ecg06827	SB
ecg06828	TWC,SB,RBBB,TWO
ecg06829	AFIB
ecg06830	RBBB,SB
ecg06831	SB
ecg06832	STDD,AF,AVB,STTC
ecg06833	SR
ecg06834	AF,ARS
ecg06835	TWC,ST,ARS
ecg06836	SB
ecg06837	SR
ecg06838	SB
ecg06839	AFIB,LVH
ecg06840	AQW,SB
ecg06841	SB
ecg06842	ST
ecg06843	STTC,SB,LVH
ecg06844	RBBB,SB
ecg06845	SB
ecg06846	TWC,ST,LVH
ecg06847	ST,LVQRSAL
ecg06848	SB
ecg06849	RBBB,AF
ecg06850	LVH,SB
ecg06851	LVH,ST
ecg06852	SR,ALS
ecg06853	ST
ecg06854	LVH,SB
ecg06855	AFIB
ecg06856	ST
ecg06857	AQW,SB,APB,TWC
ecg06858	STTC,AFIB,LVH
ecg06859	TWC,SB
ecg06860	SR
ecg06861	TWC,SB
ecg06862	SR
ecg06863	SR,ALS
ecg06864	RBBB,AFIB
ecg06865	SB
ecg06866	TWC,SB,LVQRSAL
ecg06867	TWC,SR
ecg06868	VPB,ST
ecg06869	AFIB
ecg06870	LVH,SB
ecg06871	SB
ecg06872	SB
ecg06873	AFIB
ecg06874	SB
ecg06875	UW,SR,LVH
ecg06876	TWC,ST
ecg06877	STDD,AFIB,LVH,STTC,TWC
ecg06878	TWC,SB,LVH
ecg06879	SR
ecg06880	SB,LVQRSAL
ecg06881	ST
ecg06882	TWC,SR
ecg06883	STDD,ST,STTC,TWC
ecg06884	SB
ecg06885	RBBB,AFIB
ecg06886	SB
ecg06887	LVH,SB
ecg06888	LVH,SB
ecg06889	UW,AFIB
ecg06890	AFIB
ecg06891	SR
ecg06892	SB,ARS
ecg06893	SB
ecg06894	SR
ecg06895	AVB,AF
ecg06896	SR
ecg06897	STTC,AFIB
ecg06898	STTC,AFIB,ALS,VPB
ecg06899	STTC,AFIB
ecg06900	TWC,SB,ALS,CR
ecg06901	SB
ecg06902	AFIB,LVH
ecg06903	SR
ecg06904	ST
ecg06905	TWC,ST,LVQRSAL
ecg06906	AFIB
ecg06907	LVH,SB
ecg06908	TWC,SB
ecg06909	MI,SR,2AVB,LVH,MI_LAT,STDD,STTC,STTU,TWC
ecg06910	TWC,ST
ecg06911	STTU,SB,LVH
ecg06912	TWC,AFIB,LVH
ecg06913	TWC,ST,LVH
ecg06914	SR
ecg06915	SB
ecg06916	TWC,SR
ecg06917	STTU,AFIB,LVH,TWC
ecg06918	SR
ecg06919	STTC,ST
ecg06920	AFIB
ecg06921	SB
ecg06922	AQW,SB
ecg06923	TWC,AFIB
ecg06924	SB,LVQRSAL
ecg06925	SR
ecg06926	STTC,ST,LVQRSAL
ecg06927	SR
ecg06928	SR
ecg06929	LVH,SB
ecg06930	AFIB,LVH
ecg06931	AFIB,ALS
ecg06932	AFIB,VPB
ecg06933	VPB,ST
ecg06934	SB
ecg06935	SB
ecg06936	STTC,SR
ecg06937	RBBB,ST
ecg06938	SB
ecg06939	SB,ALS
ecg06940	LVH,SB
ecg06941	SB
ecg06942	STTU,SB
ecg06943	SB
ecg06944	TWC,SB
ecg06945	STTC,ST
ecg06946	SB
ecg06947	SB
ecg06948	SR
ecg06949	TWC,SR,TWO
ecg06950	SB
ecg06951	IDC,AFIB
ecg06952	SR
ecg06953	TWC,SB
ecg06954	SR
ecg06955	SR
ecg06956	TWC,SB,LVH
ecg06957	SB
ecg06958	STTC,SR,LVH
ecg06959	STTC,SB
ecg06960	ST
ecg06961	SR,ALS,CR
ecg06962	SB
ecg06963	SB
ecg06964	SB
ecg06965	ST
ecg06966	SR
ecg06967	SR
ecg06968	AFIB
ecg06969	STTC,SB
ecg06970	SR
ecg06971	SB
ecg06972	TWC,SR,CCR,LVH
ecg06973	SB
ecg06974	ST
ecg06975	TWC,SB
ecg06976	SR
ecg06977	TWC,SR
ecg06978	STTC,ST,ARS
ecg06979	TWC,SB,VPB
ecg06980	STTU,SB,APB
ecg06981	LVH,SB
ecg06982	AFIB,ARS,CR
ecg06983	SR
ecg06984	SB
ecg06985	STTC,AFIB
ecg06986	SB
ecg06987	AFIB,LVH,VPB
ecg06988	STDD,AFIB,STTC,TWC
ecg06989	SB
ecg06990	TWC,SR
ecg06991	SB
ecg06992	AFIB,LVH
ecg06993	STTC,SR,1AVB,APB
ecg06994	RBBB,SB
ecg06995	AF
ecg06996	AQW,SB,1AVB,APB,TWC
ecg06997	STTC,SR
ecg06998	SR
ecg06999	SB
ecg07000	STDD,ST,APB,STTC,TWC
ecg07001	ST
ecg07002	AFIB,LVH
ecg07003	AVB,AF
ecg07004	SB
ecg07005	AQW,SR,ALS,TWC
ecg07006	LVH,SB
ecg07007	AQW,AFIB,ALS,CR,IDC,TWC
ecg07008	ST
ecg07009	RBBB,SB
ecg07010	AQW,SB,LVQRSAL,RBBB
ecg07011	AFIB
ecg07012	STDD,ST,STTU
ecg07013	APB,SB
ecg07014	AFIB,LVH
ecg07015	SB
ecg07016	SB
ecg07017	TWC,AFIB
ecg07018	1AVB,SR,ALS
ecg07019	SB
ecg07020	SB
ecg07021	SB
ecg07022	SB
ecg07023	STTC,ST
ecg07024	SB
ecg07025	AFIB,VPB
ecg07026	AQW,SB
ecg07027	ST
ecg07028	SR
ecg07029	SB
ecg07030	TWC,ST
ecg07031	SR
ecg07032	TWC,SR
ecg07033	SB
ecg07034	STTC,AFIB
ecg07035	SR
ecg07036	SR
ecg07037	STDD,AFIB,LVH,STTC,TWC
ecg07038	SR
ecg07039	SB
ecg07040	ST
ecg07041	SB
ecg07042	STDD,AFIB,IDC,STTC,TWC
ecg07043	SB
ecg07044	ST
ecg07045	TWC,SB
ecg07046	STTU,SB,LVH
ecg07047	SR
ecg07048	SR
ecg07049	SR
ecg07050	STDD,SB,STTC,TWC
ecg07051	ST
ecg07052	1AVB,ST,ARS,RBBB
ecg07053	SB
ecg07054	SB
ecg07055	TWC,AFIB
ecg07056	SR
ecg07057	APB,ST,LVQRSAL
ecg07058	AFIB,LVH
ecg07059	SB
ecg07060	AFIB
ecg07061	SB
ecg07062	AFIB
ecg07063	ST
ecg07064	SR
ecg07065	SB
ecg07066	SB
ecg07067	SB
ecg07068	STTC,AFIB,TWC,VPB
ecg07069	STTC,SR
ecg07070	SR
ecg07071	STTU,SB,1AVB
ecg07072	SR,ALS
ecg07073	SB
ecg07074	TWC,SR,LVH
ecg07075	TWC,AFIB,ARS
ecg07076	RBBB,SB
ecg07077	SB
ecg07078	SB
ecg07079	AQW,AFIB
ecg07080	STTC,AF,IDC
ecg07081	TWC,AFIB,LVH
ecg07082	AFIB,LVH
ecg07083	SB
ecg07084	LVH,SB
ecg07085	TWC,SB
ecg07086	AF
ecg07087	ST
ecg07088	STTC,ST
ecg07089	SB
ecg07090	SB
ecg07091	ST,ALS,CR
ecg07092	AFIB
ecg07093	SB
ecg07094	SR
ecg07095	ST
ecg07096	TWO,SB,LVH
ecg07097	SR
ecg07098	1AVB,SR,RBBB
ecg07099	SR
ecg07100	TWC,AFIB,IDC,LVH
ecg07101	TWC,AFIB,LAFB,RBBB
ecg07102	SR
ecg07103	TWC,AFIB,TWO
ecg07104	SB
ecg07105	AFIB,LVH
ecg07106	TWC,SB
ecg07107	SB
ecg07108	SB
ecg07109	STDD,AFIB,LVH,STTC,TWC
ecg07110	SB
ecg07111	STTC,ST,1AVB,LVH
ecg07112	SR,LVQRSAL
ecg07113	SB
ecg07114	ST,PWC
ecg07115	TWC,ST
ecg07116	ST
ecg07117	TWC,ST,LVH,PWC
ecg07118	SR
ecg07119	AVB,AF
ecg07120	SB
ecg07121	SB
ecg07122	1AVB,SB,RBBB
ecg07123	SB
ecg07124	SB,LVQRSAL
ecg07125	LVH,SB
ecg07126	SB
ecg07127	SR
ecg07128	SB
ecg07129	LVH,SB
ecg07130	STTC,SR
ecg07131	TWC,SB
ecg07132	ST,PWC
ecg07133	RVH,ST
ecg07134	AQW,SR
ecg07135	ST,ALS
ecg07136	ST,LVQRSAL
ecg07137	SB
ecg07138	AVB,AF,VPB
ecg07139	SB
ecg07140	STTU,SB
ecg07141	SR
ecg07142	IDC,AF
ecg07143	ST
ecg07144	TWC,SB
ecg07145	ST
ecg07146	LAFB,AF
ecg07147	SB
ecg07148	SR
ecg07149	AFIB
ecg07150	SR,CCR
ecg07151	ST
ecg07152	STDD,ST,STTC,TWC
ecg07153	SB
ecg07154	SB
ecg07155	SB
ecg07156	ST
ecg07157	SR,LVQRSAL
ecg07158	SR
ecg07159	RBBB,AFIB,LVQRSAL
ecg07160	SB
ecg07161	ST
ecg07162	ST,PWC
ecg07163	SR,CCR
ecg07164	SB
ecg07165	SB
ecg07166	SB
ecg07167	RBBB,SR,LVH
ecg07168	SB
ecg07169	STTC,ST
ecg07170	SR
ecg07171	STDD,ST,IDC,STTC
ecg07172	SR
ecg07173	1AVB,SB,RBBB
ecg07174	TWC,SR,ALS,RBBB
ecg07175	AFIB,LVH,VPB
ecg07176	STTC,AFIB
ecg07177	SR
ecg07178	SR
ecg07179	STDD,AFIB,LAFB,STTC,TWC
ecg07180	SB
ecg07181	QTIE,AFIB
ecg07182	STDD,AFIB,STTC,TWC
ecg07183	SB
ecg07184	TWC,AF,QTIE
ecg07185	APB,SR,LVH
ecg07186	AQW,ST
ecg07187	AF
ecg07188	SB
ecg07189	SB
ecg07190	SR
ecg07191	SR
ecg07192	TWC,AFIB
ecg07193	SB
ecg07194	ST
ecg07195	SR
ecg07196	SB
ecg07197	AF
ecg07198	LAFB,ST
ecg07199	STTC,SB
ecg07200	TWC,ST,LVQRSAL,VPB
ecg07201	SR
ecg07202	ST
ecg07203	SR
ecg07204	SB
ecg07205	SR
ecg07206	SR
ecg07207	LVH,SB
ecg07208	STDD,AF,TWC
ecg07209	STDD,AFIB,STTC,TWC
ecg07210	AFIB,LVQRSAL
ecg07211	ST
ecg07212	VPB,SB
ecg07213	SB
ecg07214	ST
ecg07215	LVH,ST
ecg07216	SR
ecg07217	ST
ecg07218	TWC,AFIB,IDC,LVH
ecg07219	SR
ecg07220	TWC,SB
ecg07221	ST
ecg07222	SB
ecg07223	TWC,SB
ecg07224	SR
ecg07225	TWC,AFIB
ecg07226	ST
ecg07227	TWC,ST
ecg07228	TWC,ST,LVH
ecg07229	SR
ecg07230	TWC,SR,TWO
ecg07231	STDD,AFIB,TWO
ecg07232	STTC,SB,LVH
ecg07233	AFIB,LVH
ecg07234	SB
ecg07235	SR
ecg07236	TWC,SB
ecg07237	AFIB,LVH
ecg07238	SB
ecg07239	SR
ecg07240	ST
ecg07241	SR
ecg07242	AF
ecg07243	SR
ecg07244	STTC,SB,LVH
ecg07245	SB
ecg07246	TWC,AFIB,LVH
ecg07247	1AVB,ST
ecg07248	RBBB,SB
ecg07249	TWC,AF,AVB
ecg07250	SB
ecg07251	APB,SB
ecg07252	TWC,AFIB
ecg07253	SR
ecg07254	SB
ecg07255	APB,SB,LVH
ecg07256	SB
ecg07257	ST
ecg07258	ST,CR,LVQRSAL
ecg07259	SB
ecg07260	SB
ecg07261	TWC,AFIB,LVH
ecg07262	TWC,AFIB,ALS
ecg07263	ST
ecg07264	TWC,ST,APB
ecg07265	SB
ecg07266	SB
ecg07267	AQW,AFIB,ARS,TWC
ecg07268	RBBB,SB
ecg07269	AF,ALS
ecg07270	AFIB,LVQRSAL
ecg07271	TWC,SB
ecg07272	ST
ecg07273	TWC,AFIB,IDC
ecg07274	TWC,SB,LVH
ecg07275	SR,PWC
ecg07276	SB
ecg07277	LVH,SB
ecg07278	AVB,AF,LAFB
ecg07279	SR
ecg07280	STTC,AFIB,LVH
ecg07281	TWC,SB,1AVB,RBBB
ecg07282	AQW,ST,LVH,PRIE,STTU,TWC
ecg07283	SB
ecg07284	SB
ecg07285	SR
ecg07286	ST
ecg07287	ST
ecg07288	STTC,ST
ecg07289	SB
ecg07290	SB
ecg07291	RBBB,AFIB
ecg07292	TWC,ST
ecg07293	TWC,ST
ecg07294	AFIB,LVQRSAL
ecg07295	SR
ecg07296	TWC,SB
ecg07297	STTC,SR
ecg07298	TWC,AFIB,LVQRSAL
ecg07299	STTC,SB,LVH
ecg07300	SB
ecg07301	SB
ecg07302	SB
ecg07303	SR
ecg07304	STTC,AFIB,RBBB
ecg07305	TWC,AFIB
ecg07306	LVH,ST
ecg07307	SR
ecg07308	1AVB,SB
ecg07309	LVH,SB
ecg07310	STTC,ST
ecg07311	LVH,ST
ecg07312	AF
ecg07313	ST
ecg07314	ST
ecg07315	RBBB,AF,VPB
ecg07316	SR
ecg07317	LVH,SB
ecg07318	SR
ecg07319	STTC,ST
ecg07320	SB
ecg07321	SB
ecg07322	TWC,ST,LVH,PWC
ecg07323	SR
ecg07324	AFIB,LVH
ecg07325	STTC,SB,1AVB,LVH
ecg07326	SB
ecg07327	SB
ecg07328	SR
ecg07329	AF
ecg07330	SB
ecg07331	STDD,SB,STTC,TWO
ecg07332	TWC,SB,CCR
ecg07333	SB
ecg07334	SB
ecg07335	TWC,AFIB
ecg07336	1AVB,SB
ecg07337	AFIB,LVH
ecg07338	LVH,SB
ecg07339	SB
ecg07340	STTC,AF
ecg07341	TWC,SB
ecg07342	SR
ecg07343	ST,LVQRSAL
ecg07344	SB
ecg07345	TWC,AFIB,ALS,VPB
ecg07346	TWC,SR
ecg07347	TWC,ST,ALS,CR
ecg07348	IDC,AFIB
ecg07349	SR
ecg07350	LVH,SR
ecg07351	SB
ecg07352	SB
ecg07353	ST
ecg07354	ST,ARS
ecg07355	SB,LVQRSAL
ecg07356	SB
ecg07357	SB
ecg07358	SB
ecg07359	SB
ecg07360	SR
ecg07361	RBBB,AF
ecg07362	VPB,SB
ecg07363	SB
ecg07364	AFIB,LVH
ecg07365	TWC,AFIB,CCR
ecg07366	TWC,SR,ALS
ecg07367	TWC,SR
ecg07368	SB
ecg07369	LVH,SB
ecg07370	ST,ARS
ecg07371	SB
ecg07372	TWC,ST
ecg07373	TWC,AFIB,ARS
ecg07374	VPE,AF
ecg07375	STDD,SB,1AVB,LVH,STTC,TWC
ecg07376	SR
ecg07377	AQW,AF,TWC
ecg07378	TWC,SB
ecg07379	STDD,SB,LVH,STTC,TWC
ecg07380	SR
ecg07381	STTC,AFIB,LVH
ecg07382	AFIB,VPB
ecg07383	TWC,SB
ecg07384	SR
ecg07385	SB
ecg07386	SR
ecg07387	TWC,SB,ALS
ecg07388	STDD,AFIB,LVH,STTC,TWC
ecg07389	SB
ecg07390	SB
ecg07391	ST
ecg07392	TWC,ST,1AVB,RBBB,TWO
ecg07393	SR
ecg07394	SR
ecg07395	AQW,ST,1AVB,LVH
ecg07396	ST,ARS
ecg07397	ST
ecg07398	SB
ecg07399	SB
ecg07400	SR
ecg07401	MI,ST,1AVB,ALS,LAFB,MI_LAT,RBBB,VPB
ecg07402	LVH,SB
ecg07403	IDC,SB
ecg07404	STTC,AFIB,LVH
ecg07405	SB
ecg07406	ST
ecg07407	TWC,AFIB,ALS
ecg07408	SR,LVQRSAL
ecg07409	STTC,ST,APB
ecg07410	AFIB,ALS
ecg07411	STTC,AFIB,ARS
ecg07412	AFIB
ecg07413	TWC,ST
ecg07414	SR
ecg07415	SR
ecg07416	STTC,AFIB
ecg07417	TWC,SR
ecg07418	RBBB,SB
ecg07419	SR
ecg07420	LVH,SB
ecg07421	AFIB
ecg07422	SR
ecg07423	STTC,SB,LVH
ecg07424	SB
ecg07425	SR
ecg07426	SR
ecg07427	SB
ecg07428	SB
ecg07429	SB
ecg07430	MI,AFIB,LVQRSAL,MI_LAT,STTC
ecg07431	LVH,SR
ecg07432	SR
ecg07433	TWC,SB,LVH
ecg07434	TWC,ST,VPB
ecg07435	SB,ALS
ecg07436	SR
ecg07437	ST,LVQRSAL
ecg07438	SB
ecg07439	AFIB
ecg07440	SB
ecg07441	AFIB,LVH
ecg07442	TWC,AFIB
ecg07443	AQW,SB
ecg07444	SR
ecg07445	APB,SR
ecg07446	TWC,ST
ecg07447	SB
ecg07448	LVH,SB
ecg07449	SR
ecg07450	ST
ecg07451	TWC,AFIB,VPB
ecg07452	SB,CCR
ecg07453	AVB,AF
ecg07454	1AVB,SB
ecg07455	SR
ecg07456	LVH,SB
ecg07457	TWC,SB
ecg07458	SB,CCR
ecg07459	SB
ecg07460	AF
ecg07461	STTU,AF,AVB,LVH,VPB
ecg07462	AFIB
ecg07463	AFIB
ecg07464	SR
ecg07465	STTC,ST
ecg07466	TWC,ST
ecg07467	ST
ecg07468	AQW,SB,TWC
ecg07469	SR
ecg07470	TWC,SB
ecg07471	AFIB,LVH
ecg07472	AFIB,LVH
ecg07473	ST
ecg07474	SR,ALS
ecg07475	TWC,SB
ecg07476	TWC,ST,VPB
ecg07477	SB
ecg07478	LVH,SB
ecg07479	STTU,SB
ecg07480	TWC,ST,1AVB,LVH
ecg07481	SB
ecg07482	APB,ST
ecg07483	SB,ALS
ecg07484	AQW,SB,1AVB,IDC,TWC
ecg07485	SR
ecg07486	ST
ecg07487	AFIB,ALS
ecg07488	AF
ecg07489	SR
ecg07490	SB
ecg07491	AQW,AFIB,ALS,IDC,STTC
ecg07492	SB
ecg07493	AQW,ST,TWC
ecg07494	1AVB,ST
ecg07495	TWC,SB,LVH,PWC
ecg07496	TWC,SB
ecg07497	STTU,SB,TWC
ecg07498	SR
ecg07499	TWC,SB
ecg07500	TWC,SR
ecg07501	ST
ecg07502	STDD,AFIB,LVH,STTC,TWC
ecg07503	ST
ecg07504	TWC,SB
ecg07505	STTC,SR,LVH
ecg07506	LVH,ST
ecg07507	TWC,AFIB,LVH
ecg07508	STTC,AFIB,VPB
ecg07509	IDC,AFIB
ecg07510	TWC,AFIB,LVH
ecg07511	IDC,AFIB
ecg07512	APB,SB
ecg07513	SB
ecg07514	SR
ecg07515	SB
ecg07516	ST
ecg07517	SB
ecg07518	SR
ecg07519	SB
ecg07520	AF,ARS
ecg07521	STDD,ST,STTU,TWC
ecg07522	IDC,AFIB
ecg07523	SB
ecg07524	ST
ecg07525	TWC,SB
ecg07526	SB
ecg07527	STTC,SR,PWC
ecg07528	TWC,SB,1AVB,TWO
ecg07529	TWC,AFIB
ecg07530	SR
ecg07531	SR
ecg07532	SR
ecg07533	TWC,ST
ecg07534	STTC,ST
ecg07535	SB
ecg07536	LVH,SR
ecg07537	SR,ALS
ecg07538	STTC,ST
ecg07539	SB
ecg07540	SB
ecg07541	AFIB
ecg07542	ST
ecg07543	TWC,AFIB
ecg07544	AFIB,LVH
ecg07545	IDC,AFIB,ALS,LVH,VPB
ecg07546	ST
ecg07547	SB
ecg07548	SB
ecg07549	TWC,ST
ecg07550	SB
ecg07551	STDD,AFIB,STTC,TWO
ecg07552	SB
ecg07553	SR
ecg07554	SB,ARS
ecg07555	TWC,SB
ecg07556	ST,CCR
ecg07557	SB
ecg07558	SR
ecg07559	SB
ecg07560	SR
ecg07561	STDD,AFIB,LVH,STTC,TWC
ecg07562	SB
ecg07563	TWC,AFIB
ecg07564	STTC,AFIB,CCR
ecg07565	SB
ecg07566	SB
ecg07567	STDD,AFIB,STTC,TWC
ecg07568	LVH,ST
ecg07569	SB,ALS
ecg07570	SR
ecg07571	SB
ecg07572	TWC,AFIB,ALS
ecg07573	TWC,AFIB,RBBB
ecg07574	TWC,AFIB,TWO
ecg07575	LVH,SB
ecg07576	ST
ecg07577	APB,SB
ecg07578	STDD,AFIB,LVH,STTC,TWC
ecg07579	SB
ecg07580	SB
ecg07581	SB,ALS
ecg07582	ST,LVQRSAL
ecg07583	TWC,AFIB,ARS,LVH
ecg07584	TWC,AFIB,IDC
ecg07585	SB
ecg07586	SB
ecg07587	STDD,ST,STTC,TWC
ecg07588	ST
ecg07589	AFIB
ecg07590	TWC,SB
ecg07591	SB
ecg07592	SB
ecg07593	STTC,ST
ecg07594	SR
ecg07595	IDC,SB,LVH
ecg07596	SB
ecg07597	SR
ecg07598	STDD,SR,STTC,TWO
ecg07599	SR
ecg07600	SR
ecg07601	TWC,SR
ecg07602	SR
ecg07603	SB
ecg07604	AF
ecg07605	AFIB,CCR
ecg07606	AFIB,LVH
ecg07607	SR
ecg07608	SR,CCR
ecg07609	SR
ecg07610	LVH,SB
ecg07611	STDD,SR,LVH,STTC,TWC
ecg07612	SR
ecg07613	SB
ecg07614	1AVB,SB
ecg07615	STTC,ST
ecg07616	TWC,AFIB
ecg07617	STDD,AFIB,STTC,TWC
ecg07618	SB
ecg07619	AQW,AFIB,LVH,STTU,TWC
ecg07620	SB
ecg07621	SR
ecg07622	SR
ecg07623	SB
ecg07624	TWC,SB
ecg07625	LAFB,AFIB,ALS
ecg07626	TWC,AFIB
ecg07627	SB
ecg07628	TWC,SR,LVH
ecg07629	SR
ecg07630	AFIB
ecg07631	TWC,SR,APB
ecg07632	SR
ecg07633	SB
ecg07634	SB
ecg07635	ST
ecg07636	AFIB,LVH,VPB
ecg07637	ST
ecg07638	TWC,SB
ecg07639	SB
ecg07640	SB
ecg07641	STTC,AFIB
ecg07642	ST,PWC
ecg07643	TWC,ST,CR
ecg07644	SB
ecg07645	SB,ARS
ecg07646	SR
ecg07647	AFIB
ecg07648	SR
ecg07649	ST
ecg07650	SR
ecg07651	SR
ecg07652	SB
ecg07653	SR
ecg07654	1AVB,SB
ecg07655	ST
ecg07656	SR
ecg07657	SB
ecg07658	SB
ecg07659	AFIB
ecg07660	TWC,SB
ecg07661	AFIB,LVQRSAL
ecg07662	TWC,AFIB,ARS,CR,VPB
ecg07663	RBBB,AF
ecg07664	STTU,SB
ecg07665	STDD,AFIB,CCR,IDC,STTC,TWC
ecg07666	SB
ecg07667	SB
ecg07668	LVH,SB
ecg07669	ST
ecg07670	STTC,AFIB
ecg07671	SB
ecg07672	VPB,SB
ecg07673	IDC,AFIB,LVH,VPB
ecg07674	SB
ecg07675	SB,CCR
ecg07676	SB
ecg07677	STTC,AFIB
ecg07678	SB
ecg07679	RBBB,AFIB,VPB
ecg07680	STTU,SR,APB,ARS,QTIE,TWC
ecg07681	SR
ecg07682	AVB,AF
ecg07683	STTC,ST,LVH
ecg07684	TWC,SB,APB
ecg07685	STDD,SR,APB,LVH,STTC,TWC
ecg07686	SB
ecg07687	STTC,SB
ecg07688	STDD,ST,STTC,TWC
ecg07689	SB
ecg07690	STTC,ST
ecg07691	TWC,SB,LVH
ecg07692	AFIB,LVH
ecg07693	RBBB,SB
ecg07694	STTC,ST,VPB
ecg07695	APB,SB,LVH
ecg07696	SR
ecg07697	TWC,SR
ecg07698	SR
ecg07699	1AVB,SR
ecg07700	TWC,ST
ecg07701	STDD,SR,CCR,TWC
ecg07702	AFIB,LVQRSAL
ecg07703	SR
ecg07704	SB
ecg07705	TWC,SR
ecg07706	SB
ecg07707	SB
ecg07708	SB
ecg07709	TWC,AFIB
ecg07710	SB
ecg07711	SR
ecg07712	SB
ecg07713	SR
ecg07714	STTC,AFIB,RBBB
ecg07715	SB
ecg07716	SB
ecg07717	STTC,ST
ecg07718	APB,SB
ecg07719	RBBB,AFIB
ecg07720	STTC,ST
ecg07721	ST
ecg07722	SB
ecg07723	SB
ecg07724	AQW,SB,ARS,STTU,TWC
ecg07725	RBBB,ST
ecg07726	SR
ecg07727	AQW,ST,IDC,TWC
ecg07728	TWC,ST,APB
ecg07729	TWC,SB
ecg07730	SR
ecg07731	TWC,AFIB,VPB
ecg07732	SB
ecg07733	SB
ecg07734	SR
ecg07735	TWC,SB
ecg07736	TWC,SB
ecg07737	ST,ARS
ecg07738	STDD,AFIB,STTC,TWC
ecg07739	AFIB
ecg07740	RBBB,AFIB
ecg07741	LVH,SB
ecg07742	STTC,AFIB,LVH
ecg07743	SR,CCR
ecg07744	AQW,AF,AVB,LAFB
ecg07745	SR
ecg07746	RBBB,SB
ecg07747	TWC,AF,ALS,LVH,RBBB
ecg07748	STTC,AF,LVH
ecg07749	TWC,AFIB
ecg07750	SR
ecg07751	SB
ecg07752	SR
ecg07753	SB
ecg07754	SB
ecg07755	APB,SR,LVH
ecg07756	SR,CCR
ecg07757	TWC,AFIB
ecg07758	ST,ALS
ecg07759	SR
ecg07760	TWC,AFIB,VPB
ecg07761	AFIB,CCR
ecg07762	SR
ecg07763	AQW,AFIB,LVH,TWC
ecg07764	ST
ecg07765	ST
ecg07766	STTC,SR,LVH,PWC
ecg07767	TWC,SB,1AVB
ecg07768	TWC,SB,LAFB
ecg07769	AF
ecg07770	SR
ecg07771	TWC,SB
ecg07772	1AVB,SB
ecg07773	STTC,AFIB,ARS,LVH
ecg07774	SB
ecg07775	SB
ecg07776	LVH,SB
ecg07777	SR
ecg07778	SR
ecg07779	LVH,SB
ecg07780	STTC,AFIB,LVH
ecg07781	STTC,ST,LVH
ecg07782	STTC,ST
ecg07783	TWC,ST,RBBB
ecg07784	SR
ecg07785	AFIB
ecg07786	TWC,ST,ALS,APB
ecg07787	AQW,SR,ALS,STTU,TWC
ecg07788	AFIB
ecg07789	AF
ecg07790	AVB,AF,ALS,IDC,VPB
ecg07791	SB
ecg07792	LVH,SB
ecg07793	AFIB,LVH
ecg07794	IDC,AFIB
ecg07795	TWC,AFIB
ecg07796	STTC,ST,LAFB,RAH
ecg07797	SB
ecg07798	TWC,SB
ecg07799	VPB,ST
ecg07800	TWC,AFIB,LVH
ecg07801	SB
ecg07802	LVH,SB
ecg07803	SB
ecg07804	SR
ecg07805	SR
ecg07806	TWC,AFIB,TWO
ecg07807	SB
ecg07808	ST
ecg07809	TWC,ST,ALS,PWC
ecg07810	SR
ecg07811	STTC,SB
ecg07812	AQW,ST,TWC
ecg07813	SR,ALS
ecg07814	TWC,SB
ecg07815	SB
ecg07816	ST,ALS
ecg07817	SR
ecg07818	QTIE,SB,LVH
ecg07819	TWC,SR,APB
ecg07820	STTC,ST,LVH,PWC
ecg07821	TWC,ST,LVQRSAL
ecg07822	ST
ecg07823	SR
ecg07824	SB
ecg07825	SR
ecg07826	SB
ecg07827	SB
ecg07828	SR
ecg07829	AFIB
ecg07830	TWC,AFIB
ecg07831	SR
ecg07832	AFIB
ecg07833	AQW,SB,STTC
ecg07834	SR
ecg07835	TWC,SR
ecg07836	IDC,AFIB
ecg07837	SB
ecg07838	1AVB,SB,LVH
ecg07839	STTC,SB,LVH
ecg07840	STTC,ST
ecg07841	TWC,AFIB
ecg07842	ST
ecg07843	ST
ecg07844	LVH,SB
ecg07845	TWC,ST
ecg07846	LVH,SB
ecg07847	SR,ALS
ecg07848	IDC,AFIB
ecg07849	LVH,SB
ecg07850	SB
ecg07851	SB
ecg07852	SB
ecg07853	LVH,SB
ecg07854	SB
ecg07855	AFIB,ALS
ecg07856	TWC,ST
ecg07857	SB
ecg07858	STTC,AFIB,ALS
ecg07859	TWC,AFIB,ARS,CR
ecg07860	SR
ecg07861	ST
ecg07862	AFIB,LVH
ecg07863	STDD,SB,LVH,STTC,TWC,TWO
ecg07864	SB
ecg07865	SR
ecg07866	ST
ecg07867	APB,SB
ecg07868	SB
ecg07869	SB
ecg07870	SR
ecg07871	ST
ecg07872	SR
ecg07873	SB
ecg07874	SR
ecg07875	SB
ecg07876	TWC,AFIB
ecg07877	TWC,AFIB
ecg07878	ST,LVQRSAL
ecg07879	SB
ecg07880	TWC,SB,LVH
ecg07881	ST
ecg07882	SB
ecg07883	SR
ecg07884	VPE,AF
ecg07885	1AVB,SB,LAFB
ecg07886	SB
ecg07887	SB
ecg07888	AQW,SB
ecg07889	ST
ecg07890	ST
ecg07891	TWC,AFIB
ecg07892	SB
ecg07893	LVH,SB
ecg07894	TWC,AFIB
ecg07895	TWC,AFIB
ecg07896	AFIB
ecg07897	IDC,SB
ecg07898	AF,LVH
ecg07899	SB
ecg07900	SB
ecg07901	ST
ecg07902	SR
ecg07903	STDD,ST,STTC,TWC
ecg07904	TWC,ST
ecg07905	STTC,SB,LVH
ecg07906	SR
ecg07907	LVH,SB
ecg07908	STDD,AFIB,IDC,LAFB,STTC,TWO
ecg07909	SB
ecg07910	SR
ecg07911	SR
ecg07912	RBBB,AFIB,ALS,LVH
ecg07913	SR
ecg07914	AFIB
ecg07915	RBBB,AFIB
ecg07916	LAFB,SB,APB,LVH
ecg07917	STTC,ST
ecg07918	TWC,SR,LVH
ecg07919	STTU,ST,LAFB,LVQRSAL,TWO
ecg07920	SR
ecg07921	TWC,SR
ecg07922	ST
ecg07923	SB
ecg07924	SB
ecg07925	TWC,SR
ecg07926	TWC,AFIB
ecg07927	STTC,AFIB,LVH
ecg07928	SB
ecg07929	AFIB
ecg07930	SR
ecg07931	IDC,SB,LAFB
ecg07932	ST
ecg07933	SB
ecg07934	SB
ecg07935	STDD,SB,STTC,TWC
ecg07936	RBBB,AFIB
ecg07937	SR
ecg07938	SB
ecg07939	APB,SR,VPB
ecg07940	ST
ecg07941	LVH,SR
ecg07942	SB,ALS
ecg07943	IDC,SB
ecg07944	TWO,SR
ecg07945	SB
ecg07946	IDC,SB
ecg07947	TWC,SB,LVH
ecg07948	STTC,ST
ecg07949	AFIB
ecg07950	SR
ecg07951	SB
ecg07952	IDC,AFIB,CR,LAFB,VEB
ecg07953	RBBB,AF
ecg07954	APB,SB
ecg07955	SR
ecg07956	TWC,AFIB
ecg07957	STDD,ST,TWC
ecg07958	STTC,AFIB,LVH
ecg07959	TWC,SB
ecg07960	STDD,AFIB,LVH,STTC
ecg07961	LVH,SR
ecg07962	SB
ecg07963	SB
ecg07964	TWC,ST
ecg07965	SR
ecg07966	SR
ecg07967	LAFB,ST
ecg07968	SB
ecg07969	RBBB,AF
ecg07970	SB
ecg07971	SB
ecg07972	AFIB
ecg07973	SR
ecg07974	TWC,AFIB
ecg07975	TWC,AF,RBBB
ecg07976	RBBB,SB,LVH
ecg07977	SB
ecg07978	TWC,SR
ecg07979	SB,CCR
ecg07980	SB
ecg07981	TWC,SR,1AVB,LVH
ecg07982	SB
ecg07983	TWC,AF,RBBB
ecg07984	ST
ecg07985	TWC,SR
ecg07986	STDD,ST,TWC
ecg07987	AQW,SB,ALS,RBBB
ecg07988	LVH,ST
ecg07989	SB
ecg07990	TWC,SB
ecg07991	AFIB
ecg07992	APB,ST
ecg07993	STDD,AFIB,STTC,TWC
ecg07994	SR
ecg07995	AFIB,ALS
ecg07996	SB
ecg07997	SR
ecg07998	AFIB
ecg07999	SB
ecg08000	ST
ecg08001	AQW,SB,ALS,IDC,LVQRSAL,TWC,TWO
ecg08002	SB
ecg08003	SB
ecg08004	ST
ecg08005	TWC,SB,TWO
ecg08006	SB
ecg08007	STTC,SR
ecg08008	SB
ecg08009	LVH,SB
ecg08010	SB
ecg08011	RBBB,SB,LVH
ecg08012	SR
ecg08013	SB
ecg08014	SB
ecg08015	AFIB
ecg08016	TWC,SB
ecg08017	SR
ecg08018	AVB,AF,ALS
ecg08019	STTC,AFIB,CCR,LVH
ecg08020	TWC,SB,LVH
ecg08021	VPB,SB
ecg08022	STTC,AF
ecg08023	LVH,SB
ecg08024	SR
ecg08025	TWC,SB,QTIE
ecg08026	SR
ecg08027	SB
ecg08028	SB
ecg08029	STDD,AFIB,LVH,STTC,TWC
ecg08030	SR
ecg08031	SB
ecg08032	AFIB,ALS
ecg08033	TWC,SB,LVH
ecg08034	AFIB
ecg08035	ST
ecg08036	TWC,SR
ecg08037	TWC,SB,APB,LVH
ecg08038	STTC,AFIB
ecg08039	AQW,AF,AVB
ecg08040	SB
ecg08041	APB,SB
ecg08042	AFIB
ecg08043	SR
ecg08044	TWC,SB
ecg08045	SB
ecg08046	STDD,AFIB,RBBB,STTC,TWC
ecg08047	SB
ecg08048	AFIB
ecg08049	AQW,AFIB,LVH,STDD,TWC,VPB
ecg08050	LVH,SB
ecg08051	ST
ecg08052	ST
ecg08053	SB
ecg08054	ST
ecg08055	SR
ecg08056	SR
ecg08057	TWC,SB
ecg08058	SB,CCR
ecg08059	STTC,SR
ecg08060	SR
ecg08061	SB
ecg08062	AFIB,VPB
ecg08063	SR
ecg08064	LVH,ST
ecg08065	ST
ecg08066	LVH,SR
ecg08067	ST,CCR
ecg08068	SB
ecg08069	AQW,SR,1AVB,APB,STDD
ecg08070	SB,LVQRSAL
ecg08071	LVH,SR
ecg08072	SR
ecg08073	SB
ecg08074	SB
ecg08075	AFIB
ecg08076	SB
ecg08077	ST
ecg08078	SB
ecg08079	SB
ecg08080	STTC,AFIB,RBBB
ecg08081	LAFB,AF,RBBB
ecg08082	TWC,AFIB,CCR,LVH
ecg08083	TWC,SR
ecg08084	APB,SB,ALS
ecg08085	SR
ecg08086	RBBB,SB
ecg08087	TWC,SB,LVH
ecg08088	STTU,ST,ARS
ecg08089	TWC,SB,RBBB
ecg08090	STTC,AFIB
ecg08091	LVH,SB,ARS
ecg08092	SB
ecg08093	1AVB,ST
ecg08094	SR
ecg08095	AFIB
ecg08096	STTC,AFIB,LVH,TWC
ecg08097	STTC,AFIB
ecg08098	TWC,ST,ARS,CR,PWC,VPB
ecg08099	TWC,AFIB
ecg08100	AVB,AF
ecg08101	LVH,SB
ecg08102	SB
ecg08103	SB
ecg08104	ST
ecg08105	TWC,SB
ecg08106	SB
ecg08107	TWC,SR
ecg08108	SB
ecg08109	AF,LVH
ecg08110	SB
ecg08111	SR
ecg08112	ST
ecg08113	STTC,ST,APB
ecg08114	LVH,SB
ecg08115	SB
ecg08116	SR
ecg08117	SR
ecg08118	SR
ecg08119	1AVB,SB
ecg08120	AFIB,VPB
ecg08121	STTC,ST
ecg08122	RBBB,SB
ecg08123	SB
ecg08124	AVB,AF
ecg08125	SB
ecg08126	ST
ecg08127	RBBB,AFIB,LVH
ecg08128	TWC,SB
ecg08129	AF,LVQRSAL
ecg08130	SR
ecg08131	TWC,SB
ecg08132	SB,ARS
ecg08133	TWC,SR
ecg08134	SB
ecg08135	STDD,SB,LVH,STTC,TWC
ecg08136	TWC,ST,LVH,PWC
ecg08137	SB
ecg08138	TWC,SB,LVH
ecg08139	SR
ecg08140	SB
ecg08141	LVH,SB
ecg08142	SR
ecg08143	STTC,SR
ecg08144	APB,SB,LVH,VPB
ecg08145	STTC,AFIB
ecg08146	SR
ecg08147	SB
ecg08148	STDD,SR,STTC
ecg08149	STDD,AFIB,STTC,TWC
ecg08150	TWC,SB
ecg08151	SB
ecg08152	TWC,AFIB,LVH
ecg08153	SB
ecg08154	ERV,SB
ecg08155	TWC,AFIB
ecg08156	AFIB,LVH
ecg08157	SR
ecg08158	SB
ecg08159	SR
ecg08160	TWC,ST
ecg08161	LVH,SB
ecg08162	SB
ecg08163	STTC,SB,1AVB,CCR
ecg08164	SR
ecg08165	ST,PWC
ecg08166	AFIB
ecg08167	LVH,SB
ecg08168	SB
ecg08169	SB
ecg08170	AQW,AFIB,STTU
ecg08171	SB
ecg08172	AF
ecg08173	SB
ecg08174	STDD,SB,STTC,TWC
ecg08175	TWC,SB,TWO
ecg08176	TWC,AFIB
ecg08177	SB
ecg08178	STDD,ST,APB,LVH,STTC,TWC
ecg08179	SR
ecg08180	RBBB,SB
ecg08181	TWC,SB
ecg08182	LVH,SR
ecg08183	STTC,AFIB,IDC
ecg08184	SR
ecg08185	LAFB,AFIB,ALS
ecg08186	AFIB
ecg08187	TWC,AFIB
ecg08188	STTU,ST,LAFB,RBBB,TWC
ecg08189	AFIB
ecg08190	STDD,AF,LAFB,STTC,TWC,VPB
ecg08191	SR
ecg08192	SR
ecg08193	STTU,ST
ecg08194	VPE,SR
ecg08195	SB
ecg08196	SR
ecg08197	TWC,SR,APB,LVH
ecg08198	LAFB,SB
ecg08199	RBBB,AFIB,LVH
ecg08200	SB
ecg08201	AFIB
ecg08202	SB
ecg08203	AQW,AFIB,LVQRSAL,TWC
ecg08204	SR
ecg08205	TWC,SB
ecg08206	SB
ecg08207	AF
ecg08208	TWC,AFIB
ecg08209	SB,CCR
ecg08210	ST
ecg08211	SR
ecg08212	TWC,ST
ecg08213	SR
ecg08214	SB
ecg08215	SR
ecg08216	STTC,AFIB,LVH,RBBB
ecg08217	SR
ecg08218	RBBB,SB
ecg08219	SB
ecg08220	TWC,SB,LVH
ecg08221	STTC,SB
ecg08222	SB
ecg08223	AFIB,LVH
ecg08224	AQW,SR,ALS
ecg08225	TWC,AFIB,ALS
ecg08226	IDC,SB
ecg08227	STTC,SB
ecg08228	SB
ecg08229	TWC,SB,TWO
ecg08230	SB
ecg08231	STTC,ST
ecg08232	AQW,AFIB,ARS,CR,IDC
ecg08233	VPB,ST,ALS,CR
ecg08234	SB
ecg08235	STTU,SB
ecg08236	SB
ecg08237	TWC,SB
ecg08238	SR
ecg08239	SR
ecg08240	AVB,AF,LVH
ecg08241	AFIB
ecg08242	TWC,AFIB
ecg08243	AF,LVH
ecg08244	SB
ecg08245	VPB,SB,LVH
ecg08246	LVH,SB
ecg08247	STDD,SR,APB,TWC
ecg08248	LVH,SB
ecg08249	AFIB
ecg08250	SB
ecg08251	SB
ecg08252	STDD,SB,CCR,LVH,STTC,TWC
ecg08253	STTC,SB,LVH
ecg08254	SB
ecg08255	SB
ecg08256	AVB,AF,VPB
ecg08257	RBBB,AFIB
ecg08258	SR
ecg08259	SB
ecg08260	LVH,SB,CCR
ecg08261	STDD,ST,APB,LVH,STTC,TWC,VPB
ecg08262	SR
ecg08263	AFIB,LVH
ecg08264	STTC,SR,LVH,TWC
ecg08265	AQW,AFIB,ALS,TWC
ecg08266	STDD,AFIB,LVH,STTC,TWC
ecg08267	TWC,SB,ALS
ecg08268	STTC,ST
ecg08269	LVH,SB
ecg08270	STDD,ST
ecg08271	RBBB,AF
ecg08272	STTU,AFIB
ecg08273	APB,SB
ecg08274	LVH,SB
ecg08275	AF,LVH
ecg08276	LVH,SR
ecg08277	AFIB
ecg08278	AFIB
ecg08279	TWC,AF
ecg08280	AFIB
ecg08281	LAFB,AFIB,RBBB
ecg08282	SB
ecg08283	SB
ecg08284	SB
ecg08285	STTC,AFIB,LVH
ecg08286	LVH,SB
ecg08287	AVB,AF,RBBB
ecg08288	SB
ecg08289	TWC,AFIB
ecg08290	ST
ecg08291	AFIB
ecg08292	TWC,SB,QTIE
ecg08293	TWC,SB
ecg08294	ST
ecg08295	AQW,AFIB,TWC
ecg08296	SB
ecg08297	TWO,SR
ecg08298	MI,ST,MI_LAT,STTU,TWC,VPB
ecg08299	SB
ecg08300	SR
ecg08301	SB
ecg08302	STTC,ST,APB
ecg08303	STTC,AFIB,TWC
ecg08304	STTC,AF
ecg08305	SB
ecg08306	SR,ALS
ecg08307	SB
ecg08308	IDC,AFIB,CCR,VPB
ecg08309	AFIB
ecg08310	AQW,SR,APB,STTU
ecg08311	AVB,AF
ecg08312	AFIB,LVH
ecg08313	STTC,AFIB
ecg08314	ST,LVQRSAL
ecg08315	LVH,SB
ecg08316	TWC,AFIB,VPB
ecg08317	SB,ARS
ecg08318	AFIB,ALS,LVQRSAL
ecg08319	ST
ecg08320	ST
ecg08321	SB
ecg08322	SB
ecg08323	SR
ecg08324	TWC,SR,VPB
ecg08325	SB
ecg08326	ST
ecg08327	TWC,AF
ecg08328	AFIB,LVH
ecg08329	AFIB
ecg08330	ST
ecg08331	TWC,SB,1AVB,LVH
ecg08332	SB
ecg08333	SR
ecg08334	VPE,ST
ecg08335	AFIB,ALS,LVH
ecg08336	SB
ecg08337	SB
ecg08338	SB
ecg08339	SR
ecg08340	UW,AFIB,LVH
ecg08341	ST
ecg08342	SR
ecg08343	LVH,SB
ecg08344	AFIB
ecg08345	STDD,AFIB,RBBB,STTC,TWO
ecg08346	SB
ecg08347	LVH,SB,CCR
ecg08348	STTC,AFIB
ecg08349	STTC,SR,TWO
ecg08350	SB
ecg08351	STDD,AFIB,STTC,TWC
ecg08352	SB
ecg08353	STTC,ST
ecg08354	SB
ecg08355	SB
ecg08356	AQW,AF,IDC,MI,MI_LAT,STTU,TWC
ecg08357	TWC,SR
ecg08358	ST
ecg08359	TWC,AFIB,VPB
ecg08360	ST
ecg08361	TWC,AFIB
ecg08362	SB
ecg08363	TWC,ST
ecg08364	1AVB,SB
ecg08365	SB
ecg08366	ST,ARS,CR
ecg08367	AFIB
ecg08368	SB
ecg08369	SB
ecg08370	TWC,AFIB,LVQRSAL
ecg08371	SB
ecg08372	TWC,SR
ecg08373	AFIB,LVH
ecg08374	SB
ecg08375	SB
ecg08376	AQW,SB
ecg08377	ST
ecg08378	SB
ecg08379	SB
ecg08380	SR
ecg08381	SR
ecg08382	STTC,ST,ARS,PWC
ecg08383	SR
ecg08384	SR
ecg08385	AF
ecg08386	SR
ecg08387	SB
ecg08388	ERV,SB,LVH
ecg08389	TWC,AFIB,ARS
ecg08390	STTC,SB,LVH
ecg08391	TWC,ST
ecg08392	SB
ecg08393	TWC,AFIB
ecg08394	TWC,ST,LVQRSAL
ecg08395	STTC,ST
ecg08396	TWC,SB,ALS,LVH,RBBB
ecg08397	SR
ecg08398	APB,SB
ecg08399	TWC,AFIB
ecg08400	AFIB
ecg08401	LAFB,AF
ecg08402	STDD,AFIB,LVH,STTC,VPB
ecg08403	AFIB,LVH
ecg08404	TWC,AFIB,LAFB,RBBB
ecg08405	AFIB
ecg08406	TWC,AFIB,LVH
ecg08407	STTC,ST
ecg08408	SB
ecg08409	SR
ecg08410	ST
ecg08411	TWC,AFIB,VPB
ecg08412	LVH,SB
ecg08413	APB,SR,VPB
ecg08414	SB
ecg08415	LVH,SB
ecg08416	SB
ecg08417	SB
ecg08418	LVH,SB
ecg08419	APB,SB,LVH,LVQRSAL
ecg08420	STTC,AFIB
ecg08421	1AVB,SB
ecg08422	STTU,SB,ARS
ecg08423	SB
ecg08424	ST
ecg08425	MI,ST,MI_LAT
ecg08426	SB
ecg08427	AFIB
ecg08428	LVH,SB
ecg08429	AFIB
ecg08430	LVH,SB
ecg08431	SR
ecg08432	AFIB,ARS
ecg08433	SR
ecg08434	UW,AFIB
ecg08435	SB
ecg08436	AFIB,LVH,VPB
ecg08437	AFIB,LVH
ecg08438	SR
ecg08439	SR
ecg08440	ST
ecg08441	STTC,ST
ecg08442	ST
ecg08443	SR
ecg08444	STTC,ST
ecg08445	TWC,AF,AVB,VPB
ecg08446	TWC,SB,QTIE
ecg08447	SR
ecg08448	SR
ecg08449	STTC,AFIB
ecg08450	VPB,ST
ecg08451	ST
ecg08452	AFIB,LVH
ecg08453	TWC,AFIB,LVH
ecg08454	SR
ecg08455	TWC,SR
ecg08456	TWC,SB
ecg08457	SR
ecg08458	STTC,ST
ecg08459	SR
ecg08460	AFIB,LVH
ecg08461	SB
ecg08462	AFIB,LVH
ecg08463	AFIB
ecg08464	LVH,SB,ALS
ecg08465	TWC,AFIB,LVQRSAL
ecg08466	SB
ecg08467	LVH,ST
ecg08468	ST
ecg08469	SB
ecg08470	SB
ecg08471	SB
ecg08472	STTC,ST,LVQRSAL
ecg08473	ST
ecg08474	SB
ecg08475	SR
ecg08476	SR
ecg08477	ST
ecg08478	ST
ecg08479	LVH,SB
ecg08480	AVB,AF,RBBB
ecg08481	SB
ecg08482	STTC,SR,APB
ecg08483	SB
ecg08484	TWC,AFIB,LVH,VPB
ecg08485	ST
ecg08486	STDD,ST,LVH,STTC
ecg08487	MI,MI_LAT,AQW,STTU,1AVB,ST,RBBB
ecg08488	ST
ecg08489	SB
ecg08490	STDD,ST,LVH,TWC
ecg08491	1AVB,ST,VPB
ecg08492	SR,ALS,CR
ecg08493	SB,ARS
ecg08494	SB
ecg08495	LVH,SB
ecg08496	LVH,SB
ecg08497	AFIB,LVQRSAL,VPB
ecg08498	SB
ecg08499	ST
ecg08500	AFIB
ecg08501	STTU,SB
ecg08502	LVH,SB
ecg08503	SB
ecg08504	SR
ecg08505	LVH,SB
ecg08506	SB
ecg08507	ST
ecg08508	TWC,SR
ecg08509	LAFB,ST,LVQRSAL
ecg08510	TWC,ST,VPB
ecg08511	AFIB
ecg08512	SB
ecg08513	APB,ST
ecg08514	SR
ecg08515	AFIB
ecg08516	RBBB,ST
ecg08517	AFIB
ecg08518	SR
ecg08519	TWC,SB,1AVB,ALS
ecg08520	SB
ecg08521	TWC,SB,LVH
ecg08522	AFIB
ecg08523	SR
ecg08524	TWC,ST
ecg08525	SB
ecg08526	SR
ecg08527	ST,LVQRSAL
ecg08528	SR
ecg08529	SB
ecg08530	1AVB,SB
ecg08531	STTU,SB,TWC
ecg08532	TWC,ST,PWC
ecg08533	STTC,SR
ecg08534	1AVB,SB
ecg08535	SR
ecg08536	SB,ALS
ecg08537	TWC,SB,APB,JEB,LVH
ecg08538	ST
ecg08539	LVH,SB
ecg08540	TWC,AFIB,RBBB
ecg08541	TWC,AFIB,LVH,VPB
ecg08542	LVH,SB
ecg08543	ST
ecg08544	SB
ecg08545	TWC,ST
ecg08546	AFIB,LVH
ecg08547	SB
ecg08548	AFIB
ecg08549	ST
ecg08550	TWC,AFIB,VPB
ecg08551	STDD,AFIB,TWC
ecg08552	SB
ecg08553	AFIB,ARS
ecg08554	AFIB
ecg08555	SR
ecg08556	AF
ecg08557	SB
ecg08558	SB
ecg08559	UW,SB,RBBB
ecg08560	ST
ecg08561	TWC,AFIB,IDC,TWO
ecg08562	TWC,SR
ecg08563	TWC,AFIB,ARS
ecg08564	STTC,ST,ARS
ecg08565	SR
ecg08566	LVH,SB
ecg08567	TWC,ST
ecg08568	STTC,ST
ecg08569	AF
ecg08570	SB
ecg08571	SB
ecg08572	ST
ecg08573	SB
ecg08574	TWC,SB
ecg08575	ST,ALS
ecg08576	RBBB,SB
ecg08577	RBBB,AF,VPB
ecg08578	ST
ecg08579	SB
ecg08580	AQW,SB,TWC
ecg08581	ST,ARS
ecg08582	STDD,AFIB,IDC,LAFB,STTC,TWO
ecg08583	SB
ecg08584	AFIB
ecg08585	ST
ecg08586	STTC,AFIB,IDC
ecg08587	SB
ecg08588	ST
ecg08589	TWC,SR,VET
ecg08590	TWC,AFIB
ecg08591	SR
ecg08592	ST
ecg08593	STTC,AFIB,LVH,VPB
ecg08594	AFIB,CCR
ecg08595	SB
ecg08596	STTC,ST,PRIE
ecg08597	STTC,AF
ecg08598	APB,ST,PWC
ecg08599	TWC,AF,AVB
ecg08600	TWC,ST,1AVB,PWC
ecg08601	LVH,ST
ecg08602	SB
ecg08603	SB
ecg08604	AFIB
ecg08605	LVH,ST
ecg08606	LVH,SB
ecg08607	AFIB,LVQRSAL
ecg08608	SB
ecg08609	ST
ecg08610	SB
ecg08611	TWC,SB
ecg08612	STTC,ST,APB,LVH
ecg08613	STDD,AFIB,STTC,TWO
ecg08614	SB
ecg08615	ST
ecg08616	SB,ARS
ecg08617	SR
ecg08618	SB
ecg08619	TWC,SB,LVH
ecg08620	AFIB
ecg08621	SB
ecg08622	VPB,ST
ecg08623	STTC,ST,ARS
ecg08624	1AVB,SB
ecg08625	TWC,AFIB
ecg08626	AVB,AF
ecg08627	SB
ecg08628	TWC,SR
ecg08629	LVH,SB
ecg08630	STTU,SB
ecg08631	STTC,SB,IDC
ecg08632	AFIB
ecg08633	SB
ecg08634	SB
ecg08635	SB
ecg08636	SR
ecg08637	AFIB
ecg08638	AQW,AFIB,STTU
ecg08639	SB
ecg08640	ST
ecg08641	TWC,AFIB,RBBB,TWO
ecg08642	AFIB
ecg08643	SB
ecg08644	IDC,SB,LVH
ecg08645	TWC,SB
ecg08646	TWC,AFIB,CCR,VPB
ecg08647	SB
ecg08648	STTC,ST
ecg08649	TWC,SB
ecg08650	ST
ecg08651	SB
ecg08652	SB
ecg08653	SB
ecg08654	SB
ecg08655	SR
ecg08656	STTC,ST
ecg08657	SR,ALS
ecg08658	STDD,AFIB,LVQRSAL,STTC
ecg08659	SB
ecg08660	SB
ecg08661	LVH,SR
ecg08662	TWC,AF
ecg08663	SB
ecg08664	SB
ecg08665	STTC,AFIB,LVH
ecg08666	AFIB
ecg08667	AFIB
ecg08668	AFIB
ecg08669	SR
ecg08670	TWC,SB
ecg08671	ST
ecg08672	ST
ecg08673	SR
ecg08674	TWC,ST,APB
ecg08675	SR
ecg08676	MI,MI_LAT,AQW,STTU,SR,TWO
ecg08677	SR
ecg08678	APB,SB
ecg08679	SB
ecg08680	SB
ecg08681	TWC,SB,ALS
ecg08682	SB
ecg08683	SR
ecg08684	LAFB,ST,ALS,APB
ecg08685	ST
ecg08686	SB
ecg08687	AFIB
ecg08688	SR
ecg08689	SR
ecg08690	ST
ecg08691	AFIB
ecg08692	SR
ecg08693	TWC,SR,1AVB
ecg08694	STDD,SB,STTC,TWC,TWO
ecg08695	SB
ecg08696	AFIB
ecg08697	STDD,AFIB,IDC,LVH,STTC,TWC
ecg08698	AFIB
ecg08699	SB
ecg08700	SR
ecg08701	SR
ecg08702	TWC,SB,ALS
ecg08703	STTC,AFIB
ecg08704	SB
ecg08705	ST
ecg08706	TWC,SR
ecg08707	SR
ecg08708	SB
ecg08709	SR
ecg08710	SB
ecg08711	AF
ecg08712	SR
ecg08713	STTC,AFIB
ecg08714	SB
ecg08715	SR
ecg08716	TWC,AFIB,LAFB,LVH
ecg08717	SR
ecg08718	TWC,SB,LVQRSAL
ecg08719	SB
ecg08720	STDD,SB,LVH,STTU,TWC
ecg08721	AFIB,LVH
ecg08722	SB
ecg08723	AF
ecg08724	AFIB,LVH
ecg08725	ST
ecg08726	LAFB,AF
ecg08727	TWC,ST
ecg08728	SR
ecg08729	TWC,ST,1AVB
ecg08730	LVH,SR
ecg08731	SB
ecg08732	STDD,SB,STTC,TWC
ecg08733	SR
ecg08734	1AVB,SB
ecg08735	ST
ecg08736	TWC,SB,APB,JEB
ecg08737	RBBB,SB
ecg08738	STDD,AFIB,STTC,TWC
ecg08739	SR
ecg08740	TWC,AF,ARS
ecg08741	SB
ecg08742	LVH,SR
ecg08743	ST,ALS
ecg08744	LAFB,AFIB,RBBB
ecg08745	STDD,ST,TWC
ecg08746	STTC,ST,1AVB,LVQRSAL,PWC
ecg08747	SR
ecg08748	RBBB,SB
ecg08749	SB
ecg08750	SB
ecg08751	1AVB,SB
ecg08752	SR
ecg08753	STTC,AFIB
ecg08754	AFIB
ecg08755	STTC,ST
ecg08756	TWC,SB,1AVB,LVH
ecg08757	AQW,SB,RBBB,TWC,TWO
ecg08758	AQW,SB,LVH,STTU,TWC,TWO
ecg08759	STDD,ST,1AVB,ALS,STTC,TWC
ecg08760	AF,CCR
ecg08761	SB,ARS
ecg08762	ST
ecg08763	ERV,SB
ecg08764	SB
ecg08765	STTU,ST
ecg08766	TWC,ST,1AVB,ARS,CR
ecg08767	SB
ecg08768	STTC,AFIB
ecg08769	ST
ecg08770	AFIB
ecg08771	TWC,SB
ecg08772	TWC,ST
ecg08773	SB
ecg08774	SR
ecg08775	SB
ecg08776	STDD,ST,TWC,VPB
ecg08777	SB
ecg08778	AFIB
ecg08779	TWC,SB
ecg08780	SB
ecg08781	SR
ecg08782	AFIB,ALS
ecg08783	AFIB
ecg08784	AQW,SB,LVH,STDD,STTC,STTU,TWO
ecg08785	TWC,SB,CCR
ecg08786	STDD,ST,TWC
ecg08787	AFIB
ecg08788	SB
ecg08789	SR
ecg08790	SR
ecg08791	TWC,AFIB
ecg08792	SR
ecg08793	TWC,SB
ecg08794	TWC,SB,LVH
ecg08795	1AVB,SB
ecg08796	SB
ecg08797	SB
ecg08798	SB
ecg08799	SB
ecg08800	SB
ecg08801	ST
ecg08802	TWC,AFIB
ecg08803	AFIB
ecg08804	TWC,AFIB
ecg08805	AFIB,ALS
ecg08806	ST
ecg08807	SR
ecg08808	AF,LVH
ecg08809	STTC,ST,LVH
ecg08810	TWC,ST,1AVB
ecg08811	AFIB
ecg08812	SB
ecg08813	STDD,AF,LVH,STTC,TWC
ecg08814	SB
ecg08815	SB
ecg08816	SB
ecg08817	TWC,ST
ecg08818	STTC,AF
ecg08819	SB
ecg08820	SB
ecg08821	SB
ecg08822	SB
ecg08823	SR
ecg08824	TWC,AFIB
ecg08825	SB
ecg08826	STDD,SR,LVH,TWC
ecg08827	ST
ecg08828	SR
ecg08829	TWC,AFIB
ecg08830	TWC,SB
ecg08831	RBBB,SB
ecg08832	SB
ecg08833	STDD,AFIB,ARS,RBBB,STTC,TWC
ecg08834	SR
ecg08835	SB
ecg08836	SB
ecg08837	ST
ecg08838	STTC,SR
ecg08839	TWC,SB
ecg08840	RBBB,SR
ecg08841	AFIB,ARS
ecg08842	TWC,SB,LAFB
ecg08843	SB
ecg08844	AQW,ST,RBBB,STTC
ecg08845	SB
ecg08846	SB
ecg08847	SR
ecg08848	SB
ecg08849	SB
ecg08850	TWC,ST
ecg08851	IDC,AFIB
ecg08852	SB
ecg08853	ST
ecg08854	STTU,AF,AVB
ecg08855	SB
ecg08856	SR
ecg08857	TWC,AFIB
ecg08858	SB
ecg08859	RBBB,AFIB
ecg08860	TWC,AFIB,ALS,IDC,LVH
ecg08861	SB
ecg08862	STTC,AFIB
ecg08863	SR
ecg08864	SR
ecg08865	LVH,SB
ecg08866	SB
ecg08867	SB
ecg08868	STTU,SB
ecg08869	ST
ecg08870	RBBB,SB
ecg08871	STTC,AF,LVH
ecg08872	TWC,AFIB,LVH
ecg08873	LVH,SB
ecg08874	SR
ecg08875	SB
ecg08876	SR
ecg08877	ST
ecg08878	SR
ecg08879	SB
ecg08880	SB
ecg08881	TWC,AFIB,RBBB
ecg08882	SB
ecg08883	STDD,AFIB,STTC,TWC
ecg08884	SR
ecg08885	SR
ecg08886	AQW,ST
ecg08887	SR
ecg08888	AVB,AF
ecg08889	SB
ecg08890	SB
ecg08891	SB
ecg08892	SB
ecg08893	STTC,SR,LVH,VPB
ecg08894	SB
ecg08895	TWC,ST
ecg08896	SR
ecg08897	SB
ecg08898	SR
ecg08899	TWC,SB
ecg08900	TWC,AFIB,LVH
ecg08901	STTC,AFIB
ecg08902	STTC,AFIB,ARS
ecg08903	SB
ecg08904	STDD,SB,STTC,TWO
ecg08905	AFIB
ecg08906	SR
ecg08907	SB
ecg08908	TWC,SR,ALS
ecg08909	TWC,AFIB
ecg08910	SB
ecg08911	SB
ecg08912	STTC,AF,LVH
ecg08913	LVH,SB
ecg08914	AQW,AFIB,ALS
ecg08915	LAFB,ST
ecg08916	SB
ecg08917	LAFB,ST,ARS
ecg08918	STTC,SB
ecg08919	AFIB
ecg08920	SR
ecg08921	LVH,SB
ecg08922	SR
ecg08923	SB
ecg08924	STTC,AFIB
ecg08925	STTC,SR
ecg08926	SB
ecg08927	ST
ecg08928	TWC,SB,1AVB
ecg08929	SR,ALS
ecg08930	AQW,SB,TWC
ecg08931	LVH,SB
ecg08932	AFIB
ecg08933	MI,ST,MI_LAT,STDD,STTU
ecg08934	SB
ecg08935	SB
ecg08936	TWC,ST,ALS
ecg08937	AF
ecg08938	AF
ecg08939	RBBB,SB,LVQRSAL
ecg08940	SB
ecg08941	SR
ecg08942	TWC,SR,ALS
ecg08943	SR
ecg08944	TWC,AFIB
ecg08945	STTC,ST,APB
ecg08946	SR,LVQRSAL
ecg08947	ST
ecg08948	SR
ecg08949	TWC,SB,UW
ecg08950	UW,AF
ecg08951	SR,PWC
ecg08952	TWC,SB
ecg08953	SR
ecg08954	AQW,ST,LVQRSAL,TWO
ecg08955	STTC,SB
ecg08956	AFIB
ecg08957	TWC,AFIB,IDC
ecg08958	AFIB
ecg08959	TWC,ST
ecg08960	LVH,SB
ecg08961	AF
ecg08962	SB
ecg08963	ST,PWC
ecg08964	SB
ecg08965	LVH,SR
ecg08966	TWC,SB
ecg08967	SB
ecg08968	SB
ecg08969	STTC,ST
ecg08970	SB
ecg08971	STDD,AFIB,LVH,STTC,TWO
ecg08972	TWC,SR
ecg08973	TWC,SB,CCR
ecg08974	SB
ecg08975	SR,PWC
ecg08976	RBBB,AFIB
ecg08977	TWC,AFIB
ecg08978	SR
ecg08979	JEB,SB
ecg08980	TWC,SR,APB
ecg08981	TWC,AFIB
ecg08982	SB
ecg08983	TWC,SB,VPB
ecg08984	SR
ecg08985	SB
ecg08986	TWC,AFIB
ecg08987	SB
ecg08988	ST
ecg08989	SR,CCR
ecg08990	TWC,ST,ALS
ecg08991	TWO,SB
ecg08992	LVH,SB
ecg08993	STDD,ST,LVH,STTC,TWC
ecg08994	STDD,SB,STTC,TWC
ecg08995	STTC,AFIB,IDC,LVH
ecg08996	SB
ecg08997	TWC,SB,LVH
ecg08998	SR
ecg08999	SB,CCR
ecg09000	STTU,SB
ecg09001	TWC,AFIB,VPB
ecg09002	SB
ecg09003	LVH,SB
ecg09004	SB
ecg09005	SB
ecg09006	TWC,AF,AVB
ecg09007	STTC,AFIB
ecg09008	TWC,AFIB,VPB
ecg09009	SR
ecg09010	AFIB,CR
ecg09011	AQW,SB,LVQRSAL,TWC
ecg09012	SB
ecg09013	TWC,SB
ecg09014	SB
ecg09015	AF
ecg09016	SB
ecg09017	RBBB,ST,ARS,CR
ecg09018	SB
ecg09019	ERV,SR
ecg09020	SB
ecg09021	SR
ecg09022	TWC,AF,ALS
ecg09023	SB
ecg09024	ST
ecg09025	STTC,AFIB,VEB
ecg09026	SR
ecg09027	TWC,AFIB
ecg09028	SB
ecg09029	STTC,ST
ecg09030	SR
ecg09031	SR
ecg09032	STDD,AFIB,TWC
ecg09033	TWC,AF,AVB,LAFB
ecg09034	SR
ecg09035	AFIB
ecg09036	STTC,AFIB
ecg09037	RBBB,SB,LVH
ecg09038	SB
ecg09039	VPB,ST
ecg09040	TWC,SR
ecg09041	STDD,AFIB,STTC,TWC
ecg09042	TWC,SB,LVH
ecg09043	SR
ecg09044	LVH,SB
ecg09045	SB
ecg09046	VPE,AF
ecg09047	SB
ecg09048	SR
ecg09049	SB,ARS
ecg09050	SB
ecg09051	SB
ecg09052	TWC,AFIB,LVH,TWO
ecg09053	SB
ecg09054	TWC,SB
ecg09055	SR
ecg09056	IDC,AFIB,LVH,LVQRSAL
ecg09057	SB
ecg09058	SR
ecg09059	STTC,AFIB,LVH
ecg09060	APB,SB,LVH
ecg09061	AF,ALS
ecg09062	ST
ecg09063	TWC,AFIB,ALS
ecg09064	LVH,SB
ecg09065	SB
ecg09066	STDD,SB,STTC,TWC
ecg09067	TWC,SB,LVH
ecg09068	SB
ecg09069	STTC,AFIB
ecg09070	SB
ecg09071	ST
ecg09072	STTC,ST
ecg09073	ST
ecg09074	AFIB
ecg09075	SR
ecg09076	ERV,SB
ecg09077	ST
ecg09078	STTC,AFIB
ecg09079	AFIB
ecg09080	SB
ecg09081	SB
ecg09082	SR
ecg09083	STTC,SB,LVH
ecg09084	SR
ecg09085	SB
ecg09086	STDD,AFIB,STTC,TWC
ecg09087	STDD,AFIB,RBBB,STTC
ecg09088	SB
ecg09089	SB
ecg09090	SB
ecg09091	AFIB,VPB
ecg09092	STTC,AFIB,LVH
ecg09093	TWC,AF
ecg09094	STTC,SB,LVH
ecg09095	SB
ecg09096	SR
ecg09097	STTC,ST,IDC,LVH
ecg09098	AF
ecg09099	TWC,SR,1AVB,CR
ecg09100	RBBB,SB
ecg09101	SB
ecg09102	TWC,SB,ALS,LVQRSAL
ecg09103	TWC,SR,LVH
ecg09104	TWC,SB,TWO
ecg09105	SB
ecg09106	TWC,SB
ecg09107	SB
ecg09108	MI,AF,ALS,AVB,MI_LAT
ecg09109	TWC,SB,TWO
ecg09110	TWC,ST,LVQRSAL
ecg09111	SB
ecg09112	SB
ecg09113	TWC,AFIB
ecg09114	ST
ecg09115	TWC,SB,LVQRSAL
ecg09116	SR
ecg09117	LVH,SB
ecg09118	STTC,ST
ecg09119	SB
ecg09120	SB
ecg09121	SR
ecg09122	SB
ecg09123	SR
ecg09124	SB
ecg09125	TWC,ST
ecg09126	SB
ecg09127	LVH,SR
ecg09128	TWC,SB,LVH
ecg09129	SR
ecg09130	SB
ecg09131	SR
ecg09132	SB
ecg09133	SB
ecg09134	SR
ecg09135	ST
ecg09136	TWC,AFIB,LVH
ecg09137	STTC,ST,LVH
ecg09138	SB
ecg09139	RBBB,ST,ALS
ecg09140	RBBB,ST
ecg09141	TWC,AFIB
ecg09142	TWO,ST
ecg09143	TWC,ST
ecg09144	TWC,AFIB
ecg09145	LVH,SB
ecg09146	AFIB,ARS,VPB
ecg09147	AF,ALS
ecg09148	ST
ecg09149	STTC,AFIB,IDC,LVH
ecg09150	STTC,AFIB,LVH
ecg09151	SR
ecg09152	SR
ecg09153	SR
ecg09154	SR
ecg09155	STTC,SB,LVH
ecg09156	TWC,SB,ALS
ecg09157	SB
ecg09158	AFIB
ecg09159	SB
ecg09160	SB
ecg09161	ST,ALS
ecg09162	SB
ecg09163	AQW,AFIB,ALS,STTC,VPB
ecg09164	SB
ecg09165	STTC,AFIB,IDC,RBBB
ecg09166	STTU,SB,APB
ecg09167	SB
ecg09168	TWC,SB,LVH
ecg09169	RBBB,SB
ecg09170	APB,SB
ecg09171	SR
ecg09172	SR
ecg09173	TWC,AFIB
ecg09174	SB
ecg09175	STTC,AFIB,RBBB
ecg09176	SR
ecg09177	ST
ecg09178	ST
ecg09179	STTU,SB
ecg09180	SB
ecg09181	SR
ecg09182	STTC,SR,LVH
ecg09183	AVB,AF
ecg09184	SR
ecg09185	STDD,AFIB,CCR,LVH,STTC,TWC
ecg09186	SB,LVQRSAL
ecg09187	AFIB
ecg09188	STTC,SB
ecg09189	STTC,AFIB
ecg09190	SB
ecg09191	STDD,AF,STTC,TWC
ecg09192	STTU,AF
ecg09193	STTC,ST
ecg09194	TWC,SR
ecg09195	TWC,SB,LVH
ecg09196	STTC,ST
ecg09197	LVH,ST
ecg09198	SR
ecg09199	ST
ecg09200	ST
ecg09201	ST
ecg09202	SB
ecg09203	TWC,SB
ecg09204	SB
ecg09205	STTC,AFIB
ecg09206	TWC,AFIB,ALS
ecg09207	SB
ecg09208	LVH,SB
ecg09209	SR
ecg09210	AFIB,LVH
ecg09211	TWC,SB
ecg09212	SB
ecg09213	STDD,AFIB,STTC,TWC
ecg09214	AFIB
ecg09215	1AVB,SB
ecg09216	SB
ecg09217	STTC,ST
ecg09218	SB
ecg09219	RBBB,AF
ecg09220	SR
ecg09221	SR
ecg09222	STTC,ST
ecg09223	SR
ecg09224	SB
ecg09225	SB
ecg09226	SR
ecg09227	AFIB
ecg09228	LVH,ST
ecg09229	ST
ecg09230	ST
ecg09231	VPB,ST
ecg09232	STDD,SB,APB,STTC,TWO
ecg09233	SB
ecg09234	TWC,SR,QTIE
ecg09235	APB,ST
ecg09236	LVH,SB
ecg09237	SR
ecg09238	LVH,SB
ecg09239	SB
ecg09240	SR
ecg09241	AF
ecg09242	SB
ecg09243	SB
ecg09244	SB
ecg09245	STTC,SB,CCR,LVH
ecg09246	SB
ecg09247	SB
ecg09248	SR
ecg09249	LVH,SB
ecg09250	1AVB,SB,2AVB1
ecg09251	SB
ecg09252	ST
ecg09253	TWC,SB
ecg09254	LVH,SR
ecg09255	AFIB
ecg09256	LVH,SR
ecg09257	AFIB
ecg09258	SB
ecg09259	SB
ecg09260	1AVB,SR,ALS
ecg09261	ST
ecg09262	SR
ecg09263	AFIB,LVH
ecg09264	AFIB
ecg09265	TWC,SB,VPB
ecg09266	AFIB,LVH
ecg09267	ST
ecg09268	SB
ecg09269	SB
ecg09270	ST
ecg09271	SR
ecg09272	TWC,SB,LVH
ecg09273	STTC,AFIB
ecg09274	SB
ecg09275	AFIB
ecg09276	SB
ecg09277	TWC,AFIB
ecg09278	ST
ecg09279	TWC,AF
ecg09280	TWC,SR
ecg09281	AFIB,LVH
ecg09282	TWC,ST
ecg09283	STDD,ST,STTC,TWC
ecg09284	AFIB
ecg09285	STTC,AF,AVB
ecg09286	AFIB
ecg09287	TWC,SB,1AVB
ecg09288	SR,CCR
ecg09289	STTC,ST
ecg09290	TWC,AFIB,LVH
ecg09291	AQW,AFIB,LVH,STDD,STTC,TWO
ecg09292	ST
ecg09293	SB
ecg09294	SB
ecg09295	SB
ecg09296	SR
ecg09297	TWC,SB
ecg09298	AQW,SB
ecg09299	TWC,AFIB,ALS,IDC
ecg09300	STDD,ST,APB,STTC,TWC
ecg09301	SR
ecg09302	SB
ecg09303	SR
ecg09304	TWC,SB
ecg09305	RBBB,AFIB,ARS
ecg09306	SR
ecg09307	SB
ecg09308	TWC,AFIB,LVQRSAL,RBBB
ecg09309	AFIB
ecg09310	AQW,AFIB
ecg09311	STTC,ST,VPB
ecg09312	STDD,AFIB,STTC,TWC
ecg09313	ST
ecg09314	AVB,AF,ARS
ecg09315	TWC,SB
ecg09316	SR
ecg09317	SR
ecg09318	ST,ARS
ecg09319	SB
ecg09320	TWC,SB
ecg09321	STTC,SR,APB,LVH,VPB
ecg09322	AQW,SB,LVQRSAL,TWC
ecg09323	AQW,ST,ALS,STDD,STTC,TWC,TWO
ecg09324	SR
ecg09325	LVH,SB
ecg09326	STTC,ST,ARS
ecg09327	STDD,AFIB,CCR,STTC,TWC
ecg09328	TWC,SB,LVH
ecg09329	STTC,ST,ALS
ecg09330	TWC,AFIB
ecg09331	AFIB,VPB
ecg09332	SR
ecg09333	STDD,ST,STTC,TWC
ecg09334	ST
ecg09335	SR
ecg09336	SB
ecg09337	LVH,ST
ecg09338	STDD,ST,2AVB,STTC,TWC
ecg09339	AF
ecg09340	SB
ecg09341	SB
ecg09342	STTC,ST
ecg09343	SB
ecg09344	AQW,AFIB,LAFB,TWC
ecg09345	AF
ecg09346	STDD,AFIB,STTC,TWC
ecg09347	LVH,SB
ecg09348	SB
ecg09349	AQW,AFIB,MI,MI_LAT,TWC
ecg09350	AVB,AF,IDC
ecg09351	SR
ecg09352	SR
ecg09353	TWC,ST
ecg09354	TWC,SR
ecg09355	AQW,AFIB,MI,MI_LAT,STDD,STTC,STTU,TWC
ecg09356	SR
ecg09357	SB
ecg09358	SB
ecg09359	SR,ALS
ecg09360	TWC,AFIB,LVQRSAL
ecg09361	SR
ecg09362	ST
ecg09363	IDC,AFIB,LVH
ecg09364	SB
ecg09365	TWC,AFIB,LVH
ecg09366	ST
ecg09367	ST,LVQRSAL
ecg09368	SR
ecg09369	STDD,SB,STTC,TWC
ecg09370	AFIB
ecg09371	AFIB,LVH
ecg09372	SB
ecg09373	STTC,AFIB,ALS,IDC
ecg09374	STTC,SB,LVH
ecg09375	AFIB
ecg09376	SR
ecg09377	TWC,AFIB
ecg09378	STTC,AFIB,LVH
ecg09379	SB
ecg09380	STTU,SB,RBBB,TWC,TWO
ecg09381	SR
ecg09382	SB
ecg09383	TWC,SB,1AVB
ecg09384	SR
ecg09385	TWC,AFIB
ecg09386	LVH,SB
ecg09387	LVH,SB
ecg09388	SB
ecg09389	SB
ecg09390	APB,ST
ecg09391	AFIB
ecg09392	TWC,AFIB,LVH
ecg09393	SB
ecg09394	TWC,AFIB
ecg09395	STTC,SB
ecg09396	SR
ecg09397	SR
ecg09398	SB
ecg09399	STTC,SB
ecg09400	SB
ecg09401	SB
ecg09402	SB
ecg09403	TWC,ST
ecg09404	TWC,SB
ecg09405	TWC,AF,IDC,LVH
ecg09406	SR
ecg09407	SB
ecg09408	SB
ecg09409	SR
ecg09410	SR
ecg09411	SB
ecg09412	SB
ecg09413	AQW,SB,1AVB,LVQRSAL,RBBB,STTC
ecg09414	TWC,AFIB
ecg09415	TWC,SR,LVH
ecg09416	ERV,SB
ecg09417	SB
ecg09418	LVH,SB
ecg09419	SB
ecg09420	TWO,ST,LVH
ecg09421	RBBB,AF,LVH
ecg09422	SR
ecg09423	SB
ecg09424	TWC,AFIB
ecg09425	AFIB
ecg09426	SR
ecg09427	TWC,SB
ecg09428	STTU,SB,1AVB,LAFB,RBBB,TWC
ecg09429	1AVB,SB
ecg09430	SR
ecg09431	ST
ecg09432	SB
ecg09433	SR
ecg09434	SR
ecg09435	TWC,SB,LVH
ecg09436	ST
ecg09437	APB,ST
ecg09438	SB
ecg09439	SR
ecg09440	AF
ecg09441	SB
ecg09442	SB
ecg09443	LVH,SB,CCR
ecg09444	ST
ecg09445	LVH,SB
ecg09446	SR
ecg09447	APB,SB
ecg09448	STDD,AFIB,STTC,TWC
ecg09449	ST
ecg09450	TWC,SR,LVH
ecg09451	AQW,SB,MI,MI_LAT,STTU
ecg09452	SR
ecg09453	TWC,AFIB
ecg09454	SR
ecg09455	SR
ecg09456	STDD,AFIB,STTC,TWC
ecg09457	SR
ecg09458	SR
ecg09459	AQW,SR
ecg09460	LVH,SB
ecg09461	ST
ecg09462	SR
ecg09463	SB
ecg09464	TWC,AFIB,RBBB
ecg09465	SB
ecg09466	ST
ecg09467	TWC,SR
ecg09468	TWC,AFIB
ecg09469	STTC,AFIB,LVH
ecg09470	TWC,SB
ecg09471	LVH,SB
ecg09472	ERV,SB
ecg09473	LVH,SB
ecg09474	RBBB,AFIB,ALS
ecg09475	STDD,AFIB,TWC
ecg09476	AVB,AF
ecg09477	SB
ecg09478	1AVB,ST,APB,RBBB
ecg09479	STDD,AFIB,LVH,TWC
ecg09480	ST
ecg09481	TWC,SB,LVH
ecg09482	IDC,AFIB
ecg09483	SB
ecg09484	APB,ST
ecg09485	RBBB,SB
ecg09486	VPB,SB,LVH
ecg09487	SR
ecg09488	AQW,AF,AVB,MI,MI_LAT,STDD,STTC,STTU,TWC
ecg09489	SR
ecg09490	AFIB
ecg09491	TWC,ST,LVH
ecg09492	AFIB
ecg09493	TWC,AFIB
ecg09494	VPB,SB
ecg09495	1AVB,SR,VPB
ecg09496	RBBB,SB,LVQRSAL
ecg09497	SB
ecg09498	SB
ecg09499	STDD,AFIB,STTC,TWO
ecg09500	SB
ecg09501	STDD,AFIB,STTC,TWC
ecg09502	STTC,AFIB,IDC,VPB
ecg09503	AFIB,LVH
ecg09504	AQW,SR,1AVB,TWC
ecg09505	SB
ecg09506	SR
ecg09507	SB
ecg09508	TWC,SR
ecg09509	ST
ecg09510	ST
ecg09511	ST,PWC
ecg09512	LVH,SB
ecg09513	AFIB
ecg09514	APB,SB
ecg09515	STTC,AF,AVB
ecg09516	STTC,AFIB,ALS
ecg09517	AFIB
ecg09518	SB
ecg09519	AQW,SB,1AVB,IDC,TWC
ecg09520	SB
ecg09521	ST
ecg09522	SB,LVQRSAL
ecg09523	SB
ecg09524	TWC,AFIB,LVH
ecg09525	TWC,SB,LVH
ecg09526	LVH,SB
ecg09527	SR
ecg09528	ST,PWC
ecg09529	SR
ecg09530	SR
ecg09531	ST
ecg09532	STDD,AFIB,STTC,TWC
ecg09533	VPB,SB
ecg09534	SB
ecg09535	ST
ecg09536	SR
ecg09537	SR
ecg09538	SR
ecg09539	STTC,AFIB
ecg09540	RBBB,SB
ecg09541	AFIB,LVH
ecg09542	SB,CCR
ecg09543	TWC,AFIB,CCR
ecg09544	SB
ecg09545	SB
ecg09546	SR
ecg09547	TWC,SR
ecg09548	TWC,AFIB
ecg09549	VPB,ST
ecg09550	SR
ecg09551	TWC,SB
ecg09552	SB
ecg09553	TWC,SB,RBBB,TWO
ecg09554	RBBB,SB
ecg09555	RBBB,AFIB,LVQRSAL
ecg09556	LVH,SB
ecg09557	RBBB,ST
ecg09558	TWC,ST,LVQRSAL,VPB
ecg09559	SB
ecg09560	TWC,ST,PWC
ecg09561	SB
ecg09562	TWC,AFIB,RBBB
ecg09563	SB
ecg09564	SVT
ecg09565	STTC,SVT
ecg09566	TWC,SVT
ecg09567	STTC,SVT
ecg09568	IDC,AT,APB
ecg09569	SVT
ecg09570	STTC,SVT,LVH
ecg09571	LAFB,SVT
ecg09572	SVT
ecg09573	SVT
ecg09574	STTC,SVT
ecg09575	SVT
ecg09576	AT,LVH
ecg09577	STTC,SVT
ecg09578	STDD,SVT
ecg09579	STTC,SVT
ecg09580	STDD,SVT,STTC
ecg09581	TWC,AVNRT,ARS
ecg09582	SVT
ecg09583	SVT
ecg09584	TWC,AT,1AVB,APB,IDC
ecg09585	SVT
ecg09586	RBBB,SVT,ALS
ecg09587	STTC,AT
ecg09588	SVT
ecg09589	SVT,ALS
ecg09590	STTC,AT,IDC
ecg09591	SVT
ecg09592	STDD,SVT,STTC
ecg09593	STTC,AT,2AVB,LVH,RBBB
ecg09594	SVT
ecg09595	SVT
ecg09596	SVT
ecg09597	SVT
ecg09598	SVT
ecg09599	STTC,SVT
ecg09600	SVT
ecg09601	SVT
ecg09602	SVT
ecg09603	SVT
ecg09604	AT
ecg09605	AT
ecg09606	SVT
ecg09607	STTC,SVT
ecg09608	AT,LVH
ecg09609	SVT
ecg09610	STTC,SVT
ecg09611	AT
ecg09612	STTC,AT,IDC
ecg09613	TWC,AT,APB,PWC,RBBB
ecg09614	STTC,SVT
ecg09615	STTC,SVT
ecg09616	SVT
ecg09617	STDD,SVT,STTC,TWC
ecg09618	SVT
ecg09619	SVT
ecg09620	LAFB,AT,LVH,VPB
ecg09621	SVT
ecg09622	SVT
ecg09623	SVT
ecg09624	IDC,SVT,LVH
ecg09625	RBBB,SVT
ecg09626	STTC,AT
ecg09627	RBBB,AT
ecg09628	RBBB,SVT
ecg09629	RBBB,AT
ecg09630	STTC,SVT
ecg09631	SVT
ecg09632	LAFB,SVT
ecg09633	STTC,AT,LVH
ecg09634	STDD,AT,LVH,STTC,TWC
ecg09635	AT
ecg09636	SVT
ecg09637	SVT
ecg09638	SVT
ecg09639	STTC,AT,LVH
ecg09640	TWC,AT,ALS,LVQRSAL
ecg09641	AQW,AT,LVQRSAL,STTU,TWC
ecg09642	AQW,AT,STTU,TWC
ecg09643	SVT
ecg09644	STTC,SVT
ecg09645	STTC,SVT
ecg09646	STTC,SVT,1AVB,LVH
ecg09647	STDD,SVT,TWC
ecg09648	RBBB,SVT
ecg09649	AQW,SVT,RBBB
ecg09650	SVT
ecg09651	STTC,SVT
ecg09652	STTC,AT
ecg09653	TWC,AT
ecg09654	AT,JEB
ecg09655	AVB,AT
ecg09656	SVT
ecg09657	SVT
ecg09658	STDD,AT,STTC,TWC
ecg09659	STTC,AT,APB
ecg09660	STTC,SVT
ecg09661	SVT,CR
ecg09662	SVT,CCR
ecg09663	TWC,AT,AVB
ecg09664	TWC,AT,AVB
ecg09665	STTC,SVT
ecg09666	STTC,SVT
ecg09667	STTC,SVT
ecg09668	STTC,SVT
ecg09669	STDD,SVT,ARS,STTC,TWC
ecg09670	AQW,AT,1AVB,MI,MI_LAT,STDD,STTC,TWC
ecg09671	STTC,SVT,ARS
ecg09672	AT,ALS,LVH
ecg09673	SVT
ecg09674	AT
ecg09675	AT,LVQRSAL
ecg09676	STTU,AT,FQRS,LVQRSAL,TWC
ecg09677	SVT
ecg09678	AT,APB
ecg09679	AVB,AT,ALS,LAFB
ecg09680	LAFB,SVT,ALS
ecg09681	SVT,LVH
ecg09682	SVT
ecg09683	AT
ecg09684	SVT
ecg09685	AT
ecg09686	LAFB,SVT,ALS
ecg09687	SVT
ecg09688	VPE,SVT,LAFB
ecg09689	SVT
ecg09690	WPW,SVT,LAFB
ecg09691	LAFB,SVT
ecg09692	MI,SVT,MI_LAT
ecg09693	AT
ecg09694	RBBB,SVT
ecg09695	RBBB,SVT
ecg09696	AT
ecg09697	AT
ecg09698	SVT
ecg09699	SVT
ecg09700	SVT
ecg09701	LAFB,SVT
ecg09702	STTU,AT,IDC,VPB
ecg09703	SVT
ecg09704	SVT
ecg09705	SVT,LVH
ecg09706	STTC,AARR,APB,LVH,UW
ecg09707	TWC,SVT,ARS
ecg09708	STTC,AT,LVH
ecg09709	STDD,SVT,TWC
ecg09710	SVT
ecg09711	STTC,AT
ecg09712	STTC,AT,2AVB
ecg09713	TWC,AT,2AVB
ecg09714	TWC,AT,2AVB1
ecg09715	STTC,AT,2AVB1
ecg09716	STDD,AT,STTC,TWC
ecg09717	AT
ecg09718	SVT
ecg09719	SVT
ecg09720	STTC,AT
ecg09721	AT
ecg09722	SVT
ecg09723	SVT,CCR
ecg09724	SVT
ecg09725	SVT,ALS
ecg09726	RBBB,SVT
ecg09727	AT,LVQRSAL
ecg09728	SVT
ecg09729	TWC,SVT
ecg09730	AARR,CCR
ecg09731	AT,CCR
ecg09732	SVT
ecg09733	STTC,SVT,LVH
ecg09734	SVT,LVH
ecg09735	RBBB,SVT
ecg09736	SVT
ecg09737	STDD,SVT,STTC
ecg09738	STTC,AT
ecg09739	SVT
ecg09740	SVT
ecg09741	STDD,AT,LVH
ecg09742	SVT
ecg09743	AT
ecg09744	SVT
ecg09745	SVT,LVH
ecg09746	SVT
ecg09747	SVT
ecg09748	AARR
ecg09749	SVT
ecg09750	SVT
ecg09751	LAFB,AT
ecg09752	STTC,SVT
ecg09753	STDD,AT,APB,STTC,TWC
ecg09754	SVT
ecg09755	STTC,AVNRT
ecg09756	SVT
ecg09757	SVT
ecg09758	STTC,SVT
ecg09759	SVT,LVH
ecg09760	SVT
ecg09761	AT
ecg09762	AQW,AT,APB,CR,LAFB,TWC,TWO
ecg09763	SVT
ecg09764	SVT
ecg09765	SVT
ecg09766	LAFB,AT,RBBB
ecg09767	TWC,SVT,TWO
ecg09768	SVT
ecg09769	SVT
ecg09770	TWC,AT,AVB
ecg09771	AT
ecg09772	TWC,AT,ALS
ecg09773	RBBB,SVT
ecg09774	RBBB,AT,APB
ecg09775	SVT
ecg09776	SVT
ecg09777	STTC,AT,LVH
ecg09778	SVT
ecg09779	RBBB,SVT
ecg09780	TWC,SVT
ecg09781	SVT
ecg09782	SVT
ecg09783	SVT
ecg09784	SVT
ecg09785	AT,CCR,LVH
ecg09786	STDD,AT,LVH,TWC
ecg09787	AT,CCR,LVH
ecg09788	IDC,AT,CCR,LVH
ecg09789	STDD,SVT,LVH,STTC
ecg09790	2AVB1,AT
ecg09791	RBBB,SVT
ecg09792	AVB,AT,RBBB
ecg09793	SVT
ecg09794	STTC,AT,AVB
ecg09795	AT
ecg09796	RBBB,AT
ecg09797	AVB,AT
ecg09798	SVT
ecg09799	STTC,SVT
ecg09800	AARR
ecg09801	AT
ecg09802	TWC,AT
ecg09803	SVT
ecg09804	SVT
ecg09805	SVT
ecg09806	SVT
ecg09807	TWC,SVT,ARS,RBBB
ecg09808	TWC,SVT,ARS,RBBB
ecg09809	SVT
ecg09810	SVT,LVH
ecg09811	SVT
ecg09812	SVT,CCR
ecg09813	RBBB,SVT
ecg09814	TWC,AT,2AVB1,LVH
ecg09815	SVT
ecg09816	SVT
ecg09817	TWC,AT,AVB
ecg09818	AT
ecg09819	STDD,AT,ALS,STTC,TWC
ecg09820	TWC,SVT,CCR
ecg09821	SVT,ARS,CCR
ecg09822	STTC,SVT
ecg09823	SVT
ecg09824	SVT
ecg09825	STTC,SVT
ecg09826	SVT
ecg09827	IDC,AT
ecg09828	AT,APB
ecg09829	AT
ecg09830	AT
ecg09831	TWC,AT
ecg09832	SVT
ecg09833	TWC,AT,AVB,LVH
ecg09834	TWC,AT,AVB,LVH
ecg09835	STTC,AT,AVB
ecg09836	STTC,AT,LVH
ecg09837	STDD,SVT,STTC
ecg09838	STTC,AT
ecg09839	AARR
ecg09840	TWC,AVRT,APB,CCR
ecg09841	TWC,SVT,ALS,IDC
ecg09842	AT,LVQRSAL
ecg09843	AT,ALS
ecg09844	SVT
ecg09845	AVNRT
ecg09846	SVT
ecg09847	SVT
ecg09848	SVT
ecg09849	SVT
ecg09850	AT,LVH
ecg09851	RBBB,SVT
ecg09852	RBBB,SVT
ecg09853	RBBB,SVT
ecg09854	STTC,SVT
ecg09855	STTC,SVT
ecg09856	SVT
ecg09857	STTC,SVT
ecg09858	SVT
ecg09859	RBBB,SVT
ecg09860	RBBB,SVT,ARS
ecg09861	AT
ecg09862	STTC,SVT,ARS,LVH
ecg09863	STTC,SVT
ecg09864	SVT
ecg09865	STTC,SVT
ecg09866	TWC,AARR,APB,JEB,LVH
ecg09867	SVT
ecg09868	STTC,SVT
ecg09869	STTC,AVNRT
ecg09870	STTC,AVRT
ecg09871	SVT
ecg09872	SVT
ecg09873	STTC,SVT
ecg09874	SVT,CCR
ecg09875	AT
ecg09876	SVT
ecg09877	AT
ecg09878	STTC,SVT
ecg09879	STTC,AT
ecg09880	AT,APB
ecg09881	TWC,AT,APB,IDC,LVH
ecg09882	STDD,SVT,STTC,TWC
ecg09883	SVT
ecg09884	STDD,SVT,STTC
ecg09885	TWC,AT,ALS
ecg09886	SVT
ecg09887	SVT
ecg09888	RBBB,SVT
ecg09889	AVB,AT,LAFB
ecg09890	SVT
ecg09891	SVT
ecg09892	AT
ecg09893	STDD,SVT,STTC,TWC
ecg09894	STTC,AT,LVH
ecg09895	TWC,AT,ALS
ecg09896	IDC,AT,APB,LVH
ecg09897	LAFB,SVT
ecg09898	RBBB,SVT,ARS,CR
ecg09899	STTC,SVT
ecg09900	SVT
ecg09901	SVT
ecg09902	SVT
ecg09903	STTC,SVT
ecg09904	SVT
ecg09905	STTC,SVT
ecg09906	STDD,AT,APB,JEB,STTC,TWC
ecg09907	SVT
ecg09908	SVT
ecg09909	AT,APB
ecg09910	SVT
ecg09911	SVT
ecg09912	TWC,AT,APB,LVH,VPB
ecg09913	AT,VPB
ecg09914	IDC,AT,APB
ecg09915	RBBB,SVT,ARS,CR
ecg09916	STTC,SVT,LVH
ecg09917	SVT
ecg09918	RBBB,AT,APB,LVH
ecg09919	SVT
ecg09920	SVT
ecg09921	SVT
ecg09922	SVT
ecg09923	SVT
ecg09924	SVT
ecg09925	SVT
ecg09926	SVT
ecg09927	SVT
ecg09928	TWC,SVT,TWO
ecg09929	RBBB,SVT
ecg09930	AT,LVQRSAL
ecg09931	AT,LVQRSAL
ecg09932	AT,PWC
ecg09933	SVT
ecg09934	AARR
ecg09935	SVT,ARS
ecg09936	STTC,SVT
ecg09937	SVT
ecg09938	SVT
ecg09939	AT
ecg09940	SVT
ecg09941	STDD,SVT,STTC
ecg09942	STDD,SVT,STTC
ecg09943	RBBB,SVT
ecg09944	RBBB,SVT
ecg09945	STDD,AT,STTC,TWO
ecg09946	STTC,SVT
ecg09947	STTC,SVT
ecg09948	STTC,SVT
ecg09949	SVT
ecg09950	SVT
ecg09951	SVT
ecg09952	MI,SVT,MI_LAT
ecg09953	LAFB,SVT
ecg09954	SVT
ecg09955	SVT
ecg09956	SVT
ecg09957	SVT
ecg09958	RBBB,SVT,ARS
ecg09959	SVT
ecg09960	SVT
ecg09961	SVT
ecg09962	AVRT
ecg09963	SVT
ecg09964	SVT
ecg09965	AQW,SVT
ecg09966	SVT
ecg09967	SVT
ecg09968	SVT
ecg09969	TWC,SVT
ecg09970	SVT
ecg09971	RBBB,SVT
ecg09972	SVT,ARS
ecg09973	SVT
ecg09974	SVT
ecg09975	SVT
ecg09976	SVT
ecg09977	SVT
ecg09978	SVT
ecg09979	SVT
ecg09980	SVT
ecg09981	SVT
ecg09982	SVT
ecg09983	SVT,ARS
ecg09984	SVT
ecg09985	SVT
ecg09986	SVT
ecg09987	SVT
ecg09988	AVRT,LVH
ecg09989	SVT,ARS
ecg09990	SVT
ecg09991	SVT
ecg09992	SVT
ecg09993	SVT
ecg09994	SVT
ecg09995	SVT,LVH
ecg09996	SVT
ecg09997	SVT,ARS
ecg09998	SVT
ecg09999	SVT
ecg10000	SVT
ecg10001	SVT,LVH
ecg10002	SVT
ecg10003	SVT
ecg10004	SVT,ALS,CR
ecg10005	SVT
ecg10006	AVNRT
ecg10007	SVT
ecg10008	SVT
ecg10009	MI,MI_LAT,VPB,SVT
ecg10010	SVT
ecg10011	RBBB,SVT
ecg10012	SVT
ecg10013	RBBB,SVT
ecg10014	SVT
ecg10015	SVT
ecg10016	SVT
ecg10017	AVRT
ecg10018	SVT,LVH
ecg10019	SVT,ARS
ecg10020	SVT
ecg10021	LAFB,SVT,RBBB
ecg10022	MI,SVT,MI_LAT
ecg10023	SVT,ARS
ecg10024	SVT,ARS
ecg10025	AQW,SVT,ALS,LVH
ecg10026	SVT
ecg10027	SVT,ARS
ecg10028	SVT
ecg10029	SVT
ecg10030	LAFB,SVT,CR
ecg10031	SVT
ecg10032	SVT
ecg10033	SVT
ecg10034	SVT
ecg10035	SVT
ecg10036	AVNRT,ALS
ecg10037	SVT
ecg10038	AVNRT
ecg10039	SVT
ecg10040	SVT
ecg10041	SVT
ecg10042	SVT,ARS
ecg10043	SVT
ecg10044	SVT
ecg10045	SVT
ecg10046	SVT,ALS,CR
ecg10047	SVT
ecg10048	SVT
ecg10049	SVT
ecg10050	SVT
ecg10051	SVT
ecg10052	MI,SVT,MI_LAT
ecg10053	SVT
ecg10054	SVT
ecg10055	AVNRT
ecg10056	SVT
ecg10057	SVT
ecg10058	SVT,ALS,CR
ecg10059	SVT
ecg10060	SVT
ecg10061	SVT,LVH
ecg10062	AVNRT
ecg10063	SVT
ecg10064	SVT
ecg10065	SVT
ecg10066	SVT
ecg10067	SVT,VPB
ecg10068	SVT
ecg10069	SVT
ecg10070	SVT
ecg10071	SVT
ecg10072	SVT
ecg10073	SVT
ecg10074	SVT
ecg10075	TWC,SVT,ARS,CR
ecg10076	SVT
ecg10077	SVT
ecg10078	SVT
ecg10079	SVT
ecg10080	SVT
ecg10081	TWC,SVT
ecg10082	SVT,CCR
ecg10083	SVT
ecg10084	SVT
ecg10085	SVT,ARS,CR
ecg10086	SVT
ecg10087	SVT,LVH
ecg10088	SVT
ecg10089	SVT
ecg10090	SVT
ecg10091	SVT
ecg10092	SVT
ecg10093	SVT
ecg10094	TWC,SVT
ecg10095	RBBB,SVT
ecg10096	MI,MI_LAT,SVT,ARS
ecg10097	SVT
ecg10098	AVNRT
ecg10099	SVT
ecg10100	SVT,RVH
ecg10101	SVT
ecg10102	SVT
ecg10103	SVT
ecg10104	SVT
ecg10105	AVRT
ecg10106	SVT,RVH
ecg10107	SVT
ecg10108	SVT
ecg10109	TWC,AVNRT
ecg10110	RBBB,SVT
ecg10111	SVT
ecg10112	AVNRT
ecg10113	SVT,ARS
ecg10114	SVT
ecg10115	SVT
ecg10116	SVT
ecg10117	SVT
ecg10118	RBBB,SVT
ecg10119	SVT
ecg10120	SVT
ecg10121	LAFB,SVT,VPB
ecg10122	SVT
ecg10123	SVT
ecg10124	LAFB,SVT
ecg10125	SVT
ecg10126	SVT,VPB
ecg10127	SVT
ecg10128	SVT
ecg10129	RBBB,SVT,VPB
ecg10130	SVT
ecg10131	SVT
ecg10132	SVT
ecg10133	SVT
ecg10134	SVT
ecg10135	SVT
ecg10136	SVT
ecg10137	AVRT
ecg10138	SVT
ecg10139	SVT
ecg10140	SVT
ecg10141	SVT,LVH
ecg10142	SVT
ecg10143	SVT
ecg10144	SVT
ecg10145	TWC,SVT
ecg10146	AVNRT,ARS
ecg10147	SVT
ecg10148	SVT
ecg10149	AVRT
ecg10150	TWC,SVT
ecg10151	SVT
ecg10152	SVT,LVH
ecg10153	SVT
ecg10154	SVT
ecg10155	SVT
ecg10156	AVNRT,ARS
ecg10157	TWC,AVNRT
ecg10158	SVT
ecg10159	SVT
ecg10160	SVT
ecg10161	SVT
ecg10162	SVT
ecg10163	SVT
ecg10164	SVT
ecg10165	SVT
ecg10166	TWC,SVT
ecg10167	SVT
ecg10168	SVT,LVH
ecg10169	SVT
ecg10170	SVT
ecg10171	SVT,LVH
ecg10172	SVT
ecg10173	SVT
ecg10174	SVT
ecg10175	SVT
ecg10176	SVT,ARS
ecg10177	SVT,ARS
ecg10178	SVT
ecg10179	SVT
ecg10180	SVT
ecg10181	RBBB,SVT
ecg10182	SVT
ecg10183	SVT,ALS
ecg10184	SVT
ecg10185	SVT
ecg10186	RBBB,SVT
ecg10187	SVT
ecg10188	SVT
ecg10189	TWC,SVT
ecg10190	SVT
ecg10191	SVT
ecg10192	TWC,SVT,ARS
ecg10193	SVT
ecg10194	RBBB,SVT
ecg10195	SVT,ARS
ecg10196	SVT,VPB
ecg10197	SVT
ecg10198	SVT
ecg10199	SVT,ARS,CR
ecg10200	SVT
ecg10201	SVT,ALS
ecg10202	SVT
ecg10203	SVT
ecg10204	SVT
ecg10205	SVT
ecg10206	SVT
ecg10207	SVT
ecg10208	SVT
ecg10209	SVT
ecg10210	AVNRT,ARS
ecg10211	SVT,ARS
ecg10212	SVT
ecg10213	SVT
ecg10214	SVT
ecg10215	SVT,ALS
ecg10216	SVT,ALS
ecg10217	SVT,ARS
ecg10218	TWC,SVT
ecg10219	SVT
ecg10220	LAFB,SVT
ecg10221	SVT
ecg10222	SVT
ecg10223	SVT
ecg10224	SVT
ecg10225	SVT
ecg10226	SVT
ecg10227	SVT
ecg10228	SVT
ecg10229	SVT
ecg10230	SVT
ecg10231	SVT
ecg10232	SVT
ecg10233	SVT
ecg10234	SVT
ecg10235	SVT
ecg10236	SVT
ecg10237	SVT
ecg10238	SVT
ecg10239	TWC,SVT
ecg10240	SVT
ecg10241	SVT
ecg10242	SVT,ARS
ecg10243	SVT
ecg10244	SVT,ARS,CR
ecg10245	LAFB,SVT
ecg10246	SVT,ARS
ecg10247	SVT,ARS
ecg10248	SVT
ecg10249	TWC,SVT
ecg10250	SVT
ecg10251	SVT
ecg10252	SVT
ecg10253	SVT
ecg10254	SVT
ecg10255	SVT
ecg10256	SVT
ecg10257	SVT
ecg10258	SVT
ecg10259	SVT
ecg10260	SVT,ALS
ecg10261	SVT
ecg10262	SVT
ecg10263	SVT
ecg10264	SVT
ecg10265	SVT
ecg10266	SVT
ecg10267	SVT
ecg10268	SVT
ecg10269	SVT
ecg10270	SVT
ecg10271	SVT
ecg10272	SVT
ecg10273	SVT
ecg10274	SVT
ecg10275	SVT
ecg10276	SVT
ecg10277	SVT
ecg10278	LAFB,SVT
ecg10279	SVT
ecg10280	SVT
ecg10281	MI,SVT,MI_LAT
ecg10282	SVT
ecg10283	SVT
ecg10284	LAFB,SVT
ecg10285	STTU,SVT
ecg10286	SVT
ecg10287	SVT
ecg10288	SVT
ecg10289	SVT
ecg10290	SVT
ecg10291	SVT
ecg10292	SVT
ecg10293	VPE,SVT
ecg10294	SVT
ecg10295	SVT
ecg10296	SVT
ecg10297	STTU,SVT,LVH,TWC
ecg10298	SVT
ecg10299	SVT
ecg10300	SVT
ecg10301	SVT
ecg10302	SVT
ecg10303	TWC,SB,CRBBB,ALS
ecg10304	IRBBB,SB
ecg10305	STC,QTIE,IRBBB,SVT
ecg10306	ERHY
ecg10307	APACE,AVRT
ecg10308	TWO,RWC,ARS,ST
ecg10309	TWO,TPW,ARS,ST,TWC,RAH
ecg10310	STC,ARS,SVT
ecg10311	SVT,ARS,LVQRSAL
ecg10312	SB,SA
ecg10313	STTU,SB,ERV
ecg10314	SB
ecg10315	SB
ecg10316	SB
ecg10317	SB
ecg10318	SB
ecg10319	SB
ecg10320	SB
ecg10321	SB
ecg10322	SB
ecg10323	SB
ecg10324	TWC,SR
ecg10325	STC,SR
ecg10326	TWC,SR
ecg10327	SR
ecg10328	SR
ecg10329	SR
ecg10330	SR
ecg10331	SR
ecg10332	TWC,ST
ecg10333	STC,ST,LVH
ecg10334	ST
ecg10335	LVH,SR
ecg10336	TWC,APB,1AVB,ST
ecg10337	STTU,1AVB,BBB,STDD,SB
ecg10338	STC,QTIE,LVH,AF,2AVB
ecg10339	3AVB,SB,VER,AVB
ecg10340	STC,IDC,AF,LVH
ecg10341	IDC,AF,RWC
ecg10342	TWC,AF,3AVB,AVB,JEB,CRBBB
ecg10343	STTU,TWO,IDC,AF,STC
ecg10344	TWC,AF,BBB,PVC
ecg10345	STC,AF
ecg10346	STC,AF,LVH
ecg10347	TWC,AF,TWO
ecg10348	AQW,QTIE,LVQRSAL,TWO,TWC,AF
ecg10349	TWC,AF
ecg10350	TWO,RVH,LAFB,TWC,AF,CRBBB
ecg10351	STDD,LAFB,QTIE,LVH,TWO,AF
ecg10352	STC,AF,PVT,PVC
ecg10353	STC,AF,PVC
ecg10354	TWC,AF,TWO
ecg10355	AF,LVH
ecg10356	AF
ecg10357	IRBBB,AF
ecg10358	STC,AF
ecg10359	STC,AF
ecg10360	TWC,AF
ecg10361	STC,AF,LVQRSAL,SR,AT
ecg10362	CLBBB,AF
ecg10363	STC,SVT,BBB,AF
ecg10364	QTIE,ALS,AF
ecg10365	STC,AF,LVQRSAL,ALS,PVC
ecg10366	STC,ARS,AF
ecg10367	STC,SVT,AF
ecg10368	STC,SVT,AF
ecg10369	STC,LVH,AF
ecg10370	TWC,IDC,AF
ecg10371	STC,AF
ecg10372	STC,AF
ecg10373	AF
ecg10374	IDC,APB,ST
ecg10375	STC,APB,ST,LVH
ecg10376	IDC,APB,ST
ecg10377	STTU,APB,ST,STDD,TWO,STC
ecg10378	TWO,APB,ARS,ST
ecg10379	STC,APB,SR
ecg10380	TWC,APB,ST,LVQRSAL
ecg10381	APB,ST,TPW
ecg10382	LAFB,AT,SVT
ecg10383	STC,SVT
ecg10384	AQW,ARS,SVT
ecg10385	WPW,SB
ecg10386	SB
ecg10387	SB
ecg10388	SB
ecg10389	SB
ecg10390	TWC,SR
ecg10391	LVH,SR,TPW
ecg10392	SR
ecg10393	SR
ecg10394	TWO,LVH,STDD,SR,STC
ecg10395	SR
ecg10396	LAFB,ST
ecg10397	ST
ecg10398	LVH,ST
ecg10399	ST
ecg10400	ST
ecg10401	ST
ecg10402	TWC,ST
ecg10403	STC,SVT
ecg10404	TWC,SVT,LVH,STDD
ecg10405	SVT
ecg10406	PVT
ecg10407	2AVB,AF
ecg10408	IDC,AF,LVH
ecg10409	IDC,AF,LVQRSAL
ecg10410	IDC,AF
ecg10411	TWC,IDC,AF
ecg10412	AF
ecg10413	STC,AF
ecg10414	STC,AF
ecg10415	AF,LVH
ecg10416	TWC,AF
ecg10417	AF
ecg10418	AF
ecg10419	TWC,AF,LVH
ecg10420	AF,RWC
ecg10421	AF
ecg10422	TWC,AF
ecg10423	TWC,AF,LVH
ecg10424	STC,AF,LVH
ecg10425	STDD,AF,LVH,TWO
ecg10426	STC,AF,LVH
ecg10427	AF
ecg10428	TWC,AF
ecg10429	STC,AF
ecg10430	STDD,TWO,TWC,AF,LVH,STC
ecg10431	STTU,AF,TWC
ecg10432	AF
ecg10433	AF
ecg10434	AF
ecg10435	TWC,AF
ecg10436	STDD,AF,LVH,TWO
ecg10437	STC,AF,UW
ecg10438	AF
ecg10439	AF,LVH
ecg10440	TWC,AF,RWC
ecg10441	TWC,AF
ecg10442	TWC,AF
ecg10443	AF
ecg10444	STC,AF,LVH
ecg10445	STDD,AF,STC,TWO
ecg10446	TWC,AF
ecg10447	AF,LVH
ecg10448	STC,AF
ecg10449	AF
ecg10450	TWC,AF
ecg10451	STC,AF
ecg10452	AQW,AF,TWC,TWO
ecg10453	AF,RWC
ecg10454	STC,AF
ecg10455	STC,AF
ecg10456	STC,LVH,AF
ecg10457	STC,QTIE,LVH,AF
ecg10458	STC,LVH,AF
ecg10459	AF
ecg10460	AQW,STC,AF
ecg10461	AF,LVH
ecg10462	AF
ecg10463	TWC,RWC,LVQRSAL,AF
ecg10464	ARHY,LVH
ecg10465	ARHY
ecg10466	AT
ecg10467	AT
ecg10468	AT
ecg10469	STC,AVD,AF,ERHY
ecg10470	TWC,AVB,AF
ecg10471	CRBBB,ST
ecg10472	TWC,SR,LVH
ecg10473	ST
ecg10474	ST
ecg10475	CLBBB,ST,CCR
ecg10476	AMI,STTU,TWC,SR,LAFB
ecg10477	TWC,ST,CCR
ecg10478	CLBBB,ST
ecg10479	CLBBB,SVT
ecg10480	CRBBB,ST,ALS
ecg10481	TWC,SB,CRBBB,ARS
ecg10482	CRBBB,SB
ecg10483	TWC,CRBBB,ST
ecg10484	STC,CRBBB,ST
ecg10485	TWO,CCR,ST,ALS
ecg10486	WPW,ARS,CCR,ST
ecg10487	SB,CCR
ecg10488	SB,CCR
ecg10489	SR,CCR
ecg10490	STTU,CCR,ST,LVQRSAL,TWO
ecg10491	IRBBB,ST
ecg10492	STC,BBB,ST,LVH,ALS
ecg10493	TWC,RWC,BBB,ST
ecg10494	STDD,BRAD,STC
ecg10495	AVD,SB,ERHY
ecg10496	STC,SR,LAFB
ecg10497	STDD,TWO,SB,ALS,LVH,STC,PVC
ecg10498	SB,ALS
ecg10499	SR,LVQRSAL,ALS
ecg10500	ST,ALS
ecg10501	ST,ALS
ecg10502	ST,ALS
ecg10503	TWO,QTIE,SA
ecg10504	MI_ANT,TPW,ARS,MI_LAT,LVQRSAL,TWO,AQW,SB
ecg10505	MI,MI_LAT,STDD,TWO,AQW,SB
ecg10506	PVC,SB
ecg10507	STC,SA,QTIE,LVH,VEB,PVC
ecg10508	PVC,SA
ecg10509	PVC,SA
ecg10510	TWC,SR,STDD,PVC
ecg10511	PVC,SR
ecg10512	TWC,ST,PVC
ecg10513	PVC,ST
ecg10514	PVC,ST
ecg10515	SR,ARS
ecg10516	SR,ARS
ecg10517	STC,TPW,ARS,ST
ecg10518	ST,ARS
ecg10519	ST,ARS
ecg10520	ST,ARS
ecg10521	ST,ARS
ecg10522	ST,ARS
ecg10523	STC,ARS,SVT
ecg10524	STC,ARS,SVT
ecg10525	SB,SA
ecg10526	SB,SA
ecg10527	STTU,SB,ERV
ecg10528	STDD,SB,STC,TWO
ecg10529	SB
ecg10530	SB
ecg10531	TWC,SB
ecg10532	SB
ecg10533	SB
ecg10534	TWC,SB
ecg10535	LVH,SB
ecg10536	LVH,SB,PPW
ecg10537	SB
ecg10538	SB
ecg10539	STDD,SB
ecg10540	SB
ecg10541	STTU,SB,ERV
ecg10542	SB
ecg10543	TWC,SB,LVH
ecg10544	SB
ecg10545	SB
ecg10546	SB,LVQRSAL
ecg10547	SB
ecg10548	TWC,SB
ecg10549	SB
ecg10550	SB
ecg10551	LVH,SB
ecg10552	SB
ecg10553	SB
ecg10554	SB
ecg10555	LVH,SB
ecg10556	TWC,SB,LVQRSAL
ecg10557	SB
ecg10558	SB
ecg10559	LVH,SB
ecg10560	SB
ecg10561	SB
ecg10562	STTU,SB,LVH,TWC
ecg10563	TWC,SB
ecg10564	SB
ecg10565	TWC,SB,LVH
ecg10566	LVH,SB
ecg10567	SB
ecg10568	SB
ecg10569	SB
ecg10570	STC,SB,LVH
ecg10571	TWC,SB
ecg10572	STTU,SB,LVH,TWO
ecg10573	SB
ecg10574	SB
ecg10575	TWC,SB,TWO
ecg10576	SB
ecg10577	SB
ecg10578	TWC,SB
ecg10579	LVH,SB
ecg10580	SB
ecg10581	SB
ecg10582	SB
ecg10583	LVH,SB
ecg10584	SB
ecg10585	SB
ecg10586	SB
ecg10587	TWC,SB,TWO
ecg10588	SB
ecg10589	LVH,SB
ecg10590	SB
ecg10591	SB
ecg10592	TWC,SB
ecg10593	TWC,SB,LVH
ecg10594	TWC,SB
ecg10595	SB
ecg10596	SB
ecg10597	SB
ecg10598	SB
ecg10599	SB
ecg10600	SB
ecg10601	SB
ecg10602	SB
ecg10603	SB,SA
ecg10604	AQW,SB,TWC,SA
ecg10605	SR,SA
ecg10606	SR,SA
ecg10607	SR,SA
ecg10608	SR,SA
ecg10609	SR,SA
ecg10610	SR,SA
ecg10611	SR,SA
ecg10612	SR,SA
ecg10613	SR,LVQRSAL,SA
ecg10614	SA
ecg10615	SA
ecg10616	SA
ecg10617	SA
ecg10618	SA
ecg10619	SA
ecg10620	SA
ecg10621	SA
ecg10622	SA
ecg10623	SA
ecg10624	SA
ecg10625	STC,SA
ecg10626	SA
ecg10627	SA
ecg10628	SA
ecg10629	STC,SA
ecg10630	SA
ecg10631	SA
ecg10632	STTU,SA
ecg10633	SA
ecg10634	SA
ecg10635	SA
ecg10636	SA
ecg10637	SA
ecg10638	SA
ecg10639	SA
ecg10640	SA
ecg10641	SA
ecg10642	SA
ecg10643	SA
ecg10644	SA
ecg10645	SA
ecg10646	SA
ecg10647	SA
ecg10648	SA
ecg10649	SA
ecg10650	SA
ecg10651	SA
ecg10652	SA
ecg10653	SA
ecg10654	SA
ecg10655	SA
ecg10656	SA
ecg10657	SA
ecg10658	SA
ecg10659	SA
ecg10660	SA
ecg10661	SA
ecg10662	SA
ecg10663	SA
ecg10664	SA
ecg10665	SA
ecg10666	SA
ecg10667	SA
ecg10668	SA
ecg10669	SA
ecg10670	SA
ecg10671	SA
ecg10672	SA
ecg10673	SA
ecg10674	SA
ecg10675	SA
ecg10676	SA
ecg10677	SA
ecg10678	SA
ecg10679	TWO,SA
ecg10680	SA
ecg10681	SA
ecg10682	SA
ecg10683	SA
ecg10684	SA
ecg10685	SA
ecg10686	SA
ecg10687	SA
ecg10688	SA
ecg10689	SA
ecg10690	SA
ecg10691	SA
ecg10692	SA
ecg10693	SA
ecg10694	SA
ecg10695	SA
ecg10696	SR
ecg10697	SR
ecg10698	SR
ecg10699	SR
ecg10700	SR
ecg10701	SR
ecg10702	SR
ecg10703	SR
ecg10704	SR
ecg10705	SR
ecg10706	SR
ecg10707	SR
ecg10708	SR
ecg10709	SR
ecg10710	LVH,SR
ecg10711	SR
ecg10712	SR
ecg10713	SR
ecg10714	SR
ecg10715	SR
ecg10716	SR
ecg10717	TWC,SR,PPW
ecg10718	TWO,SR,LVH
ecg10719	SR
ecg10720	SR
ecg10721	SR
ecg10722	SR
ecg10723	SR
ecg10724	SR
ecg10725	TWC,SR,TWO
ecg10726	SR
ecg10727	TWC,SR
ecg10728	TWC,SR
ecg10729	SR
ecg10730	SR
ecg10731	SR
ecg10732	SR
ecg10733	SR
ecg10734	SR
ecg10735	LVH,SR
ecg10736	SR
ecg10737	SR
ecg10738	SR
ecg10739	SR
ecg10740	SR
ecg10741	TWC,SR
ecg10742	SR
ecg10743	SR
ecg10744	SR
ecg10745	SR
ecg10746	SR
ecg10747	SR
ecg10748	SR
ecg10749	SR
ecg10750	SR,RWC
ecg10751	SR
ecg10752	SR
ecg10753	SR
ecg10754	SR
ecg10755	SR
ecg10756	SR
ecg10757	SR
ecg10758	SR
ecg10759	SR
ecg10760	SR
ecg10761	SR
ecg10762	SR
ecg10763	SR
ecg10764	SR
ecg10765	SR
ecg10766	SR
ecg10767	STC,SR
ecg10768	SR
ecg10769	SR
ecg10770	SR
ecg10771	SR
ecg10772	SR
ecg10773	SR
ecg10774	SR
ecg10775	SR
ecg10776	SR
ecg10777	SR
ecg10778	SR
ecg10779	SR
ecg10780	SR
ecg10781	SR
ecg10782	SR
ecg10783	SR
ecg10784	SR
ecg10785	SR
ecg10786	SR
ecg10787	STTU,SR
ecg10788	TWC,SR
ecg10789	SR
ecg10790	TWC,SR
ecg10791	SR
ecg10792	SR
ecg10793	SR
ecg10794	TWC,SR
ecg10795	STC,SR
ecg10796	SR
ecg10797	SR
ecg10798	SR,LVQRSAL
ecg10799	SR
ecg10800	SR
ecg10801	SR
ecg10802	SR
ecg10803	TWC,SR
ecg10804	SR
ecg10805	SR
ecg10806	SR
ecg10807	SR
ecg10808	SR
ecg10809	STTU,LAFB,ST,STDD,TWO
ecg10810	TWC,RWC,ST,LAFB,LVH,TWO
ecg10811	WPW,ST
ecg10812	ST
ecg10813	ST
ecg10814	ST
ecg10815	ST
ecg10816	ST
ecg10817	ST
ecg10818	ST
ecg10819	ST
ecg10820	TWC,ST
ecg10821	TWO,ST
ecg10822	ST
ecg10823	ST
ecg10824	TWC,ST
ecg10825	ST
ecg10826	ST
ecg10827	ST
ecg10828	STC,ST
ecg10829	ST
ecg10830	STC,ST
ecg10831	ST
ecg10832	ST
ecg10833	ST
ecg10834	TWC,ST,TWO
ecg10835	TWC,ST,TWO
ecg10836	ST
ecg10837	ST
ecg10838	ST
ecg10839	ST
ecg10840	ST
ecg10841	ST
ecg10842	ST
ecg10843	ST
ecg10844	AQW,ST,STC
ecg10845	ST
ecg10846	STDD,ST,STC,TWO
ecg10847	TWC,ST,TPW
ecg10848	ST
ecg10849	ST
ecg10850	ST
ecg10851	ST
ecg10852	ST
ecg10853	ST
ecg10854	ST
ecg10855	TWC,ST,LVQRSAL
ecg10856	STC,ST
ecg10857	TWC,RWC,ST,LVH
ecg10858	ST
ecg10859	ST
ecg10860	ST
ecg10861	ST
ecg10862	ST
ecg10863	ST
ecg10864	ST
ecg10865	STDD,ST
ecg10866	ST
ecg10867	ST
ecg10868	ST
ecg10869	ST
ecg10870	ST
ecg10871	TWC,ST
ecg10872	STC,ST
ecg10873	ST
ecg10874	ST
ecg10875	ST
ecg10876	ST
ecg10877	TWC,ST,TPW
ecg10878	ST
ecg10879	TWO,ST,LVQRSAL
ecg10880	ST
ecg10881	ST
ecg10882	ST
ecg10883	ST
ecg10884	LVH,ST
ecg10885	TWC,ST
ecg10886	TWC,ST
ecg10887	ST
ecg10888	ST
ecg10889	ST
ecg10890	ST
ecg10891	ST
ecg10892	ST
ecg10893	ST
ecg10894	ST
ecg10895	ST
ecg10896	ST
ecg10897	ST
ecg10898	ST
ecg10899	TWC,ST,LVQRSAL,TWO
ecg10900	ST
ecg10901	TWC,ST
ecg10902	ST
ecg10903	STC,ST
ecg10904	ST
ecg10905	ST
ecg10906	ST
ecg10907	ST
ecg10908	ST
ecg10909	ST
ecg10910	ST
ecg10911	ST
ecg10912	ST
ecg10913	ST
ecg10914	ST
ecg10915	ST
ecg10916	ST
ecg10917	ST
ecg10918	ST
ecg10919	ST
ecg10920	ST
ecg10921	ST
ecg10922	ST
ecg10923	TWC,ST
ecg10924	ST
ecg10925	ST
ecg10926	ST
ecg10927	ST
ecg10928	ST
ecg10929	ST
ecg10930	ST
ecg10931	ST
ecg10932	ST
ecg10933	ST
ecg10934	ST
ecg10935	ST
ecg10936	ST
ecg10937	ST
ecg10938	ST
ecg10939	ST
ecg10940	ST
ecg10941	TWC,ST
ecg10942	ST
ecg10943	ST
ecg10944	ST
ecg10945	ST
ecg10946	ST
ecg10947	ST
ecg10948	ST
ecg10949	ST
ecg10950	ST
ecg10951	ST
ecg10952	ST
ecg10953	ST
ecg10954	ST
ecg10955	ST
ecg10956	ST
ecg10957	ST
ecg10958	ST
ecg10959	ST
ecg10960	ST
ecg10961	ST
ecg10962	ST
ecg10963	LVH,ST
ecg10964	ST
ecg10965	ST
ecg10966	ST
ecg10967	ST
ecg10968	ST
ecg10969	STC,TPW,ST
ecg10970	ST
ecg10971	ST
ecg10972	ST
ecg10973	ST
ecg10974	ST
ecg10975	ST
ecg10976	ST
ecg10977	ST
ecg10978	ST
ecg10979	ST
ecg10980	ST
ecg10981	ST
ecg10982	ST
ecg10983	ST
ecg10984	STC,ST
ecg10985	ST
ecg10986	ST
ecg10987	TWC,ST
ecg10988	ST
ecg10989	ST
ecg10990	ST
ecg10991	ST
ecg10992	ST
ecg10993	ST
ecg10994	ST
ecg10995	ST
ecg10996	ST
ecg10997	ST
ecg10998	ST
ecg10999	ST
ecg11000	ST
ecg11001	ST
ecg11002	ST
ecg11003	ST
ecg11004	ST
ecg11005	ST
ecg11006	ST
ecg11007	ST
ecg11008	ST
ecg11009	ST
ecg11010	ST
ecg11011	ST
ecg11012	ST
ecg11013	ST
ecg11014	ST
ecg11015	ST
ecg11016	ST
ecg11017	ST
ecg11018	ST
ecg11019	ST
ecg11020	ST
ecg11021	ST
ecg11022	ST
ecg11023	ST
ecg11024	ST
ecg11025	ST
ecg11026	ST
ecg11027	ST
ecg11028	ST
ecg11029	ST
ecg11030	ST
ecg11031	ST
ecg11032	ST
ecg11033	ST
ecg11034	ST
ecg11035	ST
ecg11036	ST
ecg11037	ST
ecg11038	ST
ecg11039	ST
ecg11040	ST
ecg11041	ST
ecg11042	ST
ecg11043	ST
ecg11044	ST
ecg11045	ST
ecg11046	ST
ecg11047	TWC,ST,TWO
ecg11048	TWC,ST
ecg11049	ST
ecg11050	ST
ecg11051	TWO,ST
ecg11052	ST
ecg11053	ST
ecg11054	TWO,ST
ecg11055	TWC,ST
ecg11056	ST
ecg11057	ST
ecg11058	ST
ecg11059	ST
ecg11060	ST
ecg11061	ST
ecg11062	ST
ecg11063	ST
ecg11064	ST
ecg11065	ST
ecg11066	ST
ecg11067	ST
ecg11068	ST
ecg11069	ST
ecg11070	ST
ecg11071	ST
ecg11072	ST
ecg11073	ST
ecg11074	ST
ecg11075	ST
ecg11076	ST
ecg11077	ST
ecg11078	ST
ecg11079	ST
ecg11080	ST
ecg11081	ST
ecg11082	ST
ecg11083	ST
ecg11084	TWO,ST
ecg11085	ST
ecg11086	ST
ecg11087	ST
ecg11088	ST
ecg11089	ST
ecg11090	ST
ecg11091	ST
ecg11092	ST
ecg11093	ST
ecg11094	ST
ecg11095	ST
ecg11096	ST
ecg11097	STC,ST
ecg11098	TWC,ST
ecg11099	ST
ecg11100	ST
ecg11101	TWC,ST,TWO
ecg11102	ST
ecg11103	ST
ecg11104	ST
ecg11105	ST
ecg11106	ST
ecg11107	ST
ecg11108	STC,ST
ecg11109	TWC,ST
ecg11110	ST
ecg11111	ST
ecg11112	TWC,ST,TWO
ecg11113	TWC,ST
ecg11114	ST
ecg11115	ST
ecg11116	ST
ecg11117	ST
ecg11118	ST
ecg11119	ST
ecg11120	ST
ecg11121	ST
ecg11122	ST
ecg11123	ST
ecg11124	ST
ecg11125	ST
ecg11126	ST
ecg11127	ST
ecg11128	ST
ecg11129	ST
ecg11130	ST
ecg11131	TWC,ST
ecg11132	TWC,ST,LVQRSAL,TWO
ecg11133	ST
ecg11134	ST
ecg11135	ST
ecg11136	ST
ecg11137	ST
ecg11138	ST
ecg11139	ST
ecg11140	ST
ecg11141	ST
ecg11142	ST
ecg11143	TWC,ST
ecg11144	ST
ecg11145	ST
ecg11146	ST
ecg11147	ST,TPW
ecg11148	TWC,ST,LVH
ecg11149	ST
ecg11150	ST
ecg11151	ST
ecg11152	ST
ecg11153	ST
ecg11154	ST
ecg11155	ST
ecg11156	ST
ecg11157	ST
ecg11158	ST
ecg11159	ST
ecg11160	TWC,RVH,SVT,STC
ecg11161	TWC,SVT,STC
ecg11162	STC,SVT
ecg11163	STC,SVT
ecg11164	SVT
ecg11165	SVT
ecg11166	VER
ecg11167	VER
ecg11168	VEB
ecg11169	TWC,VEB
ecg11170	AIVR,VER
ecg11171	VER
ecg11172	AIVR,VER
ecg11173	VFIB
ecg11174	VFL
ecg11175	STC,PVT
ecg11176	PVT
ecg11177	PVT
ecg11178	CRBBB,SR,1AVB
ecg11179	MI_ANT,1AVB,TWO,AQW,SB,ALS
ecg11180	MI,1AVB,MI_LAT,QTIE,ST,STDD,TWC,STC
ecg11181	1AVB,SB
ecg11182	1AVB,SB,RWC,LVQRSAL
ecg11183	STDD,1AVB,TWO,SB,LVH,STC
ecg11184	STTU,1AVB,TWC,SA
ecg11185	1AVB,SR,LVH
ecg11186	1AVB,SR
ecg11187	TWC,1AVB,2AVB1,SB,JEB
ecg11188	TWO,1AVB,2AVB1,LVH,SB,TWC
ecg11189	TWC,APB,1AVB,2AVB2,BBB,SR,VEB
ecg11190	STTU,1AVB,2AVB2,SB,ERV,JEB,SA
ecg11191	CRBBB,SB,1AVB,2AVB
ecg11192	MI,STTU,1AVB,MI_LAT,ST,STDD,AQW,STC,2AVB
ecg11193	STC,1AVB,LVH,SB,SAB,SA
ecg11194	1AVB,SB,2AVB
ecg11195	STTU,1AVB,AEC,SB,ERV,AT,SA
ecg11196	1AVB,APB,AF,ST,CRBBB,PVC
ecg11197	STC,1AVB,AF,ST,AT
ecg11198	1AVB,ST,AF
ecg11199	TWC,APB,1AVB,IDC,APACE
ecg11200	1AVB,APB,SR,IDC
ecg11201	STTU,APB,1AVB,CCR,LAFB,ST,STDD,TWO
ecg11202	TWC,APB,1AVB,SB
ecg11203	TWC,APB,1AVB,SR
ecg11204	TWO,APB,1AVB,IDC,SR,TWC,CRBBB
ecg11205	TWC,APB,1AVB,ST,CLBBB
ecg11206	TWC,APB,1AVB,JEB,ST,AT
ecg11207	TWC,APB,1AVB,JEB,BPAC
ecg11208	1AVB,APB,LVH,IDC,SB,ALS,BPAC
ecg11209	TWO,APB,1AVB,ST,TWC,PVC
ecg11210	STC,APB,1AVB,RWC,SA,BPAC
ecg11211	AQW,APB,1AVB,SR
ecg11212	STC,APB,1AVB,LVH,ARHY,APACE
ecg11213	STC,APB,1AVB,ARHY,APACE
ecg11214	1AVB,AT,SR,APB
ecg11215	1AVB,AT,SR,APB
ecg11216	STDD,APB,1AVB,ST,TWO,AT,STC
ecg11217	STDD,APB,1AVB,ST,TWO,AT,LVH,STC
ecg11218	TWC,APB,1AVB,ST,ALS,CCR
ecg11219	STDD,APB,1AVB,TWO,SR,STC,CCR,PVC
ecg11220	1AVB,APB,CLBBB,SB,VEB,PVC
ecg11221	MI_ANT,APB,1AVB,STTU,LAFB,ST,CRBBB
ecg11222	TWO,APB,1AVB,SB,VEB,TWC,CRBBB
ecg11223	1AVB,APB,LAFB,SB,CRBBB,SA
ecg11224	TWO,APB,1AVB,CCR,TWC,APACE
ecg11225	1AVB,APB,BPAC,SB,JEB,PVC
ecg11226	1AVB,APB,LAFB,SB,ALS
ecg11227	STDD,APB,1AVB,ST,TWO,RWC,ALS,STC,PVC
ecg11228	1AVB,APB,SA,ALS
ecg11229	STDD,APB,1AVB,ST,TWO,LVH,STC,PVC
ecg11230	TWC,APB,1AVB,SB,APACE
ecg11231	1AVB,APB,SA,PVC
ecg11232	1AVB,APB,SR,RBBB
ecg11233	STTU,APB,1AVB,LVH,SB,ERV
ecg11234	1AVB,APB,SB
ecg11235	1AVB,APB,SB,LVH
ecg11236	TWC,APB,1AVB,SB
ecg11237	1AVB,APB,SB,LVH
ecg11238	1AVB,APB,LVH,SB,RWC
ecg11239	1AVB,APB,SB
ecg11240	TWC,APB,1AVB,SB
ecg11241	1AVB,APB,SB,LVH
ecg11242	1AVB,APB,SB
ecg11243	1AVB,APB,SB
ecg11244	STDD,APB,1AVB,TWO,SB,STC
ecg11245	TWC,SB,1AVB,BPAC
ecg11246	1AVB,SB,LVH,BPAC
ecg11247	TWO,APB,1AVB,SB
ecg11248	TWC,APB,1AVB,LVH,SB
ecg11249	TWC,APB,1AVB,SB
ecg11250	TWO,APB,1AVB,LVH,SB,TWC
ecg11251	TWO,APB,1AVB,SB,TWC
ecg11252	1AVB,APB,SB
ecg11253	TWC,SB,1AVB,BPAC
ecg11254	TWC,APB,1AVB,SB
ecg11255	1AVB,SB,SA,BPAC
ecg11256	TWC,APB,1AVB,LAFB,STC,SA
ecg11257	1AVB,APB,LVH,RWC,SA
ecg11258	STC,APB,1AVB,SA
ecg11259	STDD,APB,1AVB,TWO,STC,LVH,SA
ecg11260	1AVB,LVQRSAL,SA,BPAC
ecg11261	TWC,APB,1AVB,SR,SA
ecg11262	TWC,APB,1AVB,SA
ecg11263	TWC,APB,1AVB,PPW,SA
ecg11264	1AVB,APB,SR,LVQRSAL
ecg11265	TWC,APB,1AVB,SR
ecg11266	STDD,APB,1AVB,LAFB,ST,TWO,STC
ecg11267	TWC,APB,1AVB,ST
ecg11268	TWC,APB,1AVB,ST,LVH
ecg11269	TWC,APB,1AVB,ST
ecg11270	TWC,APB,1AVB,ST,LVQRSAL
ecg11271	TWO,APB,1AVB,ST,LVH,PPW
ecg11272	TWC,1AVB,ST,BPAC
ecg11273	1AVB,APB,ST
ecg11274	1AVB,APB,ST
ecg11275	1AVB,APB,ST
ecg11276	STDD,APB,1AVB,ST,TWO,STC
ecg11277	1AVB,APB,ST
ecg11278	CRBBB,1AVB,ARHY
ecg11279	TWO,1AVB,ARS,TWC,ARHY
ecg11280	1AVB
ecg11281	1AVB,ARHY
ecg11282	1AVB,RWC,ARHY
ecg11283	1AVB,RWC,ARHY
ecg11284	TWO,1AVB,QTIE,TWC,ARHY
ecg11285	TWC,1AVB,ST,IDC,AT
ecg11286	STC,1AVB,ST,AT,CRBBB,LVH
ecg11287	STC,1AVB,BBB,ST,LVH,RWC,ALS,AT
ecg11288	1AVB,SB,AT,APACE
ecg11289	1AVB,AT,SB
ecg11290	STC,1AVB,ST,LVH,AT
ecg11291	STTU,1AVB,ST,LVQRSAL,RWC,AT
ecg11292	1AVB,AT,ST
ecg11293	TWC,AT,1AVB,SVT
ecg11294	1AVB,BBB,ST,ALS,CCR
ecg11295	TWO,1AVB,LAFB,BBB,SB,TWC,CCR
ecg11296	TWC,1AVB,SB,ALS,CCR
ecg11297	1AVB,SR,ALS,CCR
ecg11298	1AVB,SR,ALS,CCR
ecg11299	STC,1AVB,ST,ALS,CCR
ecg11300	1AVB,LAFB,LVQRSAL,SB,RWC,CCR
ecg11301	TWO,1AVB,SR,TWC,CCR
ecg11302	1AVB,SB,ALS,PPW,CLBBB
ecg11303	1AVB,LVQRSAL,ALS,SA,CLBBB
ecg11304	1AVB,SB,CLBBB
ecg11305	1AVB,SB,RWC,CLBBB
ecg11306	1AVB,SB,CLBBB
ecg11307	1AVB,SB,CLBBB
ecg11308	1AVB,SB,LVH,CLBBB
ecg11309	1AVB,SR,CLBBB
ecg11310	1AVB,SR,CLBBB
ecg11311	1AVB,SR,CLBBB
ecg11312	1AVB,ST,CLBBB
ecg11313	TWC,1AVB,LVH,SB,JEB,CRBBB,SARR,SA,PVC
ecg11314	STC,1AVB,SB,JEB,CRBBB,SA
ecg11315	1AVB,AVD,ERHY,SB,CRBBB
ecg11316	CRBBB,1AVB,SA,ALS
ecg11317	TWO,1AVB,SR,ALS,CRBBB
ecg11318	TWC,1AVB,QTIE,SB,CRBBB,STC
ecg11319	MI_ANT,STTU,1AVB,LAFB,AQW,SB,TWC,CRBBB
ecg11320	CRBBB,1AVB,APACE
ecg11321	STC,1AVB,ARS,LVQRSAL,SB,CRBBB,PVC
ecg11322	CRBBB,SB,1AVB,PVC
ecg11323	TWC,1AVB,SR,CRBBB,PVC
ecg11324	CRBBB,1AVB,ST,ARS
ecg11325	CRBBB,SB,1AVB,LAFB
ecg11326	1AVB,LAFB,LVH,SB,CRBBB
ecg11327	TWC,1AVB,LAFB,LVQRSAL,SB,CRBBB
ecg11328	TWC,1AVB,LAFB,SB,CRBBB,SA
ecg11329	AQW,1AVB,LVQRSAL,STDD,TWO,SB,CRBBB,SA
ecg11330	CRBBB,SB,1AVB,SA
ecg11331	TWC,SB,CRBBB,1AVB
ecg11332	CRBBB,SB,1AVB
ecg11333	CRBBB,SB,1AVB
ecg11334	STTU,1AVB,TWO,SB,CRBBB
ecg11335	STC,SB,CRBBB,1AVB
ecg11336	CRBBB,SB,1AVB
ecg11337	CRBBB,SB,1AVB
ecg11338	CRBBB,SB,1AVB
ecg11339	TWO,1AVB,SB,TWC,CRBBB
ecg11340	CRBBB,SB,1AVB
ecg11341	CRBBB,SB,1AVB
ecg11342	STDD,1AVB,TWO,SB,CRBBB,STC
ecg11343	AQW,STTU,1AVB,SB,CRBBB
ecg11344	CRBBB,SB,1AVB,LVQRSAL
ecg11345	CRBBB,SB,1AVB
ecg11346	CRBBB,SB,1AVB,LVQRSAL
ecg11347	CRBBB,SB,1AVB
ecg11348	CRBBB,SB,1AVB
ecg11349	CRBBB,SB,1AVB
ecg11350	CRBBB,SB,1AVB
ecg11351	CRBBB,SB,1AVB
ecg11352	STDD,1AVB,TWO,SB,CRBBB,STC
ecg11353	CRBBB,SB,1AVB
ecg11354	STC,1AVB,LVQRSAL,SB,CRBBB,SA
ecg11355	CRBBB,1AVB,SA
ecg11356	CRBBB,1AVB,SA,PPW
ecg11357	STC,CRBBB,1AVB,SA
ecg11358	TWO,RVH,1AVB,LAFB,SR,TWC,CRBBB
ecg11359	STC,1AVB,LAFB,PVT,SR,CRBBB
ecg11360	CRBBB,SR,1AVB
ecg11361	AQW,SR,CRBBB,1AVB
ecg11362	STTU,1AVB,SR,CRBBB,TWC
ecg11363	CRBBB,SR,1AVB,LVQRSAL
ecg11364	CRBBB,SR,1AVB
ecg11365	CRBBB,SR,1AVB
ecg11366	AQW,1AVB,TWO,SR,TWC,CRBBB
ecg11367	CRBBB,1AVB,ST
ecg11368	CRBBB,1AVB,ST
ecg11369	CRBBB,ST,1AVB,LVQRSAL
ecg11370	CRBBB,1AVB,ST
ecg11371	STC,1AVB,ST,LVQRSAL,CRBBB
ecg11372	CRBBB,1AVB,ST
ecg11373	CRBBB,1AVB,ST
ecg11374	AQW,1AVB,CCR,BBB,SB,STC
ecg11375	TWC,1AVB,CCR,SB,ALS
ecg11376	TWO,1AVB,CCR,SR,ALS
ecg11377	1AVB,CCR,ST,ALS
ecg11378	TWO,1AVB,CCR,SB,TWC
ecg11379	TWC,SB,1AVB,CCR
ecg11380	1AVB,SR,CCR
ecg11381	1AVB,CCR,ST
ecg11382	STC,1AVB,CCR,ST
ecg11383	TWC,1AVB,LVH,SB,IRBBB,PVC
ecg11384	STTU,1AVB,TWO,SB,TWC,IRBBB
ecg11385	STTU,1AVB,TWO,SB,TWC,IRBBB
ecg11386	1AVB,SB,IRBBB,LVH
ecg11387	1AVB,SB,IRBBB
ecg11388	TWC,SB,1AVB,IRBBB
ecg11389	TWC,1AVB,IRBBB,ST
ecg11390	TWO,1AVB,BBB,LVH,TWC,ALS,APACE
ecg11391	1AVB,BBB,LVH,PWC,SB,ALS
ecg11392	1AVB,SB,BBB,ALS
ecg11393	TWO,1AVB,BBB,LVH,PWC,SR,TWC,ALS
ecg11394	AMI,STTU,1AVB,LAFB,BBB,ST,LVQRSAL,MI_LAT,TWO
ecg11395	STC,1AVB,BBB,SB,APACE
ecg11396	STC,1AVB,BBB,LVH,APACE
ecg11397	STC,1AVB,ARS,BBB,LVH,SB,PVC
ecg11398	AQW,1AVB,BBB,LVH,SB,TWC
ecg11399	1AVB,SB,BBB
ecg11400	AQW,1AVB,BBB,SB,TWC
ecg11401	STDD,1AVB,QTIE,BBB,TWO,SB,STC
ecg11402	1AVB,SB,BBB
ecg11403	1AVB,SB,BBB
ecg11404	1AVB,SB,BBB
ecg11405	STC,1AVB,BBB,SR,LVH
ecg11406	TWC,1AVB,BBB,ST
ecg11407	1AVB,JEB,SB,SA
ecg11408	1AVB,SA,ALS,ERHY
ecg11409	1AVB,ST,LAFB
ecg11410	MI,STTU,1AVB,MI_LAT,LVH,STDD,AQW,SB,ALS,STC
ecg11411	1AVB,ALS,APACE
ecg11412	1AVB,ALS,APACE
ecg11413	1AVB,SB,ALS
ecg11414	AQW,1AVB,TPW,LVQRSAL,TWO,SB,TWC,ALS
ecg11415	1AVB,SB,ALS
ecg11416	TWO,SB,1AVB,ALS
ecg11417	1AVB,SB,ALS
ecg11418	1AVB,SB,ALS
ecg11419	1AVB,SB,ALS
ecg11420	TWC,SB,1AVB,ALS
ecg11421	TWC,SB,1AVB,ALS
ecg11422	1AVB,SB,ALS
ecg11423	1AVB,SB,ALS
ecg11424	TWO,1AVB,SB,TWC,ALS
ecg11425	AQW,SB,1AVB,ALS
ecg11426	1AVB,SB,ALS
ecg11427	1AVB,SB,ALS
ecg11428	1AVB,SB,LVQRSAL,ALS
ecg11429	TWC,SB,1AVB,ALS
ecg11430	TWO,1AVB,SB,TWC,ALS
ecg11431	TWO,1AVB,LVQRSAL,SB,TWC,ALS
ecg11432	1AVB,SB,ALS
ecg11433	AQW,1AVB,BBB,SB,ALS
ecg11434	1AVB,SB,ALS
ecg11435	1AVB,SB,ALS
ecg11436	1AVB,SB,ALS
ecg11437	1AVB,SB,LVH,ALS
ecg11438	1AVB,SR,ALS
ecg11439	1AVB,SR,ALS
ecg11440	1AVB,SR,ALS
ecg11441	1AVB,SR,ALS
ecg11442	MI,QTIE,MI_LAT,TWC,1AVB,ST,STC
ecg11443	TWO,1AVB,QTIE,SB,TWC,SA,APACE
ecg11444	QTIE,SB,1AVB
ecg11445	TWC,SB,1AVB,QTIE
ecg11446	AQW,1AVB,QTIE,TWO,SR
ecg11447	MI_ANT,1AVB,MI_LAT,LVH,SB,PPW
ecg11448	MI,STTU,1AVB,MI_LAT,TWO,AQW,SB,TWC
ecg11449	STC,SB,1AVB,APACE
ecg11450	1AVB,AVD,SB,APACE
ecg11451	TWO,1AVB,LVQRSAL,SB,TWC,APACE
ecg11452	TWO,1AVB,LVH,STDD,SB,STC,APACE
ecg11453	TWO,SB,1AVB,APACE
ecg11454	1AVB,SB,AVD,APACE
ecg11455	1AVB,SB,AVD,APACE
ecg11456	TWO,1AVB,SB,TWC,APACE
ecg11457	TWO,1AVB,SB,TWC,APACE
ecg11458	1AVB,AVD,SB,SA,APACE
ecg11459	AQW,STTU,1AVB,SA,STDD,TWO,STC,APACE
ecg11460	1AVB,SR,APACE
ecg11461	1AVB,APACE
ecg11462	1AVB,APACE
ecg11463	1AVB,APACE
ecg11464	TWC,1AVB,APACE
ecg11465	1AVB,APACE
ecg11466	1AVB,LVH,APACE
ecg11467	STC,1AVB,SARR,APACE
ecg11468	1AVB,SB,APACE
ecg11469	STC,SB,1AVB,APACE
ecg11470	AQW,1AVB,SB,TWC,APACE
ecg11471	TWC,1AVB,SB,VEB,SA
ecg11472	TWC,1AVB,TWO,APACE
ecg11473	TWC,1AVB,TWO,APACE
ecg11474	TWC,1AVB,TWO,APACE
ecg11475	TWC,1AVB,APACE
ecg11476	STDD,1AVB,LVH,TWC,STC,APACE
ecg11477	1AVB
ecg11478	1AVB,APACE
ecg11479	1AVB,PVC,SA,APACE
ecg11480	TWO,1AVB,PVC,SB,TWC,APACE
ecg11481	TWC,1AVB,APACE,SB,PVC
ecg11482	TWO,1AVB,SR,TWC,PVC
ecg11483	1AVB,SB,VEB,PVC
ecg11484	1AVB,SB,PVC
ecg11485	1AVB,SB,LVH,PVC
ecg11486	1AVB,SB,LVH,PVC
ecg11487	1AVB,SB,PVC
ecg11488	1AVB,SB,LVH,PVC
ecg11489	1AVB,SB,PVC
ecg11490	TWO,1AVB,LVH,RWC,SA,PVC
ecg11491	STDD,1AVB,LVH,TWO,SR,STC,PVC
ecg11492	STDD,1AVB,LVH,TWO,SR,STC,PVC
ecg11493	TWO,1AVB,SR,TWC,PVC
ecg11494	1AVB,ST,PVC
ecg11495	STDD,1AVB,QTIE,ST,TWO,LVH,STC,PVC
ecg11496	1AVB,ST,PVC
ecg11497	1AVB,ST,PVC
ecg11498	TWC,1AVB,ST,PVC
ecg11499	STC,1AVB,ST,PPW,PVC
ecg11500	STDD,1AVB,ST,LVQRSAL,TWO,STC,PVC
ecg11501	STDD,1AVB,ST,TWO,STC,PVC
ecg11502	AQW,1AVB,ST,PVC
ecg11503	TWO,1AVB,ST,TWC,PVC
ecg11504	1AVB,SB,RBBB
ecg11505	1AVB,SB,LVH,RBBB
ecg11506	1AVB,SB,RBBB
ecg11507	1AVB,SB,RBBB
ecg11508	1AVB,SB,RBBB
ecg11509	1AVB,SB,RBBB
ecg11510	1AVB,SB,RBBB
ecg11511	STC,1AVB,SA,RBBB
ecg11512	1AVB,ST,RBBB
ecg11513	1AVB,SB,ARS,LVH
ecg11514	1AVB,RVH,ST,ARS
ecg11515	1AVB,SB,SARR
ecg11516	1AVB,SB,LAFB
ecg11517	TWO,SB,1AVB,LAFB
ecg11518	STDD,1AVB,LAFB,TWO,SB,LVH,STC
ecg11519	1AVB,SB,SA
ecg11520	1AVB,SB,LVH,SA
ecg11521	1AVB,SB,LVH,SA
ecg11522	1AVB,SB,SA
ecg11523	STC,SB,1AVB,SA
ecg11524	1AVB,SB,SA
ecg11525	1AVB,SB,SA
ecg11526	1AVB,SB,SA
ecg11527	1AVB,SB,SA
ecg11528	1AVB,SB,SA
ecg11529	AQW,1AVB,SB,TWC,SA
ecg11530	1AVB,SB,SA
ecg11531	1AVB,SB,SA
ecg11532	1AVB,SB,SA
ecg11533	ERV,SB,1AVB,LVH
ecg11534	STTU,SB,1AVB,ERV
ecg11535	STTU,SB,1AVB,ERV
ecg11536	STTU,1AVB,LVH,SB,ERV
ecg11537	STTU,SB,1AVB,ERV
ecg11538	STTU,SB,1AVB,ERV
ecg11539	STTU,SB,1AVB,ERV
ecg11540	ERV,SB,1AVB
ecg11541	STTU,SB,1AVB,ERV
ecg11542	STTU,SB,1AVB,ERV
ecg11543	1AVB,SB
ecg11544	TWC,SB,1AVB
ecg11545	TWC,SB,1AVB,LVH
ecg11546	1AVB,SB
ecg11547	1AVB,SB
ecg11548	STDD,1AVB,TWO,SB,STC
ecg11549	AQW,1AVB,LVH,SB,TWC
ecg11550	1AVB,SB
ecg11551	1AVB,SB
ecg11552	STC,1AVB,LVH,SB,RWC
ecg11553	1AVB,SB,LVH
ecg11554	1AVB,SB,LVQRSAL
ecg11555	1AVB,SB
ecg11556	1AVB,SB
ecg11557	TWC,SB,1AVB
ecg11558	STC,SB,1AVB,LVH
ecg11559	1AVB,SB
ecg11560	STC,SB,1AVB
ecg11561	1AVB,SB
ecg11562	1AVB,SB
ecg11563	1AVB,SB
ecg11564	TWC,SB,1AVB
ecg11565	1AVB,SB
ecg11566	1AVB,SB
ecg11567	1AVB,SB,LVH
ecg11568	1AVB,SB
ecg11569	1AVB,SB
ecg11570	1AVB,SB
ecg11571	TWC,SB,1AVB
ecg11572	1AVB,SB,LVH
ecg11573	1AVB,SB
ecg11574	1AVB,SB
ecg11575	1AVB,SB
ecg11576	STC,SB,1AVB
ecg11577	1AVB,SB
ecg11578	1AVB,SB
ecg11579	1AVB,SB
ecg11580	1AVB,SB,LVH
ecg11581	TWC,SB,1AVB,LVH
ecg11582	1AVB,SB
ecg11583	1AVB,SB,LVH
ecg11584	1AVB,SB
ecg11585	TWC,SB,1AVB,TWO
ecg11586	1AVB,SB
ecg11587	1AVB,SB
ecg11588	AQW,SB,1AVB,STC
ecg11589	1AVB,SB,LVH
ecg11590	1AVB,SB
ecg11591	1AVB,SB
ecg11592	1AVB,SB
ecg11593	1AVB,SB,LVH
ecg11594	TWO,1AVB,LVH,SB,TWC
ecg11595	1AVB,SB
ecg11596	AQW,SB,1AVB
ecg11597	1AVB,SB,LVH
ecg11598	TWC,SB,1AVB
ecg11599	1AVB,SB
ecg11600	1AVB,SB
ecg11601	STC,SB,1AVB,LVH
ecg11602	1AVB,SB
ecg11603	1AVB,SB,LVH
ecg11604	1AVB,SB
ecg11605	1AVB,SB
ecg11606	1AVB,SB
ecg11607	1AVB,SB,RWC
ecg11608	1AVB,SB
ecg11609	1AVB,SB
ecg11610	1AVB,SB,LVH
ecg11611	STDD,1AVB,LVH,TWO,SB
ecg11612	1AVB,SB
ecg11613	TWC,SB,1AVB,LVH
ecg11614	1AVB,SB
ecg11615	1AVB,SB
ecg11616	1AVB,SB,LVH
ecg11617	TWC,SB,1AVB
ecg11618	1AVB,SB
ecg11619	STC,SB,1AVB,RWC
ecg11620	STDD,1AVB,LVH,TWO,SB,STC
ecg11621	TWO,1AVB,LVH,STDD,SB,STC
ecg11622	1AVB,SB
ecg11623	STDD,1AVB,TWO,SB,STC
ecg11624	1AVB,SB
ecg11625	1AVB,SB,LVH
ecg11626	1AVB,SB,LVH
ecg11627	1AVB,SB,LVH
ecg11628	1AVB,SB,LVH
ecg11629	1AVB,SB
ecg11630	TWC,SB,1AVB
ecg11631	1AVB,SB,LVH
ecg11632	1AVB,SB
ecg11633	1AVB,SB
ecg11634	1AVB,SB,LVH
ecg11635	1AVB,SB
ecg11636	1AVB,SB,RWC,LVQRSAL
ecg11637	1AVB,SB,LVH
ecg11638	1AVB,SB,LVH
ecg11639	QTIE,SB,1AVB
ecg11640	1AVB,SB,LVH
ecg11641	1AVB,SB
ecg11642	1AVB,SB
ecg11643	1AVB,SB
ecg11644	1AVB,SB
ecg11645	1AVB,SB
ecg11646	1AVB,SB
ecg11647	1AVB,SB
ecg11648	1AVB,SB
ecg11649	TWC,SB,1AVB,TWO
ecg11650	STC,SB,1AVB,TWO
ecg11651	1AVB,SB
ecg11652	1AVB,SB,LVH
ecg11653	1AVB,SB
ecg11654	1AVB,SB,LVH
ecg11655	1AVB,SB
ecg11656	1AVB,SB
ecg11657	1AVB,SB
ecg11658	TWC,SB,1AVB
ecg11659	1AVB,SB
ecg11660	1AVB,SB,LVH
ecg11661	TWC,SB,1AVB,TWO
ecg11662	1AVB,SB
ecg11663	1AVB,SB
ecg11664	1AVB,SB,LVQRSAL
ecg11665	1AVB,SB
ecg11666	TWC,SB,1AVB
ecg11667	1AVB,SB
ecg11668	TWC,1AVB,LVQRSAL,SB,RWC
ecg11669	1AVB,SB,LVH
ecg11670	AQW,SB,1AVB,TWC
ecg11671	TWC,SB,1AVB,STC
ecg11672	1AVB,SB
ecg11673	1AVB,SB
ecg11674	1AVB,SB,RWC
ecg11675	1AVB,SB
ecg11676	1AVB,SB
ecg11677	1AVB,SB
ecg11678	TWC,SB,1AVB
ecg11679	1AVB,SB
ecg11680	1AVB,SB,LVH
ecg11681	1AVB,SB
ecg11682	1AVB,SB
ecg11683	1AVB,SB
ecg11684	STC,SB,1AVB
ecg11685	TWC,SB,1AVB
ecg11686	1AVB,SB
ecg11687	1AVB,SB,LVH
ecg11688	1AVB,SB
ecg11689	1AVB,SB
ecg11690	1AVB,SB
ecg11691	1AVB,SB,LVH
ecg11692	1AVB,SB
ecg11693	1AVB,SB
ecg11694	1AVB,SB
ecg11695	1AVB,SB
ecg11696	1AVB,SB
ecg11697	1AVB,SB
ecg11698	1AVB,SB
ecg11699	1AVB,SB
ecg11700	1AVB,SB,LVQRSAL
ecg11701	1AVB,SB,LVH
ecg11702	1AVB,SB
ecg11703	1AVB,SB
ecg11704	1AVB,SB
ecg11705	1AVB,SB
ecg11706	1AVB,SB
ecg11707	1AVB,SB
ecg11708	1AVB,SB
ecg11709	STDD,1AVB,LVH,TWO,SB,STC
ecg11710	AQW,SB,1AVB
ecg11711	1AVB,SB
ecg11712	STC,SB,1AVB,LVH
ecg11713	1AVB,SB
ecg11714	1AVB,SB
ecg11715	1AVB,SB
ecg11716	1AVB,SB
ecg11717	1AVB,SB
ecg11718	1AVB,SB
ecg11719	TWC,SB,1AVB
ecg11720	1AVB,SB
ecg11721	1AVB,SB,LVQRSAL
ecg11722	1AVB,SB,LVH
ecg11723	1AVB,SB
ecg11724	1AVB,SB
ecg11725	1AVB,SB
ecg11726	1AVB,SB
ecg11727	1AVB,SB,LVH
ecg11728	1AVB,SB
ecg11729	1AVB,SB
ecg11730	1AVB,SB
ecg11731	1AVB,SB
ecg11732	1AVB,SB
ecg11733	1AVB,SB
ecg11734	1AVB,SB
ecg11735	1AVB,SB
ecg11736	1AVB,SB
ecg11737	AQW,SB,1AVB
ecg11738	1AVB,SB
ecg11739	1AVB,SB
ecg11740	1AVB,SB,LVH
ecg11741	1AVB,SB
ecg11742	1AVB,SB
ecg11743	1AVB,SB
ecg11744	1AVB,SB
ecg11745	1AVB,SB
ecg11746	1AVB,SB
ecg11747	1AVB,SB
ecg11748	STDD,1AVB,TWO,SB,STC
ecg11749	1AVB,SB
ecg11750	1AVB,SB
ecg11751	1AVB,SB
ecg11752	1AVB,SB
ecg11753	1AVB,SB
ecg11754	STC,SB,1AVB
ecg11755	STC,SB,1AVB
ecg11756	STC,SB,1AVB
ecg11757	STC,SB,1AVB
ecg11758	1AVB,SB
ecg11759	TWC,SB,1AVB,TWO
ecg11760	TWC,SB,1AVB,LVH
ecg11761	1AVB,SB
ecg11762	1AVB,SB
ecg11763	1AVB,SB,LVH
ecg11764	1AVB,SB
ecg11765	1AVB,SB
ecg11766	1AVB,SB
ecg11767	1AVB,SB
ecg11768	TWC,SB,1AVB
ecg11769	1AVB,SB
ecg11770	TWC,SB,1AVB
ecg11771	1AVB,SB
ecg11772	TWC,SB,1AVB
ecg11773	1AVB,SB,LVQRSAL
ecg11774	1AVB,SB
ecg11775	1AVB,SB
ecg11776	1AVB,SB
ecg11777	1AVB,SB
ecg11778	1AVB,SB
ecg11779	1AVB,SB
ecg11780	1AVB,SB
ecg11781	AQW,SB,1AVB
ecg11782	1AVB,SB
ecg11783	1AVB,SB
ecg11784	1AVB,SB
ecg11785	1AVB,SB
ecg11786	1AVB,SB
ecg11787	TWC,SB,1AVB
ecg11788	TWC,SB,1AVB
ecg11789	TWC,SB,1AVB
ecg11790	STTU,TWC,1AVB,SB,LVH,TWO
ecg11791	1AVB,SB
ecg11792	1AVB,SB
ecg11793	1AVB,SB
ecg11794	1AVB,SB
ecg11795	1AVB,SB
ecg11796	1AVB,SB
ecg11797	1AVB,SB,LVH
ecg11798	1AVB,SB,LVH
ecg11799	1AVB,SB
ecg11800	1AVB,SB
ecg11801	1AVB,SB
ecg11802	TWC,SB,1AVB
ecg11803	1AVB,SB
ecg11804	1AVB,SB
ecg11805	1AVB,SB
ecg11806	1AVB,SB
ecg11807	TWC,SB,1AVB,TWO
ecg11808	1AVB,SB
ecg11809	TWC,SB,1AVB
ecg11810	1AVB,SB
ecg11811	1AVB,SB
ecg11812	TWC,SB,1AVB
ecg11813	1AVB,SB
ecg11814	TWO,1AVB,LVH,SB,TWC
ecg11815	1AVB,SB,LVH
ecg11816	1AVB,SB
ecg11817	AQW,SB,1AVB,LVH
ecg11818	1AVB,SB
ecg11819	1AVB,SB
ecg11820	STC,SB,1AVB
ecg11821	STC,SB,1AVB,LVH
ecg11822	TWO,1AVB,PWC,SB,STC
ecg11823	1AVB,SB
ecg11824	1AVB,SB,LVH
ecg11825	1AVB,SB
ecg11826	1AVB,SB
ecg11827	1AVB,SB
ecg11828	STDD,1AVB,TWO,SB,LVH,STC
ecg11829	1AVB,SB
ecg11830	1AVB,SB
ecg11831	1AVB,SB
ecg11832	1AVB,SB
ecg11833	1AVB,SB
ecg11834	1AVB,SB
ecg11835	AQW,RVH,1AVB,STTU,PWC,SB,TWC,LVH
ecg11836	TWC,SB,1AVB,TWO
ecg11837	TWO,1AVB,SB,TWC,LVH
ecg11838	1AVB,SB
ecg11839	1AVB,SB
ecg11840	1AVB,SB,LVH
ecg11841	1AVB,SB
ecg11842	1AVB,SB
ecg11843	TWC,SB,1AVB,TWO
ecg11844	1AVB,SB,LVQRSAL
ecg11845	AQW,SB,1AVB
ecg11846	AQW,SB,1AVB
ecg11847	1AVB,SB
ecg11848	1AVB,SB
ecg11849	TWO,SB,1AVB
ecg11850	AQW,SB,1AVB
ecg11851	1AVB,SB,LVH
ecg11852	1AVB,SB
ecg11853	1AVB,SB
ecg11854	1AVB,SB,LVQRSAL
ecg11855	TWO,SB,1AVB
ecg11856	1AVB,SB,LVH
ecg11857	1AVB,SB,LVH
ecg11858	1AVB,SB
ecg11859	1AVB,SB
ecg11860	1AVB,SB
ecg11861	AQW,1AVB,LVH,SB,TWC
ecg11862	1AVB,SB
ecg11863	1AVB,SB
ecg11864	1AVB,SB,RWC
ecg11865	TWC,SB,1AVB,TWO
ecg11866	TWC,SB,1AVB
ecg11867	1AVB,SB,LVH
ecg11868	1AVB,SB
ecg11869	1AVB,SB
ecg11870	1AVB,SB
ecg11871	1AVB,SB
ecg11872	1AVB,SB
ecg11873	1AVB,SB
ecg11874	1AVB,SB
ecg11875	STDD,1AVB,LVH,SB,TWC,STC
ecg11876	1AVB,SB,LVH
ecg11877	1AVB,SB
ecg11878	1AVB,SB
ecg11879	1AVB,SB
ecg11880	TWC,SB,1AVB,TWO
ecg11881	1AVB,SB
ecg11882	1AVB,SB
ecg11883	1AVB,SB
ecg11884	1AVB,SB
ecg11885	1AVB,SB
ecg11886	TWC,SB,1AVB,TWO
ecg11887	1AVB,SB
ecg11888	STC,1AVB,LVH,SB,RWC
ecg11889	TWC,SB,1AVB,TWO
ecg11890	TWC,SB,1AVB
ecg11891	1AVB,SB
ecg11892	1AVB,SB
ecg11893	1AVB,SB
ecg11894	AQW,STTU,1AVB,STDD,TWO,SB
ecg11895	STC,SB,1AVB,LVH
ecg11896	TWC,SB,1AVB,LVH
ecg11897	1AVB,SB
ecg11898	1AVB,SB
ecg11899	TWC,SB,1AVB
ecg11900	1AVB,SB
ecg11901	1AVB,SB
ecg11902	TWC,SB,1AVB
ecg11903	1AVB,SB
ecg11904	1AVB,SB
ecg11905	TWC,SB,1AVB,TWO
ecg11906	1AVB,SB
ecg11907	1AVB,SB
ecg11908	AQW,SB,1AVB
ecg11909	STC,SB,1AVB
ecg11910	1AVB,SB
ecg11911	1AVB,SB,LVH
ecg11912	TWC,SB,1AVB,LVH
ecg11913	TWO,1AVB,LVQRSAL,SB,RWC,TWC
ecg11914	TWC,SB,1AVB,TWO
ecg11915	1AVB,SB
ecg11916	1AVB,SB,LVH
ecg11917	1AVB,SB,LVQRSAL
ecg11918	TWC,SB,1AVB
ecg11919	1AVB,SB
ecg11920	1AVB,SB
ecg11921	TWC,SB,1AVB
ecg11922	1AVB,SB
ecg11923	1AVB,SB
ecg11924	1AVB,SB
ecg11925	TWC,SB,1AVB
ecg11926	AQW,SB,1AVB,TWC
ecg11927	STC,SB,1AVB
ecg11928	1AVB,SB
ecg11929	1AVB,SB
ecg11930	STTU,1AVB,TWO,SB,TWC
ecg11931	1AVB,SB,SA
ecg11932	1AVB,SB,SA
ecg11933	1AVB,SB,SA
ecg11934	TWC,SB,1AVB,SA
ecg11935	1AVB,SR,LAFB,SA
ecg11936	1AVB,LVH,SR,RWC,SA
ecg11937	1AVB,SR,RWC,SA
ecg11938	TWC,SR,1AVB,SA
ecg11939	1AVB,LVH,SA
ecg11940	1AVB,SA
ecg11941	1AVB,SA
ecg11942	1AVB,SA
ecg11943	1AVB,SA
ecg11944	1AVB,SA
ecg11945	1AVB,SA
ecg11946	STC,1AVB,RWC,SA
ecg11947	1AVB,SA
ecg11948	1AVB,SA
ecg11949	TWO,1AVB,LAFB,LVH,SR,TWC
ecg11950	1AVB,SR,LAFB
ecg11951	STDD,1AVB,QTIE,PWC,TWO,SR,LVH,STC
ecg11952	STC,1AVB,QTIE,PWC,SR,LVH
ecg11953	1AVB,SR
ecg11954	1AVB,SR
ecg11955	AQW,STTU,1AVB,TWO,SR
ecg11956	AQW,STTU,1AVB,QTIE,TWO,SR,TWC
ecg11957	STC,1AVB,LVH,SR,PPW
ecg11958	STC,SR,1AVB
ecg11959	STC,SR,1AVB
ecg11960	STC,SR,1AVB,LVH
ecg11961	TWO,SR,1AVB,PPW
ecg11962	1AVB,SR
ecg11963	1AVB,SR
ecg11964	TWC,SR,1AVB
ecg11965	TWC,SR,1AVB
ecg11966	STC,SR,1AVB,LVH
ecg11967	TWC,SR,1AVB,TWO
ecg11968	1AVB,SR
ecg11969	1AVB,SR
ecg11970	1AVB,SR
ecg11971	STC,SR,1AVB
ecg11972	AQW,1AVB,TWO,SR,TWC
ecg11973	AQW,1AVB,TWO,SR,TWC
ecg11974	TWO,1AVB,LVH,STDD,SR,STC
ecg11975	TWC,SR,1AVB
ecg11976	TWC,SR,1AVB
ecg11977	STDD,SR,1AVB
ecg11978	AQW,SR,1AVB,STC
ecg11979	1AVB,SR
ecg11980	STC,SR,1AVB,LVH
ecg11981	1AVB,SR,LVH
ecg11982	1AVB,SR
ecg11983	1AVB,SR
ecg11984	1AVB,SR
ecg11985	1AVB,SR
ecg11986	1AVB,SR
ecg11987	STDD,1AVB,ST,LVH,TWO
ecg11988	1AVB,ST
ecg11989	STDD,1AVB,ST
ecg11990	1AVB,ST,LVQRSAL
ecg11991	1AVB,ST
ecg11992	STDD,1AVB,ST,TWO,LVH,STC
ecg11993	1AVB,ST,LVQRSAL
ecg11994	1AVB,ST
ecg11995	TWC,1AVB,ST
ecg11996	1AVB,ST
ecg11997	1AVB,ST
ecg11998	STC,1AVB,ST,LVH
ecg11999	STC,1AVB,ST,LVH
ecg12000	1AVB,ST
ecg12001	1AVB,ST
ecg12002	STC,1AVB,ST
ecg12003	1AVB,RWC,ST,PPW
ecg12004	1AVB,ST,LVH
ecg12005	STDD,1AVB,ST,TWO
ecg12006	1AVB,ST,LVH
ecg12007	STC,1AVB,ST,PPW
ecg12008	1AVB,ST
ecg12009	STC,1AVB,ST
ecg12010	1AVB,ST
ecg12011	STC,1AVB,ST,LVH
ecg12012	1AVB,ST
ecg12013	1AVB,ST
ecg12014	1AVB,ST
ecg12015	1AVB,ST
ecg12016	STC,1AVB,ST,LVH
ecg12017	STTU,1AVB,ST
ecg12018	TWO,1AVB,ST,LVQRSAL,TWC
ecg12019	TWC,1AVB,ST
ecg12020	TWC,1AVB,ST
ecg12021	AQW,1AVB,ST
ecg12022	TWC,1AVB,ST
ecg12023	STC,1AVB,ST
ecg12024	STC,1AVB,ST
ecg12025	1AVB,ST
ecg12026	STC,1AVB,ST
ecg12027	1AVB,ST
ecg12028	1AVB,ST
ecg12029	1AVB,ST,LVH
ecg12030	STDD,1AVB,ST,TWC,STC
ecg12031	AQW,STTU,1AVB,ST,LVH,TWO,STDD,TWC
ecg12032	TWC,1AVB,ST,LVQRSAL,LVH
ecg12033	1AVB,ST
ecg12034	TWC,1AVB,ST
ecg12035	1AVB,ST
ecg12036	STDD,SVPB,VPB,1AVB,ST,TWO,LVH,STC
ecg12037	STC,1AVB,ST
ecg12038	1AVB,ST
ecg12039	1AVB,ST
ecg12040	1AVB,ST
ecg12041	STC,1AVB,TPW,ST,LVH
ecg12042	1AVB,ST
ecg12043	1AVB,ST
ecg12044	TWC,1AVB,ST
ecg12045	TWC,1AVB,ST,LVH
ecg12046	STC,1AVB,ST
ecg12047	STC,1AVB,ST
ecg12048	STC,1AVB,ST
ecg12049	STC,1AVB,ST
ecg12050	1AVB,ST
ecg12051	1AVB,ST,LVH
ecg12052	STC,1AVB,ST
ecg12053	1AVB,ST,LVH
ecg12054	AQW,1AVB,ST
ecg12055	1AVB,ST
ecg12056	1AVB,ST
ecg12057	1AVB,ST
ecg12058	STC,1AVB,ST,RWC,LVH
ecg12059	STTU,1AVB,ST
ecg12060	1AVB,ST
ecg12061	1AVB,ST
ecg12062	TWC,1AVB,ST
ecg12063	TWC,1AVB,ST
ecg12064	1AVB,ST
ecg12065	TWC,1AVB,ST
ecg12066	1AVB,ST
ecg12067	1AVB,ST,SVT
ecg12068	1AVB,SVT,ST
ecg12069	STC,SA,2AVB1,PRIE,ST,LVH
ecg12070	STC,AF,2AVB1
ecg12071	STC,AF
ecg12072	STDD,APB,2AVB1,TWO,SR,APACE
ecg12073	2AVB1,APB,ST
ecg12074	2AVB1,JEB,ARHY,BPAC
ecg12075	TWO,2AVB1,SB,TWC,BPAC
ecg12076	2AVB1,ARHY
ecg12077	TWO,2AVB1,QTIE,ST,LVH,TWC
ecg12078	MI,MI_LAT,2AVB1,PRIE,ST,STDD,STC
ecg12079	2AVB1,SB,PVC,APACE
ecg12080	TWC,2AVB1,PWC,SR,PVC
ecg12081	PRIE,SB,VEB,2AVB1
ecg12082	2AVB1,SB
ecg12083	2AVB1,SB
ecg12084	2AVB1,SB
ecg12085	2AVB1,SB
ecg12086	2AVB1,SB,LVH
ecg12087	2AVB1,SA
ecg12088	STDD,2AVB1,ST,TWC,PPW,STC
ecg12089	2AVB1,ST
ecg12090	PRIE,ST,2AVB1
ecg12091	2AVB1,ST
ecg12092	2AVB2,AVB,SR,3AVB,JEB,CRBBB
ecg12093	BBB,ARHY,2AVB2,AVB
ecg12094	STC,SR,2AVB2,AVB,CLBBB
ecg12095	2AVB2,TPW,AVB,ARS,ST,JEB
ecg12096	2AVB2,SB,AVB
ecg12097	2AVB,JEB,AF
ecg12098	STDD,TWO,CRBBB,AF,STC,2AVB
ecg12099	2AVB,AF,LVH,CRBBB
ecg12100	ILBBB,LVH,AF,2AVB
ecg12101	STDD,TWO,JEB,AF,STC,2AVB
ecg12102	TWC,AF,ERHY,2AVB
ecg12103	STDD,TWO,AF,LVH,STC,2AVB
ecg12104	TWO,VER,TWC,AF,2AVB
ecg12105	STDD,TWO,AF,STC,2AVB
ecg12106	TWO,AF,2AVB
ecg12107	STDD,TWO,RWC,AF,LVH,2AVB
ecg12108	2AVB,AF
ecg12109	TWC,AF,TWO,2AVB
ecg12110	TWC,AF,LVH,2AVB
ecg12111	2AVB,AF
ecg12112	STC,AF,LVH,2AVB
ecg12113	TWC,AF,2AVB
ecg12114	2AVB,AF
ecg12115	STTU,AF,2AVB
ecg12116	STDD,UW,LAFB,AVD,ERHY,QTIE,BBB,TWO,SB,SAB,STC,BPAC
ecg12117	2AVB,APB,AVD,SB,JEB
ecg12118	STC,LVH,BPAC,SB,2AVB
ecg12119	STDD,TWO,AT,STC,2AVB
ecg12120	STTU,SB,2AVB,CRBBB,PVC
ecg12121	TWO,LAFB,PRIE,BBB,LVH,STDD,SB,2AVB,STC,APACE
ecg12122	BBB,SR,PVC,2AVB
ecg12123	SAB,JEB,SB,SARR
ecg12124	TWC,SB,LAFB,2AVB
ecg12125	ERV,SB,2AVB
ecg12126	SAB,SA
ecg12127	SAB,ST
ecg12128	TWO,RVH,ERHY,ARS,TWC,3AVB,AVB,AF,CCR,CRBBB
ecg12129	3AVB,RVH,VER,ERHY,AVB,AF,CRBBB
ecg12130	TWC,RVH,VER,ERHY,3AVB,AVB,AF,CRBBB
ecg12131	STC,ERHY,3AVB,AVB,AF,CRBBB
ecg12132	3AVB,AF,AVB,ERHY,CRBBB
ecg12133	STTU,LVH,STDD,VEB,RWC,3AVB,AVB,JEB,AF,STC,PVC
ecg12134	STDD,ERHY,QTIE,TWO,3AVB,AVB,AF,LVH,STC,APACE
ecg12135	STDD,ERHY,TWO,3AVB,AVB,AF,LVH,STC
ecg12136	STC,ERHY,LVH,3AVB,AVB,AF
ecg12137	TWC,UW,ERHY,3AVB,AVB,AF
ecg12138	TWO,ERHY,LVH,TWC,3AVB,AVB,AF
ecg12139	3AVB,AF,AVB,APACE
ecg12140	STC,AF,LVH,3AVB,AVB
ecg12141	3AVB,AVD,AVB,AF,APACE
ecg12142	2AVB,AF,APACE
ecg12143	3AVB,AVD,AVB,AF,APACE
ecg12144	STC,VER,AF,3AVB,AVB,PVC
ecg12145	3AVB,APB,ERHY,SB,AVB,CRBBB
ecg12146	TWC,APB,LAFB,ERHY,ST,3AVB,AVB,CCR
ecg12147	3AVB,APB,ERHY,SR,AVB,CRBBB
ecg12148	STC,AF,ERHY,BBB,ALS,3AVB,AVB
ecg12149	STDD,SA,ERHY,LVH,TWO,3AVB,AVB,CRBBB,STC
ecg12150	STC,LAFB,ERHY,ST,3AVB,AVB,CRBBB
ecg12151	TWO,LAFB,ERHY,LVQRSAL,ST,TWC,3AVB,AVB,CRBBB
ecg12152	STC,ERHY,ST,3AVB,AVB,CRBBB
ecg12153	CRBBB,ST,3AVB,AVB,ERHY
ecg12154	CRBBB,SB,3AVB,AVB,APACE
ecg12155	CRBBB,SB,3AVB,AVB
ecg12156	BBB,ERHY,ST,3AVB,AVB,PVC
ecg12157	TWO,ERHY,BBB,SR,3AVB,AVB
ecg12158	3AVB,SR,ALS,AVB,JEB,CRBBB,PVC
ecg12159	MI,STTU,MI_LAT,ST,3AVB,AVB,JEB,TWC
ecg12160	MI,STTU,SA,MI_LAT,ERHY,STDD,AQW,TWC,3AVB,AVB,STC,PVC
ecg12161	STDD,RBBB,LAFB,ERHY,SR,3AVB,AVB,STC
ecg12162	3AVB,SR,AVB,ERHY
ecg12163	TWO,LAFB,ERHY,QTIE,ST,TWC,3AVB,AVB
ecg12164	3AVB,ST,AVB,ERHY
ecg12165	3AVB,ST,AVB,ERHY
ecg12166	STC,ST,3AVB,AVB,ERHY
ecg12167	3AVB,SB,AVB,APACE
ecg12168	3AVB,SB,AVB,APACE
ecg12169	3AVB,SA,AVB,APACE
ecg12170	3AVB,SB,AVB,APACE
ecg12171	3AVB,SR,AVB,APACE
ecg12172	RBBB,SR,LAFB,3AVB,AVB
ecg12173	3AVB,SB,VER,AVB
ecg12174	3AVB,SR,VER,AVB
ecg12175	3AVB,SR,VER,AVB
ecg12176	3AVB,VER,ST,AVB
ecg12177	3AVB,VER,ST,AVB
ecg12178	3AVB,VER,AVD,ST,AVB
ecg12179	3AVB,VER,ST,AVB
ecg12180	3AVB,VER,ST,AVB
ecg12181	3AVB,VER,ST,AVB
ecg12182	IDC,SVT
ecg12183	STC,LAFB,LVH,IDC,AF
ecg12184	AQW,IDC,AF,LVH,STC,PVC
ecg12185	IDC,AF
ecg12186	STTU,AF,LVH,IDC
ecg12187	IDC,LVH,AF
ecg12188	TWO,ARS,IDC,TWC,AF,CCR
ecg12189	IDC,ALS,AF,LVH,CLBBB
ecg12190	IDC,AF,ALS,CLBBB
ecg12191	IDC,AF,LAFB,CRBBB
ecg12192	IDC,AF,ALS,CRBBB
ecg12193	IDC,AF,CRBBB
ecg12194	TWO,IDC,TWC,AF,CRBBB
ecg12195	STDD,TWO,IDC,AF,STC,CRBBB
ecg12196	TWC,IDC,AF,IRBBB,PVC
ecg12197	IDC,AF,IRBBB,PVC
ecg12198	IDC,AF,IRBBB
ecg12199	STC,IDC,AF,IRBBB
ecg12200	TWC,IDC,AF,IRBBB
ecg12201	IDC,AF,IRBBB
ecg12202	STC,LAFB,BBB,IDC,AF
ecg12203	IDC,AF,BBB,ALS
ecg12204	BBB,LVH,IDC,AF,PVC
ecg12205	STC,IDC,AF,BBB
ecg12206	IDC,AF,BBB,LVH
ecg12207	IDC,AF,LAFB
ecg12208	AQW,LAFB,LVH,IDC,RWC,AF,STC
ecg12209	AQW,IDC,AF,LAFB
ecg12210	IDC,APACE,ALS,AF,PVC
ecg12211	IDC,AF,ALS
ecg12212	STC,IDC,AF,ALS
ecg12213	TWC,IDC,AF,ALS
ecg12214	IDC,AF,ALS
ecg12215	IDC,AF,ALS
ecg12216	STC,LVH,IDC,ALS,AF
ecg12217	TWC,IDC,RWC,ALS,AF
ecg12218	STC,IDC,AF,ALS
ecg12219	IDC,AF,LVH,ALS
ecg12220	TWC,IDC,AF,ALS
ecg12221	TWC,IDC,RWC,ALS,AF
ecg12222	IDC,AF,ALS
ecg12223	TWC,LVH,IDC,ALS,AF
ecg12224	STC,IDC,RWC,ALS,AF,LVH
ecg12225	IDC,AF,LVH,ALS
ecg12226	TWO,IDC,TWC,ALS,AF
ecg12227	IDC,AF,ALS
ecg12228	QTIE,IDC,AF,LVH
ecg12229	IDC,AF,LVH,APACE
ecg12230	TWC,LVH,IDC,AF,APACE
ecg12231	IDC,AF,LVH,APACE
ecg12232	TWC,IDC,AF,STC
ecg12233	IDC,ARS,LVH,AF,PVC
ecg12234	STDD,TWO,IDC,AF,STC,PVC
ecg12235	STDD,LVH,TWO,IDC,AF,PVC
ecg12236	IDC,ARS,RWC,AF,PVC
ecg12237	STC,PVT,IDC,AF,PVC
ecg12238	TWC,LVH,IDC,AF,PVC
ecg12239	STC,LVH,IDC,AF,PVC
ecg12240	IDC,AF,PVC
ecg12241	STC,LVH,IDC,AF,PVC
ecg12242	STDD,LVH,IDC,TWC,AF,STC,PVC
ecg12243	IDC,AF,PVC
ecg12244	TWC,IDC,AF,PVC
ecg12245	TWC,IDC,AF,LVH,PVC
ecg12246	TWO,IDC,TWC,AF,PVC
ecg12247	IDC,AF,PVC
ecg12248	IDC,AF,PVC
ecg12249	IDC,AF,PVC
ecg12250	IDC,AF,LVQRSAL,PVC
ecg12251	IDC,AF,LAFB,CRBBB
ecg12252	IDC,AF,RBBB
ecg12253	STC,IDC,AF,RBBB
ecg12254	IDC,AF,LVH,RBBB
ecg12255	IDC,AF,RBBB
ecg12256	IDC,AF,ARS
ecg12257	TWC,IDC,AF,ARS
ecg12258	IDC,AF,ARS
ecg12259	AQW,ARS,TWO,IDC,RWC,TWC,AF
ecg12260	TWC,ARS,LVH,IDC,AF
ecg12261	STC,IDC,AF,ARS
ecg12262	STTU,ARS,TWO,IDC,AF,STC
ecg12263	IDC,AF,ARS
ecg12264	STDD,ARS,TWO,IDC,AF,STC
ecg12265	STC,IDC,AF
ecg12266	TWC,IDC,AF,LVH
ecg12267	IDC,AF
ecg12268	TWC,IDC,AF,LVH
ecg12269	AQW,IDC,AF
ecg12270	STC,IDC,AF,LVH
ecg12271	STDD,TWO,IDC,AF,LVH,STC
ecg12272	STDD,TWO,IDC,AF,LVH,STC
ecg12273	STC,IDC,AF
ecg12274	STC,IDC,AF
ecg12275	STDD,TWO,IDC,AF,STC
ecg12276	STDD,TWO,IDC,RWC,AF,STC
ecg12277	IDC,AF
ecg12278	AQW,IDC,AF
ecg12279	IDC,AF
ecg12280	STC,IDC,AF
ecg12281	IDC,AF,LVH
ecg12282	IDC,AF,LVH
ecg12283	IDC,AF,LVH
ecg12284	STC,IDC,AF
ecg12285	STDD,TWO,IDC,RWC,AF,STC
ecg12286	IDC,AF
ecg12287	TWC,IDC,AF
ecg12288	STC,IDC,AF
ecg12289	IDC,AF
ecg12290	STDD,TWO,IDC,AF,STC
ecg12291	IDC,AF
ecg12292	TWC,IDC,AF
ecg12293	IDC,AF
ecg12294	STC,IDC,AF
ecg12295	IDC,AF
ecg12296	IDC,AF,LVH
ecg12297	IDC,AF
ecg12298	IDC,AF
ecg12299	STC,IDC,AF
ecg12300	STC,IDC,AF
ecg12301	STC,IDC,AF
ecg12302	IDC,AF,LVQRSAL
ecg12303	STC,IDC,AF,LVH
ecg12304	STC,IDC,AF,LVH
ecg12305	STC,IDC,AF,LVH
ecg12306	STC,IDC,AF,LVH
ecg12307	STC,IDC,AF,LVH
ecg12308	IDC,AF
ecg12309	TWC,IDC,AF
ecg12310	STC,IDC,AF
ecg12311	STC,IDC,AF
ecg12312	TWC,IDC,AF
ecg12313	TWC,IDC,AF,LVH
ecg12314	STC,IDC,AF,RWC
ecg12315	IDC,AF
ecg12316	IDC,AF
ecg12317	IDC,AF
ecg12318	IDC,AF,LVH
ecg12319	IDC,AF
ecg12320	IDC,AF
ecg12321	IDC,AF
ecg12322	IDC,AF
ecg12323	IDC,AF
ecg12324	IDC,AF
ecg12325	TWC,IDC,AF
ecg12326	TWC,LVQRSAL,IDC,RWC,AF
ecg12327	IDC,AF
ecg12328	STC,IDC,AF
ecg12329	STC,IDC,AF
ecg12330	IDC,AF
ecg12331	IDC,AF
ecg12332	STDD,LVH,TWO,IDC,AF,STC
ecg12333	TWC,IDC,AF
ecg12334	TWC,IDC,AF
ecg12335	TWC,IDC,AF
ecg12336	IDC,AF
ecg12337	STDD,TWO,IDC,AF,LVH,STC
ecg12338	IDC,AF
ecg12339	STDD,TWO,IDC,TWC,AF,STC
ecg12340	TWC,IDC,AF,LVH
ecg12341	IDC,AF,LVH
ecg12342	TWC,IDC,AF,LVH
ecg12343	IDC,AF
ecg12344	STDD,TWO,IDC,AF,STC
ecg12345	STDD,TWO,IDC,AF,LVH,STC
ecg12346	STC,IDC,AF
ecg12347	STDD,TWO,IDC,AF,STC
ecg12348	TWO,IDC,RWC,TWC,AF
ecg12349	TWC,IDC,AF,LVH
ecg12350	STC,IDC,AF
ecg12351	STC,IDC,AF
ecg12352	STC,IDC,AF
ecg12353	STDD,TWO,IDC,AF,STC
ecg12354	IDC,AF
ecg12355	TWC,IDC,AF,LVQRSAL
ecg12356	IDC,AF,LVH
ecg12357	STC,IDC,AF
ecg12358	STC,IDC,AF
ecg12359	TWC,IDC,AF,LVH
ecg12360	IDC,AF
ecg12361	IDC,AF
ecg12362	IDC,AF
ecg12363	IDC,AF
ecg12364	IDC,AF
ecg12365	IDC,AF,LVH
ecg12366	STDD,TWO,IDC,AF,LVH,STC
ecg12367	STDD,TWO,IDC,AF,STC
ecg12368	IDC,AF
ecg12369	TWC,IDC,AF
ecg12370	IDC,AF
ecg12371	STDD,IDC,AF,TWO
ecg12372	STDD,LVH,TWO,IDC,AF,STC
ecg12373	IDC,AF,LVH
ecg12374	IDC,AF
ecg12375	IDC,AF,LVH
ecg12376	STDD,TWO,IDC,AF,STC
ecg12377	IDC,AF
ecg12378	TWC,IDC,AF
ecg12379	TWC,IDC,AF
ecg12380	STC,LVH,IDC,RWC,AF
ecg12381	IDC,AF
ecg12382	TWC,IDC,AF
ecg12383	STC,IDC,AF
ecg12384	STC,IDC,RWC,AF,LVH
ecg12385	TWC,IDC,AF,LVH
ecg12386	TWC,IDC,AF
ecg12387	IDC,AF,LVH
ecg12388	STC,IDC,AF,LVH
ecg12389	STC,IDC,AF,LVH
ecg12390	IDC,AF
ecg12391	IDC,AF,LVH
ecg12392	STC,IDC,AF,LVQRSAL
ecg12393	TWO,IDC,RWC,TWC,AF
ecg12394	IDC,AF
ecg12395	STC,IDC,AF,LVH
ecg12396	STC,IDC,AF,LVH
ecg12397	IDC,AF,LVH
ecg12398	STC,IDC,AF
ecg12399	IDC,AF
ecg12400	TWC,IDC,AF
ecg12401	IDC,AF
ecg12402	STDD,IDC,AF,TWO
ecg12403	TWO,LVQRSAL,IDC,TWC,AF
ecg12404	STC,IDC,AF
ecg12405	IDC,AF
ecg12406	IDC,AF
ecg12407	IDC,AF,LVH
ecg12408	IDC,AF,LVH
ecg12409	IDC,AF
ecg12410	IDC,AF,LVH
ecg12411	STDD,IDC,TWC,AF,STC
ecg12412	STC,IDC,AF
ecg12413	STC,IDC,RWC,AF,TWC
ecg12414	IDC,AF
ecg12415	STC,IDC,AF
ecg12416	STDD,LVH,IDC,TWC,AF,STC
ecg12417	TWC,IDC,AF
ecg12418	TWC,IDC,AF
ecg12419	IDC,AF,LVH
ecg12420	TWO,LVQRSAL,LVH,IDC,TWC,AF
ecg12421	IDC,AF,LVQRSAL
ecg12422	STC,IDC,AF,LVH
ecg12423	IDC,AF
ecg12424	IDC,AF,LVH
ecg12425	IDC,AF
ecg12426	STDD,TWO,IDC,AF,LVH,STC
ecg12427	IDC,AF
ecg12428	STDD,TWO,IDC,AF,STC
ecg12429	IDC,AF
ecg12430	STC,IDC,AF
ecg12431	STC,IDC,AF
ecg12432	TWC,IDC,AF,LVH
ecg12433	TWC,IDC,AF
ecg12434	TWC,IDC,AF
ecg12435	IDC,AF
ecg12436	TWC,IDC,AF
ecg12437	STC,IDC,AF
ecg12438	IDC,AF
ecg12439	IDC,AF
ecg12440	IDC,AF
ecg12441	AQW,IDC,RWC,AF,STC
ecg12442	IDC,AF
ecg12443	TWC,IDC,AF,TWO
ecg12444	TWC,IDC,AF
ecg12445	STC,IDC,AF,LVH
ecg12446	STC,IDC,AF
ecg12447	IDC,AF
ecg12448	IDC,AF
ecg12449	IDC,AF
ecg12450	TWC,IDC,AF
ecg12451	TWC,IDC,AF,TWO
ecg12452	IDC,AF,LVH
ecg12453	STC,IDC,AF
ecg12454	IDC,AF
ecg12455	TWC,IDC,AF,TWO
ecg12456	IDC,AF
ecg12457	STC,IDC,AF,LVH
ecg12458	TWC,IDC,AF,TWO
ecg12459	TWC,IDC,AF,TWO
ecg12460	IDC,AF
ecg12461	STC,IDC,AF
ecg12462	IDC,AF,LVH
ecg12463	TWC,IDC,AF
ecg12464	STC,IDC,AF
ecg12465	IDC,AF
ecg12466	TWC,LVQRSAL,IDC,RWC,AF
ecg12467	STC,IDC,AF
ecg12468	STC,IDC,AF
ecg12469	IDC,AF
ecg12470	IDC,AF,RWC
ecg12471	IDC,AF
ecg12472	TWO,LVH,IDC,AF,STC
ecg12473	AQW,STTU,TWO,IDC,TWC,AF
ecg12474	TWC,IDC,AF,TWO
ecg12475	STDD,TWO,IDC,AF,STC
ecg12476	STC,IDC,AF
ecg12477	IDC,AF
ecg12478	TWC,IDC,AF
ecg12479	TWO,LVH,IDC,TWC,AF
ecg12480	IDC,AF
ecg12481	TWC,IDC,AF,LVQRSAL
ecg12482	STDD,TWO,IDC,TWC,AF,STC
ecg12483	IDC,AF
ecg12484	STC,AF,PWC,SR,IDC
ecg12485	IDC,APB,AF,PWC,SR
ecg12486	IDC,CRBBB,ALS,AF
ecg12487	STC,IDC,QTIE,AF
ecg12488	IDC,AF,PVC
ecg12489	TWC,IDC,ARS,AF
ecg12490	STC,IDC,AF
ecg12491	STC,IDC,LVH,AF
ecg12492	IDC,AF
ecg12493	IDC,AF
ecg12494	IDC,AF
ecg12495	STC,IDC,AF
ecg12496	STC,IDC,AF
ecg12497	TWC,IDC,AF
ecg12498	IDC,AF
ecg12499	AQW,STTU,AF,IDC,LVH,STC
ecg12500	TWC,IDC,AF
ecg12501	STDD,AF,LVQRSAL,IDC,TWC,STC
ecg12502	STC,IDC,AF
ecg12503	IDC,AF
ecg12504	TWC,IDC,ST,APB
ecg12505	TWC,IDC,ST,APB
ecg12506	IDC,APB,ST,LVH,ALS,AT,BPAC
ecg12507	STDD,APB,TWO,IDC,PVC
ecg12508	TWC,APB,IDC,SB,SA
ecg12509	STC,APB,IDC,ST
ecg12510	TWO,APB,ST,IDC,TWC,BPAC
ecg12511	IDC,AT,ARHY,APB
ecg12512	AQW,APB,LAFB,LVQRSAL,ST,IDC,AT
ecg12513	IDC,AT,ST,APB
ecg12514	STDD,APB,ST,TWO,IDC,AT,LVH,STC
ecg12515	STC,APB,ST,LVH,IDC,AT
ecg12516	LAFB,APB,ST,LVH,IDC
ecg12517	AQW,APB,STTU,IDC,SB,ALS,SA
ecg12518	IDC,ST,ALS,APB
ecg12519	IDC,APB,ARS,ST
ecg12520	STTU,APB,TWO,SB,IDC,TWC,SA
ecg12521	IDC,APB,SB
ecg12522	IDC,APB,SB,SA
ecg12523	IDC,SB,SA,APB
ecg12524	IDC,APB,ST,LVQRSAL
ecg12525	IDC,ST,APB
ecg12526	IDC,ST,APB
ecg12527	IDC,AT,ST
ecg12528	TWC,IDC,AT
ecg12529	APB,AEC,SB,EAT
ecg12530	MI,APB,STTU,AEC,MI_LAT,STDD,AQW,SR,STC,BPAC
ecg12531	AT,AEC,SB,APB
ecg12532	AT,AEC,ST,APB
ecg12533	APB,AEC,TPW,RWC,JEB,SA
ecg12534	STC,APB,AEC,SB,PVC
ecg12535	STDD,APB,AEC,TWO,SB,LVH,STC
ecg12536	TWO,APB,AEC,SB,TWC,PPW
ecg12537	APB,AEC,SB
ecg12538	APB,AEC,SB
ecg12539	APB,AEC,VEB
ecg12540	AEC,SB,LVH
ecg12541	AEC,SB,LVH
ecg12542	TWC,AEC,SA
ecg12543	AEC,SA
ecg12544	TWO,APB,LVH,TWC,ARHY
ecg12545	CRBBB,ARS,ARHY,CCR
ecg12546	CRBBB,ALS,SA,ARHY
ecg12547	AQW,MI,MI_LAT,ARHY,PVC
ecg12548	ARHY,ST,PVC
ecg12549	ARHY,SB,SA
ecg12550	ARHY
ecg12551	STC,ARHY
ecg12552	ARHY
ecg12553	2AVB,VER,ERHY,LVQRSAL,AF,CLBBB
ecg12554	STC,JEB,AF,2AVB
ecg12555	TWO,PVC,QTIE,LVH,AF,2AVB
ecg12556	STC,QTIE,LVH,AF,2AVB
ecg12557	TWO,VER,ARS,TWC,AF,2AVB
ecg12558	TWC,AF,2AVB
ecg12559	TWC,ERHY,AF,ALS,3AVB,AVB,CRBBB,CCR
ecg12560	TWO,ERHY,TWC,ALS,3AVB,AVB,AF,CRBBB
ecg12561	STC,ERHY,AF,3AVB,AVB,CRBBB,LVH,PVC
ecg12562	3AVB,ERHY,ARS,LVQRSAL,AVB,AF,CRBBB
ecg12563	STDD,VER,UW,ERHY,TWO,3AVB,AVB,AF,STC,CRBBB
ecg12564	TWC,ERHY,LVQRSAL,3AVB,AVB,AF,CRBBB
ecg12565	STDD,ERHY,TWO,3AVB,AVB,AF,STC,CRBBB
ecg12566	TWO,LAFB,ERHY,AF,3AVB,AVB,CRBBB
ecg12567	TWO,ERHY,TWC,ALS,3AVB,AVB,AF,IRBBB
ecg12568	TWC,ERHY,ARS,3AVB,AVB,AF,IRBBB
ecg12569	TWO,ERHY,QTIE,3AVB,AVB,AF
ecg12570	STC,AF,3AVB,AVB,ERHY
ecg12571	TWO,ERHY,3AVB,AVB,AF,STC
ecg12572	STDD,ERHY,TWO,3AVB,AVB,AF,STC
ecg12573	TWO,ERHY,LVQRSAL,TWC,3AVB,AVB,AF
ecg12574	TWO,ERHY,QTIE,TWC,3AVB,AVB,AF
ecg12575	TWO,LVQRSAL,TWC,3AVB,AVB,AF
ecg12576	IDC,AF,ALS,CCR
ecg12577	STC,IDC,AF,CCR
ecg12578	STC,ARS,IDC,CRBBB,AF,PVC
ecg12579	IDC,AF,CRBBB
ecg12580	IDC,AF,IRBBB,LVH
ecg12581	STDD,BBB,TWO,IDC,AF,LVH,STC
ecg12582	TWO,IDC,TWC,ALS,AF
ecg12583	QTIE,AF,IDC,LVH
ecg12584	IDC,AF,PVT,PVC
ecg12585	IDC,AF,PVC
ecg12586	IDC,AF,ARS,PVC
ecg12587	IDC,AF,ARS,PVC
ecg12588	STDD,TWO,IDC,TWC,AF,LVH,STC,PVC
ecg12589	TWO,LVH,IDC,TWC,AF,PVC
ecg12590	IDC,AF,PVC
ecg12591	IDC,AF,ARS
ecg12592	STC,IDC,AF
ecg12593	TWC,IDC,AF,RWC
ecg12594	TWC,LVQRSAL,IDC,RWC,AF
ecg12595	IDC,AF
ecg12596	IDC,AF
ecg12597	STC,IDC,AF
ecg12598	IDC,AF
ecg12599	STC,IDC,AF
ecg12600	STDD,LVH,IDC,TWC,AF,STC
ecg12601	TWC,IDC,AF
ecg12602	TWC,IDC,AF
ecg12603	IDC,AF
ecg12604	STC,IDC,AF,LVH
ecg12605	TWC,IDC,AF
ecg12606	IDC,AF
ecg12607	TWO,IDC,AF
ecg12608	TWC,IDC,AF
ecg12609	STDD,TWO,IDC,AF,LVH,STC
ecg12610	IDC,AF
ecg12611	IDC,AF,LVH
ecg12612	IDC,AF
ecg12613	STC,IDC,AF
ecg12614	IDC,AF
ecg12615	TWC,IDC,AF
ecg12616	STC,IDC,AF,LVH
ecg12617	STDD,LVH,TWO,IDC,AF,STC
ecg12618	STDD,IDC,AF
ecg12619	TWC,IDC,AF
ecg12620	STDD,TWO,IDC,AF,STC
ecg12621	STC,IDC,AF
ecg12622	STC,IDC,AF,CLBBB
ecg12623	TWC,IDC,AF,TWO
ecg12624	IDC,AF
ecg12625	IDC,AF
ecg12626	STC,IDC,AF,LVH
ecg12627	TWC,IDC,AF,TWO
ecg12628	IDC,AF
ecg12629	TWC,IDC,AF
ecg12630	STC,IDC,AF
ecg12631	IDC,AF
ecg12632	STC,IDC,AF,LVH
ecg12633	TWC,IDC,AF
ecg12634	TWC,IDC,AF,TWO
ecg12635	STC,IDC,AF
ecg12636	TWC,IDC,AF,TWO
ecg12637	IDC,AF
ecg12638	IDC,AF
ecg12639	TWO,IDC,AF,LVH
ecg12640	TWO,IDC,AF,LVH
ecg12641	TWC,IDC,AF,TWO
ecg12642	TWC,IDC,AF,TWO
ecg12643	IDC,AF
ecg12644	IDC,AF
ecg12645	IDC,AF,LVH
ecg12646	STC,IDC,AF,LVH
ecg12647	STC,IDC,AF,LVH
ecg12648	TWC,IDC,AF,LVH
ecg12649	TWC,IDC,AF
ecg12650	STDD,LVH,IDC,AF,STC
ecg12651	AQW,IDC,AF
ecg12652	STDD,PVC,ERHY,TWO,CRBBB,LVH,2AVB
ecg12653	TWC,CRBBB,ERHY,2AVB
ecg12654	AQW,TWC,AF,CCR,PVC
ecg12655	AF,RWC,CCR
ecg12656	STC,ARS,LVH,AF,CRBBB
ecg12657	TWO,ARS,TWC,AF,CRBBB
ecg12658	CRBBB,AF,LVH
ecg12659	BBB,AF,LVH
ecg12660	TWC,AF,LAFB
ecg12661	STC,LVH,ALS,AF,PVC
ecg12662	TWC,RWC,ALS,AF,PVC
ecg12663	TWC,AF,RWC,ALS
ecg12664	STC,AF,LVH,ALS
ecg12665	AF,ALS
ecg12666	TWC,AF,LVH,ALS
ecg12667	AF,ALS
ecg12668	AF,ALS
ecg12669	STDD,TWO,AF,LVH,STC
ecg12670	STC,AF,LVH,APACE
ecg12671	APACE,AF
ecg12672	AF,PVC
ecg12673	AF,RWC,PVC
ecg12674	TWO,LVH,TWC,AF,PVC
ecg12675	STDD,AF,LVH,STC,PVC
ecg12676	TWC,AF,RBBB
ecg12677	AQW,RVH,ARS,AF,STC
ecg12678	TWC,AF,2AVB
ecg12679	2AVB,AF
ecg12680	MI,MI_LAT,TWO,SR,TWC,AF,STC
ecg12681	STC,AF,LVH
ecg12682	AF,APB,ALS,SR
ecg12683	TWC,AF,STC,CCR
ecg12684	STC,AF,PVC,BBB,CRBBB,RVH
ecg12685	AQW,AF,TWC,BBB
ecg12686	AQW,AF,TWC,LAFB
ecg12687	MI,MI_LAT,AF,AQW,STTU,TWO
ecg12688	APACE,AF,SR
ecg12689	STC,LVH,AF,ST
ecg12690	AF,LVQRSAL
ecg12691	STC,AF,LVH
ecg12692	AF
ecg12693	AF
ecg12694	AF,LVH
ecg12695	STDD,AF,RWC,STC,TWO
ecg12696	STC,AF
ecg12697	TWO,APB,ALS,AT,AF,BPAC
ecg12698	CLBBB,LVQRSAL,ALS,AF,CCR
ecg12699	CLBBB,AF,RWC,CCR
ecg12700	CLBBB,AF,CCR
ecg12701	LAFB,APACE,BBB,AF,CCR,CRBBB
ecg12702	STC,LAFB,AF,CCR,CRBBB
ecg12703	CRBBB,AF,ALS,CCR
ecg12704	TWO,TWC,ALS,AF,CCR,CRBBB
ecg12705	STTU,LPFB,STDD,TWC,AF,STC,CCR,CRBBB
ecg12706	AQW,RVH,ARS,TWO,TWC,AF,CCR,CRBBB
ecg12707	AQW,RVH,ARS,TWO,TWC,AF,CCR,CRBBB
ecg12708	STC,ARS,AF,IRBBB,CCR
ecg12709	AQW,LAFB,BBB,TWC,AF,CCR
ecg12710	AQW,LAFB,BBB,TWC,AF,CCR
ecg12711	TWC,BBB,ALS,AF,CCR,PVC
ecg12712	AQW,BBB,TWO,RWC,TWC,ALS,AF,CCR
ecg12713	TWO,BBB,TWC,ALS,AF,CCR
ecg12714	BBB,RWC,ALS,AF,CCR
ecg12715	AQW,BBB,TWC,ALS,AF,CCR
ecg12716	AQW,BBB,TWO,TWC,ALS,AF,CCR
ecg12717	AQW,LAFB,BBB,AF,CCR,PVC
ecg12718	AQW,LAFB,BBB,TWC,AF,CCR,PVC
ecg12719	AQW,LAFB,BBB,AF,CCR,PVC
ecg12720	LAFB,BBB,RWC,AF,CCR,PVC
ecg12721	AQW,BBB,RWC,AF,CCR,PVC
ecg12722	TWC,LAFB,BBB,VEB,AF,CCR
ecg12723	TWC,BBB,RWC,AF,CCR
ecg12724	TWC,AF,LAFB,CCR
ecg12725	TWC,AF,LAFB,CCR
ecg12726	AF,ALS,CCR,PVC
ecg12727	RBBB,AF,ALS,CCR
ecg12728	TWC,AF,ALS,CCR
ecg12729	STTU,TWO,TWC,ALS,AF,CCR
ecg12730	AF,ALS,CCR
ecg12731	TWC,AF,ALS,CCR
ecg12732	TWC,ALS,AF,CCR
ecg12733	TWO,TWC,ALS,AF,CCR
ecg12734	STDD,LPFB,UW,ARS,TWO,AF,STC,CCR
ecg12735	TWO,TWC,AF,CCR,APACE
ecg12736	TWC,LAFB,AF,CCR,PVC
ecg12737	AF,ARS,CCR,PVC
ecg12738	AQW,ARS,AF,CCR,PVC
ecg12739	STC,AF,CCR,PVC
ecg12740	AQW,TWO,AF,CCR,PVC
ecg12741	TWC,AF,CCR,PVC
ecg12742	TWC,AF,CCR,PVC
ecg12743	AF,CCR,PVC
ecg12744	TWO,RVH,ARS,TWC,AF,CCR
ecg12745	TWC,AF,ARS,CCR
ecg12746	TWC,VEB,AF,CCR
ecg12747	STC,AF,CCR
ecg12748	STDD,RWC,TWC,AF,STC,CCR
ecg12749	AF,CCR
ecg12750	STTU,TWO,TWC,AF,CCR
ecg12751	STDD,TWO,AF,STC,CCR
ecg12752	AF,CCR
ecg12753	AF,CCR
ecg12754	STC,AF,CCR
ecg12755	STC,AF,LVQRSAL,CCR
ecg12756	AF,LVQRSAL,CCR
ecg12757	STTU,AF,TWC,CCR
ecg12758	TWC,AF,CCR
ecg12759	STDD,BBB,LVH,RWC,AF,CLBBB
ecg12760	LAFB,AF,CLBBB
ecg12761	MI_ANT,AF,LVQRSAL,ALS,CLBBB,WPW
ecg12762	CLBBB,AF,APACE,ALS
ecg12763	CLBBB,AF,APACE,ALS
ecg12764	TWC,CLBBB,APACE,ALS,AF,PVC
ecg12765	CLBBB,RWC,ALS,AF,PVC
ecg12766	CLBBB,LVH,ALS,AF,PVC
ecg12767	CLBBB,AF,PVC,ALS
ecg12768	CLBBB,AF,PVC,ALS
ecg12769	CLBBB,AF,ALS
ecg12770	CLBBB,AF,ALS
ecg12771	TWC,LVH,ALS,AF,CLBBB
ecg12772	CLBBB,AF,ALS
ecg12773	CLBBB,AF,ALS
ecg12774	CLBBB,AF,ALS
ecg12775	CLBBB,AF,ALS
ecg12776	CLBBB,AF,RWC,ALS
ecg12777	CLBBB,AF,LVQRSAL,ALS
ecg12778	CLBBB,AF,LVQRSAL,ALS
ecg12779	CLBBB,AF,LVQRSAL,ALS
ecg12780	CLBBB,AF,LVQRSAL,ALS
ecg12781	CLBBB,LVQRSAL,RWC,ALS,AF
ecg12782	CLBBB,AF,ALS
ecg12783	CLBBB,AF,LVQRSAL,ALS
ecg12784	TWC,AF,ALS,CLBBB
ecg12785	CLBBB,AF,ALS
ecg12786	CLBBB,LVQRSAL,RWC,ALS,AF
ecg12787	QTIE,CLBBB,LVQRSAL,AF,PVC
ecg12788	CLBBB,AF,APACE
ecg12789	CLBBB,AF,APACE
ecg12790	CLBBB,AF,APACE
ecg12791	CLBBB,AF,APACE
ecg12792	CLBBB,AF,APACE
ecg12793	CLBBB,AF,APACE
ecg12794	STC,AF,APACE,CLBBB
ecg12795	CLBBB,AF,PVC
ecg12796	CLBBB,AF,ARS
ecg12797	CLBBB,AF,ARS,LVH
ecg12798	CLBBB,AF,ARS
ecg12799	STC,ARS,RWC,AF,CLBBB
ecg12800	CLBBB,AF,ARS
ecg12801	CLBBB,VEB,AF
ecg12802	STC,AF,PVT,CLBBB
ecg12803	STC,AF,CLBBB
ecg12804	STC,AF,CLBBB
ecg12805	CLBBB,AF,RWC
ecg12806	AQW,STTU,QTIE,AF,STC,CLBBB
ecg12807	TWC,AF,LVH,CLBBB
ecg12808	CLBBB,AF
ecg12809	CLBBB,AF
ecg12810	CLBBB,AF,LVQRSAL
ecg12811	CLBBB,AF,LVH
ecg12812	CLBBB,AF,LVQRSAL
ecg12813	CLBBB,AF
ecg12814	CLBBB,AF
ecg12815	STC,AF,CLBBB
ecg12816	CLBBB,AF
ecg12817	CLBBB,AF
ecg12818	CLBBB,AF
ecg12819	CLBBB,AF,RWC
ecg12820	CLBBB,AF
ecg12821	STTU,RWC,AF,TWC,CLBBB
ecg12822	CLBBB,AF
ecg12823	STC,AF,CLBBB
ecg12824	CLBBB,AF
ecg12825	CLBBB,AF,RWC
ecg12826	CLBBB,AF,LVH
ecg12827	CLBBB,AF
ecg12828	CLBBB,AF
ecg12829	CLBBB,AF
ecg12830	CLBBB,AF,LVH
ecg12831	CLBBB,AF
ecg12832	CLBBB,AF,LVH
ecg12833	CLBBB,AF,RWC
ecg12834	CLBBB,AF,LVH
ecg12835	AQW,AF,CLBBB
ecg12836	CLBBB,AF,LVQRSAL
ecg12837	CRBBB,AF,CCR,LVH
ecg12838	TWO,RVH,LAFB,BBB,AF,CRBBB
ecg12839	STDD,LAFB,ERHY,AF,SARR,SA,CRBBB
ecg12840	STTU,RVH,LAFB,TWO,AF,STC,CRBBB
ecg12841	LAFB,RVH,AF,CRBBB
ecg12842	STC,AF,LAFB,CRBBB
ecg12843	STC,AF,LAFB,CRBBB
ecg12844	TWC,AF,LAFB,CRBBB
ecg12845	TWO,AF,LAFB,CRBBB
ecg12846	LAFB,AF,CRBBB
ecg12847	STC,AF,LAFB,CRBBB
ecg12848	LAFB,AF,CRBBB
ecg12849	LAFB,AF,CRBBB
ecg12850	STDD,LAFB,LVH,TWO,AF,STC,CRBBB
ecg12851	LAFB,AF,CRBBB
ecg12852	AQW,AF,LAFB,CRBBB
ecg12853	AQW,AF,LAFB,CRBBB
ecg12854	AQW,RVH,STTU,LAFB,AF,CRBBB
ecg12855	AQW,RVH,STTU,LAFB,AF,CRBBB
ecg12856	CRBBB,AF,PVC,ALS
ecg12857	AQW,STDD,TWO,ALS,AF,STC,CRBBB
ecg12858	AQW,AF,ALS,CRBBB
ecg12859	CRBBB,AF,ALS
ecg12860	CRBBB,AF,ALS
ecg12861	CRBBB,AF,ALS
ecg12862	CRBBB,AF,ALS
ecg12863	CRBBB,AF,ALS
ecg12864	TWC,AF,ALS,CRBBB
ecg12865	CRBBB,AF,ALS
ecg12866	CRBBB,AF,ALS
ecg12867	CRBBB,AF,ALS
ecg12868	STC,AF,ALS,CRBBB
ecg12869	CRBBB,AF,ALS
ecg12870	CRBBB,AF,LVH,ALS
ecg12871	CRBBB,AF,ALS
ecg12872	CRBBB,AF,ALS
ecg12873	TWC,AF,ALS,CRBBB
ecg12874	STC,LVH,ALS,AF,CRBBB
ecg12875	CRBBB,AF,ALS
ecg12876	CRBBB,AF,ALS
ecg12877	CRBBB,AF,ALS
ecg12878	TWC,AF,ALS,CRBBB
ecg12879	CRBBB,AF,ALS
ecg12880	AQW,TWO,TWC,ALS,AF,CRBBB
ecg12881	STTU,PVC,LPFB,STDD,RWC,TWC,AF,STC,CRBBB
ecg12882	AQW,LPFB,TWC,AF,CRBBB
ecg12883	TWC,LAFB,CRBBB,AF,APACE
ecg12884	AQW,LAFB,TWC,CRBBB,AF,APACE
ecg12885	STDD,LAFB,TWO,CRBBB,AF,STC,APACE
ecg12886	CRBBB,AF,APACE
ecg12887	TWO,TWC,CRBBB,AF,APACE
ecg12888	TWO,LVH,TWC,CRBBB,AF,APACE
ecg12889	TWO,TWC,CRBBB,AF,APACE
ecg12890	STC,AF,APACE,CRBBB
ecg12891	STDD,TWO,CRBBB,AF,STC,APACE
ecg12892	STDD,TWO,CRBBB,AF,APACE
ecg12893	TWO,LVH,CRBBB,AF,APACE
ecg12894	TWO,TWC,CRBBB,AF,APACE
ecg12895	CRBBB,AF,LVQRSAL,APACE
ecg12896	CRBBB,AF,APACE
ecg12897	STDD,TWO,CRBBB,AF,APACE
ecg12898	STDD,TWO,CRBBB,AF,LVH,STC,APACE
ecg12899	STC,LVH,CRBBB,AF,APACE
ecg12900	TWC,LVH,CRBBB,AF,APACE
ecg12901	STC,LVH,CRBBB,AF,APACE
ecg12902	TWC,AF,TWO,CRBBB
ecg12903	CRBBB,AF,LVQRSAL,APACE
ecg12904	STC,AF,APACE,CRBBB
ecg12905	TWO,TWC,CRBBB,AF,APACE
ecg12906	CRBBB,AF,APACE
ecg12907	LAFB,AF,PVC,CRBBB
ecg12908	TWC,LAFB,APACE,CRBBB,AF,PVC
ecg12909	STC,PVC,LAFB,CRBBB,AF,APACE
ecg12910	LAFB,PVC,CRBBB,AF,APACE
ecg12911	CRBBB,AF,PVC,APACE
ecg12912	STC,APACE,CRBBB,AF,PVC
ecg12913	STC,ARS,CRBBB,AF,LVH,PVC
ecg12914	STC,ARS,CRBBB,AF,PVC
ecg12915	STC,ARS,CRBBB,AF,PVC
ecg12916	CRBBB,AF,PVC
ecg12917	CRBBB,AF,LVQRSAL,PVC
ecg12918	STC,AF,PVC,CRBBB
ecg12919	TWO,AF,PVC,CRBBB
ecg12920	CRBBB,AF,PVC
ecg12921	CRBBB,AF,PVC,LVH
ecg12922	CRBBB,AF,PVC
ecg12923	TWO,TWC,CRBBB,AF,PVC
ecg12924	STC,AF,PVC,CRBBB
ecg12925	TWC,AF,PVC,CRBBB
ecg12926	TWO,TWC,CRBBB,AF,PVC
ecg12927	TWC,AF,PVC,CRBBB
ecg12928	TWC,AF,PVC,CRBBB
ecg12929	STDD,TWO,CRBBB,AF,STC,PVC
ecg12930	TWC,AF,PVC,CRBBB
ecg12931	CRBBB,AF,ARS
ecg12932	STC,AF,ARS,CRBBB
ecg12933	STDD,ARS,TWO,AF,STC,CRBBB
ecg12934	CRBBB,AF,ARS
ecg12935	TWO,ARS,LVQRSAL,TWC,AF,CRBBB
ecg12936	TWO,ARS,LVH,STDD,AF,STC,CRBBB
ecg12937	TWO,ARS,TWC,AF,CRBBB
ecg12938	CRBBB,AF,ARS
ecg12939	CRBBB,AF,ARS
ecg12940	TWO,ARS,TWC,AF,CRBBB
ecg12941	STDD,ARS,TWO,AF,STC,CRBBB
ecg12942	STC,AF,ARS,CRBBB
ecg12943	TWC,AF,CRBBB
ecg12944	TWC,AF,CRBBB
ecg12945	TWC,AF,CRBBB
ecg12946	CRBBB,AF
ecg12947	CRBBB,AF
ecg12948	CRBBB,AF
ecg12949	CRBBB,AF
ecg12950	CRBBB,AF
ecg12951	STC,AF,CRBBB
ecg12952	TWC,AF,CRBBB
ecg12953	CRBBB,AF
ecg12954	TWC,AF,CRBBB
ecg12955	TWO,LVH,TWC,AF,CRBBB
ecg12956	CRBBB,AF
ecg12957	CRBBB,AF,LVH
ecg12958	STC,AF,LVH,CRBBB
ecg12959	TWC,AF,CRBBB
ecg12960	CRBBB,AF
ecg12961	TWC,AF,CRBBB
ecg12962	CRBBB,AF
ecg12963	CRBBB,AF
ecg12964	CRBBB,AF
ecg12965	CRBBB,AF
ecg12966	STC,AF,CRBBB
ecg12967	CRBBB,AF
ecg12968	CRBBB,AF
ecg12969	CRBBB,AF,LVH
ecg12970	CRBBB,AF
ecg12971	AQW,RVH,AF,CRBBB
ecg12972	STC,AF,CRBBB
ecg12973	CRBBB,AF
ecg12974	CRBBB,AF
ecg12975	CRBBB,AF
ecg12976	TWO,AF,CRBBB
ecg12977	TWC,AF,CRBBB
ecg12978	TWC,AF,TWO,CRBBB
ecg12979	CRBBB,AF,LVQRSAL
ecg12980	CRBBB,AF
ecg12981	STDD,TWO,AF,LVH,STC,CRBBB
ecg12982	STDD,LVH,TWO,AF,STC,CRBBB
ecg12983	STC,AF,LVH,CRBBB
ecg12984	CRBBB,AF,LVH
ecg12985	CRBBB,AF,LVH
ecg12986	CRBBB,AF,LVH
ecg12987	CRBBB,AF
ecg12988	TWC,AF,CRBBB
ecg12989	STC,AF,CRBBB
ecg12990	TWO,AF,CRBBB
ecg12991	TWC,AF,TWO,CRBBB
ecg12992	STC,AF,CRBBB
ecg12993	STTU,AF,TWO,CRBBB
ecg12994	STC,AF,CRBBB
ecg12995	TWC,AF,LVH,CRBBB
ecg12996	STC,AF,CRBBB
ecg12997	CRBBB,AF
ecg12998	CRBBB,AF
ecg12999	TWC,AF,CRBBB
ecg13000	STC,AF,CRBBB
ecg13001	TWO,AF,CRBBB
ecg13002	TWO,AF,CRBBB
ecg13003	CRBBB,AF
ecg13004	CRBBB,AF
ecg13005	CRBBB,AF
ecg13006	CRBBB,AF
ecg13007	TWC,AF,TWO,CRBBB
ecg13008	TWO,LVH,TWC,AF,CRBBB
ecg13009	TWC,AF,CRBBB
ecg13010	TWC,AF,TWO,CRBBB
ecg13011	TWC,AF,CRBBB
ecg13012	STC,AF,LVH,CRBBB
ecg13013	TWC,AF,CRBBB
ecg13014	STC,AF,CRBBB
ecg13015	CRBBB,AF
ecg13016	CRBBB,AF
ecg13017	CRBBB,AF
ecg13018	STC,AF,CRBBB
ecg13019	STC,AF,CRBBB
ecg13020	CRBBB,AF,LVH
ecg13021	TWC,AF,CRBBB
ecg13022	CRBBB,AF,LVH
ecg13023	STC,AF,CRBBB
ecg13024	TWO,TWC,AF,LVH,CRBBB
ecg13025	CRBBB,AF
ecg13026	TWC,AF,TWO,CRBBB
ecg13027	TWC,AF,TWO,CRBBB
ecg13028	STDD,TWO,AF,LVH,STC,CRBBB
ecg13029	TWC,AF,TWO,CRBBB
ecg13030	TWO,AF,CRBBB
ecg13031	TWC,AF,TWO,CRBBB
ecg13032	CRBBB,AF
ecg13033	STC,AF,CRBBB
ecg13034	STDD,TWO,AF,STC,CRBBB
ecg13035	CRBBB,AF
ecg13036	STC,AF,LVQRSAL,CRBBB
ecg13037	CRBBB,AF
ecg13038	CRBBB,AF
ecg13039	CRBBB,AF
ecg13040	CRBBB,AF
ecg13041	CRBBB,AF
ecg13042	AQW,STTU,TWC,AF,CRBBB
ecg13043	AQW,STTU,TWC,AF,CRBBB
ecg13044	CRBBB,AF
ecg13045	CRBBB,AF
ecg13046	CRBBB,AF
ecg13047	CRBBB,AF
ecg13048	CRBBB,AF
ecg13049	CRBBB,AF
ecg13050	CRBBB,AF,LVH
ecg13051	CRBBB,AF
ecg13052	CRBBB,AF
ecg13053	TWC,AF,CRBBB,QTIE
ecg13054	TWC,AF,CRBBB
ecg13055	CRBBB,AF,LVH
ecg13056	TWO,AF,CRBBB
ecg13057	CRBBB,AF
ecg13058	TWC,AF,CRBBB
ecg13059	CRBBB,AF
ecg13060	CRBBB,AF
ecg13061	TWC,AF,LVH,CRBBB
ecg13062	TWC,AF,LVH,CRBBB
ecg13063	TWC,QTIE,AF,CRBBB
ecg13064	STC,UW,LVH,AF,CRBBB
ecg13065	TWO,AF,CRBBB
ecg13066	CRBBB,AF
ecg13067	CRBBB,AF,LVH
ecg13068	CRBBB,AF
ecg13069	STDD,AF,CRBBB,STC
ecg13070	CRBBB,AF,LVH
ecg13071	STDD,TWO,AF,STC,CRBBB
ecg13072	STDD,AF,STC,CRBBB
ecg13073	CRBBB,AF
ecg13074	CRBBB,AF
ecg13075	TWC,AF,LVH,CRBBB
ecg13076	STC,AF,CRBBB
ecg13077	AQW,LVH,TWC,AF,CRBBB
ecg13078	CRBBB,AF
ecg13079	CRBBB,AF
ecg13080	TWC,AF,LVH,CRBBB
ecg13081	CRBBB,AF
ecg13082	CRBBB,AF
ecg13083	CRBBB,AF
ecg13084	CRBBB,AF
ecg13085	CRBBB,AF
ecg13086	STC,AF,TWO,CRBBB
ecg13087	TWC,AF,STC,CRBBB
ecg13088	TWC,AF,CRBBB
ecg13089	TWC,AF,CRBBB
ecg13090	CRBBB,AF
ecg13091	TWC,AF,LVQRSAL,CRBBB
ecg13092	CRBBB,AF
ecg13093	TWC,AF,TWO,CRBBB
ecg13094	CRBBB,AF
ecg13095	CRBBB,RVH,AF
ecg13096	CRBBB,AF
ecg13097	STDD,TWO,AF,STC,CRBBB
ecg13098	CRBBB,AF,LVH
ecg13099	AQW,AF,CRBBB
ecg13100	TWC,AF,CRBBB
ecg13101	TWC,AF,TWO,CRBBB
ecg13102	CRBBB,AF
ecg13103	CRBBB,AF
ecg13104	TWC,AF,CRBBB
ecg13105	TWC,AF,TWO,CRBBB
ecg13106	CRBBB,AF
ecg13107	TWC,AF,CRBBB
ecg13108	CRBBB,AF
ecg13109	TWO,LVH,TWC,AF,CRBBB
ecg13110	CRBBB,RVH,AF
ecg13111	STC,AF,CRBBB
ecg13112	TWC,AF,CRBBB
ecg13113	TWC,RVH,AF,CRBBB
ecg13114	STC,RVH,AF,CRBBB
ecg13115	TWC,AF,TWO,CRBBB
ecg13116	TWC,AF,TWO,CRBBB
ecg13117	CRBBB,AF
ecg13118	TWC,AF,CRBBB
ecg13119	TWC,AF,CRBBB
ecg13120	TWC,AF,CRBBB
ecg13121	TWO,LVQRSAL,TWC,AF,CRBBB
ecg13122	CRBBB,AF
ecg13123	TWC,AF,CRBBB
ecg13124	CRBBB,AF,LVH
ecg13125	TWC,AF,CRBBB
ecg13126	TWC,AF,TWO,CRBBB
ecg13127	CRBBB,AF
ecg13128	TWC,AF,CRBBB
ecg13129	CRBBB,AF
ecg13130	CRBBB,AF
ecg13131	STC,AF,CRBBB
ecg13132	CRBBB,AF
ecg13133	STC,AF,CRBBB
ecg13134	CRBBB,AF,LVQRSAL
ecg13135	TWC,AF,TWO,CRBBB
ecg13136	STC,AF,LVH,CRBBB
ecg13137	AQW,STTU,TWO,TWC,AF,CRBBB
ecg13138	CRBBB,AF
ecg13139	TWC,AF,TWO,CRBBB
ecg13140	CRBBB,AF
ecg13141	CRBBB,AF
ecg13142	CRBBB,AF
ecg13143	TWC,AF,LVQRSAL,CRBBB
ecg13144	TWC,AF,CRBBB
ecg13145	CRBBB,AF
ecg13146	CRBBB,AF,LVQRSAL
ecg13147	TWC,AF,CRBBB
ecg13148	TWC,AF,CRBBB
ecg13149	STC,AF,LVH,CRBBB
ecg13150	TWC,AF,CRBBB
ecg13151	CRBBB,AF
ecg13152	TWO,AF,LVH,CRBBB
ecg13153	TWO,AF,CRBBB
ecg13154	STDD,TWO,AF,STC,CRBBB
ecg13155	STDD,TWO,AF,STC,CRBBB
ecg13156	CRBBB,AF
ecg13157	STC,AF,CRBBB
ecg13158	TWC,AF,CRBBB
ecg13159	STC,AF,CRBBB
ecg13160	CRBBB,AF
ecg13161	STC,AF,CRBBB
ecg13162	BBB,CCR,ARS,AF,PVC
ecg13163	STC,CCR,BBB,AF,LVH
ecg13164	LAFB,AF,CCR
ecg13165	AF,CCR,ALS,PVC
ecg13166	AF,CCR,ALS
ecg13167	TWO,AF,CCR,ALS
ecg13168	AMI,STTU,CCR,ARS,LVQRSAL,AF
ecg13169	TWO,CCR,TWC,AF,APACE
ecg13170	APACE,AF,CCR
ecg13171	TWO,CCR,ARS,TWC,AF
ecg13172	TWO,CCR,ARS,TWC,AF
ecg13173	TWO,CCR,ARS,TWC,AF
ecg13174	TWO,CCR,ARS,TWC,AF
ecg13175	AF,CCR,LVQRSAL,ARS
ecg13176	TWC,AF,CCR
ecg13177	AF,CCR,LVH
ecg13178	STTU,AF,CCR,TWC
ecg13179	TWC,AF,CCR,LVH
ecg13180	TWC,AF,CCR,TWO
ecg13181	AF,CCR
ecg13182	AF,CCR
ecg13183	STC,AF,CCR,LVH
ecg13184	STC,AF,CCR
ecg13185	AF,CCR
ecg13186	TWC,AF,CCR,LVH
ecg13187	TWC,AF,CCR,LVH
ecg13188	AF,CCR,LVH
ecg13189	STC,AF,CCR
ecg13190	STDD,CCR,TWO,AF,STC
ecg13191	STC,AF,CCR
ecg13192	TWC,AF,CCR
ecg13193	TWC,AF,CCR
ecg13194	TWC,AF,CCR
ecg13195	STC,AF,CCR,LVH
ecg13196	TWC,AF,CCR
ecg13197	STDD,CCR,LVQRSAL,TWO,AF,STC
ecg13198	TWC,AF,CCR
ecg13199	AF,CCR
ecg13200	AF,CCR
ecg13201	STC,AF,CCR
ecg13202	TWO,CCR,QTIE,LVH,TWC,AF
ecg13203	STDD,AF,CCR,STC
ecg13204	TWC,AF,CCR,TWO
ecg13205	STDD,CCR,TWO,AF,STC
ecg13206	AF,CCR,LVH
ecg13207	STDD,AF,CCR
ecg13208	TWC,AF,CCR
ecg13209	AF,CCR
ecg13210	TWC,AF,CCR
ecg13211	STC,AF,CCR
ecg13212	AF,CCR
ecg13213	AF,CCR
ecg13214	AF,CCR
ecg13215	TWO,CCR,LVH,TWC,AF
ecg13216	TWC,AF,CCR
ecg13217	TWC,AF,CCR
ecg13218	STDD,CCR,LVH,TWO,AF,STC
ecg13219	AQW,PVC,BBB,ALS,JEB,AF,STC,2AVB
ecg13220	AQW,BBB,RWC,ALS,JEB,AF,STC,2AVB
ecg13221	AQW,LAFB,ERHY,BBB,STDD,TWO,RWC,AF,STC,2AVB
ecg13222	STDD,TWO,JEB,AF,STC,2AVB
ecg13223	TWO,VER,ERHY,ALS,AF,2AVB
ecg13224	STC,ERHY,QTIE,LVH,RWC,3AVB,AVB,AF,IRBBB,PVC
ecg13225	TWC,UW,ALS,AF,IRBBB
ecg13226	IRBBB,AF,ALS
ecg13227	IRBBB,AF,LVH,ALS
ecg13228	TWC,AF,IRBBB,ALS
ecg13229	TWC,AF,IRBBB,ALS
ecg13230	STC,AF,IRBBB,ALS
ecg13231	TWC,QTIE,AF,IRBBB,PVC
ecg13232	TWO,QTIE,TWC,AF,IRBBB
ecg13233	TWO,QTIE,LVH,TWC,AF,IRBBB,APACE
ecg13234	STC,LVH,AF,IRBBB,APACE
ecg13235	TWO,AF,IRBBB,STC,APACE
ecg13236	TWC,AF,IRBBB
ecg13237	STC,AF,IRBBB,APACE
ecg13238	IRBBB,AF,APACE
ecg13239	IRBBB,AF,ARS,PVC
ecg13240	IRBBB,AF,PVC
ecg13241	STDD,ARS,TWO,AF,IRBBB,STC
ecg13242	STDD,ARS,TWO,AF,IRBBB,STC
ecg13243	IRBBB,AF,LVH
ecg13244	STC,AF,IRBBB,LVH
ecg13245	STC,AF,IRBBB,LVH
ecg13246	IRBBB,AF
ecg13247	STDD,AF,IRBBB,STC
ecg13248	TWC,AF,IRBBB,UW
ecg13249	TWC,AF,IRBBB
ecg13250	IRBBB,AF
ecg13251	TWC,AF,IRBBB,UW
ecg13252	STC,AF,IRBBB
ecg13253	IRBBB,AF
ecg13254	IRBBB,AF
ecg13255	IRBBB,AF
ecg13256	IRBBB,AF,LVH
ecg13257	STDD,AF,IRBBB,STC
ecg13258	IRBBB,AF
ecg13259	STC,AF,IRBBB,LVH
ecg13260	STC,AF,IRBBB,LVH
ecg13261	IRBBB,AF,LVH
ecg13262	IRBBB,AF
ecg13263	IRBBB,AF
ecg13264	IRBBB,AF
ecg13265	STC,AF,IRBBB
ecg13266	STC,AF,IRBBB,LVH
ecg13267	IRBBB,AF
ecg13268	IRBBB,AF
ecg13269	IRBBB,AF
ecg13270	IRBBB,AF
ecg13271	TWC,AF,IRBBB,TWO
ecg13272	IRBBB,AF
ecg13273	IRBBB,AF
ecg13274	STC,AF,IRBBB,LVH
ecg13275	STC,AF,IRBBB,LVH
ecg13276	TWC,AF,IRBBB,LVH
ecg13277	IRBBB,AF
ecg13278	STDD,LVH,AF,IRBBB,STC
ecg13279	TWC,AF,IRBBB,LVH
ecg13280	IRBBB,AF,LVH
ecg13281	IRBBB,AF,LVH
ecg13282	IRBBB,AF
ecg13283	STC,AF,IRBBB,LVH
ecg13284	TWC,AF,IRBBB
ecg13285	TWC,AF,IRBBB
ecg13286	STDD,QTIE,LVH,TWO,RWC,AF,IRBBB,STC
ecg13287	IRBBB,AF
ecg13288	STDD,TWO,AF,IRBBB,LVH,STC
ecg13289	IRBBB,AF
ecg13290	IRBBB,AF
ecg13291	TWC,AF,IRBBB
ecg13292	IRBBB,AF
ecg13293	IRBBB,AF,LVQRSAL
ecg13294	IRBBB,AF
ecg13295	TWC,AF,IRBBB
ecg13296	STC,AF,IRBBB
ecg13297	IRBBB,AF
ecg13298	TWC,AF,IRBBB
ecg13299	TWC,AF,IRBBB
ecg13300	IRBBB,AF
ecg13301	IRBBB,AF
ecg13302	IRBBB,AF
ecg13303	STC,AF,IRBBB
ecg13304	BBB,AF,ALS,LAFB
ecg13305	STC,LAFB,BBB,LVH,AF
ecg13306	TWC,AF,BBB,LAFB
ecg13307	BBB,AF,RWC,LAFB
ecg13308	TWO,LAFB,BBB,TWC,AF
ecg13309	STTU,LAFB,BBB,AF,TWC
ecg13310	STTU,LAFB,BBB,RWC,AF,STC
ecg13311	AQW,LAFB,BBB,AF,STC
ecg13312	TWC,LAFB,BBB,RWC,AF
ecg13313	BBB,AF,LAFB
ecg13314	BBB,AF,LAFB
ecg13315	STC,QTIE,BBB,ALS,AF
ecg13316	MI,AF,BBB,MI_LAT,ALS
ecg13317	STDD,BBB,TWO,RWC,ALS,AF,STC,APACE
ecg13318	STC,BBB,ALS,AF,LVH,APACE
ecg13319	TWO,BBB,TWC,ALS,AF,PVC
ecg13320	BBB,AF,ALS,PVC
ecg13321	AQW,BBB,LVH,TWO,RWC,TWC,ALS,AF,PVC
ecg13322	TWO,BBB,TWC,ALS,AF,PVC
ecg13323	AQW,BBB,RWC,ALS,AF,PVC
ecg13324	STC,BBB,LVH,RWC,ALS,AF
ecg13325	STC,AF,BBB,ALS
ecg13326	STTU,BBB,ALS,AF,STC
ecg13327	BBB,AF,ALS
ecg13328	AQW,BBB,TWC,ALS,AF
ecg13329	BBB,AF,ALS
ecg13330	AQW,AF,BBB,ALS
ecg13331	AQW,BBB,TWO,RWC,TWC,ALS,AF
ecg13332	AQW,BBB,TWO,RWC,TWC,ALS,AF
ecg13333	STDD,BBB,TWO,ALS,AF,LVH,STC
ecg13334	BBB,AF,ALS
ecg13335	AQW,BBB,TWO,TWC,ALS,AF
ecg13336	STDD,BBB,TWO,ALS,AF,LVH,STC
ecg13337	TWO,BBB,LVH,TWC,ALS,AF
ecg13338	AQW,BBB,LVH,TWO,TWC,ALS,AF
ecg13339	AQW,BBB,TWC,ALS,AF
ecg13340	AQW,BBB,TWC,ALS,AF
ecg13341	TWC,AF,BBB,ALS
ecg13342	STC,AF,BBB,ALS
ecg13343	AQW,BBB,RWC,TWC,ALS,AF
ecg13344	STC,AF,BBB,ALS
ecg13345	AQW,BBB,STDD,TWO,ALS,AF,STC
ecg13346	STC,BBB,LVH,ALS,AF
ecg13347	AQW,RVH,STTU,LAFB,BBB,TWO,AF,STC,APACE
ecg13348	STC,LAFB,BBB,AF,PVC
ecg13349	AQW,LAFB,BBB,TWC,AF,PVC
ecg13350	AQW,LAFB,BBB,AF,STC,PVC
ecg13351	STDD,LAFB,BBB,AF,PVC
ecg13352	STC,ARS,BBB,AF,PVC
ecg13353	AQW,PVT,BBB,RWC,AF,STC,PVC
ecg13354	STDD,BBB,TWO,AF,STC,PVC
ecg13355	AQW,BBB,RWC,AF,STC,PVC
ecg13356	STC,BBB,AF,LVH,PVC
ecg13357	STC,BBB,LVH,RWC,AF,PVC
ecg13358	AQW,BBB,RWC,AF,PVC
ecg13359	STC,BBB,AF,LVH,PVC
ecg13360	TWC,UW,ARS,BBB,RWC,AF
ecg13361	AQW,STTU,ARS,BBB,AF,STC
ecg13362	AQW,STTU,ARS,BBB,AF,STC
ecg13363	STDD,BBB,TWO,AF,LVH,STC
ecg13364	TWC,UW,BBB,LVH,AF
ecg13365	BBB,AF
ecg13366	TWC,AF,BBB
ecg13367	BBB,AF
ecg13368	STDD,AF,BBB,STC
ecg13369	STDD,BBB,TWO,AF,LVH,STC
ecg13370	TWC,BBB,AF,LVH,STC
ecg13371	STDD,BBB,TWO,AF,LVH,STC
ecg13372	STC,AF,BBB
ecg13373	TWC,AF,BBB,TWO
ecg13374	TWO,AF,BBB
ecg13375	STDD,BBB,TWO,AF,LVH,STC
ecg13376	STC,BBB,LVQRSAL,LVH,AF
ecg13377	STC,AF,BBB,LVH
ecg13378	AQW,AF,BBB,TWO
ecg13379	BBB,AF,LVH
ecg13380	TWC,RVH,AF,BBB
ecg13381	QTIE,AF,BBB,LVQRSAL
ecg13382	STC,AF,BBB,LVH
ecg13383	BBB,AF,LVH
ecg13384	TWC,AF,BBB,LVH
ecg13385	STC,AF,BBB,LVH
ecg13386	STDD,BBB,TWO,AF,STC
ecg13387	AQW,BBB,RWC,AF,STC
ecg13388	STDD,BBB,TWO,AF,STC
ecg13389	STC,AF,BBB,RWC
ecg13390	AQW,STTU,AF,BBB
ecg13391	STTU,BBB,STDD,AF,STC
ecg13392	TWO,BBB,LVH,TWC,AF
ecg13393	TWC,AF,BBB,LVH
ecg13394	STTU,BBB,TWO,TWC,AF
ecg13395	STDD,BBB,TWO,AF,STC
ecg13396	STDD,AF,BBB,TWO
ecg13397	AQW,BBB,STDD,TWO,AF,LVH,STC
ecg13398	STC,AF,BBB,LVH
ecg13399	TWC,AF,BBB,LVH
ecg13400	STC,BBB,RWC,AF,LVH
ecg13401	STDD,BBB,LVH,TWO,AF,STC
ecg13402	STC,AF,BBB,LVH
ecg13403	BBB,AF
ecg13404	TWC,AF,RWC,TWO,BBB
ecg13405	TWC,AF,BBB,TWO
ecg13406	TWC,AF,BBB,TWO
ecg13407	STDD,BBB,TWO,AF,LVH,STC
ecg13408	STC,BBB,LVQRSAL,RWC,AF
ecg13409	STTU,AF,BBB
ecg13410	STC,AF,BBB,LVH
ecg13411	TWC,AF,BBB,TWO
ecg13412	TWO,BBB,TWC,AF,LVH
ecg13413	TWO,BBB,TWC,AF,LVH
ecg13414	STDD,BBB,TWO,AF,STC
ecg13415	TWO,BBB,LVH,RWC,TWC,AF
ecg13416	TWO,BBB,LVH,STDD,AF,STC
ecg13417	STDD,BBB,TWO,AF,STC
ecg13418	AQW,RVH,AF,BBB
ecg13419	STDD,BBB,TWO,AF,LVH,STC
ecg13420	AQW,BBB,TWO,TWC,AF
ecg13421	STC,RBBB,AF,ERHY,3AVB,AVB,LVH,PVC
ecg13422	STDD,JT,TWO,AF,STC
ecg13423	WPW,LAFB,RWC,ALS,AF
ecg13424	LAFB,AF,ALS
ecg13425	LAFB,AF
ecg13426	LAFB,AF
ecg13427	LAFB,AF
ecg13428	LAFB,AF
ecg13429	TWC,AF,LAFB
ecg13430	LAFB,AF
ecg13431	LAFB,AF
ecg13432	STC,AF,LAFB
ecg13433	LAFB,AF
ecg13434	STC,AF,LAFB
ecg13435	LAFB,AF
ecg13436	QTIE,AF,LAFB
ecg13437	TWC,AF,LAFB
ecg13438	LAFB,AF
ecg13439	AQW,LAFB,LVH,STDD,AF,STC
ecg13440	LAFB,AF
ecg13441	LAFB,AF,LVH
ecg13442	STC,AF,LAFB
ecg13443	TWO,LAFB,LVH,STDD,RWC,AF
ecg13444	LAFB,AF,LVH
ecg13445	STC,AF,LAFB
ecg13446	STC,AF,LAFB
ecg13447	LAFB,AF
ecg13448	STC,AF,LAFB
ecg13449	STC,AF,LAFB
ecg13450	TWC,AF,LAFB,LVH
ecg13451	AQW,AF,TWC,LAFB
ecg13452	AQW,AF,LAFB,STC
ecg13453	AQW,AF,LAFB
ecg13454	STC,AF,LAFB
ecg13455	STC,LAFB,LVH,RWC,AF
ecg13456	LAFB,AF
ecg13457	LAFB,AF
ecg13458	STDD,AF,LAFB,TWO
ecg13459	TWC,AF,LAFB
ecg13460	LAFB,AF
ecg13461	TWC,AF,RWC,LAFB
ecg13462	LAFB,AF
ecg13463	STC,AF,LAFB
ecg13464	AQW,AF,LAFB
ecg13465	TWO,AF,LAFB
ecg13466	AQW,AF,TWC,LAFB
ecg13467	LAFB,AF
ecg13468	AQW,AF,LAFB,TWO
ecg13469	APACE,AF,ALS
ecg13470	TWC,AF,ALS,APACE
ecg13471	APACE,AF,ALS
ecg13472	APACE,AF,ALS
ecg13473	APACE,AF,ALS
ecg13474	APACE,AF,ALS
ecg13475	APACE,AF,LVH,ALS
ecg13476	LAFB,AF,ALS,PVC
ecg13477	STC,LVH,RWC,ALS,AF,PVC
ecg13478	AF,LVH,RWC,ALS,PVC
ecg13479	AQW,TWC,ALS,AF,PVC
ecg13480	TWO,AF,ALS,PVC
ecg13481	AF,RWC,ALS,PVC
ecg13482	TWC,AF,ALS,PVC
ecg13483	TWO,LVQRSAL,RWC,TWC,ALS,AF,PVC
ecg13484	AF,ALS,PVC
ecg13485	STDD,AF,ALS,PVC
ecg13486	STDD,TWO,RWC,ALS,AF,LVH,STC,PVC
ecg13487	TWC,LVQRSAL,ALS,AF,PVC
ecg13488	AQW,LVH,TWC,ALS,AF,PVC
ecg13489	RBBB,AF,ALS
ecg13490	AQW,RBBB,TWO,TWC,ALS,AF
ecg13491	RBBB,AF,LVH,ALS
ecg13492	RBBB,AF,ALS
ecg13493	AF,SR,ALS
ecg13494	STC,LVH,VEB,RWC,ALS,AF
ecg13495	TWC,LVH,VEB,RWC,ALS,AF
ecg13496	VEB,AF,LVH,ALS
ecg13497	VEB,AF,ALS
ecg13498	TWC,AF,ALS,TWO
ecg13499	AF,ALS
ecg13500	AF,ALS
ecg13501	STC,AF,ALS
ecg13502	TWC,AF,ALS
ecg13503	STC,AF,ALS
ecg13504	AF,ALS
ecg13505	AF,ALS
ecg13506	TWC,LVH,RWC,ALS,AF
ecg13507	STDD,TWO,RWC,ALS,AF,LVH,STC
ecg13508	STC,AF,LVH,ALS
ecg13509	AF,ALS
ecg13510	AF,ALS
ecg13511	AF,ALS
ecg13512	AF,ALS
ecg13513	AF,ALS
ecg13514	AF,ALS
ecg13515	AF,ALS
ecg13516	TWC,AF,ALS
ecg13517	AF,ALS
ecg13518	AF,ALS
ecg13519	AF,ALS
ecg13520	AF,ALS
ecg13521	TWC,AF,ALS
ecg13522	AF,ALS
ecg13523	TWO,AF,ALS
ecg13524	STC,AF,ALS
ecg13525	TWO,AF,ALS
ecg13526	AQW,AF,TWC,ALS
ecg13527	AF,ALS
ecg13528	AF,ALS
ecg13529	AF,ALS
ecg13530	AF,ALS
ecg13531	AF,ALS
ecg13532	TWC,AF,ALS,TWO
ecg13533	STC,AF,ALS
ecg13534	STC,AF,ALS
ecg13535	TWO,LVH,RWC,ALS,AF
ecg13536	TWC,AF,ALS
ecg13537	AF,ALS
ecg13538	TWC,AF,ALS
ecg13539	TWC,AF,ALS
ecg13540	TWO,TWC,ALS,AF,LVH
ecg13541	TWC,AF,ALS
ecg13542	AF,LVH,ALS
ecg13543	TWC,AF,LVH,ALS
ecg13544	STC,AF,ALS
ecg13545	STDD,TWO,RWC,ALS,AF,STC
ecg13546	TWC,AF,ALS
ecg13547	TWC,ALS,AF,LVH,STC
ecg13548	TWC,LVH,RWC,ALS,AF
ecg13549	AF,RWC,LVH,ALS
ecg13550	AF,RWC,ALS
ecg13551	AF,ALS
ecg13552	VEB,AF,ALS
ecg13553	AF,RWC,LVH,ALS
ecg13554	AF,LVH,ALS
ecg13555	AF,RWC,ALS
ecg13556	AF,ALS
ecg13557	AF,ALS
ecg13558	AF,LVH,ALS
ecg13559	TWC,AF,LVH,ALS
ecg13560	AF,ALS
ecg13561	AF,LVH,ALS
ecg13562	TWC,AF,ALS
ecg13563	TWC,AF,ALS
ecg13564	AQW,AF,LVH,ALS
ecg13565	AF,ALS
ecg13566	STC,AF,ALS
ecg13567	AF,ALS
ecg13568	STDD,LVH,TWO,ALS,AF,STC
ecg13569	AF,ALS
ecg13570	STDD,TWO,ALS,AF,LVH,STC
ecg13571	AF,ALS
ecg13572	STC,AF,ALS
ecg13573	AF,LVH,ALS
ecg13574	AF,RWC,ALS
ecg13575	AF,ALS
ecg13576	STC,AF,ALS
ecg13577	TWC,AF,LVH,ALS
ecg13578	AF,LVH,ALS
ecg13579	TWC,AF,LVH,ALS
ecg13580	AQW,STDD,TWO,ALS,AF,LVH,STC
ecg13581	AF,ALS
ecg13582	TWC,AF,ALS
ecg13583	STC,AF,LVH,ALS
ecg13584	AF,ALS
ecg13585	AF,ALS
ecg13586	TWO,LVQRSAL,TWC,ALS,AF
ecg13587	STC,AF,LVH,ALS
ecg13588	AF,ALS
ecg13589	AF,ALS
ecg13590	STC,AF,ALS
ecg13591	AF,LVH,ALS
ecg13592	STC,AF,ALS
ecg13593	STC,AF,LVH,ALS
ecg13594	AF,ALS
ecg13595	AF,ALS
ecg13596	TWO,AF,ALS
ecg13597	STDD,AF,ALS,TWO
ecg13598	STC,AF,ALS
ecg13599	AF,ALS
ecg13600	AF,RWC,ALS
ecg13601	TWC,AF,RWC,ALS
ecg13602	STC,AF,RWC,ALS
ecg13603	AF,ALS
ecg13604	STC,AF,ALS
ecg13605	TWC,AF,ALS
ecg13606	TWC,AF,ALS
ecg13607	AF,ALS
ecg13608	TWC,AF,ALS,TWO
ecg13609	TWC,AF,ALS
ecg13610	TWC,AF,ALS
ecg13611	AF,ALS
ecg13612	AF,RWC,ALS
ecg13613	STC,AF,LVH,ALS
ecg13614	AQW,LVH,ALS,AF,STC
ecg13615	AF,ALS
ecg13616	TWO,LVQRSAL,RWC,TWC,ALS,AF
ecg13617	AF,ALS
ecg13618	AF,ALS
ecg13619	STC,AF,LVH,ALS
ecg13620	AF,ALS
ecg13621	STC,AF,LVH,ALS
ecg13622	TWC,AF,ALS
ecg13623	TWC,AF,ALS,TWO
ecg13624	STDD,TWO,ALS,AF,STC
ecg13625	AF,ALS
ecg13626	AF,ALS
ecg13627	STC,AF,ALS
ecg13628	TWC,AF,ALS
ecg13629	AF,ALS
ecg13630	TWC,AF,LVH,ALS
ecg13631	AF,ALS
ecg13632	AQW,TWO,TWC,ALS,AF
ecg13633	AF,LVH,ALS
ecg13634	TWC,AF,ALS
ecg13635	AF,LVH,ALS
ecg13636	TWC,AF,ALS,TWO
ecg13637	TWC,AF,ALS,TWO
ecg13638	TWC,AF,LVH,ALS
ecg13639	TWC,AF,ALS,TWO
ecg13640	TWC,AF,RWC,ALS
ecg13641	AF,ALS
ecg13642	TWC,AF,ALS
ecg13643	AQW,STTU,TWC,ALS,AF
ecg13644	STDD,TWO,ALS,AF,STC
ecg13645	TWO,AF,ALS
ecg13646	STC,AF,ALS
ecg13647	STDD,TWO,ALS,AF,LVH,STC
ecg13648	AF,LVH,ALS
ecg13649	AF,ALS
ecg13650	AQW,AF,RWC,ALS
ecg13651	TWC,AF,ALS
ecg13652	AF,ALS
ecg13653	TWC,AF,ALS
ecg13654	AF,LVQRSAL,ALS
ecg13655	TWO,RWC,TWC,ALS,AF
ecg13656	TWC,AF,ALS
ecg13657	AF,LVH,ALS
ecg13658	TWC,AF,ALS,TWO
ecg13659	STC,AF,ALS
ecg13660	AQW,STDD,TWO,ALS,AF,LVH,STC
ecg13661	AQW,LVH,ALS,AF,STC
ecg13662	AF,ALS
ecg13663	AF,ALS
ecg13664	AQW,TWO,TWC,ALS,AF
ecg13665	TWC,AF,ALS
ecg13666	AF,ALS
ecg13667	TWC,AF,ALS
ecg13668	STC,AF,RWC,ALS
ecg13669	AF,RWC,ALS
ecg13670	AQW,STDD,TWO,ALS,AF,STC
ecg13671	LPFB,AF,LVH,RBBB
ecg13672	STC,AF,LVH,APACE
ecg13673	STDD,TWO,AF,LVH,STC,APACE
ecg13674	STDD,APACE,TWO,AF,LVH,STC,PVC
ecg13675	STDD,TWO,AF,LVH,STC
ecg13676	STDD,TWO,AF,LVH,STC
ecg13677	STDD,TWO,RWC,AF,LVH,STC
ecg13678	STDD,TWO,AF,LVH,STC
ecg13679	STDD,LAFB,QTIE,TWO,AF,STC
ecg13680	STDD,QTIE,TWO,AF,STC,APACE
ecg13681	STC,AF,QTIE,PVC
ecg13682	STDD,QTIE,TWO,AF,PVC
ecg13683	QTIE,AF,PVC
ecg13684	TWO,VEB,AF,QTIE
ecg13685	STC,AF,LVH,QTIE
ecg13686	TWC,AF,RWC,QTIE
ecg13687	QTIE,AF
ecg13688	TWC,QTIE,AF,LVH,STC
ecg13689	TWC,RVH,QTIE,AF,STC
ecg13690	QTIE,AF
ecg13691	QTIE,AF,LVH
ecg13692	STC,AF,RWC,QTIE
ecg13693	TWC,AF,QTIE
ecg13694	STDD,QTIE,LVH,TWC,AF
ecg13695	QTIE,AF
ecg13696	TWC,AF,LVH,QTIE
ecg13697	QTIE,AF
ecg13698	TWC,AF,LVH,QTIE
ecg13699	QTIE,AF
ecg13700	QTIE,AF
ecg13701	QTIE,AF
ecg13702	STDD,AF,TWO,QTIE
ecg13703	STDD,QTIE,TWO,AF,STC
ecg13704	TWC,AF,QTIE
ecg13705	TWC,AF,TWO,QTIE
ecg13706	STC,AF,LVH,QTIE
ecg13707	MI,MI_LAT,AF,STTU,AMI
ecg13708	MI,MI_LAT,AF,MI_ANT,STC
ecg13709	MI,STTU,MI_LAT,AMI,STDD,TWO,TWC,AF
ecg13710	MI_ANT,MI_LAT,LVQRSAL,TWO,TWC,AF,APACE
ecg13711	MI_ANT,AF,APACE
ecg13712	MI_ANT,TWO,TWC,AF,APACE
ecg13713	MI_ANT,AF,TWC,APACE
ecg13714	MI,AF,PVT,MI_LAT,PVC
ecg13715	MI,STTU,MI_LAT,TWC,LVH,STDD,TWO,AF,STC,PVC
ecg13716	MI_ANT,LVQRSAL,RWC,TWC,AF,PVC
ecg13717	AMI,STTU,ARS,LVQRSAL,TWC,AF
ecg13718	MI_ANT,STTU,TWO,AF,STC
ecg13719	MI_ANT,STDD,TWO,AF,STC
ecg13720	AMI,STTU,AF,AQW
ecg13721	MI_ANT,AF,TWC
ecg13722	AMI,STTU,MI_LAT,TWO,AQW,AF
ecg13723	MI,STTU,MI_LAT,STDD,AF,STC
ecg13724	MI,AF,MI_LAT,STDD,AQW
ecg13725	AMI,STTU,LVH,AQW,TWC,AF
ecg13726	MI_ANT,STTU,TWO,AQW,AF
ecg13727	MI_ANT,STTU,MI_LAT,LVQRSAL,TWO,AQW,AF
ecg13728	LAFB,AF,APACE
ecg13729	TWC,AF,LAFB,APACE
ecg13730	TWC,AF,APACE
ecg13731	APACE,AF
ecg13732	STDD,TWO,AF,STC,APACE
ecg13733	APACE,AF
ecg13734	TWC,AF,APACE
ecg13735	APACE,AF
ecg13736	TWC,AF,TWO,APACE
ecg13737	APACE,AF
ecg13738	APACE,AF
ecg13739	APACE,AF
ecg13740	STDD,TWO,AF,STC,APACE
ecg13741	TWC,AF,TWO,APACE
ecg13742	TWC,AF,TWO,APACE
ecg13743	TWC,AF,TWO,APACE
ecg13744	APACE,AF
ecg13745	APACE,AF
ecg13746	APACE,AF
ecg13747	TWC,RWC,AF,APACE
ecg13748	TWC,AF,TWO,APACE
ecg13749	APACE,AF,LVH
ecg13750	TWO,TWC,AF,APACE
ecg13751	TWO,LVH,TWC,AF
ecg13752	TWO,LVH,TWC,AF,APACE
ecg13753	TWC,AF,LVH,APACE
ecg13754	APACE,AF
ecg13755	TWC,AF,APACE
ecg13756	TWC,AF,APACE
ecg13757	APACE,AF
ecg13758	APACE,AF
ecg13759	STC,AF,APACE
ecg13760	APACE,AF
ecg13761	APACE,AF
ecg13762	APACE,AF
ecg13763	STDD,TWO,AF,STC,APACE
ecg13764	APACE,AF
ecg13765	APACE,AF
ecg13766	STDD,TWO,AF,STC,APACE
ecg13767	TWO,LVH,STDD,AF,STC,APACE
ecg13768	APACE,AF
ecg13769	APACE,AF
ecg13770	STC,AF,APACE
ecg13771	APACE,AF
ecg13772	APACE,AF
ecg13773	APACE,AF
ecg13774	QTIE,AF,APACE
ecg13775	STC,AF,APACE
ecg13776	APACE,AF
ecg13777	TWC,AF,APACE
ecg13778	TWC,AF,APACE
ecg13779	APACE,AF,LVH
ecg13780	APACE,AF
ecg13781	APACE,AF
ecg13782	STTU,AF,APACE
ecg13783	APACE,AF
ecg13784	STDD,TWO,AF,LVH,STC,APACE
ecg13785	APACE,AF
ecg13786	APACE,AF
ecg13787	APACE,AF
ecg13788	APACE,AF
ecg13789	APACE,AF
ecg13790	APACE,AF
ecg13791	APACE,AF
ecg13792	APACE,AF
ecg13793	APACE,AF
ecg13794	APACE,AF
ecg13795	APACE,AF
ecg13796	TWC,AF,APACE
ecg13797	APACE,AF
ecg13798	STC,AF,APACE
ecg13799	TWC,AF,LVH,APACE
ecg13800	STC,AF,APACE
ecg13801	STC,AF,LVH,APACE
ecg13802	APACE,AF
ecg13803	APACE,AF
ecg13804	AQW,TWO,TWC,AF,APACE
ecg13805	AQW,LVH,TWC,AF,APACE
ecg13806	STDD,TWO,AF,LVH,STC,APACE
ecg13807	STDD,TWO,AF,LVH,STC,APACE
ecg13808	STC,AF,LVH,APACE
ecg13809	APACE,AF
ecg13810	APACE,AF,LVH
ecg13811	APACE,AF
ecg13812	STC,AF,RWC,APACE
ecg13813	APACE,AF
ecg13814	STC,AF,APACE
ecg13815	APACE,AF
ecg13816	APACE,AF
ecg13817	APACE,AF
ecg13818	STDD,TWO,AF,STC,APACE
ecg13819	STC,AF,LVH,APACE
ecg13820	APACE,AF,LVH
ecg13821	TWO,LVH,TWC,AF,APACE
ecg13822	AQW,STTU,LVQRSAL,TWO,TWC,AF,APACE
ecg13823	APACE,AF
ecg13824	APACE,AF
ecg13825	APACE,AF
ecg13826	TWC,AF,TWO,APACE
ecg13827	TWC,AF,APACE
ecg13828	APACE,AF
ecg13829	APACE,AF
ecg13830	STDD,TWO,RWC,TWC,AF,STC,APACE
ecg13831	STDD,TWO,RWC,AF,STC,APACE
ecg13832	APACE,AF
ecg13833	APACE,AF
ecg13834	APACE,AF
ecg13835	APACE,AF
ecg13836	APACE,AF
ecg13837	APACE,AF
ecg13838	APACE,AF
ecg13839	APACE,AF
ecg13840	APACE,AF
ecg13841	APACE,AF
ecg13842	APACE,AF
ecg13843	APACE,AF
ecg13844	STTU,AF,TWO,APACE
ecg13845	TWO,TWC,AF,APACE
ecg13846	APACE,AF
ecg13847	APACE,AF
ecg13848	TWC,LVH,RWC,AF,APACE
ecg13849	STDD,LVH,TWO,AF,STC,APACE
ecg13850	TWC,AF,TWO,APACE
ecg13851	TWC,AF,APACE
ecg13852	APACE,AF
ecg13853	APACE,AF
ecg13854	APACE,AF
ecg13855	TWC,AF,TWO,APACE
ecg13856	APACE,AF
ecg13857	STC,AF,APACE
ecg13858	APACE,AF
ecg13859	APACE,AF
ecg13860	APACE,AF
ecg13861	STC,AF,LVH,APACE
ecg13862	TWO,TWC,AF,APACE
ecg13863	APACE,AF
ecg13864	APACE,AF
ecg13865	APACE,AF
ecg13866	APACE,AF
ecg13867	TWO,LVH,TWC,AF,APACE
ecg13868	APACE,AF
ecg13869	STDD,TWO,AF,LVH,APACE
ecg13870	APACE,AF
ecg13871	APACE,AF
ecg13872	TWC,AF,APACE
ecg13873	APACE,AF
ecg13874	APACE,AF
ecg13875	TWC,AF,APACE
ecg13876	APACE,AF
ecg13877	APACE,AF
ecg13878	APACE,AF
ecg13879	APACE,AF
ecg13880	TWO,TWC,AF,APACE
ecg13881	APACE,AF
ecg13882	APACE,AF
ecg13883	AQW,AF,APACE
ecg13884	STDD,TWO,AF,LVH,STC,APACE
ecg13885	APACE,AF
ecg13886	APACE,AF
ecg13887	APACE,AF
ecg13888	TWC,AF,TWO,APACE
ecg13889	TWC,AF,TWO,APACE
ecg13890	TWC,AF,APACE
ecg13891	STDD,TWO,AF,STC,APACE
ecg13892	STDD,TWO,AF,LVH,STC,APACE
ecg13893	APACE,AF
ecg13894	TWO,LVH,TWC,AF,APACE
ecg13895	APACE,AF
ecg13896	TWC,AF,TWO,APACE
ecg13897	APACE,AF
ecg13898	APACE,AF
ecg13899	APACE,AF
ecg13900	APACE,AF
ecg13901	APACE,AF
ecg13902	APACE,AF
ecg13903	TWO,LVH,STDD,AF,STC,APACE
ecg13904	APACE,AF
ecg13905	APACE,AF
ecg13906	APACE,AF
ecg13907	STC,AF,APACE
ecg13908	TWO,AF,APACE
ecg13909	APACE,AF
ecg13910	APACE,AF
ecg13911	TWC,AF,APACE
ecg13912	TWO,LVH,STDD,AF,STC,APACE
ecg13913	APACE,AF
ecg13914	APACE,AF
ecg13915	STC,AF,APACE
ecg13916	STC,AF,APACE
ecg13917	STC,LVH,AF,APACE
ecg13918	APACE,AF
ecg13919	STC,AF,APACE
ecg13920	APACE,AF
ecg13921	APACE,AF
ecg13922	APACE,AF
ecg13923	APACE,AF
ecg13924	APACE,AF
ecg13925	TWC,AF,TWO,APACE
ecg13926	TWC,AF,APACE
ecg13927	APACE,AF
ecg13928	TWO,AF,APACE
ecg13929	APACE,AF
ecg13930	TWC,AF,TWO,APACE
ecg13931	TWC,AF,TWO,APACE
ecg13932	APACE,AF
ecg13933	APACE,AF
ecg13934	TWC,AF,APACE
ecg13935	APACE,AF
ecg13936	TWC,AF,LVH,APACE
ecg13937	APACE,AF
ecg13938	TWC,AF,TWO,APACE
ecg13939	TWO,AF,LVH,APACE
ecg13940	APACE,AF
ecg13941	TWO,AF,APACE
ecg13942	STDD,TWC,AF,APACE
ecg13943	APACE,AF
ecg13944	APACE,AF
ecg13945	APACE,AF
ecg13946	APACE,AF
ecg13947	APACE,AF
ecg13948	TWC,AF,APACE
ecg13949	TWO,LVH,TWC,AF,APACE
ecg13950	TWC,AF,RWC,APACE
ecg13951	TWO,TWC,AF,APACE
ecg13952	TWO,AF,APACE
ecg13953	APACE,AF
ecg13954	APACE,AF,LVQRSAL
ecg13955	APACE,AF
ecg13956	APACE,AF
ecg13957	APACE,AF
ecg13958	APACE,AF
ecg13959	TWO,LVH,TWC,AF,APACE
ecg13960	TWO,LVH,TWC,AF,APACE
ecg13961	APACE,AF
ecg13962	APACE,AF
ecg13963	APACE,AF,PVT
ecg13964	TWC,AF,APACE
ecg13965	APACE,AF
ecg13966	APACE,AF
ecg13967	STC,AF,LVH,APACE
ecg13968	APACE,AF
ecg13969	TWC,AF,APACE
ecg13970	STC,AF,APACE
ecg13971	STC,AF,APACE
ecg13972	APACE,AF
ecg13973	APACE,AF
ecg13974	APACE,AF,LVH
ecg13975	TWC,AF,APACE
ecg13976	TWC,AF,RWC,APACE
ecg13977	AQW,AF,APACE
ecg13978	APACE,AF,RWC
ecg13979	APACE,AF,LVH
ecg13980	APACE,AF
ecg13981	TWO,LVH,TWC,AF,APACE
ecg13982	APACE,AF
ecg13983	TWC,AF,APACE
ecg13984	TWC,AF,APACE
ecg13985	TWC,AF,APACE
ecg13986	APACE,AF
ecg13987	APACE,AF
ecg13988	APACE,AF
ecg13989	TWC,AF,APACE
ecg13990	STC,AF,APACE
ecg13991	APACE,AF
ecg13992	STDD,TWO,AF,STC,APACE
ecg13993	TWO,AF,APACE
ecg13994	TWC,AF,TWO,APACE
ecg13995	APACE,AF
ecg13996	APACE,AF
ecg13997	APACE,AF
ecg13998	TWO,LVH,TWC,AF,APACE
ecg13999	APACE,AF
ecg14000	APACE,AF
ecg14001	TWC,AF,APACE
ecg14002	APACE,AF
ecg14003	APACE,AF
ecg14004	TWC,AF,APACE
ecg14005	APACE,AF
ecg14006	APACE,AF
ecg14007	STC,AF,APACE
ecg14008	TWC,AF,APACE
ecg14009	APACE,AF
ecg14010	APACE,AF
ecg14011	APACE,AF
ecg14012	APACE,AF
ecg14013	STC,AF,APACE
ecg14014	TWC,AF,LVH,APACE
ecg14015	STDD,TWO,AF,STC,APACE
ecg14016	TWC,AF,APACE
ecg14017	APACE,AF
ecg14018	TWC,AF,TWO,APACE
ecg14019	TWO,LVH,TWC,AF,APACE
ecg14020	APACE,AF
ecg14021	APACE,AF
ecg14022	APACE,AF
ecg14023	TWO,AF,APACE
ecg14024	TWO,AF,RWC,APACE
ecg14025	TWC,LVH,AF,APACE
ecg14026	APACE,AF
ecg14027	APACE,AF
ecg14028	TWC,AF,TWO,APACE
ecg14029	APACE,AF
ecg14030	APACE,AF
ecg14031	APACE,AF
ecg14032	STC,AF,LVH,APACE
ecg14033	APACE,AF
ecg14034	TWC,AF,TWO,APACE
ecg14035	STC,AF,LVH,APACE
ecg14036	TWC,AF,TWO
ecg14037	APACE,AF
ecg14038	STC,AF,APACE
ecg14039	STC,AF,APACE
ecg14040	STDD,TWO,AF,STC,APACE
ecg14041	AQW,TWO,TWC,AF
ecg14042	AQW,AF,TWC,APACE
ecg14043	AQW,LVQRSAL,TWC,AF,APACE
ecg14044	TWC,AF,APACE
ecg14045	TWC,AF,LVH,APACE
ecg14046	STDD,TWO,AF,STC,APACE
ecg14047	APACE,RWC,AF,LVQRSAL
ecg14048	TWC,AF,APACE
ecg14049	STC,AF,LVH,APACE
ecg14050	APACE,AF
ecg14051	APACE,AF
ecg14052	TWC,AF,APACE
ecg14053	STDD,TWO,AF,STC,APACE
ecg14054	APACE,AF
ecg14055	APACE,AF
ecg14056	APACE,AF,LVH
ecg14057	STC,LVH,AF,APACE
ecg14058	TWC,AF,APACE
ecg14059	APACE,AF
ecg14060	TWC,APACE,LVH,AF,TWO
ecg14061	TWC,AF,RWC,APACE
ecg14062	APACE,AF
ecg14063	APACE,AF
ecg14064	APACE,AF
ecg14065	APACE,AF
ecg14066	STC,AF,APACE
ecg14067	APACE,AF
ecg14068	APACE,AF
ecg14069	TWC,AF
ecg14070	APACE,AF
ecg14071	APACE,AF
ecg14072	STC,AF,APACE
ecg14073	APACE,AF
ecg14074	APACE,AF
ecg14075	STC,AF,LVH,APACE
ecg14076	TWC,AF,LVH,APACE
ecg14077	APACE,AF
ecg14078	APACE,AF
ecg14079	APACE,AF
ecg14080	TWO,TWC,AF,APACE
ecg14081	TWC,AF,APACE
ecg14082	APACE,AF
ecg14083	APACE,AF
ecg14084	APACE,AF
ecg14085	STC,AF,LVH,APACE
ecg14086	APACE,AF
ecg14087	APACE,AF
ecg14088	STC,AF,APACE
ecg14089	STDD,TWO,IDC,AF,LVH,STC
ecg14090	APACE,AF,LVH
ecg14091	STC,AF,LVH,APACE
ecg14092	TWO,AF,APACE
ecg14093	STC,AF,APACE
ecg14094	STDD,LVH,TWO,AF,STC,APACE
ecg14095	APACE,AF
ecg14096	APACE,AF
ecg14097	STDD,TWO,AF,LVH,STC,APACE
ecg14098	APACE,AF
ecg14099	APACE,AF
ecg14100	APACE,AF
ecg14101	TWC,AF,APACE
ecg14102	APACE,AF
ecg14103	APACE,AF
ecg14104	STC,AF,TWO,APACE
ecg14105	STC,AF,APACE
ecg14106	STC,AF,APACE
ecg14107	APACE,AF
ecg14108	APACE,AF
ecg14109	STC,AF,APACE
ecg14110	TWC,AF,TWO,APACE
ecg14111	TWC,AF,LVH,APACE
ecg14112	STC,AF,APACE
ecg14113	APACE,AF
ecg14114	TWC,AF,LVH,APACE
ecg14115	APACE,AF
ecg14116	STDD,TWO,AF,STC,APACE
ecg14117	TWC,AF,APACE
ecg14118	APACE,AF
ecg14119	STC,AF,LVH,APACE
ecg14120	TWC,AF,APACE
ecg14121	TWC,AF,TWO,APACE
ecg14122	TWC,AF,TWO,APACE
ecg14123	TWC,AF,TWO,APACE
ecg14124	APACE,AF
ecg14125	TWC,AF,TWO,APACE
ecg14126	APACE,AF
ecg14127	APACE,AF
ecg14128	TWO,TWC,AF,LVH,APACE
ecg14129	STDD,TWO,AF,LVH,STC,APACE
ecg14130	APACE,AF
ecg14131	TWC,AF,APACE
ecg14132	STC,AF,LVH,APACE
ecg14133	TWC,AF,APACE
ecg14134	TWC,AF,TWO,APACE
ecg14135	APACE,AF
ecg14136	TWC,AF,APACE
ecg14137	APACE,AF
ecg14138	APACE,AF
ecg14139	STDD,LVH,TWO,AF,STC,APACE
ecg14140	STDD,TWO,AF,STC,APACE
ecg14141	STDD,LVH,TWC,AF,STC,APACE
ecg14142	TWC,AF,LVH,APACE
ecg14143	APACE,AF,LVH
ecg14144	TWO,QTIE,AF,STC,APACE
ecg14145	APACE,AF
ecg14146	APACE,AF
ecg14147	APACE,AF
ecg14148	APACE,AF
ecg14149	APACE,AF
ecg14150	TWC,AF,APACE
ecg14151	APACE,AF
ecg14152	APACE,AF
ecg14153	APACE,AF
ecg14154	TWC,AF,APACE
ecg14155	STC,LAFB,LVH,AF,PVC
ecg14156	TWC,AF,LAFB,PVC
ecg14157	LAFB,AF,PVC
ecg14158	APACE,AF,PVC
ecg14159	APACE,AF,PVC
ecg14160	APACE,AF,PVC
ecg14161	APACE,AF,PVC
ecg14162	TWO,APACE,TWC,AF,PVC
ecg14163	APACE,AF,PVC
ecg14164	AQW,PVC,TWC,AF,APACE
ecg14165	STC,AF,PVC,APACE
ecg14166	APACE,AF,PVC
ecg14167	APACE,AF,PVC
ecg14168	APACE,AF,PVC
ecg14169	TWC,AF,PVC,APACE
ecg14170	APACE,AF,PVC
ecg14171	APACE,AF,PVC
ecg14172	APACE,AF,PVC
ecg14173	TWO,PVC,TWC,AF,APACE
ecg14174	TWC,AF,PVC,APACE
ecg14175	STC,AF,PVC,APACE
ecg14176	APACE,AF,PVC
ecg14177	APACE,AF,PVC
ecg14178	TWO,APACE,LVH,TWC,AF,PVC
ecg14179	TWC,AF,APACE,PVC
ecg14180	APACE,AF,PVC
ecg14181	APACE,AF,PVC
ecg14182	TWC,AF,APACE,PVC
ecg14183	TWC,PVT,LVH,AF,PVC
ecg14184	STC,AF,PVC
ecg14185	AQW,STDD,TWO,RWC,AF,STC,PVC
ecg14186	AF,PVC
ecg14187	STC,RWC,AF,LVH,PVC
ecg14188	TWC,AF,PVC
ecg14189	TWC,AF,PVC
ecg14190	STC,AF,LVH,PVC
ecg14191	RBBB,AF,PVC
ecg14192	RBBB,AF,LVH,PVC
ecg14193	STDD,RBBB,TWO,AF,STC,PVC
ecg14194	TWC,RBBB,AF,PVC
ecg14195	TWC,RBBB,AF,PVC
ecg14196	TWO,ARS,VEB,TWC,AF,PVC
ecg14197	AF,ARS,PVC
ecg14198	STC,AF,ARS,PVC
ecg14199	AF,ARS,PVC
ecg14200	TWC,AF,ARS,PVC
ecg14201	AF,ARS,PVC
ecg14202	STDD,ARS,AF,STC,PVC
ecg14203	AF,ARS,PVC
ecg14204	AQW,AF,ARS,PVC
ecg14205	AF,ARS,PVC
ecg14206	AQW,ARS,RWC,TWC,AF,PVC
ecg14207	AQW,ARS,RWC,TWC,AF,PVC
ecg14208	AF,ARS,PVC
ecg14209	TWC,ARS,LVH,AF,PVC
ecg14210	AF,ARS,LVH,PVC
ecg14211	STC,AF,ARS,PVC
ecg14212	STDD,PVT,AF,STC,PVC
ecg14213	AF,PVT,LVH,PVC
ecg14214	TWC,AF,PVT,PVC
ecg14215	AF,PVT,PVC
ecg14216	STC,AF,PVT,PVC
ecg14217	TWC,AF,PVC
ecg14218	AF,PVC
ecg14219	AF,PVC
ecg14220	AF,LVQRSAL,PVC
ecg14221	STC,AF,PVC
ecg14222	AF,PVC
ecg14223	AF,PVC
ecg14224	STC,AF,PVC
ecg14225	TWC,LVH,RWC,AF,PVC
ecg14226	TWC,AF,PVC
ecg14227	AF,PVC
ecg14228	TWC,AF,PVC
ecg14229	TWC,AF,PVC
ecg14230	TWC,AF,PVC
ecg14231	AF,LVH,PVC
ecg14232	STC,AF,LVH,PVC
ecg14233	AF,LVH,PVC
ecg14234	AF,LVH,PVC
ecg14235	AF,LVH,PVC
ecg14236	TWC,AF,PVC
ecg14237	STC,AF,PVC
ecg14238	STC,AF,PVC
ecg14239	STC,AF,LVH,PVC
ecg14240	STC,AF,LVH,PVC
ecg14241	STC,AF,LVH,PVC
ecg14242	STC,AF,LVH,PVC
ecg14243	AF,LVH,PVC
ecg14244	STC,AF,LVH,PVC
ecg14245	STC,AF,LVH,PVC
ecg14246	AF,LVH,PVC
ecg14247	AF,PVC
ecg14248	STC,AF,LVH,PVC
ecg14249	STDD,TWO,AF,STC,PVC
ecg14250	TWC,AF,TWO,PVC
ecg14251	AF,PVC
ecg14252	AF,PVC
ecg14253	AF,PVC
ecg14254	AF,PVC
ecg14255	AF,PVC
ecg14256	STDD,TWO,AF,LVH,STC,PVC
ecg14257	STDD,LVH,TWO,AF,STC,PVC
ecg14258	STC,AF,LVH,PVC
ecg14259	STC,AF,PVC
ecg14260	AF,RWC,PVC
ecg14261	STDD,TWO,AF,LVH,STC,PVC
ecg14262	STC,AF,PVC
ecg14263	AF,PVC
ecg14264	TWC,AF,LVH,PVC
ecg14265	AF,PVC
ecg14266	STC,AF,LVH,PVC
ecg14267	STDD,TWO,AF,STC,PVC
ecg14268	STDD,TWO,AF,LVH,STC,PVC
ecg14269	IDC,AF,PVC
ecg14270	AF,LVH,PVC
ecg14271	AF,PVC
ecg14272	STC,AF,LVH,PVC
ecg14273	STC,AF,LVH,PVC
ecg14274	STC,AF,LVH,PVC
ecg14275	AF,PVC
ecg14276	TWC,AF,PVC
ecg14277	STC,AF,LVH,PVC
ecg14278	STC,AF,PVC
ecg14279	STC,AF,PVC
ecg14280	STDD,TWO,AF,STC,PVC
ecg14281	AF,LVH,PVC
ecg14282	TWC,AF,TWO,PVC
ecg14283	TWC,AF,PVC
ecg14284	STDD,TWO,AF,STC,PVC
ecg14285	AF,LVQRSAL,PVC
ecg14286	AF,PVC
ecg14287	AF,PVC
ecg14288	AF,LVH,PVC
ecg14289	STC,AF,PVC
ecg14290	AF,PVC
ecg14291	TWO,RWC,TWC,AF,PVC
ecg14292	STC,AF,PVC
ecg14293	AF,PVC
ecg14294	STC,AF,LVH,PVC
ecg14295	AF,PVC
ecg14296	STC,AF,PVC
ecg14297	AF,PVC
ecg14298	STC,AF,PVC
ecg14299	STC,AF,LVH,PVC
ecg14300	STC,UW,LVH,AF,PVC
ecg14301	AF,PVC
ecg14302	AF,PVC
ecg14303	STC,AF,LVH,PVC
ecg14304	AQW,LVH,AF,STC,PVC
ecg14305	TWC,AF,LVH,PVC
ecg14306	STDD,TWO,AF,LVH,STC,PVC
ecg14307	AF,LVH,PVC
ecg14308	AF,PVC
ecg14309	AF,PVC
ecg14310	STC,AF,PVC
ecg14311	TWC,AF,PVC
ecg14312	STC,AF,LVH,PVC
ecg14313	STDD,LVH,TWO,AF,STC,PVC
ecg14314	STC,AF,PVC
ecg14315	AF,LVH,PVC
ecg14316	TWC,AF,RWC,PVC
ecg14317	STC,AF,LVH,PVC
ecg14318	AF,LVH,PVC
ecg14319	AF,PVC
ecg14320	STC,AF,LVH,PVC
ecg14321	STC,AF,PVC
ecg14322	STC,AF,LVH,PVC
ecg14323	AF,RWC,LVH,PVC
ecg14324	AF,RWC,PVC
ecg14325	TWC,AF,LVH,PVC
ecg14326	STC,AF,LVH,PVC
ecg14327	AF,PVC
ecg14328	AF,PVC
ecg14329	TWC,AF,LVH,PVC
ecg14330	AF,LVH,PVC
ecg14331	STDD,QTIE,LVH,TWC,AF,STC,PVC
ecg14332	AF,LVH,PVC
ecg14333	AQW,LVQRSAL,TWC,AF,PVC
ecg14334	STC,AF,PVC
ecg14335	AF,LVH,PVC
ecg14336	AF,PVC
ecg14337	AF,PVC
ecg14338	AF,RWC,LVH,PVC
ecg14339	AQW,STDD,TWO,AF,LVH,STC,PVC
ecg14340	STDD,TWO,AF,STC,PVC
ecg14341	STC,AF,LVH,PVC
ecg14342	AF,PVC
ecg14343	AF,PVC
ecg14344	AF,LVH,PVC
ecg14345	STDD,TWO,RWC,AF,LVH,STC,PVC
ecg14346	TWC,AF,PVC
ecg14347	AF,PVC
ecg14348	TWC,AF,LVH,PVC
ecg14349	STC,AF,LVH,PVC
ecg14350	STDD,LVH,TWO,AF,STC,PVC
ecg14351	AF,LVH,PVC
ecg14352	AQW,STDD,TWO,AF,LVH,PVC
ecg14353	STDD,TWC,AF,LVH,STC,PVC
ecg14354	STC,AF,LVH,PVC
ecg14355	AF,PVC
ecg14356	AF,PVC
ecg14357	TWC,AF,TWO,PVC
ecg14358	STC,LVH,RWC,AF,PVC
ecg14359	TWC,AF,TWO,PVC
ecg14360	AF,PVC
ecg14361	TWC,AF,LVH,PVC
ecg14362	STDD,LVH,TWO,AF,STC,PVC
ecg14363	TWC,AF,LVH,PVC
ecg14364	AF,PVC
ecg14365	STC,AF,PVC
ecg14366	TWO,AF,PVC
ecg14367	STDD,LVH,AF,STC,PVC
ecg14368	STDD,AF,LVH,PVC
ecg14369	STDD,TWO,AF,LVH,PVC
ecg14370	TWC,AF,LVH,PVC
ecg14371	STDD,LVH,TWO,AF,PVC
ecg14372	AF,PVC
ecg14373	STDD,TWO,RWC,AF,STC,PVC
ecg14374	AF,PVC
ecg14375	AF,PVC
ecg14376	AF,LVH,PVC
ecg14377	AF,PVC
ecg14378	AF,PVC
ecg14379	TWO,LVH,TWC,AF,PVC
ecg14380	AF,PVC
ecg14381	TWO,LVH,RWC,TWC,AF,PVC
ecg14382	AF,PVC
ecg14383	AQW,AF,LVH,STC,PVC
ecg14384	AF,PVC
ecg14385	STC,AF,LVH,PVC
ecg14386	STC,AF,LVH,PVC
ecg14387	STDD,AF,TWO,PVC
ecg14388	STTU,LVQRSAL,RWC,TWC,AF,PVC
ecg14389	TWC,AF,PVC
ecg14390	AF,LVH,PVC
ecg14391	STC,AF,PVC
ecg14392	AF,PVC
ecg14393	STC,AF,PVC
ecg14394	STDD,LVQRSAL,TWO,AF,STC,PVC
ecg14395	TWC,AF,PVC
ecg14396	AF,LVQRSAL,PVC
ecg14397	TWC,AF,PVC
ecg14398	TWO,LVH,TWC,AF,PVC
ecg14399	TWC,AF,TWO,PVC
ecg14400	TWO,LVQRSAL,TWC,AF,PVC
ecg14401	AF,PVC
ecg14402	AF,PVC
ecg14403	TWO,RWC,TWC,AF,PVC
ecg14404	TWO,AF,PVC
ecg14405	TWC,AF,PVC
ecg14406	AF,LVH,PVC
ecg14407	AF,PVC
ecg14408	AF,PVC
ecg14409	TWC,AF,PVC
ecg14410	TWC,AF,LVH,PVC
ecg14411	STC,AF,PVC
ecg14412	STDD,LVH,TWC,AF,STC,PVC
ecg14413	AF,PVC
ecg14414	AF,PVC
ecg14415	AF,PVC
ecg14416	AF,PVC
ecg14417	STDD,LVQRSAL,TWO,AF,STC,PVC
ecg14418	STC,AF,LVH,PVC
ecg14419	AF,LVH,PVC
ecg14420	STDD,TWO,AF,STC,PVC
ecg14421	TWC,AF,PVC
ecg14422	TWC,AF,TWO,PVC
ecg14423	TWC,AF,TWO,PVC
ecg14424	STDD,TWO,AF,STC,PVC
ecg14425	AF,PVC
ecg14426	AF,PVC
ecg14427	STC,AF,LVH,PVC
ecg14428	AF,PVC
ecg14429	AF,PVC
ecg14430	STDD,TWO,AF,LVH,PVC
ecg14431	TWC,AF,PVC
ecg14432	STC,AF,PVC
ecg14433	AF,PVC
ecg14434	AF,LVH,PVC
ecg14435	AF,PVC
ecg14436	TWC,AF,PVC
ecg14437	STC,AF,PVC
ecg14438	AF,PVC
ecg14439	AQW,AF,PVC
ecg14440	AQW,STTU,TWC,AF,PVC
ecg14441	STC,AF,PVC
ecg14442	TWC,AF,PVC
ecg14443	AQW,AF,LVH,PVC
ecg14444	STDD,TWO,AF,LVH,STC,PVC
ecg14445	AF,LVH,PVC
ecg14446	AF,RWC,PVC
ecg14447	AQW,AF,TWC,PVC
ecg14448	TWO,AF,RWC,PVC
ecg14449	TWC,LVQRSAL,RWC,AF,PVC
ecg14450	TWO,TWC,AF,LVH,PVC
ecg14451	STTU,STDD,LVH,TWO,AF,PVC
ecg14452	TWC,UW,LVH,AF,PVC
ecg14453	TWC,AF,PVC
ecg14454	TWO,RWC,TWC,AF,PVC
ecg14455	AF,PVC
ecg14456	TWC,AF,PVC
ecg14457	STC,AF,PVC
ecg14458	TWO,LVH,RWC,AF,PVC
ecg14459	AF,LVH,PVC
ecg14460	TWC,AF,PVC
ecg14461	AF,PVC
ecg14462	AF,LVH,PVC
ecg14463	AF,PVC
ecg14464	STTU,AF,TWC,PVC
ecg14465	STC,AF,LVH,PVC
ecg14466	STDD,LVH,TWO,AF,STC,PVC
ecg14467	TWC,AF,TWO,PVC
ecg14468	TWC,AF,TWO,PVC
ecg14469	STDD,TWO,AF,STC,PVC
ecg14470	AF,PVC
ecg14471	TWC,AF,LVQRSAL,TWO
ecg14472	TWC,AF,LVQRSAL,PVC
ecg14473	AF,PVC
ecg14474	TWO,RVH,AF,PVC
ecg14475	AF,PVC
ecg14476	STC,AF,PVC
ecg14477	AF,PVC
ecg14478	AF,RWC,PVC
ecg14479	STC,AF,PVC
ecg14480	AF,PVC
ecg14481	AQW,STTU,TWO,AF,STC,PVC
ecg14482	STDD,TWO,AF,STC,PVC
ecg14483	TWO,RWC,TWC,AF,PVC
ecg14484	STC,AF,LVH,PVC
ecg14485	LAFB,AF,RBBB
ecg14486	LAFB,AF,RBBB
ecg14487	LAFB,AF,RBBB
ecg14488	LAFB,AF,RBBB
ecg14489	TWC,AF,LAFB,RBBB
ecg14490	RBBB,AF,ARS
ecg14491	RBBB,RVH,AF
ecg14492	RBBB,AF
ecg14493	RBBB,AF,LVH
ecg14494	QTIE,AF,RBBB
ecg14495	STC,AF,RBBB
ecg14496	RBBB,AF
ecg14497	TWC,AF,RBBB
ecg14498	TWC,AF,LVH,RBBB
ecg14499	RBBB,AF
ecg14500	STC,AF,RBBB
ecg14501	STDD,RBBB,TWO,AF,STC
ecg14502	TWC,AF,RBBB
ecg14503	TWC,AF,RBBB
ecg14504	RBBB,AF
ecg14505	RBBB,AF,LVH
ecg14506	TWC,RBBB,AF,LVH,STC
ecg14507	RBBB,AF
ecg14508	RBBB,AF
ecg14509	RBBB,AF
ecg14510	RBBB,AF
ecg14511	RBBB,AF
ecg14512	RBBB,AF
ecg14513	RBBB,AF,LVH
ecg14514	STC,AF,LVH,RBBB
ecg14515	TWC,AF,RBBB
ecg14516	TWC,AF,LVH,RBBB
ecg14517	RBBB,AF
ecg14518	RBBB,AF
ecg14519	STDD,RBBB,TWO,AF,STC
ecg14520	RBBB,AF
ecg14521	STC,AF,RBBB
ecg14522	TWC,AF,RBBB
ecg14523	TWC,AF,RBBB
ecg14524	RBBB,AF,LVH
ecg14525	RBBB,AF
ecg14526	STC,AF,RBBB
ecg14527	RBBB,AF
ecg14528	STC,AF,RBBB
ecg14529	TWO,RBBB,LVH,TWC,AF
ecg14530	STC,AF,RBBB
ecg14531	RBBB,AF
ecg14532	RBBB,AF,LVH
ecg14533	TWC,AF,RBBB
ecg14534	RBBB,AF
ecg14535	TWC,AF,RBBB
ecg14536	RBBB,AF
ecg14537	STC,AF,RBBB
ecg14538	TWC,AF,RBBB
ecg14539	RBBB,AF,LVH
ecg14540	RBBB,AF
ecg14541	RBBB,AF,LVH
ecg14542	RBBB,AF
ecg14543	RBBB,AF
ecg14544	TWC,AF,RBBB
ecg14545	STC,ARS,PVT,APACE
ecg14546	AF,ARS
ecg14547	AF,ARS,LVH
ecg14548	STC,AF,ARS
ecg14549	AF,ARS
ecg14550	TWC,AF,RWC,ARS
ecg14551	AF,ARS
ecg14552	STC,AF,ARS
ecg14553	STDD,RVH,ARS,TWO,AF
ecg14554	STC,AF,LVH,ARS
ecg14555	TWC,AF,ARS,UW
ecg14556	TWC,AF,ARS
ecg14557	TWO,AF,ARS
ecg14558	STC,AF,UW,ARS
ecg14559	AF,ARS
ecg14560	AF,ARS,LVH
ecg14561	AF,ARS
ecg14562	STC,AF,ARS
ecg14563	TWC,AF,ARS
ecg14564	STC,AF,ARS
ecg14565	TWO,ARS,QTIE,TWC,AF
ecg14566	AF,ARS
ecg14567	TWO,ARS,LVH,TWC,AF
ecg14568	TWO,RVH,ARS,RWC,AF
ecg14569	STC,AF,ARS
ecg14570	TWC,AF,ARS,UW
ecg14571	AF,RWC,ARS
ecg14572	STTU,ARS,LVQRSAL,STDD,RWC,AF,STC
ecg14573	STDD,ARS,TWO,AF,STC
ecg14574	TWC,AF,ARS,LVH
ecg14575	STDD,ARS,TWO,AF,STC
ecg14576	AF,ARS
ecg14577	STC,AF,LVH,ARS
ecg14578	STDD,ARS,LVH,TWC,AF,STC
ecg14579	STC,AF,LVH,ARS
ecg14580	AF,ARS
ecg14581	TWO,AF,ARS
ecg14582	TWO,AF,ARS
ecg14583	AF,ARS
ecg14584	AF,RWC,ARS
ecg14585	TWC,AF,RWC,ARS
ecg14586	AQW,ARS,TWO,TWC,AF,LVH
ecg14587	AF,ARS,LVH
ecg14588	AF,ARS,LVH
ecg14589	TWC,AF,ARS
ecg14590	STC,AF,ARS
ecg14591	TWC,AF,ARS
ecg14592	TWC,AF,ARS
ecg14593	AF,ARS
ecg14594	TWC,AF,ARS
ecg14595	TWC,AF,ARS,TWO
ecg14596	STDD,ARS,LVQRSAL,TWO,RWC,AF,LVH,STC
ecg14597	STDD,ARS,LVH,TWO,AF,STC
ecg14598	AF,ARS
ecg14599	AF,ARS,LVH
ecg14600	AF,ARS
ecg14601	TWC,AF,RWC,ARS
ecg14602	AF,RWC,ARS
ecg14603	AF,ARS
ecg14604	STC,AF,LVH,ARS
ecg14605	TWC,AF,ARS
ecg14606	AF,ARS,LVH
ecg14607	STC,AF,ARS
ecg14608	AF,ARS
ecg14609	STC,AF,ARS
ecg14610	AQW,RVH,ARS,LVQRSAL,TWC,AF
ecg14611	AQW,RVH,ARS,LVQRSAL,TWC,AF
ecg14612	AF,ARS
ecg14613	TWC,AF,ARS,TWO
ecg14614	STC,AF,ARS
ecg14615	TWC,AF,ARS
ecg14616	STDD,ARS,TWO,AF,STC
ecg14617	AQW,ARS,STDD,TWO,AF,STC
ecg14618	TWO,ARS,LVH,TWC,AF
ecg14619	AF,ARS
ecg14620	AF,ARS
ecg14621	AF,ARS
ecg14622	TWC,AF,ARS
ecg14623	TWO,AF,ARS
ecg14624	STC,AF,ARS
ecg14625	TWC,AF,ARS
ecg14626	AQW,STTU,ARS,TWC,AF
ecg14627	AF,ARS
ecg14628	TWC,AF,ARS
ecg14629	STTU,AF,TWC,ARS
ecg14630	TWC,AF,ARS
ecg14631	STC,AF,ARS
ecg14632	AF,RWC,ARS
ecg14633	TWC,RVH,ARS,LVQRSAL,AF
ecg14634	TWO,ARS,LVQRSAL,RWC,TWC,AF
ecg14635	TWC,AF,ARS
ecg14636	AF,ARS
ecg14637	AF,ARS
ecg14638	AF,RVH,LVQRSAL,ARS
ecg14639	TWC,AF,ARS
ecg14640	AF,RWC,ARS
ecg14641	STC,AF,ARS,STDD
ecg14642	TWC,AF,ARS,TWO
ecg14643	TWC,AF,ARS,TWO
ecg14644	STDD,ARS,TWO,AF,STC
ecg14645	TWC,AF,ARS
ecg14646	AF,ARS
ecg14647	TWC,AF,ARS
ecg14648	STC,AF,ARS
ecg14649	AF,ARS
ecg14650	STDD,ARS,TWC,AF,STC
ecg14651	STC,SR,AF,LVH
ecg14652	STTU,AF,ERV
ecg14653	STTU,AF,ERV
ecg14654	STTU,AF,ERV
ecg14655	STTU,AF,ERV
ecg14656	STTU,AF,LVH,ERV
ecg14657	ERV,AF
ecg14658	STTU,AF,ERV
ecg14659	STTU,AF,LVH,ERV
ecg14660	STTU,AF,STC,ERV
ecg14661	TWC,VEB,AF,TWO
ecg14662	VEB,AF,RWC
ecg14663	VEB,AF,LVH
ecg14664	TWC,VEB,AF,RWC
ecg14665	VEB,AF,LVH
ecg14666	AQW,STDD,TWO,VEB,AF,STC
ecg14667	TWC,VEB,AF,TWO
ecg14668	VEB,AF,LVH
ecg14669	WPW,AF,PVT,PVC
ecg14670	STDD,PVT,TWO,AF,LVH,STC
ecg14671	STC,AF,PVT
ecg14672	WPW,AF
ecg14673	WPW,AF
ecg14674	STC,AF,LVH
ecg14675	TWC,AF
ecg14676	STC,AF
ecg14677	AF
ecg14678	STDD,AF,STC
ecg14679	STC,AF,LVH
ecg14680	AQW,AF
ecg14681	AF
ecg14682	AF,RWC,LVQRSAL
ecg14683	AF
ecg14684	STC,AF
ecg14685	TWC,AF
ecg14686	STC,AF,LVH
ecg14687	STC,AF
ecg14688	AF,LVQRSAL
ecg14689	STC,AF
ecg14690	TWC,AF
ecg14691	TWC,AF
ecg14692	STC,AF
ecg14693	TWC,AF
ecg14694	STDD,AF
ecg14695	STC,AF,UW
ecg14696	STC,AF,LVH
ecg14697	STC,AF,LVH
ecg14698	STC,AF
ecg14699	STC,AF,LVH
ecg14700	AF
ecg14701	AF
ecg14702	AF
ecg14703	AF
ecg14704	TWC,AF
ecg14705	AF
ecg14706	STC,AF,LVH
ecg14707	TWC,AF,LVH,TWO
ecg14708	TWC,AF,TWO
ecg14709	TWO,AF
ecg14710	TWO,AF
ecg14711	AF
ecg14712	TWC,AF
ecg14713	AF,LVH
ecg14714	STDD,TWO,AF,LVH,STC
ecg14715	STDD,TWO,AF,LVH,STC
ecg14716	AF,LVH
ecg14717	STC,AF
ecg14718	AQW,AF,STC
ecg14719	TWC,AF
ecg14720	STDD,AF,STC,TWO
ecg14721	AF
ecg14722	STC,AF
ecg14723	STC,AF
ecg14724	AF
ecg14725	AF
ecg14726	AF
ecg14727	STDD,TWO,AF,LVH,STC
ecg14728	AF
ecg14729	TWC,AF,RWC
ecg14730	TWC,AF
ecg14731	AF
ecg14732	AF
ecg14733	AQW,STTU,STDD,TWO,TWC,AF,STC
ecg14734	AF
ecg14735	STC,AF
ecg14736	TWC,AF
ecg14737	TWC,AF,LVH,TWO
ecg14738	STDD,LVH,TWO,AF,STC
ecg14739	STC,AF
ecg14740	TWC,AF,TWO
ecg14741	STC,AF,LVH
ecg14742	STDD,LVH,TWO,AF,STC
ecg14743	STC,AF,LVH
ecg14744	AF
ecg14745	AF
ecg14746	STC,AF
ecg14747	STC,AF
ecg14748	STC,AF
ecg14749	STC,AF,LVH
ecg14750	AF
ecg14751	STC,AF
ecg14752	STC,AF
ecg14753	AF
ecg14754	AF
ecg14755	STC,AF,LVH
ecg14756	AF,LVH
ecg14757	AF,LVH
ecg14758	AF,LVH
ecg14759	AF,LVH
ecg14760	STC,AF,UW,LVH
ecg14761	AF,RWC
ecg14762	STC,AF
ecg14763	AF
ecg14764	AF,LVQRSAL
ecg14765	TWC,AF
ecg14766	AF,LVH
ecg14767	STC,AF,LVH
ecg14768	AF
ecg14769	AF
ecg14770	AF
ecg14771	STC,AF,LVH
ecg14772	AF
ecg14773	AF
ecg14774	AF
ecg14775	STC,AF,LVH
ecg14776	TWC,AF,UW
ecg14777	AF
ecg14778	STC,AF,UW
ecg14779	AF
ecg14780	TWC,AF,RWC,LVH
ecg14781	AF
ecg14782	TWC,AF
ecg14783	STC,AF
ecg14784	STC,AF,LVH
ecg14785	STC,AF,LVH
ecg14786	STDD,AF,STC,TWO
ecg14787	STC,AF,LVH
ecg14788	STDD,TWO,AF,LVH,STC
ecg14789	STDD,TWO,AF,LVH,STC
ecg14790	STDD,TWO,AF,LVH,STC
ecg14791	STC,AF
ecg14792	STC,AF,LVH
ecg14793	AF
ecg14794	TWC,AF,LVH
ecg14795	TWC,AF,LVH
ecg14796	AF
ecg14797	AF,LVH
ecg14798	STC,AF,LVH
ecg14799	STC,AF,LVH
ecg14800	AF
ecg14801	AF
ecg14802	AF
ecg14803	AF
ecg14804	AF,RWC
ecg14805	AF,RWC
ecg14806	AF
ecg14807	AF
ecg14808	STC,AF
ecg14809	TWC,AF
ecg14810	STC,AF
ecg14811	AF
ecg14812	TWC,AF
ecg14813	AF,LVH
ecg14814	STC,AF
ecg14815	AF
ecg14816	STDD,AF,STC
ecg14817	TWC,AF,LVH
ecg14818	STC,AF,LVH
ecg14819	AQW,AF,STC
ecg14820	AQW,TWO,RWC,TWC,AF
ecg14821	TWC,AF,STC
ecg14822	TWC,AF,LVH
ecg14823	AF
ecg14824	AF,LVH
ecg14825	AF,LVH
ecg14826	TWC,AF
ecg14827	TWC,AF,LVH,TWO
ecg14828	AF
ecg14829	TWC,AF
ecg14830	AF,LVH
ecg14831	STC,AF,LVH
ecg14832	TWC,AF
ecg14833	STDD,AF,STC,TWO
ecg14834	AF
ecg14835	AF
ecg14836	AF
ecg14837	AF
ecg14838	AF,LVH
ecg14839	AF,LVH
ecg14840	TWC,AF
ecg14841	TWC,AF,LVH
ecg14842	AF,LVH
ecg14843	AF,LVH
ecg14844	AF,LVH
ecg14845	STC,AF
ecg14846	TWC,AF,UW
ecg14847	TWC,AF
ecg14848	AF
ecg14849	AF
ecg14850	AF
ecg14851	STC,AF
ecg14852	TWC,AF,TWO
ecg14853	TWC,AF,TWO
ecg14854	AF
ecg14855	TWC,AF
ecg14856	AF
ecg14857	TWC,AF,TWO
ecg14858	AF
ecg14859	AF,LVH
ecg14860	AF
ecg14861	TWC,AF,LVH,TWO
ecg14862	STC,AF,LVH
ecg14863	AF
ecg14864	AF
ecg14865	STC,AF,LVH
ecg14866	STC,AF,LVH
ecg14867	TWC,AF
ecg14868	AF
ecg14869	TWC,AF,RWC,LVH
ecg14870	TWC,AF
ecg14871	STC,AF,UW
ecg14872	STC,AF
ecg14873	STDD,LVH,TWO,AF,STC
ecg14874	STDD,LVH,TWO,AF,STC
ecg14875	STDD,LVH,TWO,AF,STC
ecg14876	STDD,LVH,TWO,AF,STC
ecg14877	TWC,AF
ecg14878	AF
ecg14879	TWC,AF,LVH
ecg14880	STC,AF
ecg14881	AF
ecg14882	TWC,AF,TWO
ecg14883	AF
ecg14884	AF
ecg14885	TWC,AF
ecg14886	STDD,AF,STC,TWO
ecg14887	AF,LVQRSAL
ecg14888	STC,RWC,AF,LVH
ecg14889	TWC,AF
ecg14890	TWC,AF
ecg14891	TWC,AF,LVQRSAL
ecg14892	STC,AF,LVH
ecg14893	STC,AF,LVH
ecg14894	STC,AF,LVH
ecg14895	STC,AF,LVH,STDD
ecg14896	STC,AF,LVH
ecg14897	STC,AF,LVH
ecg14898	STC,AF,LVH
ecg14899	STC,AF,LVH
ecg14900	STC,AF,LVH
ecg14901	AF
ecg14902	TWC,AF
ecg14903	STC,AF
ecg14904	AF,LVH
ecg14905	STDD,AF,STC
ecg14906	AF
ecg14907	STC,AF,LVH
ecg14908	STC,AF,LVH
ecg14909	AF
ecg14910	AF
ecg14911	AF
ecg14912	AF
ecg14913	AF
ecg14914	TWC,AF
ecg14915	STDD,AF,STC,TWO
ecg14916	AQW,AF,TWC,TWO
ecg14917	AF
ecg14918	AF
ecg14919	AF
ecg14920	STC,AF
ecg14921	TWC,AF
ecg14922	TWC,AF
ecg14923	TWC,AF
ecg14924	AF
ecg14925	AF
ecg14926	AF
ecg14927	AF
ecg14928	TWC,AF,LVH,UW
ecg14929	TWC,AF
ecg14930	AF,RWC
ecg14931	AF
ecg14932	TWC,AF,LVH
ecg14933	TWC,AF,TWO
ecg14934	AF
ecg14935	AF,LVH
ecg14936	STC,AF
ecg14937	TWO,AF
ecg14938	AQW,AF,STC
ecg14939	STC,AF
ecg14940	TWC,AF,STC
ecg14941	AF
ecg14942	AQW,AF,TWC,LVQRSAL
ecg14943	AQW,AF,LVQRSAL,STC
ecg14944	STDD,AF,TWO
ecg14945	STDD,AF,TWO
ecg14946	STC,AF,UW
ecg14947	TWC,AF,LVH
ecg14948	AF
ecg14949	AF
ecg14950	AF
ecg14951	AF
ecg14952	TWC,AF
ecg14953	STC,AF
ecg14954	AF
ecg14955	AF
ecg14956	AF
ecg14957	AF
ecg14958	AF
ecg14959	AF
ecg14960	STC,AF
ecg14961	STC,AF,RWC
ecg14962	AF
ecg14963	STC,AF
ecg14964	AF
ecg14965	AF,LVH
ecg14966	TWC,AF
ecg14967	STC,AF
ecg14968	STC,AF,LVH
ecg14969	AF
ecg14970	AF
ecg14971	TWC,AF
ecg14972	TWO,AF
ecg14973	AF
ecg14974	TWC,AF,STDD,LVH
ecg14975	TWC,AF,TWO
ecg14976	STDD,AF,STC,TWO
ecg14977	STDD,AF,STC,TWO
ecg14978	AF
ecg14979	STC,AF
ecg14980	STC,AF
ecg14981	STC,AF
ecg14982	TWC,AF,RWC
ecg14983	AF,LVH
ecg14984	UW,AF
ecg14985	AF
ecg14986	STC,AF
ecg14987	AF
ecg14988	AF,LVH
ecg14989	TWC,AF
ecg14990	TWC,AF
ecg14991	AF
ecg14992	TWC,AF
ecg14993	STC,AF
ecg14994	STC,AF
ecg14995	AQW,STTU,LVH,TWO,STDD,AF,STC
ecg14996	AQW,AF,LVH,STC
ecg14997	STC,RWC,AF,LVQRSAL
ecg14998	AF,LVQRSAL
ecg14999	AF,LVQRSAL
ecg15000	AF
ecg15001	AF
ecg15002	AF
ecg15003	TWC,AF
ecg15004	STC,AF,LVH
ecg15005	STDD,AF,STC,TWO
ecg15006	TWC,AF
ecg15007	STC,AF
ecg15008	STC,AF,LVH
ecg15009	STC,AF
ecg15010	AF
ecg15011	STC,AF,LVH
ecg15012	AF,LVH
ecg15013	AF,LVH
ecg15014	STDD,AF,TWO
ecg15015	STC,AF,UW,RWC
ecg15016	AF
ecg15017	STC,AF,LVH
ecg15018	AF
ecg15019	AF
ecg15020	AF
ecg15021	STC,AF
ecg15022	AF,LVH
ecg15023	AF
ecg15024	AF
ecg15025	AF
ecg15026	TWC,AF
ecg15027	TWC,AF,LVH
ecg15028	STDD,AF,STC,TWO
ecg15029	TWC,AF,LVH,TWO
ecg15030	AF
ecg15031	AF
ecg15032	STC,AF
ecg15033	AF
ecg15034	STC,AF
ecg15035	TWC,AF
ecg15036	STC,AF
ecg15037	AF
ecg15038	AF
ecg15039	STDD,AF,STC,TWO
ecg15040	AF
ecg15041	AF
ecg15042	AF
ecg15043	AF,LVH
ecg15044	TWC,AF,LVH,STC
ecg15045	STC,AF,LVH
ecg15046	AF,LVH
ecg15047	AF
ecg15048	AF
ecg15049	TWC,AF
ecg15050	AF
ecg15051	AF
ecg15052	AF
ecg15053	AF
ecg15054	TWC,AF
ecg15055	AQW,AF
ecg15056	AQW,AF,TWC,LVQRSAL
ecg15057	STDD,TWO,AF,LVH,STC
ecg15058	AF
ecg15059	TWC,AF,STC
ecg15060	AF
ecg15061	TWC,AF
ecg15062	STC,AF
ecg15063	AF,LVH
ecg15064	TWC,AF,LVH
ecg15065	AF,LVH
ecg15066	AF
ecg15067	TWC,AF,UW
ecg15068	AF
ecg15069	TWC,AF
ecg15070	AF
ecg15071	AF,LVH
ecg15072	TWO,AF
ecg15073	AF
ecg15074	AF
ecg15075	AF,RWC
ecg15076	AF,LVQRSAL
ecg15077	AF
ecg15078	STC,AF,LVH
ecg15079	TWC,AF
ecg15080	AF
ecg15081	AF,LVQRSAL
ecg15082	AF,LVQRSAL
ecg15083	STC,AF,LVH
ecg15084	AF
ecg15085	TWC,AF
ecg15086	AF
ecg15087	TWC,AF,LVH
ecg15088	STC,AF,LVH
ecg15089	AF,LVH
ecg15090	TWC,AF,RWC,LVH
ecg15091	AF
ecg15092	AF,LVH
ecg15093	STC,AF,LVH
ecg15094	STC,AF
ecg15095	AF
ecg15096	AF,LVH
ecg15097	STC,AF,UW,LVH
ecg15098	STDD,TWO,AF,LVH,STC
ecg15099	AF
ecg15100	STC,AF
ecg15101	TWC,AF,TWO
ecg15102	AF
ecg15103	STDD,AF,TWO
ecg15104	TWC,AF,TWO
ecg15105	AF
ecg15106	AF
ecg15107	AF
ecg15108	TWC,AF,LVH
ecg15109	STDD,AF,LVH,TWO
ecg15110	AF
ecg15111	STDD,LVH,TWO,AF,STC
ecg15112	AF
ecg15113	STC,AF
ecg15114	AF
ecg15115	STC,AF,UW,LVH
ecg15116	TWC,AF,LVH
ecg15117	STC,AF
ecg15118	AF
ecg15119	AF
ecg15120	AF
ecg15121	AF
ecg15122	STC,AF
ecg15123	TWC,AF
ecg15124	TWC,AF,LVH
ecg15125	TWC,AF,LVH,TWO
ecg15126	TWC,AF,LVQRSAL
ecg15127	AF
ecg15128	TWC,AF
ecg15129	STC,AF
ecg15130	TWC,AF
ecg15131	STC,AF
ecg15132	STC,AF
ecg15133	STC,AF
ecg15134	AF
ecg15135	AF
ecg15136	STC,AF
ecg15137	AF
ecg15138	AF
ecg15139	AF
ecg15140	STC,AF
ecg15141	AF
ecg15142	AF
ecg15143	AF
ecg15144	TWC,AF,LVQRSAL,STC
ecg15145	UW,AF,LVH
ecg15146	AF
ecg15147	AF
ecg15148	STC,AF
ecg15149	STC,AF,LVH
ecg15150	STC,AF
ecg15151	STC,AF
ecg15152	STC,AF,LVH
ecg15153	STC,AF,LVH
ecg15154	STC,AF,LVH
ecg15155	TWC,AF,STC
ecg15156	STC,AF
ecg15157	AF,LVH
ecg15158	AF
ecg15159	AF
ecg15160	TWC,AF,LVH,STC
ecg15161	STC,AF
ecg15162	STC,AF,LVH
ecg15163	STC,AF
ecg15164	TWC,AF
ecg15165	AF
ecg15166	AF
ecg15167	AF
ecg15168	AF
ecg15169	AF
ecg15170	STC,AF
ecg15171	STC,AF,LVH
ecg15172	AF
ecg15173	AF
ecg15174	AF
ecg15175	STC,AF
ecg15176	AF,LVH
ecg15177	AF
ecg15178	STC,AF
ecg15179	STC,AF
ecg15180	STC,AF
ecg15181	STC,AF
ecg15182	AF,LVH
ecg15183	AF
ecg15184	STC,AF
ecg15185	AF
ecg15186	AF,LVH
ecg15187	TWC,AF
ecg15188	AF
ecg15189	AF
ecg15190	AF
ecg15191	STDD,LVH,TWC,AF,STC
ecg15192	AF
ecg15193	STC,AF,LVH
ecg15194	STC,AF,LVH
ecg15195	TWC,AF
ecg15196	AF
ecg15197	AF
ecg15198	TWC,AF
ecg15199	STC,AF
ecg15200	AF
ecg15201	STC,AF,LVH
ecg15202	MI,MI_LAT,TWC,AF,LVH,STC
ecg15203	TWC,AF,LVH
ecg15204	AF
ecg15205	TWC,AF
ecg15206	AF,LVH
ecg15207	TWC,AF,LVH
ecg15208	AF
ecg15209	AF
ecg15210	AF
ecg15211	AF
ecg15212	AF
ecg15213	STC,AF,LVH
ecg15214	AF,LVH
ecg15215	STC,AF,LVH
ecg15216	TWC,AF
ecg15217	AF
ecg15218	STC,AF
ecg15219	UW,AF
ecg15220	AF,LVH
ecg15221	TWC,AF
ecg15222	TWC,AF
ecg15223	STC,AF
ecg15224	STC,AF,LVH
ecg15225	AF
ecg15226	AF
ecg15227	STC,AF,LVH
ecg15228	AF
ecg15229	AF
ecg15230	STTU,AF,STC
ecg15231	STC,AF
ecg15232	TWC,AF
ecg15233	AF
ecg15234	AF
ecg15235	STC,AF,LVH
ecg15236	AF
ecg15237	AF
ecg15238	STC,AF,LVH
ecg15239	STTU,AF,STC
ecg15240	AF,RWC,LVQRSAL
ecg15241	STC,AF,LVH
ecg15242	STC,AF
ecg15243	AF
ecg15244	AF
ecg15245	STDD,LVH,TWO,AF,STC
ecg15246	AF
ecg15247	STC,AF
ecg15248	STDD,TWO,AF,LVH,STC
ecg15249	STC,AF
ecg15250	TWC,AF
ecg15251	AF
ecg15252	TWC,AF,LVH,TWO
ecg15253	STC,AF
ecg15254	TWC,AF,TWO
ecg15255	STDD,LVH,TWO,AF,STC
ecg15256	TWO,LVH,STDD,AF,STC
ecg15257	TWC,AF
ecg15258	STC,AF
ecg15259	AF,LVH
ecg15260	STC,AF,LVH
ecg15261	STDD,AF,STC
ecg15262	AF
ecg15263	TWC,AF
ecg15264	AF
ecg15265	AF
ecg15266	TWC,AF
ecg15267	STC,AF,LVH
ecg15268	AF
ecg15269	AF,LVH
ecg15270	AF,LVH
ecg15271	STDD,TWO,AF,LVH,STC
ecg15272	AF
ecg15273	STC,AF
ecg15274	STDD,LVH,TWO,AF,STC
ecg15275	AF,LVH
ecg15276	TWC,AF,LVH
ecg15277	TWC,AF,LVH
ecg15278	AF,LVH
ecg15279	STDD,AF,STC,TWO
ecg15280	AF,RWC
ecg15281	TWC,AF
ecg15282	TWC,AF
ecg15283	AF
ecg15284	AF,LVH
ecg15285	AF
ecg15286	AF,LVH
ecg15287	AF
ecg15288	STDD,TWO,AF,LVH,STC
ecg15289	STC,AF
ecg15290	TWC,AF
ecg15291	TWO,LVH,RWC,TWC,AF
ecg15292	AF,LVH
ecg15293	AF
ecg15294	AF
ecg15295	AF
ecg15296	AF
ecg15297	AF
ecg15298	TWC,AF
ecg15299	STC,AF,LVH
ecg15300	TWC,AF,LVH
ecg15301	STC,AF,LVH
ecg15302	AF,LVH
ecg15303	TWC,AF
ecg15304	AF
ecg15305	AF
ecg15306	TWC,AF
ecg15307	AF
ecg15308	AF
ecg15309	AF
ecg15310	AF
ecg15311	TWC,AF
ecg15312	AF,LVH
ecg15313	AF
ecg15314	TWC,AF
ecg15315	AF
ecg15316	AF
ecg15317	AQW,AF
ecg15318	AF,LVH
ecg15319	TWC,AF
ecg15320	AF,LVQRSAL
ecg15321	AF
ecg15322	TWC,AF
ecg15323	STC,AF
ecg15324	AF
ecg15325	TWC,AF
ecg15326	AQW,AF,LVQRSAL
ecg15327	TWC,AF
ecg15328	AQW,AF,TWC,TWO
ecg15329	TWC,AF
ecg15330	AQW,STDD,TWO,AF,STC
ecg15331	AF
ecg15332	AF
ecg15333	AF
ecg15334	AF
ecg15335	AF
ecg15336	AF
ecg15337	AF
ecg15338	AF
ecg15339	AF
ecg15340	AF
ecg15341	AF
ecg15342	STC,AF,UW
ecg15343	AF,LVH
ecg15344	STDD,LVH,TWO,AF,STC
ecg15345	AF,LVH
ecg15346	TWC,AF,TWO
ecg15347	AF
ecg15348	TWC,AF,STDD,STC
ecg15349	STDD,AF,STC,TWO
ecg15350	STDD,LVH,TWO,AF,STC
ecg15351	AF
ecg15352	AF
ecg15353	AF
ecg15354	AF
ecg15355	TWO,LVH,RWC,TWC,AF
ecg15356	AF
ecg15357	TWC,AF,LVH,TWO
ecg15358	TWC,AF
ecg15359	AF
ecg15360	AF,LVH
ecg15361	AF
ecg15362	STC,AF,LVH
ecg15363	AQW,AF,TWC,TWO
ecg15364	AQW,AF,TWC,TWO
ecg15365	TWC,AF
ecg15366	AF
ecg15367	STC,AF
ecg15368	STC,AF
ecg15369	STDD,TWO,AF,LVH,STC
ecg15370	STC,AF
ecg15371	AF
ecg15372	AF
ecg15373	AF
ecg15374	AF
ecg15375	AF,LVH
ecg15376	AF
ecg15377	AF,LVH
ecg15378	AF
ecg15379	AF
ecg15380	STC,AF
ecg15381	TWC,AF,TWO
ecg15382	STDD,AF,STC,TWO
ecg15383	STC,AF,LVH
ecg15384	AF
ecg15385	AF
ecg15386	AF
ecg15387	TWC,AF
ecg15388	STDD,AF,STC,TWO
ecg15389	AF
ecg15390	AF
ecg15391	TWC,AF,TWO
ecg15392	AF
ecg15393	AF
ecg15394	STC,AF
ecg15395	TWC,AF
ecg15396	AF
ecg15397	AF,LVH
ecg15398	TWC,AF
ecg15399	STC,AF,LVQRSAL
ecg15400	AF,LVQRSAL
ecg15401	TWC,AF
ecg15402	AF
ecg15403	AF
ecg15404	AF
ecg15405	STC,AF
ecg15406	AF
ecg15407	AF
ecg15408	STDD,LVH,TWO,AF,STC
ecg15409	STC,AF
ecg15410	STC,AF,UW,LVH
ecg15411	TWC,AF,LVH
ecg15412	STDD,TWO,AF,LVH,STC
ecg15413	AF,LVH
ecg15414	TWC,AF
ecg15415	TWC,AF,LVH
ecg15416	TWC,AF,LVH
ecg15417	STDD,LVH,TWO,AF,STC
ecg15418	AF
ecg15419	AF,LVH
ecg15420	AF
ecg15421	AF
ecg15422	TWC,AF,LVH
ecg15423	STC,AF,LVH
ecg15424	STC,AF,LVH
ecg15425	AF
ecg15426	STC,AF,LVH
ecg15427	AF,LVH
ecg15428	STC,AF,LVH
ecg15429	TWC,AF,LVH
ecg15430	AF
ecg15431	TWC,AF,TWO
ecg15432	STC,AF,LVH
ecg15433	TWC,AF
ecg15434	AF
ecg15435	AF
ecg15436	TWC,AF
ecg15437	TWC,AF,LVH
ecg15438	TWC,AF
ecg15439	STC,AF
ecg15440	STC,AF
ecg15441	AF
ecg15442	STC,AF
ecg15443	STC,AF
ecg15444	TWC,AF
ecg15445	AF
ecg15446	TWC,AF
ecg15447	AQW,AF
ecg15448	AF,LVH
ecg15449	AF
ecg15450	AF
ecg15451	AF
ecg15452	AF,LVH
ecg15453	TWC,AF
ecg15454	AF
ecg15455	STC,AF
ecg15456	TWC,AF
ecg15457	STC,AF
ecg15458	AF
ecg15459	STDD,AF,STC,TWO
ecg15460	AQW,AF,LVH,STC
ecg15461	AF
ecg15462	AF
ecg15463	AQW,AF
ecg15464	AF
ecg15465	STC,AF
ecg15466	AQW,AF,TWC
ecg15467	STC,AF
ecg15468	STC,AF
ecg15469	AF
ecg15470	AF
ecg15471	AF
ecg15472	AF
ecg15473	AF
ecg15474	AF
ecg15475	TWC,AF
ecg15476	AF
ecg15477	AF
ecg15478	TWC,AF
ecg15479	TWC,AF
ecg15480	TWC,AF
ecg15481	AF
ecg15482	STC,AF,RWC
ecg15483	AF
ecg15484	TWC,AF,RWC
ecg15485	AF
ecg15486	AF
ecg15487	AF
ecg15488	AF
ecg15489	AF
ecg15490	AF
ecg15491	AF
ecg15492	AF
ecg15493	AF
ecg15494	AF
ecg15495	AF
ecg15496	AF
ecg15497	STC,AF,LVH
ecg15498	AF,LVH
ecg15499	TWC,AF
ecg15500	STC,AF
ecg15501	TWC,AF
ecg15502	STC,AF
ecg15503	TWC,AF
ecg15504	AF
ecg15505	AF
ecg15506	STDD,AF,LVH,TWO
ecg15507	TWO,AF
ecg15508	AF
ecg15509	AF
ecg15510	AF
ecg15511	AF
ecg15512	TWC,AF,LVH
ecg15513	AF
ecg15514	STC,AF,LVH,STDD
ecg15515	AF
ecg15516	AF
ecg15517	AF
ecg15518	STC,AF,LVH
ecg15519	STC,AF
ecg15520	AF
ecg15521	TWC,AF
ecg15522	AF
ecg15523	STC,AF
ecg15524	AF
ecg15525	AF
ecg15526	AF,LVQRSAL
ecg15527	AF
ecg15528	TWC,AF,TWO
ecg15529	AF
ecg15530	STDD,TWO,AF,LVH,STC
ecg15531	AF,RWC
ecg15532	AF
ecg15533	AF
ecg15534	AF
ecg15535	AF,LVH
ecg15536	TWC,AF,RWC
ecg15537	AF
ecg15538	STDD,LVH,TWO,AF,STC
ecg15539	AF
ecg15540	AF
ecg15541	TWC,AF,LVH,TWO
ecg15542	STC,AF,LVH
ecg15543	TWC,AF,LVH
ecg15544	STC,AF
ecg15545	STC,AF
ecg15546	STDD,AF,LVH,TWO
ecg15547	AF
ecg15548	AF,RWC,LVQRSAL
ecg15549	AF,RWC
ecg15550	AF,RWC
ecg15551	AF
ecg15552	AQW,STDD,TWO,AF,STC
ecg15553	STC,AF
ecg15554	STDD,TWO,TWC,AF,LVH,STC
ecg15555	AF,LVQRSAL
ecg15556	STC,AF
ecg15557	AQW,STDD,TWO,AF,LVH
ecg15558	AQW,AF,STDD,TWO
ecg15559	TWC,AF,TWO
ecg15560	STDD,AF,TWO
ecg15561	AF
ecg15562	STC,AF
ecg15563	TWC,AF,LVH,TWO
ecg15564	AF
ecg15565	AF,LVH
ecg15566	STDD,TWO,AF,LVH,STC
ecg15567	STC,AF,LVH
ecg15568	TWC,AF
ecg15569	STC,AF
ecg15570	STDD,AF,STC,TWO
ecg15571	AF
ecg15572	AF,LVH
ecg15573	AF
ecg15574	TWC,AF
ecg15575	AQW,STDD,TWO,AF,STC
ecg15576	AF,LVH
ecg15577	AF
ecg15578	TWC,AF
ecg15579	TWC,AF,TWO
ecg15580	TWC,AF
ecg15581	AF
ecg15582	AF
ecg15583	STC,AF
ecg15584	AF,LVH
ecg15585	TWC,AF
ecg15586	TWC,AF,LVH
ecg15587	TWC,AF
ecg15588	TWC,AF,QTIE
ecg15589	STDD,AF,STC,TWO
ecg15590	STC,AF,LVH
ecg15591	STC,AF
ecg15592	TWC,AF
ecg15593	TWC,AF
ecg15594	TWC,AF,TWO
ecg15595	TWC,AF
ecg15596	TWC,AF,LVH
ecg15597	TWC,AF
ecg15598	STDD,TWO,AF,LVH,STC
ecg15599	STDD,TWO,AF,LVH,STC
ecg15600	STC,AF,LVH,TWO
ecg15601	AF
ecg15602	AF
ecg15603	TWO,AF
ecg15604	AF
ecg15605	STC,AF
ecg15606	STDD,AF,TWO
ecg15607	AQW,AF,LVH
ecg15608	TWC,AF
ecg15609	TWC,AF
ecg15610	TWC,AF
ecg15611	AF
ecg15612	STC,AF
ecg15613	STC,AF,LVH
ecg15614	AF
ecg15615	AF
ecg15616	AF
ecg15617	TWC,AF
ecg15618	AF
ecg15619	STDD,LVH,TWO,AF,STC
ecg15620	STC,AF
ecg15621	STC,AF,LVH
ecg15622	AF,LVH
ecg15623	STC,AF
ecg15624	AF
ecg15625	AF
ecg15626	AF,LVH
ecg15627	TWC,AF
ecg15628	TWC,AF
ecg15629	TWC,AF,LVH
ecg15630	STDD,LVH,TWO,AF,STC
ecg15631	STC,AF,LVH
ecg15632	TWC,AF,RWC,TWO
ecg15633	AF,RWC
ecg15634	TWC,AF,TWO
ecg15635	AF,LVQRSAL
ecg15636	STC,AF,LVH
ecg15637	STC,AF
ecg15638	AQW,AF
ecg15639	STDD,AF,STC
ecg15640	STC,AF,LVH
ecg15641	TWO,AF
ecg15642	STC,AF,LVH
ecg15643	AF,LVH
ecg15644	AF,LVH
ecg15645	STC,AF,LVH
ecg15646	STDD,LVH,TWC,AF,STC
ecg15647	AF
ecg15648	AF
ecg15649	AF,LVH
ecg15650	AF
ecg15651	AF,LVH
ecg15652	TWC,AF,STDD
ecg15653	AF
ecg15654	STC,AF,LVH
ecg15655	STC,AF,LVH
ecg15656	AF,LVH
ecg15657	STDD,LVH,TWO,AF,STC
ecg15658	STDD,LVH,TWO,AF,STC
ecg15659	STC,AF,LVH
ecg15660	AF
ecg15661	TWO,AF,LVH
ecg15662	STDD,AF,STC,TWO
ecg15663	STDD,AF,TWO
ecg15664	AF
ecg15665	AF
ecg15666	AF
ecg15667	STC,AF
ecg15668	AF
ecg15669	AF
ecg15670	AF
ecg15671	AF
ecg15672	STC,AF,LVH
ecg15673	STC,AF,LVH
ecg15674	AF
ecg15675	STC,AF
ecg15676	TWC,AF,LVH
ecg15677	AF,LVH
ecg15678	STC,AF
ecg15679	STC,AF
ecg15680	STC,AF
ecg15681	AF,LVH
ecg15682	TWC,AF
ecg15683	AF
ecg15684	STC,AF
ecg15685	AF
ecg15686	STC,AF
ecg15687	AF
ecg15688	AF
ecg15689	AF
ecg15690	AF
ecg15691	STC,AF
ecg15692	AF
ecg15693	STC,AF
ecg15694	STC,AF
ecg15695	STC,AF
ecg15696	STDD,AF,STC
ecg15697	TWC,AF,LVH,TWO
ecg15698	AF
ecg15699	AF
ecg15700	AF
ecg15701	TWC,AF,STDD,STC
ecg15702	AF
ecg15703	TWC,AF,TWO
ecg15704	AF
ecg15705	TWC,AF
ecg15706	STDD,LVH,TWO,AF,STC
ecg15707	STC,AF
ecg15708	STC,AF
ecg15709	STDD,AF,LVH,TWO
ecg15710	STDD,TWO,AF,LVH,STC
ecg15711	STC,AF,LVH
ecg15712	STC,AF,LVH
ecg15713	STC,AF
ecg15714	STC,AF
ecg15715	AF
ecg15716	TWC,AF
ecg15717	STC,AF
ecg15718	AF,LVH
ecg15719	STC,AF
ecg15720	STC,AF,LVH
ecg15721	AF,LVH
ecg15722	AF,LVH
ecg15723	AF
ecg15724	TWC,AF,LVH
ecg15725	AF,RWC,LVH
ecg15726	AF
ecg15727	STC,AF
ecg15728	AF
ecg15729	AF
ecg15730	AF
ecg15731	TWC,AF,LVH
ecg15732	AF
ecg15733	TWC,AF,TWO
ecg15734	AF,LVH
ecg15735	STC,AF
ecg15736	STC,RVH,AF
ecg15737	AF
ecg15738	STDD,LVH,TWO,AF,STC
ecg15739	TWC,AF,LVH
ecg15740	STC,AF,LVH
ecg15741	STDD,LVH,TWO,AF,STC
ecg15742	TWC,AF,TWO
ecg15743	TWC,AF
ecg15744	AF
ecg15745	TWC,AF,LVQRSAL
ecg15746	AF
ecg15747	AF
ecg15748	AF,RWC
ecg15749	AF
ecg15750	STC,AF
ecg15751	AF
ecg15752	AF
ecg15753	AF
ecg15754	AF
ecg15755	STC,AF,LVH
ecg15756	AF
ecg15757	AF
ecg15758	AF
ecg15759	AF
ecg15760	TWC,AF,TWO
ecg15761	TWC,AF,LVH
ecg15762	STC,AF
ecg15763	TWC,AF,STDD,LVH
ecg15764	AF,LVH
ecg15765	AF,LVH
ecg15766	TWC,AF
ecg15767	AF
ecg15768	AF
ecg15769	AF
ecg15770	AF
ecg15771	STC,AF
ecg15772	TWC,AF
ecg15773	AF
ecg15774	AF
ecg15775	AF
ecg15776	STC,RWC,AF,LVQRSAL
ecg15777	TWC,AF,LVH
ecg15778	TWC,AF,LVH,TWO
ecg15779	TWC,AF,LVH,TWO
ecg15780	STC,AF,LVH
ecg15781	STC,AF,LVH
ecg15782	AF,LVH
ecg15783	AF,RWC,LVH
ecg15784	AF,LVH
ecg15785	AF
ecg15786	AF
ecg15787	TWC,AF
ecg15788	AF
ecg15789	TWC,AF
ecg15790	TWC,IDC,AF
ecg15791	AF
ecg15792	AF
ecg15793	AF
ecg15794	AF
ecg15795	TWC,AF,LVQRSAL
ecg15796	TWC,AF,LVH,TWO
ecg15797	STDD,TWO,AF,LVH,STC
ecg15798	STC,AF
ecg15799	AF,LVH
ecg15800	AF,LVH
ecg15801	STC,AF
ecg15802	AF,LVH
ecg15803	TWC,AF,LVH
ecg15804	TWC,AF,RWC
ecg15805	TWC,AF,LVH
ecg15806	STC,AF,LVH
ecg15807	STC,AF,LVH
ecg15808	AF
ecg15809	TWC,AF,LVH
ecg15810	TWC,AF,LVH
ecg15811	TWC,AF,LVH,TWO
ecg15812	AF,LVQRSAL
ecg15813	AF
ecg15814	AF,LVH
ecg15815	AF,LVH
ecg15816	AF
ecg15817	TWC,AF
ecg15818	AF,LVH
ecg15819	STC,AF,LVH
ecg15820	AF
ecg15821	AF
ecg15822	STC,AF
ecg15823	AF
ecg15824	AF
ecg15825	AF,LVH
ecg15826	AF
ecg15827	AF,LVQRSAL
ecg15828	AF,LVH
ecg15829	STC,AF,LVH
ecg15830	STC,AF,LVH
ecg15831	TWC,AF
ecg15832	STDD,TWO,AF,LVH,STC
ecg15833	STDD,TWO,AF,LVH,STC
ecg15834	STDD,AF,STC,TWO
ecg15835	TWC,AF,LVH
ecg15836	AF,RWC
ecg15837	AF,LVH
ecg15838	AF
ecg15839	AF
ecg15840	TWC,AF,LVH,TWO
ecg15841	TWC,AF,LVH
ecg15842	STC,AF
ecg15843	AF
ecg15844	STC,AF,RWC,LVH
ecg15845	TWO,AF,LVH
ecg15846	AF
ecg15847	STC,AF,LVH
ecg15848	STC,AF,LVH
ecg15849	AF
ecg15850	TWC,AF,LVH,TWO
ecg15851	TWC,AF,LVH,TWO
ecg15852	TWC,AF,LVQRSAL
ecg15853	AF
ecg15854	AF
ecg15855	AF
ecg15856	AF
ecg15857	AF
ecg15858	STC,AF,LVH
ecg15859	TWC,AF,LVH,TWO
ecg15860	STDD,LVH,TWO,TWC,AF,STC
ecg15861	TWC,AF
ecg15862	STC,AF,LVH
ecg15863	AF,LVH
ecg15864	AF,LVH
ecg15865	AF
ecg15866	AF,LVH
ecg15867	TWC,AF,LVH
ecg15868	AF
ecg15869	AF
ecg15870	STDD,LVH,TWO,AF,STC
ecg15871	AF
ecg15872	TWC,AF
ecg15873	TWC,AF,LVH
ecg15874	STC,AF,LVH
ecg15875	STC,AF,LVH
ecg15876	STC,AF,LVH
ecg15877	TWC,AF
ecg15878	STC,AF,LVH
ecg15879	AF
ecg15880	AF,LVH
ecg15881	AF
ecg15882	AF
ecg15883	AF
ecg15884	AF
ecg15885	AF
ecg15886	AF
ecg15887	STC,AF,LVH
ecg15888	STC,AF
ecg15889	AF
ecg15890	STC,AF
ecg15891	STDD,LVH,TWO,AF,STC
ecg15892	TWC,AF
ecg15893	TWC,AF
ecg15894	STC,AF,TWO
ecg15895	AF
ecg15896	AF
ecg15897	AF,LVH
ecg15898	AF
ecg15899	AF
ecg15900	STDD,AF,STC
ecg15901	TWC,AF
ecg15902	STC,AF
ecg15903	STDD,AF,STC,TWO
ecg15904	STDD,LVH,TWO,AF,STC
ecg15905	STC,AF
ecg15906	AF
ecg15907	AF
ecg15908	AF,LVH
ecg15909	AF
ecg15910	STC,AF,LVH
ecg15911	STC,AF
ecg15912	TWO,AF
ecg15913	AF,LVH
ecg15914	AF,LVH
ecg15915	AF,LVH
ecg15916	STC,AF,LVH
ecg15917	AF,LVQRSAL
ecg15918	AF
ecg15919	TWC,AF
ecg15920	STC,AF
ecg15921	STC,AF
ecg15922	AF,LVH
ecg15923	AF,LVH
ecg15924	STC,AF,LVH
ecg15925	AF
ecg15926	AF
ecg15927	AF
ecg15928	AF
ecg15929	AF
ecg15930	AF
ecg15931	AF
ecg15932	TWC,AF,LVH
ecg15933	STC,AF,LVH
ecg15934	STC,AF
ecg15935	STC,AF
ecg15936	STC,AF
ecg15937	STC,AF,LVH
ecg15938	STDD,TWO,AF,LVH,STC
ecg15939	STDD,TWO,AF,LVH,STC
ecg15940	STDD,TWO,AF,LVH,STC
ecg15941	AF
ecg15942	TWC,AF,LVQRSAL,UW
ecg15943	AF
ecg15944	TWO,LVH,STDD,AF,STC
ecg15945	TWC,AF
ecg15946	AF
ecg15947	AF
ecg15948	TWC,AF
ecg15949	AF
ecg15950	TWC,AF
ecg15951	AF
ecg15952	TWC,AF,TWO
ecg15953	AF
ecg15954	AF
ecg15955	AF
ecg15956	AF
ecg15957	TWC,AF,LVH
ecg15958	AF
ecg15959	AF
ecg15960	STDD,TWO,AF,LVH,STC
ecg15961	STC,AF,LVH
ecg15962	STDD,LVH,TWC,AF,STC
ecg15963	STDD,AF,LVH,TWO
ecg15964	AF,LVH
ecg15965	AF,LVH
ecg15966	AF
ecg15967	TWC,AF,STDD,STC
ecg15968	STC,AF,LVH
ecg15969	STDD,AF,STC,TWO
ecg15970	TWC,AF,LVH
ecg15971	TWC,AF,LVH,TWO
ecg15972	STC,AF,LVH
ecg15973	TWC,AF,LVH
ecg15974	STC,AF
ecg15975	STC,AF
ecg15976	STC,AF
ecg15977	STC,AF
ecg15978	TWC,AF
ecg15979	AF
ecg15980	TWC,AF
ecg15981	TWC,AF
ecg15982	STDD,AF,STC,TWO
ecg15983	STC,AF,QTIE
ecg15984	AQW,AF
ecg15985	STC,AF
ecg15986	AF
ecg15987	AF,LVH
ecg15988	AQW,AF
ecg15989	AQW,AF,TWC,TWO
ecg15990	AF
ecg15991	AF
ecg15992	AF
ecg15993	TWC,AF,LVH
ecg15994	TWC,AF,UW
ecg15995	TWC,AF
ecg15996	STC,AF
ecg15997	TWC,AF
ecg15998	AF
ecg15999	AF,RWC,LVH
ecg16000	AF
ecg16001	TWC,AF
ecg16002	AF
ecg16003	STC,AF,UW,QTIE
ecg16004	TWO,AF
ecg16005	TWC,AF,TWO
ecg16006	STC,AF
ecg16007	AF,LVH
ecg16008	AF
ecg16009	STDD,QTIE,TWC,AF,STC
ecg16010	TWC,AF
ecg16011	TWC,AF
ecg16012	AF
ecg16013	AF
ecg16014	AF
ecg16015	AF
ecg16016	AF
ecg16017	AF
ecg16018	STC,AF
ecg16019	STC,AF
ecg16020	AF
ecg16021	AF
ecg16022	AF
ecg16023	AF
ecg16024	AF
ecg16025	AF
ecg16026	STDD,AF,STC,TWO
ecg16027	AF,RWC
ecg16028	AF
ecg16029	TWC,AF
ecg16030	AF
ecg16031	STDD,TWO,AF,LVH,STC
ecg16032	STDD,AF,STC,TWO
ecg16033	STC,AF,LVH
ecg16034	AF
ecg16035	AF
ecg16036	STC,AF,LVH
ecg16037	TWC,AF
ecg16038	AF,LVH
ecg16039	TWC,AF,LVH
ecg16040	AF
ecg16041	STTU,AF
ecg16042	AF
ecg16043	AF
ecg16044	TWC,AF,LVH
ecg16045	AF
ecg16046	TWC,AF
ecg16047	AF
ecg16048	AF
ecg16049	AF
ecg16050	TWC,AF
ecg16051	AF
ecg16052	AF
ecg16053	TWC,AF
ecg16054	AF
ecg16055	AF
ecg16056	AF
ecg16057	AF
ecg16058	AF
ecg16059	TWC,AF,RWC,TWO
ecg16060	AF
ecg16061	STDD,TWO,AF,LVH,STC
ecg16062	AF
ecg16063	AF,LVH
ecg16064	AF
ecg16065	TWC,AF,LVQRSAL
ecg16066	TWC,AF
ecg16067	STC,AF
ecg16068	TWC,AF
ecg16069	AF
ecg16070	AF
ecg16071	AF
ecg16072	AF
ecg16073	STC,AF
ecg16074	STC,AF,LVH
ecg16075	AF
ecg16076	STC,AF
ecg16077	AF
ecg16078	STDD,TWO,AF,LVH,STC
ecg16079	STC,AF,LVH
ecg16080	AF
ecg16081	AF,LVH
ecg16082	STC,AF,LVH
ecg16083	STC,AF,LVH
ecg16084	AF
ecg16085	STC,AF,LVH
ecg16086	TWC,AF,LVH
ecg16087	STC,AF,LVH
ecg16088	STC,AF,LVH
ecg16089	STC,AF
ecg16090	STDD,LVQRSAL,TWO,AF,STC
ecg16091	STC,AF
ecg16092	TWC,AF,LVH
ecg16093	AF,LVH
ecg16094	TWC,AF
ecg16095	AF
ecg16096	STDD,AF,LVH,TWO
ecg16097	AF,LVH
ecg16098	STC,AF,LVH
ecg16099	TWC,AF,LVH
ecg16100	TWO,AF,LVQRSAL
ecg16101	TWC,AF,STDD,STC
ecg16102	AF,LVQRSAL
ecg16103	AF
ecg16104	AF
ecg16105	AF
ecg16106	TWC,AF,TWO
ecg16107	AF,LVH
ecg16108	STDD,TWO,AF,LVH,STC
ecg16109	STC,AF
ecg16110	AF
ecg16111	AF
ecg16112	STC,AF
ecg16113	TWO,LVH,RWC,TWC,AF
ecg16114	AF
ecg16115	AF
ecg16116	STDD,AF,STC,TWO
ecg16117	STC,AF,LVH
ecg16118	TWC,RWC,AF,LVQRSAL
ecg16119	STC,AF
ecg16120	STC,AF,LVH
ecg16121	STDD,LVQRSAL,RWC,TWC,AF,STC
ecg16122	TWC,AF
ecg16123	AF
ecg16124	AF
ecg16125	TWC,AF
ecg16126	AF
ecg16127	AF,LVH
ecg16128	AF,LVH
ecg16129	TWC,AF,LVH
ecg16130	TWC,AF
ecg16131	TWC,AF
ecg16132	AF
ecg16133	AF
ecg16134	AF
ecg16135	TWC,AF
ecg16136	STC,AF,LVH,LVQRSAL
ecg16137	AF,LVH
ecg16138	STC,AF,LVH
ecg16139	TWC,AF
ecg16140	STC,AF,LVH
ecg16141	TWC,AF
ecg16142	TWC,AF
ecg16143	STTU,RWC,STC,AF,TWC
ecg16144	STC,AF,LVH
ecg16145	TWC,AF,LVH,STDD
ecg16146	AF
ecg16147	AF
ecg16148	AF
ecg16149	STC,AF
ecg16150	AF
ecg16151	TWO,LVQRSAL,RWC,TWC,AF
ecg16152	AF
ecg16153	TWC,AF,LVH,TWO
ecg16154	AF,LVH
ecg16155	STC,AF,LVH
ecg16156	AF
ecg16157	TWC,AF,LVH
ecg16158	AF
ecg16159	TWC,AF
ecg16160	TWC,AF,TWO
ecg16161	AQW,AF,RWC
ecg16162	TWC,AF
ecg16163	AF
ecg16164	AF
ecg16165	STC,AF
ecg16166	STDD,AF,STC
ecg16167	AF
ecg16168	STC,AF
ecg16169	STC,AF
ecg16170	AF
ecg16171	STC,AF
ecg16172	AF,LVH
ecg16173	TWC,AF,LVH
ecg16174	TWC,AF,TWO
ecg16175	AF
ecg16176	AF
ecg16177	STC,AF
ecg16178	AF,RWC,LVH
ecg16179	AF,RWC,LVH
ecg16180	AF,LVH
ecg16181	AF
ecg16182	STDD,LVH,TWO,AF,STC
ecg16183	AF
ecg16184	STC,AF,LVH
ecg16185	STDD,LVH,TWO,AF,STC
ecg16186	STDD,LVH,IDC,AF,STC
ecg16187	AF
ecg16188	STC,AF
ecg16189	STDD,AF,STC,TWO
ecg16190	STDD,LVH,TWO,AF,STC
ecg16191	AF
ecg16192	AF
ecg16193	AF
ecg16194	TWC,AF,LVH
ecg16195	STC,AF
ecg16196	AF
ecg16197	STC,AF,LVH
ecg16198	AF
ecg16199	AF
ecg16200	AF
ecg16201	AF
ecg16202	AF
ecg16203	AF,LVH
ecg16204	STC,AF,LVH
ecg16205	TWC,AF,RWC,TWO
ecg16206	STC,AF
ecg16207	STDD,AF,TWO
ecg16208	TWC,AF
ecg16209	TWC,AF,TWO
ecg16210	TWC,AF
ecg16211	TWC,AF
ecg16212	AF
ecg16213	TWC,AF
ecg16214	AF
ecg16215	TWC,AF,TWO
ecg16216	AF,LVH
ecg16217	AF,LVH
ecg16218	AF,LVH
ecg16219	AF,LVH
ecg16220	STC,AF,LVH
ecg16221	STDD,TWO,AF,LVH,STC
ecg16222	AF,LVH
ecg16223	AF
ecg16224	AF
ecg16225	AF
ecg16226	AF
ecg16227	STDD,AF,LVH,TWO
ecg16228	TWO,UW,LVH,TWC,AF
ecg16229	TWC,AF,LVH,UW
ecg16230	STDD,AF,TWO
ecg16231	AQW,AF
ecg16232	STC,AF
ecg16233	AF
ecg16234	TWC,AF,STDD,STC
ecg16235	STDD,AF,STC,TWO
ecg16236	AF
ecg16237	UW,AF,LVH
ecg16238	STC,AF
ecg16239	TWC,AF
ecg16240	AF
ecg16241	TWC,AF,LVH
ecg16242	AF,LVH
ecg16243	AF
ecg16244	STC,AF
ecg16245	AQW,AF
ecg16246	STC,AF
ecg16247	AF
ecg16248	AF
ecg16249	STC,AF,LVH
ecg16250	STC,AF
ecg16251	AF,LVH
ecg16252	STDD,AF
ecg16253	TWC,AF,LVH
ecg16254	AF,RWC,LVH
ecg16255	STC,AF,LVH
ecg16256	TWC,AF,TWO
ecg16257	STC,AF,LVH,STDD
ecg16258	STDD,LVH,TWO,AF,STC
ecg16259	AF
ecg16260	TWC,AF
ecg16261	AF,LVH
ecg16262	AQW,STDD,TWO,AF,LVH,STC
ecg16263	STDD,LVH,TWO,RWC,AF
ecg16264	AQW,LVH,STDD,TWO,AF,STC
ecg16265	AQW,AF,TWC,LVQRSAL
ecg16266	STC,AF,RWC,LVH
ecg16267	STC,AF
ecg16268	AF
ecg16269	AF
ecg16270	AF,LVH
ecg16271	TWO,AF
ecg16272	STDD,TWO,AF,LVH,STC
ecg16273	IDC,AF
ecg16274	STC,AF,LVH
ecg16275	STC,AF
ecg16276	TWO,AF
ecg16277	STC,AF
ecg16278	TWO,AF,RWC
ecg16279	TWC,AF
ecg16280	AF
ecg16281	AF
ecg16282	AF
ecg16283	STDD,AF,STC,TWO
ecg16284	STTU,AF,LVH,TWO
ecg16285	QTIE,AF
ecg16286	AF
ecg16287	TWC,AF
ecg16288	AF
ecg16289	STC,AF
ecg16290	STC,AF
ecg16291	AF,LVH
ecg16292	TWC,AF,LVH
ecg16293	TWC,AF
ecg16294	TWO,AF
ecg16295	AF
ecg16296	AF
ecg16297	AF,LVH
ecg16298	STC,AF
ecg16299	STC,AF,LVH
ecg16300	STDD,AF,STC,TWO
ecg16301	AF
ecg16302	AF
ecg16303	AF
ecg16304	AF
ecg16305	STC,AF,LVH
ecg16306	AF,LVH
ecg16307	AF
ecg16308	TWC,AF
ecg16309	STDD,AF,LVH,TWO
ecg16310	STC,AF
ecg16311	TWC,AF
ecg16312	TWC,AF,TWO
ecg16313	STC,AF
ecg16314	TWO,AF
ecg16315	AF,LVH
ecg16316	TWO,LVQRSAL,RWC,TWC,AF
ecg16317	TWC,AF,STDD,STC
ecg16318	STDD,LVH,TWO,AF,STC
ecg16319	TWC,AF
ecg16320	STDD,AF,TWO
ecg16321	AQW,AF,LVH,TWO
ecg16322	STC,AF,LVH
ecg16323	TWC,AF,LVH
ecg16324	TWO,LVH,RWC,TWC,AF
ecg16325	STC,AF
ecg16326	AF
ecg16327	AF
ecg16328	UW,AF
ecg16329	AF
ecg16330	STC,AF
ecg16331	TWC,AF,TWO
ecg16332	STC,AF
ecg16333	AF
ecg16334	STDD,TWO,AF,LVH,STC
ecg16335	AF
ecg16336	STC,AF
ecg16337	STC,AF
ecg16338	AF
ecg16339	STC,AF
ecg16340	AF
ecg16341	AF
ecg16342	AF
ecg16343	STC,AF,LVH
ecg16344	AF,LVH
ecg16345	STC,AF,TWO
ecg16346	STDD,AF,STC,TWO
ecg16347	STDD,AF,STC,TWO
ecg16348	TWC,AF
ecg16349	STC,AF
ecg16350	STC,AF
ecg16351	STC,AF
ecg16352	STDD,AF,STC,TWO
ecg16353	STC,AF
ecg16354	STC,AF
ecg16355	STC,AF,LVH
ecg16356	STC,AF,LVH,STDD
ecg16357	AF
ecg16358	STC,AF
ecg16359	STTU,AF
ecg16360	STC,AF
ecg16361	TWC,AF
ecg16362	AF
ecg16363	STC,AF
ecg16364	AQW,AF
ecg16365	TWC,AF,LVH
ecg16366	TWC,AF,LVH
ecg16367	AF
ecg16368	STDD,TWO,AF,LVH,STC
ecg16369	AF
ecg16370	TWC,AF,LVQRSAL
ecg16371	TWC,AF,LVH,TWO
ecg16372	AF
ecg16373	AF
ecg16374	STC,AF
ecg16375	STDD,AF,STC,TWO
ecg16376	TWC,AF
ecg16377	TWC,AF
ecg16378	AF
ecg16379	STC,AF,RWC
ecg16380	TWC,AF
ecg16381	TWO,LVH,STDD,AF,STC
ecg16382	STC,AF,LVH
ecg16383	AF
ecg16384	AQW,STDD,TWO,AF,LVH,STC
ecg16385	AF
ecg16386	STC,AF,LVH
ecg16387	STDD,AF,LVH,TWO
ecg16388	STDD,AF,LVH,TWO
ecg16389	STC,AF,LVH
ecg16390	STDD,LVH,TWO,AF,STC
ecg16391	STDD,AF,TWO
ecg16392	STC,AF
ecg16393	AF,LVH
ecg16394	AF
ecg16395	TWC,AF
ecg16396	AF
ecg16397	AF
ecg16398	AF
ecg16399	AF
ecg16400	TWC,AF
ecg16401	STC,AF
ecg16402	AF
ecg16403	AF
ecg16404	AF
ecg16405	TWC,AF,TWO
ecg16406	AF
ecg16407	TWC,AF
ecg16408	TWC,AF
ecg16409	AF
ecg16410	TWC,AF,LVH,TWO
ecg16411	AF,LVH
ecg16412	STC,AF
ecg16413	STDD,TWO,AF,LVH,STC
ecg16414	AF
ecg16415	AF
ecg16416	AF
ecg16417	TWC,AF
ecg16418	STC,AF
ecg16419	AF,LVH
ecg16420	AQW,STDD,TWO,AF,LVH,STC
ecg16421	STC,AF,LVH
ecg16422	STC,AF
ecg16423	TWC,AF
ecg16424	TWC,AF
ecg16425	TWC,AF,STDD
ecg16426	AF
ecg16427	AQW,AF,LVH
ecg16428	AQW,AF,LVH
ecg16429	STC,AF,LVH
ecg16430	TWC,AF
ecg16431	STC,AF,LVH
ecg16432	STC,AF,LVH
ecg16433	STC,AF,LVH
ecg16434	STC,AF,LVH
ecg16435	STC,AF,LVH
ecg16436	AF
ecg16437	AF
ecg16438	STDD,AF,STC,TWO
ecg16439	STDD,AF,STC,TWO
ecg16440	STDD,AF,STC,TWO
ecg16441	STC,AF,LVH
ecg16442	AF
ecg16443	TWC,AF
ecg16444	STC,AF,LVH
ecg16445	STC,AF,LVH
ecg16446	AQW,AF,TWC,LVH
ecg16447	TWC,AF,LVH
ecg16448	TWO,AF
ecg16449	AF
ecg16450	STC,AF
ecg16451	AF
ecg16452	AF,RWC,LVQRSAL
ecg16453	STDD,AF,TWO
ecg16454	STC,AF,UW,LVH
ecg16455	STC,AF
ecg16456	TWC,AF
ecg16457	AF
ecg16458	STC,AF
ecg16459	AF
ecg16460	AF
ecg16461	STC,AF,LVH
ecg16462	AF,LVH
ecg16463	TWC,AF
ecg16464	STDD,AF,STC,TWO
ecg16465	AF,LVH
ecg16466	TWC,AF
ecg16467	AF,LVH
ecg16468	STC,AF
ecg16469	STC,AF
ecg16470	AF
ecg16471	STDD,TWO,AF,LVH,STC
ecg16472	AF
ecg16473	AF
ecg16474	AF
ecg16475	AF
ecg16476	TWC,AF
ecg16477	AF
ecg16478	AF
ecg16479	TWC,AF
ecg16480	STC,AF
ecg16481	TWC,AF,LVH
ecg16482	STTU,AF,LVQRSAL,STDD
ecg16483	STC,AF
ecg16484	STC,AF,LVH
ecg16485	AF,LVH
ecg16486	TWC,AF,LVH
ecg16487	AF,LVH
ecg16488	TWC,AF
ecg16489	TWC,AF
ecg16490	AF,LVH
ecg16491	TWC,AF
ecg16492	TWC,AF
ecg16493	TWC,AF,LVH,TWO
ecg16494	AF,LVH
ecg16495	AF,LVH
ecg16496	STC,AF
ecg16497	AQW,AF,TWC,TWO
ecg16498	AQW,AF,LVQRSAL
ecg16499	TWC,AF
ecg16500	TWC,AF
ecg16501	STC,AF
ecg16502	STDD,AF,STC,TWO
ecg16503	AF
ecg16504	TWO,AF
ecg16505	AF
ecg16506	AF
ecg16507	TWC,AF
ecg16508	AF
ecg16509	AF
ecg16510	AF
ecg16511	STC,AF,LVH
ecg16512	STDD,LVQRSAL,TWO,AF,STC
ecg16513	TWC,AF,LVH
ecg16514	AF,RWC
ecg16515	STDD,LVH,TWO,AF,STC
ecg16516	TWC,AF
ecg16517	AF
ecg16518	STDD,AF,TWO
ecg16519	STDD,AF,STC
ecg16520	AF
ecg16521	AF
ecg16522	AF
ecg16523	AF
ecg16524	STDD,TWO,AF,LVH,STC
ecg16525	AF
ecg16526	AF
ecg16527	STDD,AF,STC,TWO
ecg16528	STC,AF,LVH
ecg16529	AF
ecg16530	STDD,AF,STC
ecg16531	AF,RWC
ecg16532	AQW,STTU,AF,STC
ecg16533	STC,AF
ecg16534	AF
ecg16535	AF,LVH
ecg16536	AF,RWC
ecg16537	AF
ecg16538	TWC,AF,LVH
ecg16539	STC,AF
ecg16540	TWC,AF
ecg16541	STC,AF,LVH
ecg16542	STC,AF,LVH
ecg16543	TWC,AF
ecg16544	AF
ecg16545	AF
ecg16546	STC,AF
ecg16547	AF,LVH
ecg16548	AF,LVH
ecg16549	STC,AF,RWC,LVH
ecg16550	STDD,AF,STC,TWO
ecg16551	AF,LVH
ecg16552	AF,LVH
ecg16553	STDD,LVH,TWO,AF,STC
ecg16554	STC,AF
ecg16555	STC,AF
ecg16556	AF
ecg16557	AF
ecg16558	AF
ecg16559	TWC,AF,TWO
ecg16560	TWC,AF,TWO
ecg16561	AF
ecg16562	TWC,AF,LVH,TWO
ecg16563	AF
ecg16564	TWC,AF,LVH
ecg16565	AF
ecg16566	AQW,AF,TWC
ecg16567	AF
ecg16568	AF,LVH
ecg16569	STDD,AF,STC,TWO
ecg16570	TWC,AF
ecg16571	TWO,AF
ecg16572	AF
ecg16573	STC,AF
ecg16574	AF,LVH
ecg16575	TWO,AF
ecg16576	AF
ecg16577	TWC,AF,STDD
ecg16578	TWC,AF,TWO
ecg16579	STC,AF,LVH
ecg16580	TWC,AF
ecg16581	AQW,AF,LVH,STC
ecg16582	AF
ecg16583	AF
ecg16584	STC,AF
ecg16585	STC,AF,LVH
ecg16586	AF,LVH
ecg16587	AF
ecg16588	AF
ecg16589	TWO,AF
ecg16590	TWC,AF,TWO
ecg16591	TWC,AF
ecg16592	AF
ecg16593	AF
ecg16594	AF
ecg16595	AF
ecg16596	AF
ecg16597	AF
ecg16598	STC,AF
ecg16599	TWC,AF,LVH
ecg16600	AQW,AF
ecg16601	STC,AF
ecg16602	AF
ecg16603	STC,AF
ecg16604	STC,AF
ecg16605	AF
ecg16606	TWC,AF,TWO
ecg16607	STC,AF,LVH
ecg16608	TWC,AF,TWO
ecg16609	AF,LVH
ecg16610	TWC,AF,STDD,STC
ecg16611	AF,RWC
ecg16612	AF
ecg16613	STC,AF,LVH
ecg16614	TWC,AF,TWO,QTIE
ecg16615	AF
ecg16616	AF,LVH
ecg16617	AF
ecg16618	AF
ecg16619	AF
ecg16620	STDD,AF,TWO
ecg16621	STC,AF,LVH
ecg16622	STDD,AF,STC,TWO
ecg16623	AF
ecg16624	AF,RWC
ecg16625	STC,AF
ecg16626	STC,AF
ecg16627	AF
ecg16628	AF
ecg16629	STDD,AF,STC,TWO
ecg16630	AF,LVH
ecg16631	AF,LVH
ecg16632	AF,LVH
ecg16633	STDD,TWO,AF,LVH,STC
ecg16634	STDD,AF,LVH,TWO
ecg16635	STC,LVH,AF,TWC
ecg16636	AF,LVH
ecg16637	TWC,AF,LVH
ecg16638	TWC,AF,LVH,TWO
ecg16639	STC,AF,LVH,STDD
ecg16640	AF
ecg16641	TWC,AF
ecg16642	AF
ecg16643	AF
ecg16644	AF
ecg16645	AF
ecg16646	TWC,AF,LVH
ecg16647	TWC,AF
ecg16648	STC,AF,LVH
ecg16649	STC,AF
ecg16650	AF
ecg16651	TWC,AF
ecg16652	TWO,LVH,STDD,AF,STC
ecg16653	STDD,AF,STC,TWO
ecg16654	AF
ecg16655	TWC,AF,LVQRSAL
ecg16656	STC,AF,LVH
ecg16657	STDD,LVH,TWC,AF,STC
ecg16658	TWC,AF,TWO
ecg16659	AF,LVH
ecg16660	AF,LVH
ecg16661	STDD,LVH,TWO,AF,STC
ecg16662	TWC,AF,LVH
ecg16663	AF
ecg16664	AF,LVH
ecg16665	AF
ecg16666	AF,LVH
ecg16667	AF
ecg16668	STDD,AF,STC
ecg16669	STC,AF
ecg16670	STDD,AF,STC
ecg16671	TWC,AF,STDD,STC
ecg16672	TWC,AF
ecg16673	AF,RWC
ecg16674	STDD,AF,STC,TWO
ecg16675	AF,LVH
ecg16676	TWC,AF
ecg16677	STC,AF,LVH
ecg16678	STC,AF
ecg16679	STC,AF,LVH
ecg16680	STDD,TWO,AF,LVH,STC
ecg16681	STDD,TWO,AF,LVH,STC
ecg16682	AF
ecg16683	TWC,AF
ecg16684	TWC,AF
ecg16685	TWC,AF,RWC
ecg16686	TWC,AF,TWO
ecg16687	STC,AF,RWC
ecg16688	AF
ecg16689	AF
ecg16690	TWC,AF,TWO
ecg16691	AF
ecg16692	STC,AF
ecg16693	TWC,AF
ecg16694	AF
ecg16695	STC,AF
ecg16696	TWC,AF,LVH
ecg16697	AF,LVH
ecg16698	STC,AF
ecg16699	AF
ecg16700	STDD,TWO,AF,LVH,STC
ecg16701	AF
ecg16702	TWC,AF
ecg16703	AF
ecg16704	AF
ecg16705	TWC,AF,TWO
ecg16706	STC,AF,LVH
ecg16707	TWO,LVH,STDD,AF,STC
ecg16708	STDD,LVQRSAL,TWO,AF,STC
ecg16709	STDD,LVQRSAL,TWO,AF,STC
ecg16710	TWC,AF
ecg16711	STC,AF,LVH
ecg16712	AF
ecg16713	TWC,AF,LVQRSAL
ecg16714	STDD,AF,STC,TWO
ecg16715	TWC,AF,RWC
ecg16716	AF
ecg16717	AF
ecg16718	TWC,AF
ecg16719	AF,LVH
ecg16720	AF
ecg16721	TWC,AF
ecg16722	AQW,AF
ecg16723	AF
ecg16724	AF
ecg16725	TWC,AF
ecg16726	AF
ecg16727	AF
ecg16728	AF
ecg16729	TWC,AF,TWO
ecg16730	AF
ecg16731	STDD,AF,STC
ecg16732	AF,LVH
ecg16733	TWC,AF,RWC
ecg16734	AF
ecg16735	TWC,AF,TWO
ecg16736	STC,AF
ecg16737	STC,AF
ecg16738	TWC,AF
ecg16739	STC,AF
ecg16740	AF
ecg16741	TWC,AF
ecg16742	AF,LVH
ecg16743	AF
ecg16744	STC,AF
ecg16745	AQW,AF,TWC,TWO
ecg16746	AF,LVH
ecg16747	STDD,TWO,RWC,AF,STC
ecg16748	AF
ecg16749	TWC,AF
ecg16750	TWC,AF
ecg16751	AF
ecg16752	TWC,AF,TWO
ecg16753	STC,AF
ecg16754	TWC,AF,QTIE
ecg16755	STC,AF,LVH
ecg16756	AF,LVH
ecg16757	AF
ecg16758	TWC,AF
ecg16759	TWC,AF,TWO,QTIE
ecg16760	AF,LVQRSAL
ecg16761	AF,LVH
ecg16762	TWC,AF,LVH,TWO
ecg16763	STC,AF
ecg16764	TWC,AF
ecg16765	STDD,LVH,TWO,AF,STC
ecg16766	STTU,AF
ecg16767	STTU,AF
ecg16768	AF
ecg16769	TWC,AF,LVH
ecg16770	TWC,AF
ecg16771	STC,AF,LVH,STDD
ecg16772	AF
ecg16773	AF
ecg16774	STDD,AF,STC,TWO
ecg16775	TWC,AF
ecg16776	STC,AF,RWC
ecg16777	TWC,AF
ecg16778	AF
ecg16779	AF,LVH
ecg16780	AF,LVH
ecg16781	TWC,AF,RWC,TWO
ecg16782	AQW,AF,TWC
ecg16783	TWC,AF,LVH
ecg16784	STC,AF,LVH
ecg16785	AF
ecg16786	TWC,AF,TWO
ecg16787	STDD,QTIE,TWO,AF,LVH,STC
ecg16788	STDD,LVH,TWO,AF,STC
ecg16789	AF
ecg16790	AF,LVQRSAL
ecg16791	TWC,AF
ecg16792	AF,LVH
ecg16793	TWC,AF,LVH
ecg16794	TWO,LVH,STDD,AF,STC
ecg16795	STC,AF,RWC
ecg16796	TWC,AF,LVH
ecg16797	AF
ecg16798	AF
ecg16799	AF
ecg16800	TWC,AF,LVH
ecg16801	TWC,AF
ecg16802	AF,LVH
ecg16803	AF
ecg16804	STC,AF,LVH
ecg16805	STC,AF
ecg16806	AF
ecg16807	AF
ecg16808	AF,LVH
ecg16809	STC,AF
ecg16810	STC,AF
ecg16811	AF
ecg16812	TWC,AF,TWO
ecg16813	AF
ecg16814	STC,AF
ecg16815	AF
ecg16816	AF
ecg16817	AF
ecg16818	AF
ecg16819	TWC,AF
ecg16820	AF
ecg16821	AF
ecg16822	AF
ecg16823	TWC,AF
ecg16824	AF
ecg16825	AF
ecg16826	TWC,AF
ecg16827	AF,LVQRSAL
ecg16828	TWC,AF,LVH
ecg16829	AF
ecg16830	AF,LVQRSAL
ecg16831	TWC,AF,LVH
ecg16832	STDD,AF,STC,TWO
ecg16833	AF,LVH
ecg16834	TWC,AF
ecg16835	AF,LVH
ecg16836	TWC,AF
ecg16837	TWC,AF,LVH
ecg16838	AF
ecg16839	AF
ecg16840	TWC,AF
ecg16841	AF
ecg16842	STC,AF,RWC
ecg16843	AF
ecg16844	STC,AF,LVH
ecg16845	TWC,AF,LVH
ecg16846	AF
ecg16847	AF
ecg16848	TWC,AF
ecg16849	AF
ecg16850	TWC,AF,RWC
ecg16851	AF,RWC,LVQRSAL
ecg16852	TWC,AF,LVH,TWO
ecg16853	TWC,AF
ecg16854	AQW,AF,TWC
ecg16855	AF,RWC
ecg16856	STC,AF,LVH
ecg16857	TWC,AF,LVH,TWO
ecg16858	TWC,AF,LVH
ecg16859	STC,AF
ecg16860	AQW,AF,LVQRSAL
ecg16861	AF,LVH
ecg16862	AF
ecg16863	STC,AF
ecg16864	TWC,AF,TWO
ecg16865	AF,LVH
ecg16866	TWC,AF,LVQRSAL
ecg16867	AF
ecg16868	STDD,AF,STC,TWO
ecg16869	AF
ecg16870	TWC,AF
ecg16871	TWC,AF,LVQRSAL,TWO
ecg16872	STDD,LVH,TWO,AF,STC
ecg16873	STC,AF,LVH
ecg16874	TWC,AF
ecg16875	TWC,AF,LVQRSAL
ecg16876	TWC,AF
ecg16877	AF
ecg16878	AF
ecg16879	STC,AF,LVH
ecg16880	AQW,LVH,TWO,TWC,AF
ecg16881	STC,AF,LVH
ecg16882	AF
ecg16883	STC,AF,LVH
ecg16884	AF
ecg16885	AF
ecg16886	TWC,AF,LVH
ecg16887	STDD,TWO,AF,LVH,STC
ecg16888	TWC,AF
ecg16889	AF
ecg16890	TWC,AF
ecg16891	TWC,AF
ecg16892	TWC,AF
ecg16893	TWO,RWC,AF,LVQRSAL
ecg16894	STC,AF
ecg16895	TWC,AF,LVH
ecg16896	TWC,AF,TWO
ecg16897	AF,LVQRSAL
ecg16898	TWC,AF
ecg16899	STC,AF
ecg16900	TWC,AF,TWO
ecg16901	AF
ecg16902	TWC,AF,LVH
ecg16903	STTU,AF,TWO
ecg16904	UW,AF,LVH
ecg16905	STDD,AF,TWO
ecg16906	AF
ecg16907	TWC,AF,STDD,LVH
ecg16908	TWC,AF,LVH
ecg16909	TWC,AF
ecg16910	TWC,AF
ecg16911	AF
ecg16912	AF
ecg16913	AF
ecg16914	TWC,AF
ecg16915	TWC,AF,LVH
ecg16916	STC,AF,LVH
ecg16917	TWC,AF
ecg16918	TWC,AF
ecg16919	TWC,AF
ecg16920	AF,LVH
ecg16921	STDD,AF,STC,TWO
ecg16922	TWC,AF,TWO
ecg16923	STDD,AF,STC,TWO
ecg16924	AF
ecg16925	AF
ecg16926	TWC,AF,TWO
ecg16927	STC,AF
ecg16928	AQW,AF,LVH,STC
ecg16929	TWC,AF,LVQRSAL
ecg16930	AF
ecg16931	TWC,AF
ecg16932	TWC,AF,TWO
ecg16933	AF
ecg16934	STC,AF,LVH
ecg16935	AF
ecg16936	TWC,AF
ecg16937	TWC,AF
ecg16938	TWC,AF
ecg16939	STC,AF
ecg16940	STC,AF,LVH
ecg16941	AF
ecg16942	STDD,AF
ecg16943	TWC,AF,LVH,TWO
ecg16944	AF
ecg16945	TWC,AF,TWO
ecg16946	TWC,AF,LVH
ecg16947	STDD,LVH,TWO,AF,STC
ecg16948	AF,LVH
ecg16949	AF
ecg16950	TWO,RWC,AF,LVQRSAL
ecg16951	AQW,STDD,TWO,AF,LVH,STC
ecg16952	STC,AF
ecg16953	AQW,AF,STC
ecg16954	AF
ecg16955	STC,AF
ecg16956	TWC,AF
ecg16957	TWC,AF,LVQRSAL
ecg16958	TWC,AF,LVH
ecg16959	TWC,AF
ecg16960	AF
ecg16961	TWC,AF
ecg16962	AF,LVH
ecg16963	AF
ecg16964	STC,AF,LVH
ecg16965	AF
ecg16966	AF
ecg16967	AF
ecg16968	AF
ecg16969	AF
ecg16970	AF
ecg16971	TWC,AF
ecg16972	TWC,AF,LVH,STC
ecg16973	TWC,AF,LVQRSAL
ecg16974	AF
ecg16975	AF,RVH
ecg16976	AF
ecg16977	AF,LVH
ecg16978	TWC,AF
ecg16979	TWO,AF
ecg16980	STDD,LVH,TWO,AF,STC
ecg16981	STDD,LVH,TWO,AF,STC
ecg16982	STC,AF
ecg16983	TWC,IDC,AF
ecg16984	TWC,AF,TWO
ecg16985	AF
ecg16986	STC,AF,LVH
ecg16987	AF
ecg16988	TWC,AF,LVH
ecg16989	TWC,AF,LVH,TWO
ecg16990	STC,AF
ecg16991	TWC,AF,LVH,TWO
ecg16992	TWC,AF,TWO
ecg16993	AF
ecg16994	TWC,AF
ecg16995	STDD,AF,TWO
ecg16996	AF
ecg16997	TWC,AF
ecg16998	TWC,AF,TWO
ecg16999	TWC,AF,LVQRSAL
ecg17000	TWC,AF,LVH
ecg17001	STDD,TWO,AF,LVH,STC
ecg17002	STC,AF,LVH
ecg17003	MI,STTU,MI_LAT,TWO,TWC,AF
ecg17004	STC,AF
ecg17005	AF
ecg17006	TWC,AF
ecg17007	AF
ecg17008	AF
ecg17009	STC,AF
ecg17010	AF
ecg17011	TWC,AF,TWO
ecg17012	AF
ecg17013	AF
ecg17014	AF
ecg17015	TWC,AF
ecg17016	TWC,AF,TWO
ecg17017	STC,AF,LVH
ecg17018	TWC,AF,LVQRSAL,QTIE
ecg17019	STC,AF
ecg17020	STC,AF
ecg17021	AF
ecg17022	AF
ecg17023	TWC,AF,TWO
ecg17024	STDD,AF,STC,TWO
ecg17025	STC,AF,LVH
ecg17026	TWC,AF
ecg17027	STC,AF,LVH
ecg17028	STC,AF,RWC,LVH
ecg17029	AF
ecg17030	STC,AF,UW,LVH
ecg17031	STC,AF,RWC
ecg17032	TWC,AF
ecg17033	AF
ecg17034	TWC,AF
ecg17035	TWC,AF
ecg17036	TWO,AF
ecg17037	AF
ecg17038	TWC,AF,LVH,TWO
ecg17039	AF
ecg17040	TWC,AF
ecg17041	STDD,TWO,AF,LVH,STC
ecg17042	AF
ecg17043	STC,AF,LVH
ecg17044	AF
ecg17045	AF
ecg17046	TWC,AF
ecg17047	TWC,AF
ecg17048	STC,AF,RWC,LVH
ecg17049	AF
ecg17050	TWC,AF
ecg17051	STDD,QTIE,LVH,TWO,AF,STC
ecg17052	AF
ecg17053	TWC,AF,LVQRSAL
ecg17054	TWC,AF
ecg17055	AF
ecg17056	AF,LVQRSAL
ecg17057	AF
ecg17058	STC,AF,LVH
ecg17059	TWC,AF,TWO
ecg17060	STDD,TWO,AF,LVH,STC
ecg17061	AF,LVQRSAL
ecg17062	STC,AF,TWO
ecg17063	AF
ecg17064	TWC,AF,LVH
ecg17065	AF
ecg17066	STC,AF
ecg17067	TWC,AF
ecg17068	TWC,AF,LVH,TWO
ecg17069	TWC,AF,STDD,STC
ecg17070	STDD,AF,STC,TWO
ecg17071	AF
ecg17072	STC,AF,LVH
ecg17073	TWC,AF
ecg17074	AF
ecg17075	STC,AF,LVH
ecg17076	STDD,STC,AF,LVH,TWC
ecg17077	AF
ecg17078	TWC,AF
ecg17079	TWC,AF,LVH
ecg17080	TWC,AF
ecg17081	STDD,TWO,AF,LVH,STC
ecg17082	TWO,LVH,STDD,AF,STC
ecg17083	TWC,AF,TWO
ecg17084	TWC,AF,LVH
ecg17085	TWC,AF,LVH,TWO
ecg17086	AF
ecg17087	AF,LVQRSAL
ecg17088	AF
ecg17089	TWC,AF,TWO
ecg17090	AF,LVQRSAL
ecg17091	STC,AF
ecg17092	STC,AF,LVH
ecg17093	TWC,AF
ecg17094	STDD,AF,TWO
ecg17095	AF
ecg17096	STDD,AF,STC,TWO
ecg17097	AF
ecg17098	AF
ecg17099	STDD,AF,STC,TWO
ecg17100	STDD,AF,STC,TWO
ecg17101	STC,AF,UW
ecg17102	AF
ecg17103	AF
ecg17104	TWC,AF
ecg17105	AF,LVH
ecg17106	AF
ecg17107	AF
ecg17108	STC,AF
ecg17109	STC,AF,LVH
ecg17110	AQW,AF,TWC
ecg17111	TWC,AF,TWO
ecg17112	AF
ecg17113	AF
ecg17114	TWC,AF
ecg17115	TWC,AF
ecg17116	AF,LVH
ecg17117	AF
ecg17118	STC,AF,LVH
ecg17119	AF
ecg17120	STDD,TWO,AF,LVH,STC
ecg17121	AF,RWC,LVQRSAL
ecg17122	STDD,TWO,TWC,AF,STC
ecg17123	TWC,AF
ecg17124	TWC,AF,TWO
ecg17125	AF
ecg17126	STDD,AF
ecg17127	AF
ecg17128	AF
ecg17129	AF
ecg17130	AF
ecg17131	TWC,AF
ecg17132	AF
ecg17133	AF
ecg17134	AF
ecg17135	STC,AF,LVH
ecg17136	TWC,AF,LVH
ecg17137	TWC,AF,TWO
ecg17138	AF,LVQRSAL
ecg17139	STC,AF,LVH
ecg17140	TWC,AF
ecg17141	STDD,LVH,TWO,AF,STC
ecg17142	TWC,AF,LVH,TWO
ecg17143	AF
ecg17144	AF,LVQRSAL
ecg17145	STC,AF
ecg17146	AF
ecg17147	STC,AF
ecg17148	STC,AF,LVQRSAL
ecg17149	STC,AF,LVH
ecg17150	AF
ecg17151	AF
ecg17152	AF,LVQRSAL
ecg17153	AF
ecg17154	TWC,AF,LVH
ecg17155	TWC,AF
ecg17156	AF,LVH
ecg17157	STTU,AF,STDD,TWO
ecg17158	STDD,LVH,TWO,AF,STC
ecg17159	TWC,AF,LVH,TWO
ecg17160	STDD,TWO,AF,LVH,STC
ecg17161	AF
ecg17162	AF
ecg17163	TWC,AF
ecg17164	TWC,AF,LVH
ecg17165	STC,AF,LVH
ecg17166	TWC,AF
ecg17167	TWC,AF
ecg17168	TWC,AF
ecg17169	STDD,TWO,AF,LVH,STC
ecg17170	STC,AF
ecg17171	TWC,AF,LVQRSAL
ecg17172	STDD,LVQRSAL,TWO,AF,STC
ecg17173	AF
ecg17174	AF
ecg17175	TWC,AF,LVH,TWO
ecg17176	AF,LVH
ecg17177	TWC,AF
ecg17178	AF
ecg17179	TWC,AF
ecg17180	AF
ecg17181	AQW,LVH,STDD,TWO,RWC,AF,STC
ecg17182	TWC,AF
ecg17183	TWO,AF
ecg17184	AF
ecg17185	AQW,STDD,TWC,AF,LVH
ecg17186	STC,AF
ecg17187	AF
ecg17188	STC,AF
ecg17189	STDD,TWO,RWC,AF,STC
ecg17190	STDD,TWO,RWC,AF,STC
ecg17191	STDD,TWO,AF,LVH,STC
ecg17192	TWC,AF
ecg17193	AF
ecg17194	TWC,AF,TWO
ecg17195	AF,LVH
ecg17196	AQW,AF,LVH
ecg17197	TWC,AF,LVH,TWO
ecg17198	TWC,AF
ecg17199	TWC,AF,RWC
ecg17200	AF
ecg17201	TWC,AF,LVQRSAL,TWO
ecg17202	TWC,AF
ecg17203	AF,LVH
ecg17204	STC,AF
ecg17205	TWO,AF
ecg17206	AQW,STDD,TWO,AF,LVH,STC
ecg17207	AF,LVH
ecg17208	AF
ecg17209	STC,AF,LVH
ecg17210	AF
ecg17211	TWC,AF
ecg17212	STDD,LVH,TWO,AF,STC
ecg17213	AF
ecg17214	AF,RWC
ecg17215	AF
ecg17216	TWC,AF
ecg17217	TWC,AF
ecg17218	STDD,LVH,TWO,AF,STC
ecg17219	STDD,AF,STC,TWO
ecg17220	AF
ecg17221	AF
ecg17222	STDD,TWO,AF,LVH,STC
ecg17223	TWC,AF,LVH
ecg17224	TWC,AF
ecg17225	TWC,AF,LVH,TWO
ecg17226	AF
ecg17227	TWC,AF,LVH
ecg17228	AF
ecg17229	TWC,AF,TWO
ecg17230	AF
ecg17231	TWC,AF
ecg17232	STC,AF
ecg17233	AF
ecg17234	AQW,AF,LVH
ecg17235	AF,LVH
ecg17236	STC,AF,LVH
ecg17237	AF
ecg17238	STC,AF
ecg17239	TWC,AF,LVH
ecg17240	TWC,AF
ecg17241	AF,LVH
ecg17242	TWC,AF,RWC
ecg17243	STC,AF
ecg17244	AF
ecg17245	AF
ecg17246	TWC,AF,TWO
ecg17247	TWC,AF
ecg17248	AF,LVH
ecg17249	STC,AF,LVH
ecg17250	AF
ecg17251	AF
ecg17252	AF
ecg17253	AF,RVH
ecg17254	AF,LVH
ecg17255	AF
ecg17256	TWC,AF,LVH
ecg17257	TWC,AF
ecg17258	STDD,TWC,AF,LVH,STC
ecg17259	AF
ecg17260	TWC,AF
ecg17261	STC,AF
ecg17262	TWC,AF
ecg17263	AF
ecg17264	AF
ecg17265	TWO,AF,LVH
ecg17266	STDD,TWO,AF,LVH,STC
ecg17267	TWC,AF,LVH
ecg17268	STDD,AF,STC,TWO
ecg17269	TWC,AF
ecg17270	TWC,AF
ecg17271	TWC,AF
ecg17272	TWC,AF
ecg17273	AF
ecg17274	TWC,AF
ecg17275	TWC,AF
ecg17276	AF
ecg17277	AF,LVQRSAL
ecg17278	AF
ecg17279	STDD,LVH,TWO,RWC,AF,STC
ecg17280	AF
ecg17281	AF,RVH,RWC
ecg17282	AF
ecg17283	AF
ecg17284	TWC,AF,STDD
ecg17285	TWO,UW,LVH,TWC,AF
ecg17286	TWC,AF,TWO
ecg17287	AF,LVH
ecg17288	STC,AF,LVH
ecg17289	AF
ecg17290	STC,AF
ecg17291	AF
ecg17292	AF
ecg17293	TWC,AF,LVH
ecg17294	STDD,AF,STC,TWO
ecg17295	TWC,AF,TWO
ecg17296	STDD,TWO,AF,LVH,STC
ecg17297	STDD,TWO,AF,LVH,STC
ecg17298	TWC,AF
ecg17299	AF,LVH
ecg17300	AQW,AF
ecg17301	TWC,AF,LVH
ecg17302	AF
ecg17303	TWC,AF,LVQRSAL
ecg17304	TWC,AF,LVH
ecg17305	STDD,AF,STC,TWO
ecg17306	STDD,AF,LVH,STC
ecg17307	STDD,AF,STC,TWO
ecg17308	AF
ecg17309	STC,AF,LVH
ecg17310	STC,AF
ecg17311	AF
ecg17312	AF
ecg17313	AF
ecg17314	TWC,AF
ecg17315	STC,AF
ecg17316	AQW,AF
ecg17317	STC,AF
ecg17318	TWC,AF
ecg17319	TWC,AF,TWO
ecg17320	AQW,STDD,TWO,RWC,AF,STC
ecg17321	TWC,AF
ecg17322	TWC,AF
ecg17323	AF
ecg17324	AF
ecg17325	STC,AF
ecg17326	AF
ecg17327	TWC,AF,TWO
ecg17328	TWC,AF,TWO
ecg17329	TWC,AF
ecg17330	TWC,AF,TWO
ecg17331	STC,AF
ecg17332	TWC,AF
ecg17333	STDD,AF,STC,TWO
ecg17334	AF
ecg17335	AF
ecg17336	STDD,AF,STC,TWO
ecg17337	AF,RWC
ecg17338	AF,RWC
ecg17339	TWC,AF,RWC
ecg17340	STC,AF
ecg17341	AF,RWC
ecg17342	AF
ecg17343	TWC,AF
ecg17344	STC,AF
ecg17345	TWC,AF
ecg17346	AF,LVQRSAL
ecg17347	AQW,AF,TWC,LVH
ecg17348	TWC,AF
ecg17349	STC,AF,LVH
ecg17350	TWC,AF,LVH
ecg17351	AF
ecg17352	AF
ecg17353	TWC,AF,LVH
ecg17354	AF
ecg17355	TWC,AF,LVQRSAL
ecg17356	AF
ecg17357	AQW,STTU,AF,TWC
ecg17358	AQW,STTU,AF,STC
ecg17359	TWC,AF,LVQRSAL
ecg17360	AF
ecg17361	STC,AF
ecg17362	AF
ecg17363	AF
ecg17364	STC,AF
ecg17365	AF
ecg17366	TWC,AF
ecg17367	AF
ecg17368	TWC,AF,LVH
ecg17369	STC,AF
ecg17370	STC,AF,LVH
ecg17371	TWC,AF
ecg17372	TWC,AF,TWO
ecg17373	AF
ecg17374	AF
ecg17375	TWC,AF,LVH
ecg17376	TWC,AF
ecg17377	AF
ecg17378	TWO,AF
ecg17379	AF,LVH
ecg17380	AF
ecg17381	AF
ecg17382	TWC,AF
ecg17383	AQW,AF,LVH,TWO
ecg17384	AF,LVH
ecg17385	AQW,AF
ecg17386	AF,LVH
ecg17387	AF,LVH
ecg17388	AF,LVH
ecg17389	AF,RWC
ecg17390	TWC,AF
ecg17391	AQW,AF
ecg17392	STC,AF,LVH
ecg17393	AF,RWC
ecg17394	TWC,AF,RWC,LVH
ecg17395	AF
ecg17396	AQW,STTU,AF,TWC
ecg17397	STDD,AF,LVQRSAL
ecg17398	AF
ecg17399	TWC,AF
ecg17400	AF
ecg17401	AF
ecg17402	AF
ecg17403	AF
ecg17404	TWC,AF,LVH
ecg17405	TWC,AF,LVH
ecg17406	STC,AF,LVH
ecg17407	STC,AF,LVH
ecg17408	TWC,AF,TWO
ecg17409	AF
ecg17410	STC,AF,LVH
ecg17411	TWC,AF,LVH
ecg17412	AF
ecg17413	AF,LVH
ecg17414	TWC,AF
ecg17415	TWC,AF,LVH
ecg17416	STDD,AF,STC,TWO
ecg17417	AF,LVH
ecg17418	TWC,AF
ecg17419	TWC,AF,TWO
ecg17420	AF
ecg17421	TWC,AF
ecg17422	AF
ecg17423	STDD,AF,STC,TWO
ecg17424	TWC,AF
ecg17425	TWC,AF
ecg17426	TWC,AF,LVH
ecg17427	AF
ecg17428	AF
ecg17429	AF
ecg17430	AF,LVH
ecg17431	TWC,AF,LVH,TWO
ecg17432	TWC,AF
ecg17433	STC,AF,LVH
ecg17434	AF
ecg17435	AF
ecg17436	AQW,AF
ecg17437	TWC,AF
ecg17438	AQW,STTU,AF,STC
ecg17439	STC,AF
ecg17440	TWC,AF,TWO
ecg17441	AF
ecg17442	AF
ecg17443	AF
ecg17444	TWC,AF,LVH,TWO
ecg17445	TWC,AF,TWO
ecg17446	STC,AF
ecg17447	STDD,TWO,AF,LVH,STC
ecg17448	STC,AF,RWC
ecg17449	STC,AF,LVH
ecg17450	STC,AF
ecg17451	STC,AF
ecg17452	STC,AF,LVH
ecg17453	AF
ecg17454	AF
ecg17455	STDD,AF,STC,TWO
ecg17456	AF
ecg17457	AF
ecg17458	AF
ecg17459	AF
ecg17460	AQW,TWO,RWC,TWC,AF
ecg17461	TWC,AF,RWC
ecg17462	AF,LVQRSAL
ecg17463	STC,AF
ecg17464	TWC,AF,TWO
ecg17465	AF
ecg17466	TWC,AF,LVH
ecg17467	TWC,AF
ecg17468	AF
ecg17469	TWC,AF,LVH
ecg17470	AF
ecg17471	TWC,AF,LVH,TWO
ecg17472	AF
ecg17473	AF
ecg17474	AF,LVH
ecg17475	AF
ecg17476	STC,AF
ecg17477	STC,AF
ecg17478	STC,AF
ecg17479	AF
ecg17480	AF
ecg17481	STC,AF,LVH
ecg17482	AF,RWC,LVQRSAL
ecg17483	AF
ecg17484	AF
ecg17485	AF
ecg17486	AF
ecg17487	TWC,AF,LVH
ecg17488	AQW,AF,LVH
ecg17489	TWC,AF
ecg17490	AF
ecg17491	TWC,AF,LVH
ecg17492	AF,LVH
ecg17493	AF
ecg17494	AF
ecg17495	TWC,AF
ecg17496	AF
ecg17497	STC,AF
ecg17498	TWC,AF
ecg17499	AF
ecg17500	AF
ecg17501	AF,LVH
ecg17502	AF
ecg17503	TWC,AF
ecg17504	AF
ecg17505	AF,RWC
ecg17506	STC,AF
ecg17507	AQW,AF
ecg17508	AF
ecg17509	AF
ecg17510	AF
ecg17511	TWC,AF
ecg17512	AF
ecg17513	AF
ecg17514	TWC,AF,RWC,LVH
ecg17515	AF
ecg17516	TWC,AF,TWO
ecg17517	AQW,AF,LVH
ecg17518	TWC,AF
ecg17519	TWC,AF
ecg17520	AF,LVH
ecg17521	AQW,AF,TWC,RWC
ecg17522	TWC,AF,TWO
ecg17523	TWC,AF,TWO
ecg17524	TWC,AF,LVH
ecg17525	TWC,AF
ecg17526	TWO,AF
ecg17527	AF
ecg17528	STC,AF
ecg17529	STC,AF
ecg17530	AF
ecg17531	TWC,RWC,AF,LVQRSAL
ecg17532	TWC,AF,TWO
ecg17533	STC,AF
ecg17534	AF
ecg17535	AF
ecg17536	STC,AF
ecg17537	TWC,AF
ecg17538	AF
ecg17539	STDD,AF,STC,TWO
ecg17540	TWC,AF
ecg17541	AF,LVH
ecg17542	STC,AF
ecg17543	AF
ecg17544	AF
ecg17545	AF
ecg17546	AF
ecg17547	AF
ecg17548	AF,LVH
ecg17549	TWC,AF
ecg17550	TWC,AF
ecg17551	AF,LVQRSAL
ecg17552	AF
ecg17553	AF
ecg17554	AF
ecg17555	AF
ecg17556	AF,LVH
ecg17557	STC,AF,LVH
ecg17558	TWC,AF,LVQRSAL
ecg17559	AF,LVQRSAL
ecg17560	STC,AF
ecg17561	STC,AF
ecg17562	STC,AF
ecg17563	AQW,AF,LVH,STC
ecg17564	AF
ecg17565	STTU,AF
ecg17566	AF
ecg17567	TWO,AF,LVH
ecg17568	STC,AF,LVH
ecg17569	TWC,AF,LVH
ecg17570	AF
ecg17571	AF,RWC
ecg17572	STTU,STDD,LVH,TWO,AF
ecg17573	STTU,LVH,STDD,TWO,AF,STC
ecg17574	TWC,AF
ecg17575	AF,LVH
ecg17576	AF
ecg17577	AF
ecg17578	STC,AF
ecg17579	AF
ecg17580	AF,LVH
ecg17581	AF
ecg17582	TWC,AF
ecg17583	STC,AF
ecg17584	STDD,AF,STC,TWO
ecg17585	TWC,AF,LVH
ecg17586	STDD,LVH,TWO,AF,STC
ecg17587	TWC,AF,STDD
ecg17588	AQW,AF,LVH
ecg17589	TWC,AF
ecg17590	TWC,AF
ecg17591	STC,AF,LVH
ecg17592	AF
ecg17593	AF,LVH
ecg17594	TWC,AF,LVH
ecg17595	STC,AF,RWC
ecg17596	AF
ecg17597	STDD,TWO,AF,LVH,STC
ecg17598	AF
ecg17599	STDD,LVH,TWO,AF,STC
ecg17600	STC,AF
ecg17601	TWC,AF,TWO
ecg17602	AF
ecg17603	AF
ecg17604	AF,LVQRSAL
ecg17605	STC,AF,LVH,STDD
ecg17606	AF
ecg17607	AQW,STTU,AF,TWC
ecg17608	AQW,AF,TWO
ecg17609	STC,AF
ecg17610	AF
ecg17611	AF
ecg17612	AF
ecg17613	STC,AF,LVH
ecg17614	STDD,AF,STC,TWO
ecg17615	TWC,AF
ecg17616	AF
ecg17617	STDD,LVH,TWO,AF,STC
ecg17618	AF
ecg17619	AQW,AF,TWC,TWO
ecg17620	STC,AF,LVH
ecg17621	AF
ecg17622	AF
ecg17623	AF
ecg17624	AQW,AF,TWC
ecg17625	TWC,AF,LVH
ecg17626	AF
ecg17627	AF
ecg17628	AF,LVH
ecg17629	TWC,AF
ecg17630	AQW,AF,STC
ecg17631	STDD,LVH,TWO,AF,STC
ecg17632	TWC,AF,TWO
ecg17633	AF,LVH
ecg17634	AF
ecg17635	TWC,AF,TWO
ecg17636	STC,AF,LVH
ecg17637	TWC,AF,LVH
ecg17638	AF
ecg17639	TWC,AF,LVH,TWO
ecg17640	AF
ecg17641	AQW,STTU,TWO,TWC,AF,LVH
ecg17642	AQW,LVH,TWO,TWC,AF
ecg17643	AF,LVQRSAL
ecg17644	TWC,AF,LVH
ecg17645	AF
ecg17646	AQW,AF,TWC,TWO
ecg17647	STDD,LVH,TWO,AF,STC
ecg17648	STC,AF,LVH
ecg17649	AF
ecg17650	AF
ecg17651	TWC,AF
ecg17652	AQW,AF,TWC
ecg17653	AF
ecg17654	STC,AF,LVH
ecg17655	TWC,AF
ecg17656	AF
ecg17657	TWC,AF,TWO
ecg17658	STC,AF
ecg17659	TWC,AF
ecg17660	STC,AF
ecg17661	STDD,LVH,TWO,AF,STC
ecg17662	TWC,AF
ecg17663	AF,LVQRSAL
ecg17664	TWC,AF,LVH
ecg17665	AF
ecg17666	TWC,AF,LVH,UW
ecg17667	AF,LVH
ecg17668	AF,LVQRSAL
ecg17669	AF
ecg17670	TWC,AF,TWO
ecg17671	TWC,AF,LVH
ecg17672	AF
ecg17673	STC,AF
ecg17674	AF
ecg17675	TWC,AF
ecg17676	STC,AF,LVH
ecg17677	STC,AF
ecg17678	TWC,AF
ecg17679	STC,AF
ecg17680	TWC,AF
ecg17681	STC,AF,LVH
ecg17682	AF
ecg17683	AF,LVH
ecg17684	AQW,AF
ecg17685	TWO,AF
ecg17686	AF
ecg17687	AF
ecg17688	TWO,AF
ecg17689	AF
ecg17690	AF
ecg17691	AF
ecg17692	AF
ecg17693	AF
ecg17694	AF
ecg17695	AF,LVQRSAL
ecg17696	STC,AF
ecg17697	STC,AF
ecg17698	STC,AF,LVH
ecg17699	AQW,AF
ecg17700	AF
ecg17701	STC,AF,LVH
ecg17702	TWC,AF,LVH
ecg17703	AF,LVH
ecg17704	AF
ecg17705	TWC,AF
ecg17706	TWC,AF,LVH,TWO
ecg17707	AQW,AF,TWC,TWO
ecg17708	TWC,AF,LVH
ecg17709	TWC,AF
ecg17710	AF
ecg17711	TWC,AF
ecg17712	TWC,AF,TWO
ecg17713	TWC,AF,TWO
ecg17714	STC,AF
ecg17715	AF,LVH
ecg17716	TWC,AF,RWC
ecg17717	TWC,AF,TWO
ecg17718	TWC,AF,LVH,TWO
ecg17719	STDD,QTIE,TWO,AF,STC
ecg17720	TWC,AF,TWO
ecg17721	AF
ecg17722	STC,AF,LVH
ecg17723	AQW,AF,TWC,TWO
ecg17724	STTU,LVH,STDD,TWC,AF,STC
ecg17725	AF
ecg17726	AF
ecg17727	TWC,AF
ecg17728	TWC,AF,TWO
ecg17729	AF
ecg17730	AF
ecg17731	TWC,AF,LVQRSAL
ecg17732	TWC,AF
ecg17733	AF,LVH
ecg17734	AF,LVH
ecg17735	AF
ecg17736	AF
ecg17737	AF,RWC
ecg17738	AF
ecg17739	STC,AF
ecg17740	TWC,AF
ecg17741	AF
ecg17742	STC,AF,LVH
ecg17743	AF
ecg17744	AF
ecg17745	STDD,TWO,AF,LVH,STC
ecg17746	STTU,AF,TWC,TWO
ecg17747	AQW,AF,TWC,TWO
ecg17748	AF
ecg17749	AF
ecg17750	TWO,LVH,RWC,TWC,AF
ecg17751	STC,AF,LVH
ecg17752	TWC,AF
ecg17753	AF
ecg17754	STC,AF,LVQRSAL
ecg17755	STC,AF,LVQRSAL
ecg17756	STDD,LVH,TWO,AF,STC
ecg17757	AF,RWC
ecg17758	AF,RWC
ecg17759	AF
ecg17760	AF
ecg17761	TWC,AF,LVH,TWO
ecg17762	STC,AF
ecg17763	STC,AF,RWC,LVH
ecg17764	TWC,AF
ecg17765	TWC,AF
ecg17766	TWC,AF
ecg17767	TWC,AF
ecg17768	STC,AF
ecg17769	AF
ecg17770	AF
ecg17771	AF
ecg17772	AF
ecg17773	STC,AF,LVH
ecg17774	AF
ecg17775	TWO,AF,LVQRSAL
ecg17776	TWC,AF
ecg17777	AF
ecg17778	AF
ecg17779	AF
ecg17780	AF
ecg17781	AF
ecg17782	AF,LVH
ecg17783	TWC,AF,RWC
ecg17784	TWC,AF,TWO
ecg17785	STC,AF,UW
ecg17786	AQW,STDD,TWO,AF,STC
ecg17787	AF,LVH
ecg17788	STC,AF,LVH
ecg17789	AF
ecg17790	AF
ecg17791	STTU,AF,TWC,TWO
ecg17792	STTU,AF,TWO
ecg17793	TWC,AF
ecg17794	AF,LVH
ecg17795	TWC,AF
ecg17796	AF
ecg17797	TWC,AF
ecg17798	AF
ecg17799	AF
ecg17800	STTU,AF,LVH
ecg17801	AF
ecg17802	TWC,AF,LVH,TWO
ecg17803	STC,AF,LVH
ecg17804	AF
ecg17805	STDD,TWO,RWC,AF,LVH
ecg17806	AF
ecg17807	TWO,AF
ecg17808	TWC,AF,LVH,TWO
ecg17809	AF
ecg17810	AF,LVH
ecg17811	TWC,AF
ecg17812	AF
ecg17813	AF
ecg17814	AF
ecg17815	AF,RWC
ecg17816	TWO,AF,LVQRSAL
ecg17817	AQW,AF
ecg17818	AF
ecg17819	STC,AF,LVH
ecg17820	STC,AF,LVH
ecg17821	AF
ecg17822	AF
ecg17823	STC,AF
ecg17824	TWC,AF
ecg17825	AF
ecg17826	TWC,AF
ecg17827	TWC,AF
ecg17828	AF
ecg17829	AF
ecg17830	TWC,AF
ecg17831	STDD,AF,STC,TWO
ecg17832	AF
ecg17833	AF
ecg17834	TWC,AF,TWO
ecg17835	AF,LVQRSAL
ecg17836	AF
ecg17837	TWC,AF
ecg17838	TWC,AF,LVH
ecg17839	AF
ecg17840	STDD,LVH,TWO,AF,STC
ecg17841	TWC,AF,LVH,TWO
ecg17842	AF
ecg17843	TWC,AF
ecg17844	AF
ecg17845	AF
ecg17846	TWC,AF
ecg17847	AF
ecg17848	STTU,AF
ecg17849	STTU,AF
ecg17850	TWC,AF
ecg17851	AF,LVH
ecg17852	STC,AF
ecg17853	AQW,AF
ecg17854	AF,LVQRSAL
ecg17855	AF,LVH
ecg17856	AF,LVH
ecg17857	AF,LVH
ecg17858	AF
ecg17859	AF,RWC,LVQRSAL
ecg17860	TWC,AF
ecg17861	AF
ecg17862	STDD,AF,STC,TWO
ecg17863	STDD,LVH,TWO,AF,STC
ecg17864	AF
ecg17865	STDD,AF,STC,TWO
ecg17866	TWC,AF
ecg17867	AF
ecg17868	AF
ecg17869	TWC,AF
ecg17870	STC,AF,LVH
ecg17871	AF
ecg17872	AF
ecg17873	AF,LVH
ecg17874	STDD,AF,STC,TWO
ecg17875	TWC,AF
ecg17876	TWC,AF,TWO
ecg17877	AF
ecg17878	TWC,AF
ecg17879	TWC,AF
ecg17880	AF
ecg17881	TWC,AF,LVH,TWO
ecg17882	STC,AF,LVH
ecg17883	TWC,AF,LVH,TWO
ecg17884	AF,LVQRSAL
ecg17885	AF,RWC,LVH
ecg17886	AQW,AF,TWC
ecg17887	AF
ecg17888	TWC,AF,RWC
ecg17889	AF
ecg17890	AQW,AF,TWC,TWO
ecg17891	AF
ecg17892	TWC,IDC,AF
ecg17893	TWC,AF
ecg17894	AF,LVH
ecg17895	AF
ecg17896	AF
ecg17897	TWC,AF,LVH,TWO
ecg17898	TWC,AF,LVH
ecg17899	TWC,AF
ecg17900	AF
ecg17901	STC,AF
ecg17902	AF
ecg17903	STC,AF,LVH
ecg17904	AF
ecg17905	AF
ecg17906	AF
ecg17907	TWC,AF,LVH
ecg17908	AF
ecg17909	AF
ecg17910	TWC,AF
ecg17911	TWC,AF
ecg17912	AF
ecg17913	AF
ecg17914	TWC,AF
ecg17915	AF
ecg17916	AF
ecg17917	AF,LVH
ecg17918	TWO,AF,RWC
ecg17919	AF
ecg17920	TWC,AF
ecg17921	TWO,AF,LVH
ecg17922	TWO,AF
ecg17923	TWC,AF
ecg17924	AF
ecg17925	AF
ecg17926	TWC,AF
ecg17927	AF
ecg17928	AF,RWC
ecg17929	AF,LVH
ecg17930	STC,AF
ecg17931	TWC,AF
ecg17932	TWC,AF
ecg17933	STC,AF
ecg17934	TWC,AF
ecg17935	TWC,AF
ecg17936	STC,AF,LVH
ecg17937	AQW,AF,TWC,TWO
ecg17938	AQW,STTU,TWO,TWC,AF
ecg17939	AF,LVH
ecg17940	AF
ecg17941	TWC,AF
ecg17942	AF
ecg17943	AF
ecg17944	AQW,QTIE,LVQRSAL,TWO,TWC,AF
ecg17945	TWC,AF,RWC,LVQRSAL
ecg17946	TWC,AF
ecg17947	AF
ecg17948	AF
ecg17949	AF
ecg17950	AF
ecg17951	TWC,AF
ecg17952	AF
ecg17953	TWC,AF
ecg17954	AF
ecg17955	AF
ecg17956	TWC,AF,TWO
ecg17957	TWC,AF
ecg17958	TWC,AF,UW
ecg17959	STDD,TWO,AF,LVH,STC
ecg17960	AQW,AF,TWC
ecg17961	STC,AF
ecg17962	STDD,LVH,TWO,AF,STC
ecg17963	AF
ecg17964	TWC,AF
ecg17965	STDD,LVH,TWO,AF,STC
ecg17966	TWC,AF,TWO
ecg17967	AF
ecg17968	TWC,AF
ecg17969	AF,LVQRSAL
ecg17970	TWC,AF,TWO
ecg17971	AF,LVH
ecg17972	AF
ecg17973	TWC,AF
ecg17974	TWC,AF,TWO
ecg17975	AF
ecg17976	AF
ecg17977	STDD,AF,STC,TWO
ecg17978	AF,LVH
ecg17979	AF,LVQRSAL
ecg17980	TWC,AF,LVQRSAL
ecg17981	AF,LVH
ecg17982	AQW,AF,TWC,LVQRSAL
ecg17983	AF
ecg17984	TWO,LVH,RWC,TWC,AF
ecg17985	AQW,AF,TWC
ecg17986	STC,AF,LVH
ecg17987	AQW,AF,LVH
ecg17988	AF
ecg17989	AF
ecg17990	AQW,AF
ecg17991	AF
ecg17992	TWC,AF,LVH,TWO
ecg17993	AF
ecg17994	STDD,TWC,AF,LVH,STC
ecg17995	AF
ecg17996	TWC,AF,LVH,TWO
ecg17997	AF,LVQRSAL
ecg17998	TWC,AF
ecg17999	AF,LVH
ecg18000	TWC,AF,STDD,STC
ecg18001	AF,LVH
ecg18002	AQW,AF
ecg18003	AQW,AF
ecg18004	AF,LVH
ecg18005	TWC,AF,LVH
ecg18006	STDD,TWO,AF,LVH,STC
ecg18007	STTU,AF,LVQRSAL,STC
ecg18008	STTU,AF,TWC
ecg18009	STTU,AF,TWC
ecg18010	STC,AF
ecg18011	AF
ecg18012	STDD,TWO,RWC,AF,LVH
ecg18013	STC,AF,LVH
ecg18014	TWO,AF
ecg18015	TWO,AF,LVH
ecg18016	TWO,AF,LVQRSAL
ecg18017	AF,RWC,LVQRSAL
ecg18018	AF
ecg18019	AF
ecg18020	TWC,AF,STDD,STC
ecg18021	STC,AF
ecg18022	AF,RWC
ecg18023	AF
ecg18024	AF
ecg18025	TWC,AF
ecg18026	STC,AF
ecg18027	STDD,AF,STC,TWO
ecg18028	AF
ecg18029	TWC,AF
ecg18030	AF
ecg18031	AF
ecg18032	STDD,AF,STC,TWO
ecg18033	STDD,TWO,AF,LVH,STC
ecg18034	TWC,AF
ecg18035	AF
ecg18036	TWC,AF
ecg18037	AF,LVQRSAL
ecg18038	STC,AF,LVH
ecg18039	AF
ecg18040	AF
ecg18041	AF
ecg18042	STC,AF,LVH
ecg18043	STC,AF,LVH
ecg18044	STC,AF
ecg18045	AF
ecg18046	STC,AF,LVH
ecg18047	AF
ecg18048	AF
ecg18049	AF,LVQRSAL
ecg18050	STDD,TWO,AF,LVH,STC
ecg18051	TWC,AF
ecg18052	AF,LVH
ecg18053	AF,RWC,LVH
ecg18054	TWO,LVH,STDD,AF,STC
ecg18055	AF
ecg18056	STC,AF,RWC
ecg18057	AF
ecg18058	AF
ecg18059	AF
ecg18060	STDD,TWO,AF,LVH,STC
ecg18061	TWC,AF,RWC
ecg18062	AQW,LVH,TWO,TWC,AF
ecg18063	TWC,AF
ecg18064	STC,AF
ecg18065	AF
ecg18066	STC,AF,LVH
ecg18067	TWC,AF
ecg18068	TWC,AF
ecg18069	AF
ecg18070	AF
ecg18071	TWC,AF,STDD,STC
ecg18072	TWC,AF,RWC,TWO
ecg18073	AF
ecg18074	TWC,AF,LVH,TWO
ecg18075	TWC,AF,LVH
ecg18076	TWC,AF,RWC
ecg18077	STC,AF,LVH
ecg18078	STC,AF
ecg18079	STDD,AF,STC,TWO
ecg18080	STDD,AF,STC,TWO
ecg18081	AF,RWC
ecg18082	TWC,AF,LVH
ecg18083	TWC,AF
ecg18084	AF
ecg18085	AF
ecg18086	TWC,AF
ecg18087	TWC,AF,LVH,TWO
ecg18088	TWC,AF,TWO
ecg18089	TWC,AF,RWC,TWO
ecg18090	STDD,TWO,RWC,AF,LVH,STC
ecg18091	TWC,AF,LVH,TWO
ecg18092	TWC,AF
ecg18093	AQW,AF,LVQRSAL
ecg18094	STDD,AF,STC,TWO
ecg18095	TWC,AF
ecg18096	AF,LVQRSAL
ecg18097	TWC,AF
ecg18098	TWC,AF
ecg18099	STC,AF
ecg18100	STC,AF
ecg18101	AF
ecg18102	AF
ecg18103	STDD,AF,STC,TWO
ecg18104	TWC,AF,LVH
ecg18105	AF,LVH
ecg18106	AF
ecg18107	AF
ecg18108	AF
ecg18109	AF
ecg18110	TWC,AF,LVH
ecg18111	STC,AF,LVH
ecg18112	TWC,AF
ecg18113	AF
ecg18114	TWC,AF,RWC
ecg18115	AF
ecg18116	STC,AF,UW
ecg18117	TWC,AF,TWO,QTIE
ecg18118	AF
ecg18119	AF
ecg18120	AF
ecg18121	AQW,AF
ecg18122	AQW,AF,TWC,LVH
ecg18123	TWC,AF,TWO
ecg18124	TWC,AF,LVH
ecg18125	AF
ecg18126	STC,AF,LVH
ecg18127	TWC,AF
ecg18128	AF,LVH
ecg18129	STC,AF,LVH
ecg18130	TWC,AF
ecg18131	AF
ecg18132	STC,AF,LVH
ecg18133	AF
ecg18134	AF
ecg18135	STDD,TWO,AF,LVH,STC
ecg18136	AF,LVH
ecg18137	STC,AF,LVH
ecg18138	STC,AF
ecg18139	STDD,AF,STC,TWO
ecg18140	STDD,AF,STC,TWO
ecg18141	AF,RWC
ecg18142	STDD,TWO,AF,LVH,STC
ecg18143	STC,AF
ecg18144	STC,AF
ecg18145	AF
ecg18146	AF,LVH
ecg18147	STC,AF
ecg18148	STC,AF,LVH
ecg18149	AF
ecg18150	AF
ecg18151	TWC,AF
ecg18152	AF
ecg18153	STC,AF,LVH
ecg18154	TWC,AF,STDD,STC
ecg18155	TWC,AF,LVH,TWO
ecg18156	AF
ecg18157	AF
ecg18158	AF
ecg18159	STDD,AF,STC,TWO
ecg18160	STC,AF,RWC
ecg18161	AF
ecg18162	AF
ecg18163	STTU,AF,LVQRSAL,TWO
ecg18164	STC,AF
ecg18165	TWC,AF,LVQRSAL
ecg18166	AF
ecg18167	AF
ecg18168	STC,AF,LVH
ecg18169	AF,LVH
ecg18170	AF
ecg18171	TWC,AF
ecg18172	STDD,LVH,TWO,IDC,AF,STC,PVC
ecg18173	STC,IDC,LVH,AF
ecg18174	AF,ARS,CCR
ecg18175	CLBBB,ALS,AF
ecg18176	STC,AF,CLBBB
ecg18177	CRBBB,ALS,AF
ecg18178	STC,LAFB,AVD,AF,CRBBB,APACE
ecg18179	CRBBB,LAFB,AF,APACE
ecg18180	IRBBB,SVT,AF,PVC
ecg18181	TWC,AF,ARS,LVQRSAL,IRBBB
ecg18182	TWC,LAFB,AF
ecg18183	QTIE,AF
ecg18184	APACE,AF
ecg18185	TWC,AF,PVC
ecg18186	STC,SVT,LVH,AF
ecg18187	SVT,AF
ecg18188	RBBB,AF
ecg18189	AT,SR,AF,APB
ecg18190	CRBBB,APB,SR,AF
ecg18191	QTIE,SR,AF,BPAC
ecg18192	APACE,APB,AF
ecg18193	STC,APB,SB,AF
ecg18194	TWC,APB,SA,AF
ecg18195	APB,SR,AF
ecg18196	AF,SR,BPAC
ecg18197	APB,SR,AF
ecg18198	APB,SR,AF,PWC
ecg18199	AF,BPAC
ecg18200	STC,LAFB,AF,AT,CRBBB
ecg18201	LAFB,AT,AF
ecg18202	STC,AT,SVT,AF
ecg18203	TWO,AT,SVT,AF
ecg18204	AT,AF
ecg18205	CLBBB,RWC,CCR,AF
ecg18206	QTIE,LAFB,AF,CRBBB,CCR
ecg18207	STC,LAFB,AF,CRBBB,CCR
ecg18208	CRBBB,LAFB,CCR,AF
ecg18209	STC,LAFB,AF,CRBBB,CCR
ecg18210	TWO,LAFB,AF,CRBBB,CCR
ecg18211	STC,LAFB,AF,QTIE,CRBBB,CCR,APACE
ecg18212	TWC,LAFB,AF,CRBBB,CCR,PVC
ecg18213	STC,RVH,AF,ARS,IRBBB,CCR
ecg18214	TWO,AF,ARS,TWC,IRBBB,CCR
ecg18215	STC,BBB,CCR,AF
ecg18216	STC,LAFB,CCR,AF
ecg18217	STC,AF,LAFB,CCR
ecg18218	LAFB,CCR,AF
ecg18219	AF,ALS,CCR
ecg18220	AF,ALS,CCR
ecg18221	AF,ALS,CCR
ecg18222	AF,ALS,LVQRSAL,CCR
ecg18223	TWC,ALS,CCR,AF
ecg18224	STC,AF,ARS,RWC,CCR,PVC
ecg18225	TWC,AF,CCR,PVC
ecg18226	AF,ARS,CCR
ecg18227	TWC,ARS,CCR,AF
ecg18228	AF,ARS,CCR
ecg18229	AF,ARS,CCR
ecg18230	AF,CCR
ecg18231	STC,CCR,AF
ecg18232	STC,CCR,AF
ecg18233	AF,LVQRSAL,CCR
ecg18234	TWC,RWC,CCR,AF
ecg18235	AQW,RWC,CCR,AF
ecg18236	STC,ALS,AF,CLBBB
ecg18237	STC,ALS,AF,CLBBB
ecg18238	STC,ALS,AF,CLBBB
ecg18239	STC,ALS,AF,CLBBB
ecg18240	CLBBB,AF,ALS
ecg18241	TWC,CLBBB,AF,QTIE,APACE
ecg18242	CLBBB,PVC,LVH,AF
ecg18243	STC,PVC,AF,CLBBB
ecg18244	CLBBB,PVC,AF
ecg18245	CLBBB,SVT,AF
ecg18246	CLBBB,SVT,AF
ecg18247	CLBBB,AF
ecg18248	STC,AF,CLBBB
ecg18249	TWC,AF,CLBBB
ecg18250	STC,AF,CLBBB
ecg18251	STC,AF,CLBBB
ecg18252	STC,AF,CLBBB
ecg18253	CLBBB,LVH,AF
ecg18254	STC,AF,CLBBB
ecg18255	STC,AF,CLBBB
ecg18256	CLBBB,AF
ecg18257	STC,AF,CLBBB
ecg18258	STC,AF,CLBBB
ecg18259	STC,AF,CLBBB
ecg18260	STC,AF,CLBBB
ecg18261	STC,AF,CLBBB
ecg18262	STC,AF,CLBBB
ecg18263	CLBBB,LVH,AF
ecg18264	CLBBB,RWC,AF
ecg18265	CLBBB,RWC,AF
ecg18266	CLBBB,LVH,AF
ecg18267	CLBBB,LVH,AF
ecg18268	STTU,AF,CLBBB
ecg18269	CLBBB,LVH,AF
ecg18270	CLBBB,AF
ecg18271	CLBBB,AF
ecg18272	STC,CRBBB,CCR,AF
ecg18273	MI,AF,MI_LAT,BBB,AQW,CRBBB
ecg18274	CRBBB,LAFB,AF
ecg18275	STC,CRBBB,LAFB,AF
ecg18276	AQW,LAFB,AF,CRBBB,STC
ecg18277	STC,CRBBB,LAFB,AF
ecg18278	CRBBB,LAFB,AF
ecg18279	AQW,LAFB,AF,TWO,TWC,CRBBB
ecg18280	AQW,CRBBB,LAFB,AF
ecg18281	CRBBB,LAFB,AF
ecg18282	CRBBB,LAFB,AF
ecg18283	CRBBB,LAFB,AF
ecg18284	CRBBB,LAFB,AF
ecg18285	CRBBB,LAFB,AF
ecg18286	STDD,LAFB,AF,TWO,CRBBB
ecg18287	STC,CRBBB,LAFB,AF
ecg18288	STC,CRBBB,LAFB,AF
ecg18289	CRBBB,LAFB,AF
ecg18290	STC,LAFB,AF,CRBBB,LVH
ecg18291	STC,CRBBB,LAFB,AF
ecg18292	STC,LAFB,AF,ALS,CRBBB
ecg18293	CRBBB,APACE,AF,ALS,PVC
ecg18294	CRBBB,ALS,AF,PVC
ecg18295	CRBBB,ALS,AF,PVC
ecg18296	STC,AF,ALS,CRBBB,PVC
ecg18297	STC,CRBBB,ALS,AF
ecg18298	TWO,ALS,AF,STC,CRBBB
ecg18299	CRBBB,ALS,AF
ecg18300	STC,CRBBB,ALS,AF
ecg18301	TWC,CRBBB,ALS,AF
ecg18302	STC,CRBBB,ALS,AF
ecg18303	TWC,CRBBB,ALS,AF
ecg18304	STTU,RVH,AF,ALS,CRBBB,STC
ecg18305	STC,CRBBB,ALS,AF
ecg18306	STC,AF,LVH,ALS,CRBBB
ecg18307	TWC,CRBBB,ALS,AF
ecg18308	CRBBB,ALS,AF
ecg18309	CRBBB,ALS,AF
ecg18310	CRBBB,ALS,AF
ecg18311	MI,AF,MI_LAT,LVQRSAL,CRBBB,SVT
ecg18312	STC,CRBBB,AF,APACE
ecg18313	CRBBB,AF,APACE
ecg18314	STC,LAFB,AF,CRBBB,PVC
ecg18315	STC,CRBBB,AF,PVC
ecg18316	STC,CRBBB,AF,PVC
ecg18317	STC,UW,AF,QTIE,CRBBB,PVC
ecg18318	STC,CRBBB,AF,PVC
ecg18319	STC,PVC,LVH,AF,CRBBB
ecg18320	STC,CRBBB,ARS,AF
ecg18321	TWC,CRBBB,ARS,AF
ecg18322	AQW,STTU,AF,ARS,CRBBB
ecg18323	AQW,AF,ARS,CRBBB,STC
ecg18324	CRBBB,SVT,LAFB,AF
ecg18325	CRBBB,SVT,AF
ecg18326	TWC,CRBBB,SVT,AF
ecg18327	CRBBB,SVT,AF
ecg18328	CRBBB,SVT,AF
ecg18329	CRBBB,AF
ecg18330	STC,CRBBB,AF
ecg18331	STC,CRBBB,AF
ecg18332	TWC,CRBBB,AF
ecg18333	CRBBB,AF
ecg18334	STC,CRBBB,AF
ecg18335	STC,CRBBB,UW,AF
ecg18336	TWC,CRBBB,UW,AF
ecg18337	TWC,CRBBB,AF
ecg18338	STC,CRBBB,LVH,AF
ecg18339	STC,AF,QTIE,LVH,CRBBB
ecg18340	STC,CRBBB,LVH,AF
ecg18341	CRBBB,AF
ecg18342	STC,CRBBB,AF
ecg18343	TWC,CRBBB,AF
ecg18344	TWC,CRBBB,AF
ecg18345	CRBBB,AF
ecg18346	CRBBB,AF
ecg18347	CRBBB,AF
ecg18348	CRBBB,AF
ecg18349	CRBBB,AF
ecg18350	STC,CRBBB,AF
ecg18351	STC,CRBBB,AF
ecg18352	STDD,AF,TWO,CRBBB,STC
ecg18353	TWC,AF,CRBBB,TWO
ecg18354	CRBBB,LVH,AF
ecg18355	STC,CRBBB,LVH,AF
ecg18356	TWC,CRBBB,AF
ecg18357	AQW,CRBBB,AF
ecg18358	TWC,CRBBB,TWO,AF
ecg18359	TWC,CRBBB,AF
ecg18360	TWC,CRBBB,AF
ecg18361	STC,CRBBB,AF
ecg18362	CRBBB,AF
ecg18363	CRBBB,AF
ecg18364	AQW,AF,TWO,TWC,CRBBB
ecg18365	CRBBB,AF
ecg18366	AQW,CRBBB,STC,AF
ecg18367	CRBBB,AF
ecg18368	TWC,CRBBB,AF
ecg18369	STC,CRBBB,AF
ecg18370	CRBBB,AF
ecg18371	CRBBB,AF
ecg18372	CRBBB,AF
ecg18373	CRBBB,AF
ecg18374	CRBBB,AF
ecg18375	AQW,CRBBB,STC,AF
ecg18376	STC,CRBBB,LVQRSAL,AF
ecg18377	STC,CRBBB,AF
ecg18378	STTU,AF,TWC,STC,CRBBB
ecg18379	STC,CRBBB,AF
ecg18380	STC,CRBBB,AF
ecg18381	STC,CRBBB,AF
ecg18382	STC,CRBBB,AF
ecg18383	QTIE,CRBBB,AF
ecg18384	CRBBB,AF
ecg18385	CRBBB,AF
ecg18386	CRBBB,AF
ecg18387	CRBBB,AF
ecg18388	STC,AF,CRBBB
ecg18389	CRBBB,AF
ecg18390	CRBBB,AF
ecg18391	STC,CRBBB,AF
ecg18392	CRBBB,AF
ecg18393	CRBBB,AF
ecg18394	TWC,CRBBB,LVH,AF
ecg18395	CRBBB,AF
ecg18396	CRBBB,AF
ecg18397	TWC,CRBBB,AF
ecg18398	STDD,AF,LVH,TWO,CRBBB
ecg18399	CRBBB,AF
ecg18400	CRBBB,AF
ecg18401	STTU,AF,STDD,TWO,CRBBB,LVH,STC
ecg18402	TWC,CRBBB,AF
ecg18403	STDD,CRBBB,STC,AF
ecg18404	STC,CRBBB,AF
ecg18405	STC,CRBBB,AF
ecg18406	STC,CRBBB,AF
ecg18407	STC,CRBBB,AF
ecg18408	STC,CRBBB,AF
ecg18409	CRBBB,AF
ecg18410	TWC,CRBBB,AF
ecg18411	STDD,AF,TWO,CRBBB,STC
ecg18412	STDD,CRBBB,AF
ecg18413	TWC,CRBBB,AF
ecg18414	STC,CRBBB,AF
ecg18415	STTU,AF,STDD,TWO,CRBBB,LVH,STC
ecg18416	CRBBB,AF
ecg18417	STDD,CRBBB,STC,AF
ecg18418	STC,CCR,AF,PVC
ecg18419	STC,ARS,CCR,AF
ecg18420	AF,ARS,CCR
ecg18421	AF,ARS,CCR
ecg18422	AF,ARS,CCR
ecg18423	AF,CCR
ecg18424	TWC,CCR,STC,AF
ecg18425	STTU,CCR,AF
ecg18426	STC,CCR,AF
ecg18427	AF,CCR
ecg18428	AF,CCR
ecg18429	AF,CCR
ecg18430	UW,ILBBB,AF
ecg18431	LAFB,AF,LVH,IRBBB
ecg18432	QTIE,AF,ALS,IRBBB,PVC
ecg18433	IRBBB,AF,ALS
ecg18434	AQW,IRBBB,ALS,AF
ecg18435	AQW,STTU,AF,STDD,TWO,ALS,IRBBB,STC
ecg18436	TWC,QTIE,IRBBB,AF
ecg18437	TWC,AF,QTIE,LVQRSAL,IRBBB
ecg18438	MI_ANT,AF,ARS,AQW,SVT,IRBBB
ecg18439	MI,IRBBB,MI_LAT,AMI,AF
ecg18440	STC,IRBBB,AF,APACE
ecg18441	STC,IRBBB,AF,PVC
ecg18442	TWC,UW,AF,ARS,IRBBB
ecg18443	STC,ARS,IRBBB,AF
ecg18444	IRBBB,ARS,LVQRSAL,AF
ecg18445	IRBBB,ARS,AF
ecg18446	IRBBB,ARS,AF
ecg18447	IRBBB,SVT,LVH,AF
ecg18448	STC,IRBBB,AF
ecg18449	IRBBB,AF
ecg18450	IRBBB,AF
ecg18451	IRBBB,AF
ecg18452	IRBBB,AF
ecg18453	STC,IRBBB,AF
ecg18454	TWC,RVH,IRBBB,AF
ecg18455	STC,IRBBB,AF
ecg18456	IRBBB,LVQRSAL,AF
ecg18457	IRBBB,AF
ecg18458	STC,RVH,AF,IRBBB,LVH
ecg18459	IRBBB,AF
ecg18460	STC,IRBBB,AF
ecg18461	STC,IRBBB,AF
ecg18462	IRBBB,AF
ecg18463	STC,IRBBB,AF
ecg18464	IRBBB,LVH,AF
ecg18465	STC,IRBBB,AF
ecg18466	IRBBB,AF
ecg18467	STC,IRBBB,AF
ecg18468	IRBBB,AF
ecg18469	STC,AF,LVH,IRBBB
ecg18470	TWC,IRBBB,PWC,AF
ecg18471	TWC,TWO,IRBBB,AF
ecg18472	IRBBB,LVQRSAL,AF
ecg18473	AQW,TWC,IRBBB,AF
ecg18474	STC,LAFB,AF,ALS
ecg18475	STC,BBB,LAFB,AF
ecg18476	STTU,LAFB,AF,BBB,LVH,TWC
ecg18477	STC,LAFB,AF,QTIE,BBB
ecg18478	AQW,BBB,LAFB,AF
ecg18479	AQW,AF,QTIE,BBB,ALS,PVC
ecg18480	BBB,ALS,AF,APACE
ecg18481	QTIE,LAFB,AF,RWC,ALS,PVC
ecg18482	STC,BBB,ALS,AF
ecg18483	STC,BBB,ALS,AF
ecg18484	AQW,AF,BBB,ALS,STC
ecg18485	TWC,AF,BBB,RWC,ALS
ecg18486	STC,BBB,ALS,AF
ecg18487	TWC,BBB,ALS,AF
ecg18488	TWC,BBB,ALS,AF
ecg18489	MI,MI_LAT,AMI,AF,BBB,AQW,RWC,TWC
ecg18490	STDD,BBB,TWO,AF,STC,APACE
ecg18491	BBB,LAFB,AF,PVC
ecg18492	AQW,LAFB,AF,BBB,STC,PVC
ecg18493	STC,LAFB,AF,BBB,PVC
ecg18494	BBB,AF,PVC
ecg18495	STC,UW,LAFB,AF,PVC
ecg18496	STC,BBB,AF
ecg18497	BBB,AF
ecg18498	TWC,BBB,AF
ecg18499	STC,BBB,AF
ecg18500	AQW,BBB,STC,AF
ecg18501	TWC,BBB,LVH,AF
ecg18502	TWC,BBB,AF
ecg18503	TWC,BBB,LVH,AF
ecg18504	STC,BBB,LVH,AF
ecg18505	STTU,BBB,STC,AF
ecg18506	BBB,AF
ecg18507	STC,RWC,BBB,AF
ecg18508	STDD,AF,BBB,TWO,STC
ecg18509	TWC,BBB,LVH,AF
ecg18510	LAFB,AF
ecg18511	STC,BBB,LAFB,AF
ecg18512	LAFB,AF
ecg18513	STC,LAFB,AF
ecg18514	STC,LVH,LAFB,AF
ecg18515	TWC,LAFB,AF
ecg18516	LAFB,AF
ecg18517	TWO,LAFB,AF,LVH,STDD
ecg18518	TWO,RWC,LAFB,AF
ecg18519	STC,LAFB,AF
ecg18520	TWC,RWC,LAFB,AF
ecg18521	LAFB,AF
ecg18522	AQW,LAFB,STC,AF
ecg18523	AQW,LAFB,ALS,AF
ecg18524	AQW,AF,QTIE,TWC,ALS,PVC
ecg18525	QTIE,ALS,AF
ecg18526	MI_ANT,STTU,AF,AQW,ALS
ecg18527	APACE,RWC,ALS,AF
ecg18528	APACE,AVD,ALS,AF
ecg18529	STC,LVH,ALS,AF,APACE
ecg18530	STC,APACE,AF,ALS,PVC
ecg18531	STC,AF,BBB,ALS,PVC
ecg18532	AF,ALS,PVC
ecg18533	RBBB,ALS,AF
ecg18534	SVT,ALS,AF
ecg18535	AF,ALS
ecg18536	STC,ALS,AF
ecg18537	STC,ALS,AF
ecg18538	STC,AF,QTIE,BBB,ALS
ecg18539	AF,ALS
ecg18540	TWC,AF,LVH,RWC,ALS
ecg18541	TWC,ALS,AF
ecg18542	AQW,TWC,ALS,AF
ecg18543	AF,ALS
ecg18544	AF,ALS
ecg18545	AF,ALS
ecg18546	STC,ALS,AF
ecg18547	UW,ALS,AF
ecg18548	AF,ALS
ecg18549	AF,ALS
ecg18550	STC,ALS,AF
ecg18551	TWC,ALS,AF
ecg18552	STC,ALS,AF
ecg18553	STC,ALS,AF
ecg18554	STC,ALS,AF
ecg18555	AF,ALS
ecg18556	AF,ALS
ecg18557	AF,ALS
ecg18558	AF,ALS
ecg18559	AF,ALS
ecg18560	AF,ALS
ecg18561	AF,ALS
ecg18562	STC,ALS,AF
ecg18563	STC,ALS,AF
ecg18564	TWC,ALS,AF
ecg18565	STC,ALS,AF
ecg18566	QTIE,ALS,AF
ecg18567	AQW,ALS,AF
ecg18568	STC,STDD,ALS,AF
ecg18569	AQW,AF,LVQRSAL,TWO,RWC,TWC,ALS
ecg18570	TWC,ALS,AF
ecg18571	TWC,LVH,ALS,AF
ecg18572	STC,ALS,AF
ecg18573	AF,LVQRSAL,ALS
ecg18574	AF,ALS
ecg18575	AF,LVH,ALS
ecg18576	AQW,STC,ALS,AF
ecg18577	TWC,ALS,AF
ecg18578	STDD,AF,TWO,LVH,STC,PVC
ecg18579	STC,LVH,AF
ecg18580	AF,LVH
ecg18581	MI,LAFB,AF,MI_LAT,QTIE,TWC
ecg18582	TWC,QTIE,AF,PVC
ecg18583	TWC,QTIE,AF,PVC
ecg18584	TWC,QTIE,AF
ecg18585	TWC,AF,QTIE,BBB,LVQRSAL
ecg18586	STC,UW,AF,QTIE,LVH
ecg18587	STC,QTIE,LVH,AF
ecg18588	QTIE,AF
ecg18589	TWC,QTIE,AF
ecg18590	STC,QTIE,AF
ecg18591	QTIE,AF
ecg18592	TWC,QTIE,AF
ecg18593	QTIE,AF
ecg18594	STC,QTIE,AF
ecg18595	TWC,QTIE,AF
ecg18596	QTIE,AF
ecg18597	STC,QTIE,LVH,AF
ecg18598	STC,QTIE,AF
ecg18599	STC,QTIE,LVH,AF
ecg18600	TWC,QTIE,UW,AF
ecg18601	QTIE,LVQRSAL,AF
ecg18602	STC,QTIE,RWC,AF
ecg18603	STDD,AF,QTIE,TWO,STC
ecg18604	QTIE,AF
ecg18605	TWC,QTIE,UW,AF
ecg18606	AMI,ARS,AF
ecg18607	AMI,ARS,AF
ecg18608	AMI,STTU,AF,ARS,TWO,TWC
ecg18609	MI_ANT,TWC,AF
ecg18610	AMI,AF,LVQRSAL,AQW,STC
ecg18611	TWC,AF,APACE
ecg18612	APACE,AF
ecg18613	APACE,AF
ecg18614	APACE,AF
ecg18615	APACE,AF
ecg18616	APACE,AF
ecg18617	APACE,AF
ecg18618	APACE,AF
ecg18619	APACE,AF
ecg18620	APACE,AF
ecg18621	STC,LVH,AF,APACE
ecg18622	STC,AF,APACE
ecg18623	APACE,AF
ecg18624	STC,LVH,AF,APACE
ecg18625	TWC,AF,APACE
ecg18626	APACE,AF
ecg18627	STC,QTIE,AF,APACE
ecg18628	APACE,AF
ecg18629	APACE,AVD,AF
ecg18630	STC,AF,APACE
ecg18631	APACE,AF
ecg18632	APACE,AF
ecg18633	APACE,AF
ecg18634	STC,AF,APACE
ecg18635	STC,AF,APACE
ecg18636	TWO,TWC,AF,APACE
ecg18637	APACE,AF
ecg18638	APACE,AF
ecg18639	APACE,AF
ecg18640	APACE,AF
ecg18641	APACE,AF
ecg18642	APACE,AF
ecg18643	TWC,AF,APACE
ecg18644	APACE,AF
ecg18645	STDD,AF,TWO,STC,APACE
ecg18646	TWO,AF,TWC,APACE
ecg18647	APACE,AF
ecg18648	STC,ARS,AF,APACE
ecg18649	APACE,AF
ecg18650	APACE,AF
ecg18651	RBBB,AF,APACE
ecg18652	APACE,AVD,AF
ecg18653	APACE,AF
ecg18654	STC,AF,APACE
ecg18655	APACE,AF
ecg18656	APACE,AF
ecg18657	STDD,AF,LVH,TWO,STC,APACE
ecg18658	STC,AF,APACE
ecg18659	APACE,AF
ecg18660	APACE,AF
ecg18661	APACE,AF
ecg18662	APACE,AF
ecg18663	APACE,AVD,AF
ecg18664	APACE,AVD,AF
ecg18665	APACE,AF
ecg18666	APACE,AF
ecg18667	APACE,AF
ecg18668	APACE,AF
ecg18669	APACE,AF
ecg18670	APACE,AF
ecg18671	APACE,AF
ecg18672	APACE,AF
ecg18673	APACE,AVD,AF
ecg18674	TWC,AVD,AF,APACE
ecg18675	TWC,AF,APACE
ecg18676	TWC,AF,APACE
ecg18677	TWC,AF,APACE
ecg18678	AQW,AF,STC,APACE
ecg18679	TWC,AF,APACE
ecg18680	TWC,AF,APACE
ecg18681	APACE,AF
ecg18682	APACE,AVD,AF
ecg18683	APACE,AF
ecg18684	APACE,AF
ecg18685	APACE,AF
ecg18686	APACE,AF
ecg18687	APACE,AF
ecg18688	STC,LVH,AF,APACE
ecg18689	APACE,AF
ecg18690	APACE,AF
ecg18691	APACE,AF
ecg18692	STC,AF,APACE
ecg18693	STC,AF,APACE
ecg18694	APACE,AF
ecg18695	APACE,AF
ecg18696	APACE,AF
ecg18697	APACE,AF
ecg18698	APACE,AF
ecg18699	APACE,AF
ecg18700	APACE,AF
ecg18701	APACE,AVD,AF
ecg18702	STC,AF,APACE
ecg18703	APACE,AVD,AF
ecg18704	APACE,AF
ecg18705	STC,AF,APACE
ecg18706	STC,LVH,AF,APACE
ecg18707	APACE,AF
ecg18708	STC,AF,APACE
ecg18709	APACE,AF
ecg18710	STC,AF,APACE
ecg18711	APACE,AF
ecg18712	APACE,AF
ecg18713	APACE,AF
ecg18714	APACE,AF
ecg18715	TWC,AF,APACE
ecg18716	APACE,AF
ecg18717	APACE,AF
ecg18718	APACE,AF
ecg18719	APACE,AF
ecg18720	APACE,AF
ecg18721	APACE,AF
ecg18722	APACE,AF
ecg18723	APACE,AF
ecg18724	APACE,AF
ecg18725	APACE,AF
ecg18726	APACE,AF
ecg18727	TWC,AF,APACE
ecg18728	APACE,AF
ecg18729	APACE,AF
ecg18730	APACE,AF
ecg18731	TWC,AF,APACE
ecg18732	APACE,AVD,AF
ecg18733	APACE,AF
ecg18734	APACE,PVC,AF
ecg18735	APACE,PVC,AVD,AF
ecg18736	APACE,PVC,AF
ecg18737	APACE,PVC,AF
ecg18738	APACE,PVC,AF
ecg18739	APACE,PVC,AVD,AF
ecg18740	STC,PVC,AF,APACE
ecg18741	APACE,PVC,AF
ecg18742	APACE,PVC,AF
ecg18743	APACE,PVC,AF
ecg18744	APACE,PVC,AF
ecg18745	RBBB,LVH,AF,PVC
ecg18746	TWC,ARS,AF,PVC
ecg18747	AF,ARS,LVQRSAL,PVC
ecg18748	AQW,AF,ARS,LVQRSAL,TWO,TWC,PVC
ecg18749	AF,SR,SA,PVC
ecg18750	STC,SR,AF,PVC
ecg18751	SVT,AF,PVC
ecg18752	AIVR,VER,AF,PVC
ecg18753	AIVR,VER,AF,PVC
ecg18754	STC,PVT,AF,PVC
ecg18755	AF,PVC
ecg18756	AF,PVC
ecg18757	STC,UW,AF,QTIE,PVC
ecg18758	STC,AF,PVC
ecg18759	STC,AF,PVC
ecg18760	STC,AF,PVC
ecg18761	STC,LVH,AF,PVC
ecg18762	STC,QTIE,AF,PVC
ecg18763	AF,PVC
ecg18764	STC,AF,PVC
ecg18765	AF,PVC
ecg18766	TWC,LVH,AF,PVC
ecg18767	AF,PVC
ecg18768	TWC,AF,PVC
ecg18769	STC,LVH,AF,PVC
ecg18770	STTU,STC,AF,PVC
ecg18771	STC,AF,PVC
ecg18772	TWC,LVH,AF,PVC
ecg18773	AF,PVC
ecg18774	AF,LVH,PVC
ecg18775	STC,LVH,AF,PVC
ecg18776	AF,PVC
ecg18777	AF,PVC
ecg18778	STC,QTIE,AF,LVH,PVC
ecg18779	AF,PVC
ecg18780	TWC,AF,PVC
ecg18781	STC,AF,PVC
ecg18782	STC,LVH,AF,PVC
ecg18783	STC,LVH,AF,PVC
ecg18784	AF,PVC
ecg18785	TWC,AF,PVC
ecg18786	STDD,AF,TWO,STC,PVC
ecg18787	TWC,AF,PVC
ecg18788	STC,AF,LVH,PVC
ecg18789	AQW,RBBB,LAFB,AF,ARS
ecg18790	RBBB,AF
ecg18791	RBBB,AF
ecg18792	TWC,RBBB,AF
ecg18793	AQW,RBBB,STC,AF
ecg18794	STC,ARS,SVT,AF
ecg18795	STC,ARS,SVT,AF
ecg18796	TWC,AF,ARS,TWO
ecg18797	AF,ARS
ecg18798	AF,ARS
ecg18799	TWC,ARS,AF
ecg18800	TWC,QTIE,ARS,AF
ecg18801	STC,ARS,AF
ecg18802	STDD,AF,ARS,TWO,LVH
ecg18803	TWC,QTIE,ARS,AF
ecg18804	TWC,ARS,AF
ecg18805	TWC,ARS,AF
ecg18806	TWC,ARS,AF
ecg18807	TWC,ARS,AF
ecg18808	STC,ARS,AF
ecg18809	AF,RWC,ARS,LVQRSAL
ecg18810	STC,ARS,AF
ecg18811	TWC,ARS,AF
ecg18812	AF,ARS
ecg18813	AF,ARS
ecg18814	STC,ARS,AF
ecg18815	TWC,ARS,AF
ecg18816	STC,ARS,AF
ecg18817	TWC,ARS,AF
ecg18818	STC,ARS,AF
ecg18819	STC,ARS,AF
ecg18820	AF,ARS
ecg18821	STC,ARS,AF
ecg18822	STC,ARS,AF
ecg18823	STDD,ARS,STC,AF
ecg18824	STC,ARS,AF
ecg18825	AF,SR
ecg18826	STC,SR,AF
ecg18827	AF,SR
ecg18828	AF,ST
ecg18829	AF,ST
ecg18830	STC,LVQRSAL,ST,AF
ecg18831	STDD,ST,LVH,AF
ecg18832	STDD,AF,ST,TWO,STC
ecg18833	TWC,SVT,LAFB,AF
ecg18834	SVT,AF
ecg18835	SVT,AF
ecg18836	SVT,AF
ecg18837	STC,SVT,AF
ecg18838	STC,SVT,AF
ecg18839	STC,SVT,AF
ecg18840	STC,SVT,AF
ecg18841	AQW,AF,RWC,SVT,STC
ecg18842	STC,SVT,AF
ecg18843	STC,SVT,AF
ecg18844	STC,SVT,LVH,AF
ecg18845	STC,QTIE,SVT,AF
ecg18846	STC,SVT,AF
ecg18847	STC,SVT,AF
ecg18848	SVT,AF
ecg18849	SVT,AF
ecg18850	SVT,AF
ecg18851	SVT,AF
ecg18852	STDD,SVT,STC,AF
ecg18853	TWC,SVT,TWO,AF
ecg18854	SVT,LVH,AF
ecg18855	STC,SVT,AF
ecg18856	VEB,AF
ecg18857	VER,AF
ecg18858	VER,AF
ecg18859	STC,VEB,AF
ecg18860	WPW,AF
ecg18861	AF
ecg18862	STC,AF
ecg18863	AF
ecg18864	STC,AF
ecg18865	STC,AF
ecg18866	STC,AF
ecg18867	TWC,AF
ecg18868	STC,LVH,AF
ecg18869	AF
ecg18870	TWC,STC,AF
ecg18871	STC,AF
ecg18872	STC,LVH,AF,STDD
ecg18873	STC,AF
ecg18874	AF
ecg18875	AF
ecg18876	AF
ecg18877	STC,AF
ecg18878	STC,LVH,AF
ecg18879	STC,QTIE,AF
ecg18880	STC,AF
ecg18881	AF
ecg18882	AF
ecg18883	STC,LVH,AF
ecg18884	STC,AF
ecg18885	STC,LVH,AF
ecg18886	STC,AF
ecg18887	TWC,AF
ecg18888	IDC,AF
ecg18889	STC,AF
ecg18890	TWC,AF
ecg18891	AF
ecg18892	TWC,AF
ecg18893	AF
ecg18894	STC,AF
ecg18895	STC,AF
ecg18896	STC,AF
ecg18897	STC,LVH,AF
ecg18898	STC,UW,LVH,AF
ecg18899	TWC,AF
ecg18900	AF
ecg18901	STC,AF
ecg18902	AF
ecg18903	AF
ecg18904	TWC,QTIE,AF
ecg18905	TWC,AF
ecg18906	TWC,AF
ecg18907	AF
ecg18908	AF
ecg18909	STC,AF
ecg18910	TWC,LVH,STC,AF
ecg18911	TWC,AF
ecg18912	STC,AF
ecg18913	AF
ecg18914	AF
ecg18915	TWC,LVQRSAL,AF
ecg18916	AF
ecg18917	STC,AF
ecg18918	AF
ecg18919	STC,AF
ecg18920	AF
ecg18921	STC,AF
ecg18922	STC,AF
ecg18923	STC,AF
ecg18924	AF
ecg18925	STC,AF
ecg18926	TWC,LVH,STC,AF
ecg18927	STC,LVH,AF
ecg18928	TWC,LVH,AF
ecg18929	STC,AF
ecg18930	AF
ecg18931	AF,LVH
ecg18932	AF,LVH
ecg18933	TWC,AF
ecg18934	AF
ecg18935	AF
ecg18936	AF
ecg18937	STC,AF
ecg18938	STC,AF
ecg18939	AQW,STC,AF
ecg18940	AF
ecg18941	STC,AF
ecg18942	TWO,STDD,STC,AF
ecg18943	STC,AF
ecg18944	TWC,AF
ecg18945	STC,AF
ecg18946	AF
ecg18947	AF
ecg18948	AF,RWC
ecg18949	TWC,AF
ecg18950	STC,AF
ecg18951	AF
ecg18952	STC,UW,LVH,AF
ecg18953	STC,AF
ecg18954	TWC,AF
ecg18955	AF
ecg18956	AF
ecg18957	AQW,STTU,STC,AF
ecg18958	TWC,UW,AF
ecg18959	TWC,AF
ecg18960	STC,AF
ecg18961	STC,AF
ecg18962	AF
ecg18963	AF
ecg18964	TWO,AF
ecg18965	AF
ecg18966	TWO,STC,AF
ecg18967	TWC,AF
ecg18968	AF
ecg18969	STC,AF
ecg18970	STC,AF
ecg18971	AF
ecg18972	TWC,AF
ecg18973	STC,LVH,AF
ecg18974	TWO,TWC,LVH,AF
ecg18975	STC,LVH,AF
ecg18976	AF
ecg18977	AF
ecg18978	AF
ecg18979	AF
ecg18980	STC,AF
ecg18981	AF
ecg18982	STC,LVH,AF
ecg18983	STC,AF
ecg18984	STC,LVH,AF
ecg18985	TWC,LVH,AF
ecg18986	TWC,AF,LVH
ecg18987	STC,AF
ecg18988	TWO,AF
ecg18989	TWC,AF
ecg18990	AF
ecg18991	STC,AF
ecg18992	STC,AF
ecg18993	IDC,AF
ecg18994	AF,LVH
ecg18995	TWO,STDD,STC,AF
ecg18996	STC,AF
ecg18997	STC,AF
ecg18998	STC,AF
ecg18999	AF
ecg19000	STC,LVH,AF
ecg19001	STC,AF
ecg19002	STC,RWC,AF
ecg19003	AF,LVH
ecg19004	STC,LVH,AF
ecg19005	STC,AF
ecg19006	AF
ecg19007	TWC,AF
ecg19008	TWC,AF
ecg19009	STC,AF
ecg19010	AF
ecg19011	AF
ecg19012	AF
ecg19013	AF
ecg19014	AF
ecg19015	AF
ecg19016	TWC,RWC,AF
ecg19017	STC,AF
ecg19018	STC,LVH,AF
ecg19019	TWC,AF
ecg19020	TWC,AF
ecg19021	AF
ecg19022	AF
ecg19023	AF
ecg19024	TWC,AF
ecg19025	AF
ecg19026	AF
ecg19027	STC,AF
ecg19028	TWC,AF
ecg19029	STDD,AF,STC
ecg19030	STC,LVH,AF
ecg19031	STC,AF
ecg19032	TWC,AF
ecg19033	AF
ecg19034	AF
ecg19035	TWC,AF
ecg19036	TWC,AF
ecg19037	AF
ecg19038	STC,AF
ecg19039	AF
ecg19040	AF
ecg19041	TWC,AF
ecg19042	TWC,STC,AF
ecg19043	TWC,AF
ecg19044	AF
ecg19045	STC,LVH,AF
ecg19046	TWC,LVH,AF
ecg19047	AF
ecg19048	STC,LVH,AF
ecg19049	TWC,AF
ecg19050	STC,LVH,AF
ecg19051	TWC,AF
ecg19052	AF
ecg19053	AF
ecg19054	AF
ecg19055	STC,AF
ecg19056	AF
ecg19057	STC,AF
ecg19058	STC,AF
ecg19059	AF
ecg19060	STC,AF
ecg19061	STC,AF
ecg19062	TWC,AF
ecg19063	TWC,AF
ecg19064	STC,AF
ecg19065	TWC,AF
ecg19066	STC,RWC,AF
ecg19067	TWC,AF
ecg19068	TWC,AF
ecg19069	MI,STTU,MI_LAT,AF,LVH,STC
ecg19070	TWC,AF
ecg19071	STC,AF
ecg19072	STC,LVQRSAL,AF
ecg19073	TWC,AF
ecg19074	STC,UW,LVH,AF
ecg19075	STC,LVH,AF
ecg19076	STC,QTIE,LVH,AF
ecg19077	STC,LVH,AF
ecg19078	STC,LVH,AF
ecg19079	TWC,AF
ecg19080	STC,AF
ecg19081	STC,UW,AF
ecg19082	STC,LVH,AF
ecg19083	TWC,AF
ecg19084	TWC,AF
ecg19085	AF
ecg19086	STC,AF
ecg19087	AF
ecg19088	TWC,AF
ecg19089	TWC,AF
ecg19090	STC,RWC,AF
ecg19091	AQW,AF
ecg19092	STC,LVH,AF
ecg19093	STC,AF
ecg19094	STC,AF
ecg19095	AF
ecg19096	TWC,LVH,AF
ecg19097	AF
ecg19098	STC,AF
ecg19099	STC,AF
ecg19100	STC,AF
ecg19101	STC,AF
ecg19102	STC,LVH,AF
ecg19103	STC,LVH,AF
ecg19104	STC,AF
ecg19105	AF
ecg19106	AF
ecg19107	AF,LVH
ecg19108	TWC,AF
ecg19109	STC,AF
ecg19110	TWC,AF
ecg19111	AF,LVQRSAL
ecg19112	TWC,LVH,AF
ecg19113	AF,LVH
ecg19114	TWC,QTIE,LVH,AF
ecg19115	STTU,STC,AF
ecg19116	STC,AF
ecg19117	STC,AF
ecg19118	AF
ecg19119	TWC,AF
ecg19120	STC,LVH,AF
ecg19121	AF
ecg19122	AF
ecg19123	TWC,AF
ecg19124	TWC,AF
ecg19125	AF
ecg19126	AF
ecg19127	STC,LVH,AF
ecg19128	TWC,UW,AF
ecg19129	AF,LVH
ecg19130	AQW,STC,AF
ecg19131	STC,AF
ecg19132	AF
ecg19133	STC,AF
ecg19134	TWC,AF
ecg19135	TWC,LVH,AF
ecg19136	AF
ecg19137	AF
ecg19138	AF
ecg19139	TWC,RVH,AF
ecg19140	STC,AF
ecg19141	STC,AF
ecg19142	AF
ecg19143	STC,AF
ecg19144	TWC,AF
ecg19145	AF
ecg19146	STC,AF
ecg19147	AF
ecg19148	AQW,RWC,STC,AF
ecg19149	TWC,AF
ecg19150	TWC,QTIE,LVH,AF
ecg19151	STC,LVH,AF
ecg19152	AF
ecg19153	STC,AF
ecg19154	STC,AF
ecg19155	AF
ecg19156	AF
ecg19157	STC,AF
ecg19158	STC,RWC,AF
ecg19159	STC,LVH,AF
ecg19160	STC,LVH,AF
ecg19161	STC,LVH,AF
ecg19162	STC,AF
ecg19163	AF
ecg19164	STC,LVH,AF
ecg19165	TWC,AF
ecg19166	TWC,AF
ecg19167	STC,LVH,AF
ecg19168	TWC,AF
ecg19169	AF
ecg19170	TWC,AF
ecg19171	TWC,AF
ecg19172	TWC,AF
ecg19173	TWC,AF
ecg19174	STC,AF
ecg19175	STC,AF
ecg19176	TWC,AF
ecg19177	TWC,AF
ecg19178	TWC,AF
ecg19179	STC,LVH,AF
ecg19180	STC,AF
ecg19181	STC,AF
ecg19182	AF
ecg19183	AF
ecg19184	STC,AF
ecg19185	STC,LVH,AF
ecg19186	STC,AF
ecg19187	STC,QTIE,LVH,AF
ecg19188	STC,LVH,AF
ecg19189	TWC,LVH,AF
ecg19190	STC,UW,LVH,AF
ecg19191	STC,AF
ecg19192	AF
ecg19193	TWC,AF
ecg19194	AF
ecg19195	STC,LVH,AF
ecg19196	STC,AF
ecg19197	AF,RWC
ecg19198	AF
ecg19199	AF
ecg19200	TWC,QTIE,AF
ecg19201	AF
ecg19202	STC,AF
ecg19203	AQW,TWC,AF
ecg19204	STC,AF
ecg19205	AF
ecg19206	STC,AF
ecg19207	STC,AF
ecg19208	STC,AF
ecg19209	AF,LVQRSAL
ecg19210	AF,LVQRSAL
ecg19211	AF
ecg19212	TWC,AF
ecg19213	STTU,RWC,TWC,AF
ecg19214	BBB,AF
ecg19215	AF,LVQRSAL
ecg19216	STC,AF
ecg19217	TWC,AF
ecg19218	AF,LVQRSAL
ecg19219	STC,AF
ecg19220	TWC,AF
ecg19221	STC,AF
ecg19222	TWC,LVH,AF
ecg19223	UW,AF
ecg19224	STC,AF
ecg19225	STC,AF
ecg19226	STC,AF
ecg19227	STC,AF
ecg19228	STC,AF
ecg19229	AF
ecg19230	AF
ecg19231	STC,BRUG,AF
ecg19232	STC,QTIE,AF
ecg19233	STC,AF
ecg19234	AF
ecg19235	AF
ecg19236	TWC,QTIE,STC,AF
ecg19237	TWC,AF
ecg19238	AF,LVQRSAL
ecg19239	STC,RWC,AF
ecg19240	TWC,AF
ecg19241	TWC,AF
ecg19242	STC,AF
ecg19243	STC,AF
ecg19244	STC,AF
ecg19245	TWC,AF
ecg19246	STC,AF
ecg19247	TWC,IDC,AF
ecg19248	AF
ecg19249	TWC,AF
ecg19250	STC,AF
ecg19251	AF
ecg19252	AF
ecg19253	AF
ecg19254	AF
ecg19255	AF
ecg19256	STC,AF
ecg19257	AF
ecg19258	AF
ecg19259	STC,AF
ecg19260	AF
ecg19261	AF
ecg19262	TWC,AF
ecg19263	AF
ecg19264	STC,AF
ecg19265	TWC,LVH,AF
ecg19266	TWC,AF
ecg19267	TWC,AF
ecg19268	AF
ecg19269	AF
ecg19270	TWC,AF
ecg19271	STC,LVH,AF
ecg19272	STC,LVH,AF
ecg19273	TWC,AF
ecg19274	TWC,AF
ecg19275	AF
ecg19276	AF
ecg19277	AF
ecg19278	AF
ecg19279	STC,AF
ecg19280	STC,AF
ecg19281	AF
ecg19282	STC,AF
ecg19283	STC,AF
ecg19284	STC,AF
ecg19285	AF
ecg19286	STC,AF
ecg19287	AF
ecg19288	TWC,AF
ecg19289	STC,AF
ecg19290	AF
ecg19291	AF
ecg19292	STC,AF
ecg19293	AF
ecg19294	AF
ecg19295	STC,LVH,AF
ecg19296	AF
ecg19297	STC,AF
ecg19298	STC,LVH,AF
ecg19299	STC,AF
ecg19300	AF
ecg19301	AQW,TWC,AF
ecg19302	AF,LVH
ecg19303	AF
ecg19304	STC,AF
ecg19305	STC,AF
ecg19306	AF
ecg19307	STC,AF
ecg19308	AF
ecg19309	STC,LVQRSAL,AF
ecg19310	STC,LVQRSAL,AF
ecg19311	STC,AF
ecg19312	STC,AF
ecg19313	AF,LVH
ecg19314	STC,AF
ecg19315	TWC,AF
ecg19316	STC,AF
ecg19317	STC,LVH,AF
ecg19318	AF
ecg19319	STC,AF
ecg19320	STC,AF
ecg19321	STC,AF
ecg19322	STC,LVH,AF
ecg19323	STC,UW,LVH,AF
ecg19324	TWC,LVH,AF,UW
ecg19325	STC,LVH,AF
ecg19326	STC,AF
ecg19327	STC,AF
ecg19328	AF
ecg19329	TWC,AF
ecg19330	TWC,LVH,AF
ecg19331	AF
ecg19332	STC,AF
ecg19333	STC,LVH,AF
ecg19334	AF
ecg19335	TWC,AF
ecg19336	STC,RWC,AF
ecg19337	TWC,LVQRSAL,AF
ecg19338	STC,LVH,AF
ecg19339	AF
ecg19340	STC,LVH,AF
ecg19341	STC,AF
ecg19342	TWC,AF
ecg19343	AF
ecg19344	AF
ecg19345	TWC,RWC,AF
ecg19346	TWO,TWC,LVH,AF
ecg19347	STC,LVH,AF
ecg19348	STC,AF
ecg19349	AF
ecg19350	STC,AF
ecg19351	TWC,AF
ecg19352	STC,AF
ecg19353	AQW,STTU,AF,LVH,STC
ecg19354	TWC,AF
ecg19355	STC,AF
ecg19356	STC,AF
ecg19357	STC,AF
ecg19358	STC,QTIE,AF
ecg19359	AF
ecg19360	AF
ecg19361	MI,STTU,MI_LAT,AF,TWO,AQW,IDC,TWC
ecg19362	STC,AF
ecg19363	TWO,TWC,AF
ecg19364	TWO,TWC,AF
ecg19365	TWO,TWC,AF
ecg19366	TWC,AF
ecg19367	TWC,AF
ecg19368	TWC,AF
ecg19369	AF
ecg19370	STC,LVH,AF
ecg19371	TWO,AF,LVH,STDD,STC
ecg19372	TWO,STDD,AF
ecg19373	AF,LVH
ecg19374	AF
ecg19375	AF
ecg19376	STC,LVH,AF
ecg19377	TWC,AF
ecg19378	STC,AF
ecg19379	TWO,AF,LVH,STDD,STC
ecg19380	AF,LVH
ecg19381	AF,LVH
ecg19382	TWC,RWC,TWO,AF
ecg19383	AF
ecg19384	TWO,TWC,AF
ecg19385	STC,LVH,AF
ecg19386	STC,LVH,AF,STDD
ecg19387	STDD,LVH,STC,AF
ecg19388	TWC,RWC,LVQRSAL,AF
ecg19389	STDD,AF
ecg19390	AF
ecg19391	AF
ecg19392	AF
ecg19393	AF
ecg19394	AF
ecg19395	AF
ecg19396	AF
ecg19397	AF
ecg19398	TWC,AF
ecg19399	STDD,STC,AF
ecg19400	AF,LVH
ecg19401	TWC,AF
ecg19402	TWC,RWC,AF
ecg19403	STC,AF
ecg19404	TWC,AF
ecg19405	TWO,TWC,AF
ecg19406	TWC,AF,TWO
ecg19407	AF
ecg19408	STC,AF
ecg19409	TWO,TWC,AF
ecg19410	AQW,STTU,STC,AF
ecg19411	AF
ecg19412	AF
ecg19413	STDD,STC,AF
ecg19414	AF
ecg19415	STC,AF
ecg19416	TWO,AF
ecg19417	STDD,AF,TWO,LVH,STC
ecg19418	STC,LVH,AF
ecg19419	STC,AF
ecg19420	AF
ecg19421	STC,AF
ecg19422	TWC,AF
ecg19423	TWC,LVH,AF
ecg19424	AF
ecg19425	TWC,AF
ecg19426	TWC,AF
ecg19427	TWC,LVQRSAL,AF
ecg19428	AF
ecg19429	AF
ecg19430	TWO,STDD,STC,AF
ecg19431	TWC,STDD,STC,AF
ecg19432	TWC,AF
ecg19433	AF
ecg19434	AF
ecg19435	AF
ecg19436	AQW,STTU,AF,TWO,TWC
ecg19437	STC,AF
ecg19438	AF
ecg19439	TWO,STDD,STC,AF
ecg19440	STC,LVH,AF
ecg19441	STC,AF
ecg19442	STC,AF
ecg19443	AQW,STTU,TWC,AF
ecg19444	TWO,STDD,STC,AF
ecg19445	TWC,AF
ecg19446	AF
ecg19447	AF
ecg19448	AF
ecg19449	TWC,RVH,AF
ecg19450	TWO,STDD,LVH,AF
ecg19451	AF
ecg19452	AF
ecg19453	AF
ecg19454	AF
ecg19455	TWC,AF
ecg19456	AF
ecg19457	AF
ecg19458	TWC,AF
ecg19459	STC,LVH,AF
ecg19460	STC,LVH,AF
ecg19461	AF
ecg19462	AF,LVH
ecg19463	STC,AF,LVH
ecg19464	AF
ecg19465	TWO,LVH,AF
ecg19466	STC,AF
ecg19467	STC,LVH,AF
ecg19468	STC,AF
ecg19469	STC,LVH,AF
ecg19470	STC,LVH,AF
ecg19471	AF
ecg19472	STDD,AF,LVQRSAL,TWO,STC
ecg19473	TWC,STDD,STC,AF
ecg19474	AF
ecg19475	STC,LVH,AF
ecg19476	TWO,AF,LVH,STDD,STC
ecg19477	TWC,AF
ecg19478	STC,AF
ecg19479	STC,AF
ecg19480	AF
ecg19481	STC,LVH,AF
ecg19482	AF
ecg19483	AF
ecg19484	STC,AF
ecg19485	TWC,AF
ecg19486	STC,AF
ecg19487	STC,AF
ecg19488	TWC,AF
ecg19489	TWC,AF
ecg19490	AF
ecg19491	STC,AF
ecg19492	AF
ecg19493	AF
ecg19494	STC,LVH,AF
ecg19495	TWO,STDD,STC,AF
ecg19496	AF
ecg19497	AF
ecg19498	AF
ecg19499	TWC,AF
ecg19500	AF
ecg19501	TWO,STDD,STC,AF
ecg19502	TWC,RWC,TWO,AF
ecg19503	TWO,STDD,STC,AF
ecg19504	TWO,TWC,AF
ecg19505	AF,LVH
ecg19506	TWO,TWC,LVH,AF
ecg19507	AF
ecg19508	AQW,TWO,TWC,AF
ecg19509	TWC,LVQRSAL,AF
ecg19510	STC,AF
ecg19511	AF,LVQRSAL
ecg19512	AF
ecg19513	TWC,AF
ecg19514	AF
ecg19515	AF
ecg19516	TWC,LVQRSAL,AF
ecg19517	AF,RWC,LVH
ecg19518	TWC,AF
ecg19519	AF
ecg19520	TWC,AF
ecg19521	AF
ecg19522	STC,AF
ecg19523	TWO,TWC,AF
ecg19524	STC,LVH,AF
ecg19525	TWO,STC,AF
ecg19526	STC,LVH,AF
ecg19527	TWC,AF
ecg19528	TWC,LVQRSAL,AF
ecg19529	AF
ecg19530	AF
ecg19531	STC,LVQRSAL,AF
ecg19532	AF
ecg19533	AF,LVH
ecg19534	AF
ecg19535	AF
ecg19536	TWO,AF,LVH,STDD,STC
ecg19537	AF,LVH
ecg19538	STC,LVH,AF
ecg19539	AF
ecg19540	TWC,AF
ecg19541	TWC,AF
ecg19542	TWO,TWC,AF
ecg19543	AF
ecg19544	AF
ecg19545	TWC,STDD,STC,AF
ecg19546	TWC,AF
ecg19547	TWC,LVH,AF
ecg19548	AF
ecg19549	TWO,AF,LVH,STDD,STC
ecg19550	TWO,STDD,STC,AF
ecg19551	AF,LVH
ecg19552	STC,AF
ecg19553	STC,AF
ecg19554	STC,AF
ecg19555	TWC,AF
ecg19556	TWC,AF
ecg19557	TWC,AF,LVH
ecg19558	TWO,TWC,AF
ecg19559	STC,LVH,AF
ecg19560	TWC,AF
ecg19561	AF,LVH
ecg19562	TWC,AF
ecg19563	AQW,STC,AF
ecg19564	AQW,STC,AF
ecg19565	TWO,STDD,STC,AF
ecg19566	TWO,AF
ecg19567	AF,LVH
ecg19568	TWO,STC,AF
ecg19569	STC,RWC,AF
ecg19570	TWO,TWC,LVH,AF
ecg19571	AF,LVH
ecg19572	AF
ecg19573	AF,LVH
ecg19574	AF
ecg19575	TWO,LVH,STC,AF
ecg19576	AF
ecg19577	STC,AF
ecg19578	TWC,AF
ecg19579	STC,LVH,AF
ecg19580	AF
ecg19581	AF
ecg19582	AF
ecg19583	AF
ecg19584	STC,AF
ecg19585	TWC,AF
ecg19586	TWC,AF
ecg19587	AF
ecg19588	AF
ecg19589	TWO,AF,LVQRSAL
ecg19590	STDD,LVH,AF
ecg19591	AF
ecg19592	AF
ecg19593	TWO,TWC,LVH,AF
ecg19594	AF
ecg19595	AF
ecg19596	AF
ecg19597	TWO,STDD,STC,AF
ecg19598	TWO,TWC,AF
ecg19599	TWC,AF
ecg19600	AF
ecg19601	AF,LVQRSAL
ecg19602	TWO,TWC,AF
ecg19603	STC,AF
ecg19604	AF,LVH
ecg19605	TWO,AF,LVH,STDD,STC
ecg19606	AF
ecg19607	STTU,AF,TWO,TWC,LVH
ecg19608	TWC,AF
ecg19609	AF
ecg19610	TWC,AF
ecg19611	AF
ecg19612	AF
ecg19613	AF
ecg19614	TWC,QTIE,TWO,AF
ecg19615	STC,LVH,AF
ecg19616	TWO,AF,LVH,STDD,STC
ecg19617	AF
ecg19618	TWC,AF
ecg19619	AF
ecg19620	TWC,AF
ecg19621	STC,LVH,AF
ecg19622	STC,LVH,AF
ecg19623	TWC,AF
ecg19624	TWC,AF
ecg19625	TWC,AF
ecg19626	AF
ecg19627	IDC,APB
ecg19628	TWO,LVH,STDD,ARHY,STC
ecg19629	IDC,APB,LVH,ALS,ARHY
ecg19630	IDC,APB,ARHY
ecg19631	IDC,APB,ST,LVH,ALS,AT
ecg19632	IDC,AT,ST,APB
ecg19633	IDC,APB,ST,AJR
ecg19634	QTIE,APB,SB,IDC
ecg19635	STC,APB,ST,IDC,PVC
ecg19636	TWO,APB,LVH,SB,IDC,TWC
ecg19637	IDC,APB,SB
ecg19638	TWC,APB,QTIE,SB,IDC
ecg19639	IDC,APB,SB
ecg19640	TWO,APB,SB,IDC,TWC
ecg19641	IDC,APB,SB
ecg19642	TWO,APB,SB,IDC,TWC
ecg19643	TWC,APB,SB,IDC
ecg19644	IDC,APB,SB
ecg19645	IDC,APB,SB
ecg19646	STC,APB,LVH,SB,IDC
ecg19647	STC,APB,LVH,IDC,SA
ecg19648	TWO,APB,LAFB,SR,IDC,TWC
ecg19649	TWC,APB,SR,IDC
ecg19650	STC,APB,ST,IDC,RWC
ecg19651	TWC,APB,ST,LVH,IDC
ecg19652	TWC,APB,ST,LVH,IDC
ecg19653	IDC,APB,ST
ecg19654	IDC,APB,ST
ecg19655	STDD,APB,ST,TWO,IDC,STC
ecg19656	STC,APB,ST,IDC
ecg19657	IDC,APB,ST
ecg19658	TWC,APB,AEC,TWO
ecg19659	TWC,APB,ST,LVH,PVC
ecg19660	APB,ST,LVH,PVC
ecg19661	APB,RVH,ST,PVC
ecg19662	TWC,APB,ST,LVH,PVC
ecg19663	TWO,APB,SB,TWC
ecg19664	APB,SA
ecg19665	STC,APB,ST
ecg19666	TWC,APB,ST,TWO
ecg19667	APB,ST
ecg19668	TWC,APB,ST,IDC,AT,PVC
ecg19669	IDC,APB,ST,LVH,AT
ecg19670	STC,APB,IDC,SB,LVH
ecg19671	STC,APB,ST,IDC,BPAC
ecg19672	IDC,APB,ST
ecg19673	STTU,APB,ST,LVH,TWO,IDC,RWC,TWC
ecg19674	IDC,APB,ST
ecg19675	TWC,APB,ST
ecg19676	AQW,APB,LVQRSAL,ST,IDC,TWC,ALS,AT
ecg19677	AQW,APB,LAFB,LVQRSAL,ST,IDC
ecg19678	IDC,APB,ST,BPAC
ecg19679	TWC,APB,ARS,ST,CCR,BPAC
ecg19680	CLBBB,APB,ST,LVH,BPAC,ALS
ecg19681	APB,ARS,ST,LVH,BPAC,PVC
ecg19682	APB,SB,BPAC
ecg19683	STTU,APB,LVH,TWO,SB,TWC,SA,BPAC
ecg19684	STDD,APB,ST,TWO,TWC,STC,BPAC
ecg19685	TWC,APB,LVH,ARHY,AT
ecg19686	APB,SB,LVH,AT
ecg19687	STDD,APB,ST,TWO,IDC,AT,STC,BPAC
ecg19688	AQW,APB,CLBBB,AT,APACE
ecg19689	STTU,APB,LAFB,ST,TWO,AT,CLBBB
ecg19690	CRBBB,APB,ST,LVH,AT,PVC
ecg19691	CRBBB,APB,ST,AT,PVC
ecg19692	CRBBB,AT,ST,APB
ecg19693	TWC,RVH,APB,ST,AT,CRBBB
ecg19694	STDD,APB,CCR,BBB,ST,TWO,ALS,AT
ecg19695	STDD,RVH,APB,BBB,ST,TWO,ALS,AT
ecg19696	AT,ST,TPW,APB
ecg19697	STC,APB,ST,LVH,RWC,AT
ecg19698	TWC,APB,TPW,ST,AT
ecg19699	IDC,APB,ST,LVH,AT
ecg19700	TWC,APB,ST,LVH,AT
ecg19701	STDD,APB,ST,TWC,AT,STC
ecg19702	TWC,APB,TPW,ST,AT
ecg19703	TWC,APB,TPW,ST,AT
ecg19704	AT,ST,APB
ecg19705	CLBBB,APB,SB
ecg19706	CRBBB,APB,ST,LVQRSAL,ALS
ecg19707	CRBBB,APB,SR,BPAC
ecg19708	CRBBB,APB,SR,LVH
ecg19709	CRBBB,APB
ecg19710	APB,CCR,ST
ecg19711	IRBBB,APB,ERHY,LVH,SB,ALS
ecg19712	STDD,APB,RVH,ST,TWO,IRBBB
ecg19713	TWC,APB,BBB,RWC,SA
ecg19714	APB,SB,JEB,LVH
ecg19715	TWC,APB,SR,PVC
ecg19716	STTU,APB,ST,STDD,STC,PVC
ecg19717	STC,APB,ST,LVH,PVC
ecg19718	STC,APB,RBBB,SR,BPAC
ecg19719	TWC,APB,SB,BPAC
ecg19720	APB,SB,BPAC
ecg19721	QTIE,APB,SB,BPAC
ecg19722	APB,SB,BPAC
ecg19723	APB,SB,BPAC
ecg19724	AQW,APB,IDC,SB,BPAC
ecg19725	APB,SB
ecg19726	APB,SB
ecg19727	APB,SB,BPAC
ecg19728	APB,SB,LVH
ecg19729	TWC,APB,SB
ecg19730	APB,SB
ecg19731	APB,LVH,SA
ecg19732	APB,SA
ecg19733	TWC,APB,LVH,SA
ecg19734	TWC,APB,LVH,SR,BPAC
ecg19735	TWC,APB,SR
ecg19736	APB,SR,BPAC
ecg19737	STC,APB,ST,LVH
ecg19738	STC,APB,UW,ST
ecg19739	APB,ST,BPAC
ecg19740	TWC,APB,ST
ecg19741	APB,ST
ecg19742	AQW,APB,ST,LVH,STC
ecg19743	IDC,RWC,ST,APB
ecg19744	APB,ST,LVH
ecg19745	STC,APB,ST
ecg19746	APB,ST,BPAC
ecg19747	STC,APB,ST
ecg19748	APB,ST
ecg19749	APB,ST,LVQRSAL,TPW
ecg19750	APB,ST
ecg19751	STDD,APB,TWO,ARHY,AT,LVH,STC
ecg19752	TWC,APB,IRBBB,ARHY
ecg19753	STC,APB,LVH,ARHY,JEB
ecg19754	APB,ARHY,PVC
ecg19755	STTU,APB,LVH,ARHY,ERV
ecg19756	STC,APB,EAT
ecg19757	APB,ARHY
ecg19758	APB,EAT
ecg19759	APB,LVH,ARHY
ecg19760	AQW,APB,STTU,TWC,ARHY
ecg19761	APB,LVH,ARHY
ecg19762	STC,APB,ARHY
ecg19763	IDC,APB,TPW,ST,AT,CCR
ecg19764	IDC,APB,ST,AT,PVC
ecg19765	TWC,APB,IDC,SB,AT,SA
ecg19766	IDC,AT,ST,APB
ecg19767	IDC,AT,ST,APB
ecg19768	IDC,AT,ST,APB
ecg19769	STC,APB,ARS,ST,AT,CRBBB,CCR
ecg19770	CLBBB,APB,ST,AT,PVC
ecg19771	STC,APB,SR,AT,CRBBB,PVC
ecg19772	AQW,APB,SB,AT,CRBBB
ecg19773	STC,APB,ST,AT,CRBBB
ecg19774	AQW,APB,STTU,BBB,ST,LVQRSAL,AT,STC
ecg19775	STDD,APB,SPRI,JT,TWO,AT,STC
ecg19776	TWC,APB,ST,ALS,AT
ecg19777	APB,ST,LVQRSAL,AT,PVC
ecg19778	STC,APB,ARS,ST,AT,PVC
ecg19779	STDD,APB,ST,TWO,AT,LVH,STC,PVC
ecg19780	STDD,APB,SB,TWC,PPW,AT
ecg19781	AT,SB,APB
ecg19782	AT,SB,APB
ecg19783	AT,SB,APB
ecg19784	TWC,AT,SB,APB
ecg19785	TWO,APB,SB,TWC,AT,LVH
ecg19786	AT,SB,SA,APB
ecg19787	AT,SB,SA,APB
ecg19788	TWC,AT,SA,APB
ecg19789	AT,LVQRSAL,SA,APB
ecg19790	STDD,APB,TWO,SR,AT,STC
ecg19791	AT,SR,LVH,APB
ecg19792	STDD,APB,TWO,SR,AT
ecg19793	LAFB,AT,ST,APB
ecg19794	APB,AT,ST
ecg19795	AT,ST,APB
ecg19796	AT,RWC,ST,APB
ecg19797	AT,ST,LVQRSAL,APB
ecg19798	STC,APB,ST,LVH,AT
ecg19799	STC,APB,ST,LVH,AT
ecg19800	STC,AT,ST,APB
ecg19801	AT,ST,APB
ecg19802	AT,ST,APB
ecg19803	TWO,AT,ST,APB
ecg19804	AQW,APB,STTU,ST,TWC,AT
ecg19805	AT,ST,APB
ecg19806	AT,ST,APB
ecg19807	AT,ST,APB
ecg19808	AT,ST,APB
ecg19809	AT,ST,APB
ecg19810	STC,AT,ST,APB
ecg19811	AMI,STTU,APB,TWC,MI_LAT,ST,AT,STC
ecg19812	AT,ST,TPW,APB
ecg19813	STC,AT,ST,APB
ecg19814	AT,ST,APB
ecg19815	STC,APB,ST,LVH,AT
ecg19816	STC,APB,UW,ST,LVH,AT
ecg19817	STDD,APB,ST,LVH,TWO,AT,STC
ecg19818	AT,ST,LVQRSAL,APB
ecg19819	TWC,AT,ST,APB
ecg19820	STDD,APB,ST,TWO,IDC,AT,STC
ecg19821	TWC,APB,LAFB,SB,ALS,CRBBB,CCR
ecg19822	AQW,APB,BBB,ST,LVH,ALS,STC,CCR
ecg19823	MI_ANT,APB,STTU,LAFB,BBB,ST,CCR
ecg19824	APB,ST,ALS,CCR
ecg19825	TWC,APB,ARS,ST,RWC,CCR,PVC
ecg19826	APB,TPW,ARS,ST,RAH,CCR
ecg19827	TWO,APB,TPW,ARS,ST,TWC,CCR
ecg19828	TWO,APB,LAFB,SR,CCR
ecg19829	APB,ST,CCR
ecg19830	APB,ST,CCR
ecg19831	APB,ST,TPW,CCR
ecg19832	CLBBB,APB,LVQRSAL,ST,ALS,PVC
ecg19833	STTU,TWC,APB,ALS,ST,LVH,CLBBB
ecg19834	CLBBB,APB,ST,ALS
ecg19835	CLBBB,APB,ST,LVH
ecg19836	CLBBB,APB,ST,LVH
ecg19837	CLBBB,APB,ST,LVH
ecg19838	CLBBB,APB,RWC,ST
ecg19839	TWO,APB,LAFB,SB,TWC,JEB,CRBBB
ecg19840	CRBBB,APB,LVH,SB,ALS
ecg19841	CRBBB,APB,ST,ALS
ecg19842	CRBBB,APB,SR,PVC
ecg19843	TWC,APB,ST,CRBBB,PVC
ecg19844	CRBBB,APB,ST,PVC
ecg19845	TWO,APB,ARS,SB,TWC,CRBBB
ecg19846	LAFB,APB,LVQRSAL,SB,CRBBB
ecg19847	CRBBB,APB,SB
ecg19848	CRBBB,APB,SB
ecg19849	UW,SB,CRBBB,APB
ecg19850	CRBBB,APB,SB
ecg19851	CRBBB,APB,SB,LVH
ecg19852	CRBBB,SB,BPAC
ecg19853	CRBBB,SA,BPAC
ecg19854	CRBBB,APB,SA
ecg19855	CRBBB,APB,SR
ecg19856	CRBBB,APB,SR,LVH
ecg19857	CRBBB,APB,SR
ecg19858	TWC,APB,LAFB,ST,CRBBB
ecg19859	STTU,APB,RVH,LAFB,ST,CRBBB
ecg19860	TWC,APB,ST,LVH,CRBBB
ecg19861	AQW,APB,RVH,ST,TWC,CRBBB
ecg19862	TWC,APB,CRBBB,ST
ecg19863	CRBBB,APB,ST
ecg19864	TWO,APB,ST,TWC,CRBBB
ecg19865	CRBBB,APB,ST,LVH,PPW
ecg19866	AQW,APB,ST,LVQRSAL,CRBBB
ecg19867	CRBBB,APB,ST
ecg19868	AQW,APB,RVH,ST,CRBBB
ecg19869	CRBBB,APB,ST
ecg19870	TWC,APB,CRBBB,ST
ecg19871	TWC,APB,CCR,ARS,LVQRSAL,SR
ecg19872	STDD,APB,CCR,TWO,SB,LVH,STC
ecg19873	APB,CCR,SB
ecg19874	TWO,APB,CCR,SB,TWC
ecg19875	APB,CCR,SB
ecg19876	APB,CCR,SA
ecg19877	APB,CCR,SA
ecg19878	APB,CCR,SR
ecg19879	APB,CCR,SR
ecg19880	APB,CCR,ST
ecg19881	APB,ST,CCR,LVQRSAL
ecg19882	STC,APB,CCR,ST,LVQRSAL
ecg19883	TWO,APB,ARS,SR,TWC,IRBBB
ecg19884	IRBBB,APB,ARS,ST
ecg19885	STC,APB,SB,IRBBB,LVH
ecg19886	TWC,APB,RVH,ST,IRBBB
ecg19887	IRBBB,APB,ST,LVQRSAL
ecg19888	AQW,APB,RVH,ST,IRBBB
ecg19889	TWC,APB,ST,LVQRSAL,IRBBB
ecg19890	AQW,APB,BBB,SB,ALS,STC
ecg19891	TWO,APB,LAFB,BBB,ST,RWC,TWC,PVC
ecg19892	TWO,APB,BBB,ST,PWC,TWC,PVC
ecg19893	STDD,APB,BBB,TWO,SR,LVH,STC
ecg19894	STDD,APB,BBB,ST,TWO,LVH,STC
ecg19895	TWC,SB,ALS,JEB,BPAC
ecg19896	TWO,APB,SB,TWC,ALS,JEB
ecg19897	JEB,SB,APB
ecg19898	JEB,SB,APB
ecg19899	STDD,APB,TWO,SB,JEB,STC
ecg19900	TWC,APB,AVD,SB,JEB
ecg19901	JEB,SB,BPAC
ecg19902	TWC,JEB,SA,APB
ecg19903	QTIE,APB,LVQRSAL,SR,JEB
ecg19904	APB,SB,JPT
ecg19905	STC,APB,ST,JPT
ecg19906	STC,APB,ARS,ERHY
ecg19907	TWC,APB,LVH,JT
ecg19908	APB,JT
ecg19909	APB,JT
ecg19910	STC,APB,JT,QTIE,LVH
ecg19911	STTU,APB,ST,LAFB
ecg19912	STTU,APB,ST,LAFB
ecg19913	TWC,APB,RBBB,ST,LVH,ALS,PVC
ecg19914	STC,APB,ST,LVH,ALS,PVC
ecg19915	APB,ST,RWC,ALS,PVC
ecg19916	APB,SB,ALS
ecg19917	APB,SB,ALS
ecg19918	AQW,APB,SB,ALS
ecg19919	TWC,APB,TPW,SB,ALS
ecg19920	AQW,APB,SB,RWC,ALS
ecg19921	APB,SB,ALS
ecg19922	TWO,APB,SB,TWC,ALS
ecg19923	TWC,APB,SB,ALS
ecg19924	TWC,SB,ALS,APB
ecg19925	APB,SB,SA,ALS
ecg19926	APB,SA,ALS
ecg19927	APB,SA,ALS
ecg19928	APB,SR,ALS
ecg19929	APB,SR,ALS
ecg19930	APB,SR,ALS
ecg19931	TWC,APB,ST,ALS
ecg19932	APB,ST,ALS
ecg19933	STC,APB,ST,ALS,PPW
ecg19934	APB,ST,ALS
ecg19935	STC,APB,TPW,ST,ALS
ecg19936	APB,ST,ALS
ecg19937	AQW,APB,ST,LVQRSAL,TWC,ALS
ecg19938	APB,ST,ALS
ecg19939	TWC,APB,ST,ALS
ecg19940	APB,ST,ALS
ecg19941	MI,QTIE,MI_LAT,TWC,LVQRSAL,APB,ST,PVC,STDD,STC
ecg19942	QTIE,APB,SB
ecg19943	QTIE,SB,LVH,BPAC
ecg19944	QTIE,APB,SB,LVH
ecg19945	AMI,APB,STTU,QTIE,ST,LVQRSAL,TWO,AQW,TWC,PVC
ecg19946	MI_ANT,APB,STDD,TWO,SB,STC,SA
ecg19947	MI_ANT,APB,STTU,TWO,AQW,SB,TWC
ecg19948	AQW,STTU,TWC,LVQRSAL,APB,ST,AMI
ecg19949	AMI,APB,STTU,ST,TWO,RWC,TWC
ecg19950	APACE,APB
ecg19951	APACE,APB
ecg19952	TWC,APB,TPW,SB,APACE
ecg19953	APACE,APB,SB,SA
ecg19954	APACE,APB
ecg19955	APACE,APB
ecg19956	APACE,APB
ecg19957	APACE,APB,SR,SA
ecg19958	STC,APB,APACE
ecg19959	APACE,APB
ecg19960	APACE,APB
ecg19961	APACE,APB
ecg19962	STC,APB,LVH,APACE
ecg19963	APACE,APB
ecg19964	APACE,APB
ecg19965	APACE,APB
ecg19966	TWC,APB,RWC,APACE
ecg19967	APACE,APB,AT
ecg19968	APB,ST,PVC
ecg19969	STDD,APB,ARS,SR,TWC,PVC
ecg19970	APB,SB,VEB,PVC
ecg19971	AQW,APB,SB,PVC
ecg19972	APB,SB,PVC
ecg19973	APB,SB,LVH,PVC
ecg19974	STC,LVH,BPAC,SB,PVC
ecg19975	APB,SB,PVC
ecg19976	APB,SA,PVC
ecg19977	TWC,APB,LVH,SA,PVC
ecg19978	AQW,APB,RVH,PVT,SR,LAH,RAH,LVH,STC,PVC
ecg19979	QTIE,APB,PVT,LVH,SR,PVC
ecg19980	APB,SR,PVC
ecg19981	STC,APB,PVT,ST,PVC
ecg19982	BPAC,ST,LVQRSAL,RWC,PVC
ecg19983	APB,ST,PVC
ecg19984	TWC,APB,ST,PVC
ecg19985	STC,APB,ST,LVH,PVC
ecg19986	STC,APB,ST,LVH,PVC
ecg19987	APB,ST,PVC
ecg19988	TWC,APB,ST,LVH,PVC
ecg19989	STC,APB,ST,PVC
ecg19990	TWO,APB,ST,LVQRSAL,TWC,PVC
ecg19991	TWC,APB,ST,LVH,PVC
ecg19992	APB,ST,PVC
ecg19993	TWO,APB,ST,TWC,PVC
ecg19994	AQW,APB,ST,RWC,PVC
ecg19995	STC,APB,ST,LVH,PVC
ecg19996	APB,ST,PVC
ecg19997	TWC,APB,ST,PVC
ecg19998	STC,APB,ST,LVH,PVC
ecg19999	TWO,APB,ST,PVC
ecg20000	TWO,APB,ST,LVH,TWC,PVC
ecg20001	TWC,APB,ST,PVC
ecg20002	TWC,APB,PVT,QTIE,PVC
ecg20003	APB,PVC
ecg20004	RBBB,APB,SB,LVH
ecg20005	TWC,APB,RBBB,ST
ecg20006	TWO,APB,ARS,SB,TWC
ecg20007	APB,ARS,RWC,SR
ecg20008	APB,ARS,ST
ecg20009	TWC,APB,ARS,ST
ecg20010	TWO,APB,ARS,ST,LVQRSAL
ecg20011	APB,ARS,ST,TPW
ecg20012	TWC,APB,UW,LAFB,SB
ecg20013	TWO,APB,LAFB,SB,TWC
ecg20014	TWO,APB,LAFB,SB,TWC
ecg20015	STDD,APB,TWO,SB,SA
ecg20016	APB,SB,LVH,SA
ecg20017	APB,SB,SA
ecg20018	ERV,APB,SB
ecg20019	STTU,APB,LVH,SB,ERV
ecg20020	STTU,APB,IDC,SB,ERV
ecg20021	STC,APB,LVH,SB,VEB
ecg20022	WPW,APB,SB
ecg20023	TWO,APB,LVH,SB,TWC
ecg20024	APB,SB
ecg20025	STC,APB,SB
ecg20026	APB,SB
ecg20027	TWO,APB,SB,TWC
ecg20028	APB,SB,LVH
ecg20029	APB,SB
ecg20030	APB,SB
ecg20031	APB,SB
ecg20032	APB,SB
ecg20033	APB,SB
ecg20034	APB,SB
ecg20035	TWC,APB,SB
ecg20036	APB,SB
ecg20037	AQW,APB,STDD,TWO,SB,RWC,STC
ecg20038	IDC,SB,LVH,APB
ecg20039	APB,SB
ecg20040	APB,SB
ecg20041	APB,SB
ecg20042	APB,SB
ecg20043	APB,SB
ecg20044	TWO,APB,SB,TWC
ecg20045	TWC,APB,SB,LVH
ecg20046	APB,SB
ecg20047	APB,SB
ecg20048	APB,SB
ecg20049	APB,SB
ecg20050	APB,SB
ecg20051	APB,SB,LVH
ecg20052	APB,SB,LVH
ecg20053	APB,SB,LVH
ecg20054	APB,SB,LVH
ecg20055	STC,APB,IDC,SB,LVH
ecg20056	APB,SB
ecg20057	IDC,SB,APB
ecg20058	STTU,APB,SB,TWC
ecg20059	TWC,APB,SB
ecg20060	STTU,APB,SB
ecg20061	APB,SB
ecg20062	APB,SB
ecg20063	APB,SB
ecg20064	STC,APB,SB,LVH
ecg20065	APB,SB
ecg20066	TWC,APB,SB
ecg20067	APB,SB
ecg20068	APB,SB
ecg20069	APB,SB
ecg20070	TWC,APB,SB
ecg20071	STC,APB,SB
ecg20072	APB,SB,LVH
ecg20073	APB,SB
ecg20074	APB,SB
ecg20075	APB,SB
ecg20076	STC,APB,SB,LVH
ecg20077	AQW,APB,STTU,SB,TWC
ecg20078	APB,SB,LVH
ecg20079	APB,SB
ecg20080	APB,SB
ecg20081	TWC,APB,SB
ecg20082	TWO,APB,LVH,SB,TWC
ecg20083	APB,SB
ecg20084	TWC,APB,SB,LVH
ecg20085	APB,SB
ecg20086	APB,SB,LVH
ecg20087	APB,SB
ecg20088	APB,SB,LVH
ecg20089	APB,SB
ecg20090	APB,SB
ecg20091	APB,SB
ecg20092	APB,SB
ecg20093	TWC,APB,SB
ecg20094	TWC,APB,RWC,SB
ecg20095	APB,SB,LVH
ecg20096	APB,SB,LVH
ecg20097	APB,SB
ecg20098	BPAC,SB
ecg20099	TWC,APB,SB,LVH
ecg20100	STDD,TWO,SB,STC,BPAC
ecg20101	STC,APB,SB,IDC
ecg20102	TWC,APB,SB
ecg20103	APB,SB
ecg20104	APB,SB
ecg20105	TWC,APB,SB
ecg20106	APB,SB
ecg20107	STTU,APB,TWO,SB,RWC,TWC
ecg20108	APB,SB,LVH
ecg20109	APB,SB
ecg20110	APB,SB
ecg20111	APB,SB,LVH
ecg20112	APB,SB,LVH
ecg20113	APB,SB
ecg20114	APB,SB
ecg20115	APB,SB
ecg20116	STC,APB,SB
ecg20117	QTIE,APB,SB
ecg20118	APB,SB,LVH
ecg20119	TWC,APB,SB
ecg20120	STC,APB,SB,LVH
ecg20121	APB,SB,LVH,PVC
ecg20122	TWC,APB,SB
ecg20123	APB,SB,LVH
ecg20124	APB,SB,LVH
ecg20125	TWC,APB,SB,LVH
ecg20126	APB,SB
ecg20127	APB,SB
ecg20128	APB,SB,LVH
ecg20129	APB,SB
ecg20130	APB,SB
ecg20131	APB,SB
ecg20132	APB,SB
ecg20133	TWC,APB,SB
ecg20134	APB,SB,LVH
ecg20135	TWC,APB,SB
ecg20136	APB,SB
ecg20137	APB,SB,LVH
ecg20138	STDD,APB,LVH,TWO,SB,STC
ecg20139	APB,SB,LVQRSAL
ecg20140	APB,SB
ecg20141	APB,SB
ecg20142	APB,SB
ecg20143	APB,SB
ecg20144	APB,SB
ecg20145	APB,SB
ecg20146	APB,RWC,SB,LVH
ecg20147	TWO,SB,BPAC
ecg20148	APB,SB
ecg20149	APB,SB
ecg20150	TWC,APB,SB,PPW
ecg20151	BPAC,SB
ecg20152	APB,SB,LVH
ecg20153	APB,SB
ecg20154	APB,SB
ecg20155	STC,APB,SB,LVH
ecg20156	STC,APB,SB,LVH
ecg20157	STC,APB,SB,LVH
ecg20158	APB,SB,LVH
ecg20159	TWO,APB,SB,TWC
ecg20160	STC,APB,SB
ecg20161	APB,SB,LVH
ecg20162	APB,SB
ecg20163	APB,SB
ecg20164	TWC,IDC,SB,APB
ecg20165	APB,SB,LVQRSAL
ecg20166	APB,SB
ecg20167	APB,SB
ecg20168	APB,SB
ecg20169	IDC,APB,SB
ecg20170	BPAC,SB
ecg20171	APB,SB
ecg20172	APB,SB,LVH
ecg20173	TWC,APB,SB
ecg20174	TWO,APB,SB,TWC
ecg20175	APB,SB
ecg20176	BPAC,SB
ecg20177	APB,SB
ecg20178	APB,SB,LVH
ecg20179	TWO,APB,SB,TWC
ecg20180	APB,SB,LVH
ecg20181	APB,SB
ecg20182	TWO,APB,QTIE,LVH,SB,TWC
ecg20183	APB,SB
ecg20184	APB,SB
ecg20185	STC,APB,SB
ecg20186	APB,SB
ecg20187	APB,SB
ecg20188	APB,SB
ecg20189	APB,SB
ecg20190	APB,SB
ecg20191	APB,SB
ecg20192	TWC,APB,SB,LVH
ecg20193	TWC,APB,SB
ecg20194	APB,SB,LVH
ecg20195	APB,SB
ecg20196	APB,SB
ecg20197	TWO,APB,SB,TWC
ecg20198	TWO,APB,SB,LVH
ecg20199	TWO,APB,SB,LVH
ecg20200	APB,SB,LVQRSAL
ecg20201	APB,SB
ecg20202	AQW,APB,STTU,SB,TWC
ecg20203	APB,SB,LVQRSAL
ecg20204	TWO,APB,SB,TWC
ecg20205	APB,SB
ecg20206	AQW,APB,SB,TWO
ecg20207	APB,SB
ecg20208	APB,SB
ecg20209	TWC,APB,SB
ecg20210	TWC,APB,SB,LVH
ecg20211	APB,SB
ecg20212	APB,SB
ecg20213	APB,SB,LVH
ecg20214	APB,SB
ecg20215	APB,SB
ecg20216	APB,SB
ecg20217	APB,SB
ecg20218	APB,SB
ecg20219	APB,SB
ecg20220	APB,SB,LVQRSAL
ecg20221	AQW,APB,LVH,SB,PPW,STC
ecg20222	TWO,APB,SB
ecg20223	APB,SB
ecg20224	BPAC,SB
ecg20225	APB,SB
ecg20226	APB,SB
ecg20227	APB,SB
ecg20228	APB,SB
ecg20229	TWO,APB,SB,TWC
ecg20230	TWC,APB,QTIE,SB
ecg20231	TWO,APB,LVH,SB,TWC,SA
ecg20232	TWO,APB,QTIE,SB,TWC,SA
ecg20233	APB,SB,LVQRSAL,SA
ecg20234	APB,SB,SA
ecg20235	STC,APB,SB,SA
ecg20236	APB,SB,SA
ecg20237	TWC,APB,SB,SA
ecg20238	BPAC,SB,SA
ecg20239	TWC,APB,SB,SA
ecg20240	APB,SB,SA
ecg20241	TWC,APB,LVH,SB,SA
ecg20242	STC,APB,SR,SA
ecg20243	APB,SA
ecg20244	BPAC,SA
ecg20245	APB,SA
ecg20246	TWC,APB,LVH,SA
ecg20247	APB,SA
ecg20248	TWC,APB,SA
ecg20249	STC,APB,SA
ecg20250	APB,LVH,SA
ecg20251	TWC,APB,SA
ecg20252	TWC,APB,SA
ecg20253	APB,SA
ecg20254	APB,SA
ecg20255	APB,LVH,SA
ecg20256	APB,SA
ecg20257	APB,SA
ecg20258	STC,APB,LVH,SA
ecg20259	STC,APB,LVH,SA
ecg20260	APB,SA
ecg20261	TWC,APB,LVH,SA
ecg20262	APB,SA
ecg20263	STDD,APB,TWO,STC,SA
ecg20264	IDC,LVH,SA,APB
ecg20265	APB,SA
ecg20266	APB,SA
ecg20267	BPAC,SA
ecg20268	APB,SA
ecg20269	APB,SA
ecg20270	APB,SA
ecg20271	TWC,APB,SA
ecg20272	APB,LVH,SA
ecg20273	APB,SA
ecg20274	TWC,APB,SA
ecg20275	APB,SA
ecg20276	STC,APB,SR
ecg20277	APB,SR
ecg20278	IDC,SR,LVH,APB
ecg20279	TWC,APB,SR
ecg20280	STC,APB,SR,LVH
ecg20281	APB,SR
ecg20282	STDD,APB,TWO,SR,LVH,STC
ecg20283	TWC,APB,SR
ecg20284	TWC,APB,SR
ecg20285	APB,SR
ecg20286	TWC,APB,SR,PPW
ecg20287	APB,SR
ecg20288	TWC,APB,SR,TWO
ecg20289	APB,SR,LVH,PPW
ecg20290	STC,APB,SR
ecg20291	TWC,APB,SR,LVH
ecg20292	STDD,APB,SR,TWO
ecg20293	APB,SR,LVH
ecg20294	STDD,APB,LVH,TWO,SR,TWC,STC
ecg20295	STTU,APB,TWO,IDC,SR
ecg20296	STC,APB,SR
ecg20297	TWC,APB,SR,TWO
ecg20298	STDD,APB,TWO,SR,LVH,STC
ecg20299	STC,APB,SR,LVH
ecg20300	STC,APB,SR,LVH
ecg20301	APB,RWC,SR,LVH
ecg20302	APB,RWC,SR
ecg20303	APB,SR
ecg20304	TWC,APB,LVH,IDC,SR
ecg20305	APB,SR
ecg20306	TWC,APB,SR
ecg20307	APB,SR,LVQRSAL
ecg20308	APB,SR
ecg20309	STC,APB,SR,LVH
ecg20310	APB,SR,LVQRSAL
ecg20311	TWO,APB,LVQRSAL,SR,RWC,TWC
ecg20312	TWC,APB,SR
ecg20313	STDD,APB,SR,TWO
ecg20314	STDD,APB,TWO,SR,STC
ecg20315	APB,SR,SPRI
ecg20316	STDD,APB,SR,TWO
ecg20317	STC,APB,SR
ecg20318	TWO,APB,SR
ecg20319	STC,IDC,SR,APB
ecg20320	APB,SR,LVH
ecg20321	TWC,APB,SR
ecg20322	APB,SR
ecg20323	APB,SR
ecg20324	APB,SR
ecg20325	APB,SR
ecg20326	APB,SR
ecg20327	APB,SR
ecg20328	APB,SR
ecg20329	APB,SR
ecg20330	APB,SR
ecg20331	APB,SR
ecg20332	LAFB,APB,ST
ecg20333	AQW,APB,LAFB,ST,LVH
ecg20334	LAFB,APB,ST
ecg20335	LAFB,APB,ST
ecg20336	LAFB,APB,ST
ecg20337	LAFB,APB,ST
ecg20338	AQW,APB,LAFB,SPRI,ST
ecg20339	STC,APB,ST,PVT
ecg20340	STDD,APB,PVT,ST,TWC
ecg20341	TWC,APB,ST,WPW
ecg20342	APB,ST,TPW
ecg20343	APB,ST
ecg20344	STC,APB,ST,PPW
ecg20345	APB,ST
ecg20346	APB,ST
ecg20347	APB,ST
ecg20348	TWO,APB,TPW,ST,TWC
ecg20349	STC,APB,ST
ecg20350	APB,ST
ecg20351	STC,APB,ST,LVH
ecg20352	STC,APB,ST,LVH
ecg20353	TWC,APB,ST
ecg20354	APB,ST
ecg20355	STC,PRIE,ST,APB
ecg20356	AQW,APB,STTU,ST,TWO,TWC
ecg20357	AQW,APB,ST
ecg20358	APB,ST
ecg20359	TWC,APB,ST,TWO
ecg20360	STDD,APB,ST,TWO,LVH,STC
ecg20361	STC,APB,ST,LVH
ecg20362	APB,ST
ecg20363	APB,ST
ecg20364	TWC,APB,ST
ecg20365	APB,ST
ecg20366	APB,ST
ecg20367	APB,ST,LVH
ecg20368	STC,APB,ST
ecg20369	APB,ST
ecg20370	TWC,APB,ST
ecg20371	APB,ST,LVH,PWC
ecg20372	APB,ST
ecg20373	STDD,APB,SPRI,ST,TWO,LVH,STC
ecg20374	APB,RWC,ST
ecg20375	STC,APB,ST,LVH
ecg20376	STC,APB,ST
ecg20377	TWC,APB,ST
ecg20378	STC,APB,TPW,ST,LVH
ecg20379	STC,APB,ST
ecg20380	APB,ST,TPW
ecg20381	APB,ST
ecg20382	APB,ST
ecg20383	QTIE,APB,ST,LVQRSAL
ecg20384	STDD,APB,ST,LVH,TWO,STC
ecg20385	TWC,APB,ST
ecg20386	APB,ST
ecg20387	STC,APB,ST
ecg20388	APB,RWC,ST,TPW
ecg20389	STC,APB,ST
ecg20390	APB,ST,LVH
ecg20391	APB,ST
ecg20392	APB,ST
ecg20393	APB,ST,LVH
ecg20394	APB,ST
ecg20395	STC,APB,ST
ecg20396	APB,ST,LVQRSAL
ecg20397	TWC,APB,ST,LVH
ecg20398	APB,ST
ecg20399	APB,ST
ecg20400	STC,APB,ST
ecg20401	TWC,APB,ST
ecg20402	APB,ST
ecg20403	STC,APB,ST
ecg20404	APB,ST
ecg20405	STC,APB,ST,LVH
ecg20406	TWC,APB,ST,STDD
ecg20407	STC,APB,ST,LVH
ecg20408	STC,APB,ST
ecg20409	APB,ST
ecg20410	TWO,APB,ST
ecg20411	STC,APB,ST,LVH
ecg20412	TWC,APB,ST
ecg20413	TWC,APB,ST
ecg20414	IDC,ST,APB
ecg20415	STDD,APB,ST,TWO,STC
ecg20416	STC,APB,ST
ecg20417	APB,ST,LVH
ecg20418	STC,APB,ST,LVH
ecg20419	APB,ST
ecg20420	TWC,APB,ST
ecg20421	TWO,APB,ST,PWC,TWC
ecg20422	APB,ST
ecg20423	STDD,APB,TPW,ST,TWC,STC
ecg20424	APB,ST
ecg20425	TWC,APB,ST,LVH
ecg20426	APB,ST
ecg20427	APB,ST,LVH
ecg20428	STDD,APB,ST,LVH,TWO,RWC
ecg20429	TWC,APB,ST
ecg20430	STDD,APB,ST
ecg20431	STDD,APB,ST,TWO,STC
ecg20432	TWC,APB,ST
ecg20433	APB,ST,LVH
ecg20434	STC,APB,ST,LVH
ecg20435	TWC,APB,ST,TWO
ecg20436	TWC,APB,ST
ecg20437	STC,APB,ST
ecg20438	APB,ST
ecg20439	TWC,APB,ST,LVH
ecg20440	TWC,IDC,ST,APB
ecg20441	STDD,APB,ST,LVH,TWC
ecg20442	STC,APB,ST
ecg20443	STTU,APB,ST,LVQRSAL,TWO,RWC,STC
ecg20444	APB,ST
ecg20445	STC,APB,ST
ecg20446	STC,APB,ST,LVH
ecg20447	STDD,APB,ST,TWO,STC
ecg20448	APB,ST
ecg20449	STDD,APB,ST,STC
ecg20450	APB,ST
ecg20451	APB,ST
ecg20452	TWC,APB,ST,TWO
ecg20453	APB,ST
ecg20454	STDD,APB,ST,TWO,STC
ecg20455	TWC,APB,ST,LVH
ecg20456	TWC,APB,ST
ecg20457	APB,ST
ecg20458	STC,APB,TPW,ST,IDC
ecg20459	TWC,APB,ST
ecg20460	APB,ST
ecg20461	TWC,APB,ST
ecg20462	TWO,APB,ST,TWC,LVH
ecg20463	STTU,APB,ST
ecg20464	APB,ST,LVQRSAL
ecg20465	AQW,APB,TPW,ST,TWC
ecg20466	APB,ST
ecg20467	APB,ST,LVH
ecg20468	STC,APB,ST,LVH
ecg20469	APB,ST
ecg20470	APB,ST
ecg20471	STDD,APB,ST,LVH,TWO,STC
ecg20472	STDD,APB,ST,TWO,LVH,STC
ecg20473	APB,ST,LVH
ecg20474	APB,ST
ecg20475	APB,ST,LVQRSAL
ecg20476	APB,ST
ecg20477	TWO,APB,ST,TWC
ecg20478	APB,ST
ecg20479	TWC,APB,ST
ecg20480	APB,ST
ecg20481	STDD,APB,ST,TWO,LVH,STC
ecg20482	STC,APB,ST
ecg20483	STC,APB,ST
ecg20484	APB,RVH,ST,RAH
ecg20485	TWC,APB,ST,LVH
ecg20486	IDC,ST,LVH,APB
ecg20487	APB,ST
ecg20488	APB,ST,TPW
ecg20489	IDC,ST,APB
ecg20490	APB,ST
ecg20491	TWC,APB,ST
ecg20492	STDD,APB,ST,STC
ecg20493	BPAC,ST
ecg20494	TWC,APB,TPW,ST,LVQRSAL
ecg20495	APB,ST
ecg20496	APB,ST
ecg20497	STDD,APB,ST,STC
ecg20498	TWC,APB,ST
ecg20499	APB,ST
ecg20500	TWC,APB,ST,TPW
ecg20501	STC,APB,ST
ecg20502	STC,APB,ST
ecg20503	TWC,APB,ST
ecg20504	TWC,APB,ST,LVH
ecg20505	APB,ST
ecg20506	STC,APB,ST
ecg20507	STC,APB,ST
ecg20508	APB,ST
ecg20509	AQW,APB,ST,PWC,STC
ecg20510	IDC,ST,APB
ecg20511	STC,APB,ST,LVH
ecg20512	AQW,APB,ST,LVQRSAL
ecg20513	AQW,APB,ST,TWO,TWC
ecg20514	APB,ST,LVH
ecg20515	TWC,APB,TPW,ST,LVH,IDC
ecg20516	TWO,APB,ST,LVH,STC
ecg20517	STDD,APB,ST,LVH,TWC
ecg20518	TWC,APB,RVH,ST,RWC
ecg20519	STC,APB,ST
ecg20520	APB,ST
ecg20521	APB,ST
ecg20522	APB,RWC,ST
ecg20523	TWC,APB,ST
ecg20524	APB,ST
ecg20525	STTU,APB,ST,LVH,TWO,STDD,STC
ecg20526	STDD,APB,ST,LVH,TWC,STC
ecg20527	STC,APB,ST,LVH
ecg20528	APB,ST,TPW
ecg20529	TWC,APB,ST
ecg20530	TWC,APB,ST
ecg20531	APB,ST,TPW
ecg20532	APB,ST
ecg20533	STDD,APB,ST,TWC,STC
ecg20534	TWC,APB,ST
ecg20535	APB,ST
ecg20536	APB,ST
ecg20537	TWO,APB,UW,ST,LVH
ecg20538	APB,ST,TPW
ecg20539	AQW,APB,STTU,ST,TWO,TWC
ecg20540	APB,ST
ecg20541	APB,ST,LVQRSAL
ecg20542	TWC,APB,ST,LVQRSAL
ecg20543	TWC,APB,RWC,ST
ecg20544	APB,ST
ecg20545	APB,ST,LVH
ecg20546	APB,ST
ecg20547	APB,ST,LVH
ecg20548	APB,ST
ecg20549	APB,ST
ecg20550	APB,ST
ecg20551	TWO,APB,ST,LVH,STDD,STC
ecg20552	STC,APB,ST
ecg20553	APB,ST,LVH
ecg20554	APB,RVH,ST
ecg20555	TWO,APB,ST,LVH,TWC
ecg20556	STTU,APB,ST,SPRI
ecg20557	TWC,APB,TPW,ST,RWC,AT
ecg20558	IDC,RWC,ST,APB
ecg20559	TWC,APB,ST
ecg20560	APB,AIVR,VER
ecg20561	BPAC
ecg20562	APB
ecg20563	AQW,EAT,BBB,LVH,STC
ecg20564	CRBBB,LAFB,ARHY
ecg20565	CRBBB,ALS,ARHY
ecg20566	WPW,ARHY,CRBBB,SVT,PVC
ecg20567	CRBBB,LVH,ARHY
ecg20568	STTU,CRBBB,EAT
ecg20569	CRBBB,ARHY
ecg20570	CRBBB,ARHY
ecg20571	CRBBB,ARHY
ecg20572	STDD,CCR,TWO,ARHY,LVH
ecg20573	ARHY,CCR
ecg20574	ARHY,CCR
ecg20575	ARHY,CCR
ecg20576	STTU,CCR,TWO,ARHY,STC
ecg20577	TWC,IRBBB,ARHY
ecg20578	LAFB,LVQRSAL,ARHY
ecg20579	MI_ANT,STC,ALS,EAT
ecg20580	MI_ANT,STC,ALS,EAT
ecg20581	ARHY,ALS
ecg20582	TWC,ALS,ARHY
ecg20583	AQW,STTU,EAT,TWC,ALS
ecg20584	TWC,ALS,ARHY,TWO
ecg20585	STC,QTIE,RWC,ARHY,PPW,LVH
ecg20586	MI_ANT,STTU,MI_LAT,TWO,AQW,ARHY
ecg20587	MI,STTU,LVH,MI_LAT,ARHY
ecg20588	MI,MI_LAT,STDD,ARHY
ecg20589	MI_ANT,LVQRSAL,TWO,AQW,ARHY
ecg20590	AMI,STTU,EAT,QTIE,AQW,TWC
ecg20591	APACE,SB,ARHY
ecg20592	ARHY,PVC
ecg20593	ARHY,PVC
ecg20594	ARHY,LVH,PVC
ecg20595	RBBB,ARHY
ecg20596	ARHY,ARS
ecg20597	ARHY,SB
ecg20598	ARHY
ecg20599	ARHY
ecg20600	ARHY,SR
ecg20601	STTU,ARHY,ERV
ecg20602	STTU,ARHY,ERV
ecg20603	ARHY,LVH
ecg20604	TWC,ARHY
ecg20605	TWC,LVH,ARHY
ecg20606	ARHY
ecg20607	ARHY
ecg20608	ARHY
ecg20609	ARHY
ecg20610	ARHY
ecg20611	STC,ARHY
ecg20612	ARHY
ecg20613	ARHY
ecg20614	ARHY
ecg20615	ARHY
ecg20616	ARHY
ecg20617	STC,STDD,ARHY
ecg20618	ARHY
ecg20619	STC,ARHY
ecg20620	ARHY
ecg20621	ARHY
ecg20622	ARHY
ecg20623	ARHY
ecg20624	ARHY
ecg20625	ARHY
ecg20626	ARHY
ecg20627	ARHY
ecg20628	ARHY
ecg20629	ARHY
ecg20630	ARHY
ecg20631	ARHY
ecg20632	TWC,EAT
ecg20633	ARHY
ecg20634	ARHY
ecg20635	ARHY
ecg20636	ARHY
ecg20637	ARHY
ecg20638	ARHY
ecg20639	ARHY
ecg20640	ARHY
ecg20641	ARHY
ecg20642	ARHY
ecg20643	UW,EAT
ecg20644	ARHY
ecg20645	TWC,LVH,ARHY
ecg20646	ARHY
ecg20647	ARHY,LVQRSAL
ecg20648	ARHY
ecg20649	ARHY
ecg20650	ARHY,LVQRSAL
ecg20651	ARHY
ecg20652	ARHY,LVH
ecg20653	ARHY
ecg20654	ARHY
ecg20655	ARHY
ecg20656	TWC,LVH,ARHY,TWO
ecg20657	TWC,LVH,ARHY,TWO
ecg20658	ARHY
ecg20659	ARHY
ecg20660	ARHY
ecg20661	ARHY
ecg20662	EAT
ecg20663	ARHY
ecg20664	ARHY
ecg20665	ARHY
ecg20666	ARHY
ecg20667	ARHY
ecg20668	ARHY
ecg20669	ARHY
ecg20670	ARHY
ecg20671	ARHY
ecg20672	ARHY
ecg20673	ARHY
ecg20674	ARHY,LVH
ecg20675	ARHY
ecg20676	ARHY
ecg20677	ARHY
ecg20678	ARHY
ecg20679	ARHY
ecg20680	ARHY,LVH
ecg20681	ARHY
ecg20682	ARHY
ecg20683	TWC,ARHY
ecg20684	ARHY
ecg20685	TWC,ARHY
ecg20686	ARHY,LVH
ecg20687	STC,ARHY
ecg20688	STC,ARHY
ecg20689	ARHY
ecg20690	ARHY
ecg20691	STDD,EAT,TWO,LVH,STC
ecg20692	ARHY
ecg20693	UW,LVH,ARHY
ecg20694	ARHY
ecg20695	ARHY
ecg20696	ARHY
ecg20697	ARHY,LVH
ecg20698	EAT
ecg20699	ARHY
ecg20700	TWC,LVH,ARHY,TWO
ecg20701	ARHY
ecg20702	ARHY,LVH
ecg20703	ARHY
ecg20704	ARHY
ecg20705	ARHY
ecg20706	TWC,ARHY,TWO
ecg20707	ARHY,SPRI
ecg20708	ARHY
ecg20709	ARHY
ecg20710	STTU,LVH,ARHY
ecg20711	ARHY,LVH
ecg20712	ARHY
ecg20713	STC,ARHY
ecg20714	ARHY
ecg20715	ARHY
ecg20716	TWC,ARHY
ecg20717	ARHY
ecg20718	ARHY
ecg20719	ARHY
ecg20720	ARHY
ecg20721	ARHY
ecg20722	ARHY,LVH
ecg20723	ARHY
ecg20724	TWC,LVH,ARHY
ecg20725	TWC,ARHY
ecg20726	ARHY
ecg20727	ARHY
ecg20728	TWO,ARHY
ecg20729	ARHY
ecg20730	ARHY
ecg20731	ARHY
ecg20732	ARHY,LVQRSAL
ecg20733	ARHY
ecg20734	ARHY
ecg20735	TWC,LVH,ARHY,TWO
ecg20736	TWC,ARHY
ecg20737	ARHY
ecg20738	ARHY
ecg20739	ARHY,LVH
ecg20740	ARHY
ecg20741	ARHY,LVH
ecg20742	TWC,ARHY
ecg20743	ARHY
ecg20744	ARHY
ecg20745	ARHY
ecg20746	TWC,EAT
ecg20747	ARHY
ecg20748	ARHY
ecg20749	ARHY
ecg20750	ARHY,LVH
ecg20751	TWC,ARHY
ecg20752	TWC,AT,IDC,RWC,SB,JEB,SA
ecg20753	STC,ST,LVH,IDC,AT
ecg20754	IDC,AT,ST
ecg20755	TWC,IDC,AT,ST
ecg20756	TWC,IDC,AT,ST
ecg20757	STC,ARS,AT,SVT,CCR
ecg20758	WPW,ALS,AT,CRBBB,SVT,PVC
ecg20759	TWC,LVH,AT,CRBBB,SA
ecg20760	CRBBB,AT,ST
ecg20761	LAFB,RVH,AT,CRBBB,SVT
ecg20762	AT,CCR,SA
ecg20763	IRBBB,AT,APACE
ecg20764	TWC,BBB,ST,AT
ecg20765	APACE,AT
ecg20766	STDD,TWO,SR,AT,STC,PVC
ecg20767	RBBB,RVH,LAFB,AT,SVT
ecg20768	AT,SB,LVH
ecg20769	TWC,AT,SB
ecg20770	AT,SB
ecg20771	AT,SB
ecg20772	TWC,AT,SB
ecg20773	AT,SB
ecg20774	AT,SB
ecg20775	AT,SB
ecg20776	AT,SR,LVQRSAL
ecg20777	AT,ST
ecg20778	AT,ST
ecg20779	AT,ST
ecg20780	AT,ST
ecg20781	AT,ST,LVQRSAL
ecg20782	STC,ST,LVQRSAL,LVH,AT
ecg20783	AT,ST
ecg20784	AQW,STTU,ST,STDD,RWC,AT,SA
ecg20785	AT,SVT
ecg20786	TWC,AT,SVT,STC
ecg20787	AT,SVT
ecg20788	STC,AT,SVT,LVQRSAL
ecg20789	STC,AT,SVT
ecg20790	AT,SVT
ecg20791	TWC,AT,SVT
ecg20792	AT,SVT
ecg20793	STC,AT,SVT
ecg20794	AT,SVT,LVQRSAL
ecg20795	AT,SVT
ecg20796	AT,AVD,PVT
ecg20797	AT,AVD,PVT
ecg20798	AT
ecg20799	AT
ecg20800	AT,LVH
ecg20801	AT
ecg20802	STC,UW,ERHY,LVH,AF
ecg20803	RBBB,AVD,AF,ERHY,APACE
ecg20804	STC,AVD,AF,ERHY,LVH
ecg20805	AVD,AF,ERHY
ecg20806	IDC,AVB,LVQRSAL,AF
ecg20807	TWC,IDC,AVB,AF
ecg20808	STDD,AF,TWO,IDC,AVB,LVH,STC
ecg20809	TWO,AVD,BBB,VEB,TWC,ALS,AF
ecg20810	STC,QTIE,AVB,JEB,AF
ecg20811	TWC,AVD,LVH,JEB,AF
ecg20812	STDD,TWO,AVB,AF,LVH,STC
ecg20813	STDD,AVD,QTIE,TWO,AF,STC
ecg20814	TWO,AF,AVB,TWC,CCR
ecg20815	AMI,STTU,AF,MI_LAT,AQW,AVB,ALS,CRBBB
ecg20816	TWC,LAFB,AF,QTIE,AVB,CRBBB
ecg20817	TWC,CRBBB,AVB,AF
ecg20818	TWC,CRBBB,AVB,AF
ecg20819	AVB,CCR,AF
ecg20820	STC,AF,LVQRSAL,AVB,IRBBB
ecg20821	STC,AVB,IRBBB,AF
ecg20822	TWO,AF,BBB,AVB,TWC
ecg20823	TWC,AVB,ALS,AF
ecg20824	APACE,AVD,AF
ecg20825	STDD,AF,LVH,TWO,AVB,STC,APACE
ecg20826	APACE,AVD,AF
ecg20827	TWC,AVB,AF,APACE
ecg20828	AQW,STTU,AF,AVB,TWC,PVC
ecg20829	STDD,RBBB,AF,AVB,STC
ecg20830	AVB,ARS,AF
ecg20831	STC,SVT,AF
ecg20832	STTU,AF,LVH,AVB,ERV,STC
ecg20833	STC,AVB,AF
ecg20834	AVB,AF
ecg20835	STDD,AF,LVH,TWO,AVB,STC
ecg20836	TWC,AVB,LVH,AF
ecg20837	STC,AVB,LVH,AF
ecg20838	TWC,AVB,AF
ecg20839	STC,AVB,LVH,AF
ecg20840	AVB,LVH,AF
ecg20841	STC,AVB,LVH,AF
ecg20842	STC,AVB,AF
ecg20843	AVB,AF
ecg20844	AVB,RWC,AF
ecg20845	AVB,AF
ecg20846	AVB,AF
ecg20847	STC,AVB,AF
ecg20848	AVB,LVH,AF
ecg20849	AVB,AF
ecg20850	AQW,AVB,LVH,AF
ecg20851	AVB,LVH,AF
ecg20852	AVB,AF
ecg20853	AVB,AF
ecg20854	AVB,AF
ecg20855	TWC,AVB,AF
ecg20856	TWC,AVB,AF
ecg20857	AVB,RWC,AF
ecg20858	AVB,AF
ecg20859	TWC,AVB,AF
ecg20860	AVB,LVH,AF
ecg20861	AVB,AF
ecg20862	AVB,AF
ecg20863	AVB,AF
ecg20864	AVB,AF
ecg20865	STDD,AF,TWO,AVB,LVH,STC
ecg20866	STC,AVB,AF
ecg20867	AVB,LVH,AF
ecg20868	STC,AVB,LVH,AF
ecg20869	STC,AVB,AF
ecg20870	TWC,AVB,LVH,AF
ecg20871	STC,AVB,AF
ecg20872	STC,AVB,LVH,AF
ecg20873	TWC,AVB,AF
ecg20874	AVB,AF
ecg20875	AVB,AF
ecg20876	AVB,AF
ecg20877	STC,AVB,AF
ecg20878	AVB,RWC,AF
ecg20879	TWO,AF,LVH,AVB,TWC
ecg20880	AVB,AF
ecg20881	AVB,AF
ecg20882	AVB,AF
ecg20883	AVB,AF
ecg20884	TWC,AVB,TWO,AF
ecg20885	AVB,AF
ecg20886	STC,AVB,LVH,AF
ecg20887	AVB,AF
ecg20888	AQW,AVB,TWC,AF
ecg20889	CRBBB,ST,AVD
ecg20890	IDC,SVT
ecg20891	IDC,AT,LAFB,CCR
ecg20892	CLBBB,ST,LVH,CCR
ecg20893	CLBBB,ST,CCR
ecg20894	CLBBB,ST,CCR
ecg20895	AQW,ST,ALS,CRBBB,CCR
ecg20896	AQW,STTU,TWO,TWC,CRBBB,SA,CCR
ecg20897	TWC,ST,CRBBB,SVT,CCR
ecg20898	TWC,LAFB,BBB,SB,CCR
ecg20899	BBB,SB,CCR
ecg20900	AQW,BBB,TWO,SR,TWC,CCR
ecg20901	TWC,ARS,CCR,ERHY
ecg20902	LAFB,ST,ALS,CCR
ecg20903	SB,PPW,ALS,CCR
ecg20904	SB,ALS,CCR
ecg20905	SB,LVQRSAL,ALS,CCR
ecg20906	TWO,SB,RWC,TWC,ALS,CCR
ecg20907	SR,SA,ALS,CCR
ecg20908	SA,ALS,CCR
ecg20909	SR,ALS,CCR
ecg20910	SR,ALS,CCR
ecg20911	SR,ALS,CCR
ecg20912	SR,ALS,CCR
ecg20913	TWC,LVQRSAL,SR,ALS,CCR
ecg20914	SR,ALS,CCR
ecg20915	SR,ALS,CCR
ecg20916	ST,ALS,CCR
ecg20917	ST,ALS,CCR
ecg20918	ST,ALS,CCR
ecg20919	ST,ALS,CCR
ecg20920	ST,ALS,CCR
ecg20921	ST,ALS,CCR
ecg20922	ST,ALS,CCR
ecg20923	STTU,ST,ALS,CCR
ecg20924	ST,ALS,CCR
ecg20925	ST,ALS,CCR
ecg20926	AQW,ST,ALS,CCR
ecg20927	ST,ALS,CCR
ecg20928	ST,ALS,CCR
ecg20929	ST,LVQRSAL,RWC,ALS,CCR
ecg20930	MI_ANT,ARS,TWO,AQW,SR,CCR
ecg20931	STDD,TWO,STC,CCR,APACE
ecg20932	AQW,ST,CCR,PVC
ecg20933	RBBB,RVH,TPW,ARS,ST,RAH,CCR
ecg20934	SB,ARS,RWC,SA,CCR
ecg20935	AQW,SB,ARS,CCR
ecg20936	SB,ARS,CCR
ecg20937	STC,PVT,ARS,ST,RWC,CCR
ecg20938	RVH,ARS,ST,CCR
ecg20939	ST,ARS,CCR
ecg20940	STC,ARS,ST,CCR
ecg20941	RAH,ARS,ST,CCR
ecg20942	ST,ARS,TPW,CCR
ecg20943	ST,ARS,CCR
ecg20944	STC,ARS,ST,CCR
ecg20945	ST,ARS,CCR
ecg20946	ST,ARS,CCR
ecg20947	ST,ARS,CCR
ecg20948	ST,ARS,CCR
ecg20949	ST,ARS,TPW,CCR
ecg20950	ST,ARS,CCR
ecg20951	STC,ARS,ST,CCR
ecg20952	ST,ARS,TPW,CCR
ecg20953	TWC,ARS,ST,CCR
ecg20954	ST,ARS,TPW,CCR
ecg20955	TWC,RVH,ARS,ST,CCR
ecg20956	ST,ARS,TPW,CCR
ecg20957	AQW,ARS,ST,TWO,TWC,CCR
ecg20958	LAFB,SB,CCR
ecg20959	AQW,LAFB,LVH,STDD,SB,TWO,STC,CCR
ecg20960	TWC,SB,LAFB,CCR
ecg20961	SB,RWC,CCR
ecg20962	SB,CCR
ecg20963	SB,CCR
ecg20964	SB,LVQRSAL,CCR
ecg20965	SA,CCR
ecg20966	SA,CCR
ecg20967	LAFB,SR,CCR
ecg20968	SR,CCR
ecg20969	APB,SR,CCR
ecg20970	AQW,STTU,LAFB,ST,TWC,CCR
ecg20971	AQW,STTU,LAFB,ST,CCR
ecg20972	AQW,STTU,LAFB,ST,TWC,CCR
ecg20973	LAFB,ST,CCR
ecg20974	STC,ST,CCR
ecg20975	ST,TPW,CCR
ecg20976	ST,TPW,CCR
ecg20977	ST,TPW,CCR
ecg20978	ST,CCR
ecg20979	ST,TPW,CCR
ecg20980	ST,CCR
ecg20981	ST,CCR
ecg20982	ST,CCR
ecg20983	STC,ST,LVH,CCR
ecg20984	ST,CCR
ecg20985	ST,CCR
ecg20986	ST,CCR
ecg20987	TWC,TPW,ST,RAH,CCR
ecg20988	TWO,ST,LVQRSAL,TWC,CCR
ecg20989	ST,CCR
ecg20990	TWO,ST,CCR
ecg20991	RVH,TPW,ST,RAH,CCR
ecg20992	ST,TPW,CCR
ecg20993	ST,CCR
ecg20994	ST,TPW,CCR
ecg20995	AQW,STTU,ST,LVH,TWO,TWC,CCR
ecg20996	AQW,ST,CCR
ecg20997	ST,CCR
ecg20998	SVT,CCR
ecg20999	CLBBB,VER,ERHY
ecg21000	CLBBB,LVH,JT
ecg21001	MI_ANT,SA,ALS,CLBBB
ecg21002	CLBBB,PVC,APACE,ALS
ecg21003	CLBBB,SR,PVC,ALS
ecg21004	CLBBB,SB,ALS
ecg21005	CLBBB,SB,ALS
ecg21006	CLBBB,SR,ALS
ecg21007	CLBBB,ST,LVH,ALS
ecg21008	CLBBB,APACE
ecg21009	CLBBB,SR,PVC
ecg21010	TWC,PVC,ST,CLBBB
ecg21011	CLBBB,ARS,ST,LVH
ecg21012	TWC,SB,CLBBB
ecg21013	CLBBB,SB
ecg21014	STC,SB,LVH,CLBBB
ecg21015	CLBBB,SB
ecg21016	CLBBB,SB
ecg21017	STTU,SB,CLBBB
ecg21018	TWC,LVH,SB,STC,CLBBB
ecg21019	QTIE,SB,CLBBB
ecg21020	CLBBB,SB
ecg21021	CLBBB,SB
ecg21022	CLBBB,SB,LVH
ecg21023	CLBBB,SB
ecg21024	CLBBB,SR,SA
ecg21025	CLBBB,SA
ecg21026	CLBBB,SR
ecg21027	CLBBB,SR,LVQRSAL
ecg21028	CLBBB,SR
ecg21029	CLBBB,SR
ecg21030	CLBBB,SR
ecg21031	CLBBB,SR
ecg21032	CLBBB,SR,RWC
ecg21033	STC,LVH,SR,CLBBB
ecg21034	CLBBB,SR,LVH
ecg21035	PRIE,SR,CLBBB
ecg21036	CLBBB,ST
ecg21037	CLBBB,ST
ecg21038	AQW,ST,LVH,CLBBB
ecg21039	CLBBB,ST
ecg21040	CLBBB,ST
ecg21041	CLBBB,ST
ecg21042	CLBBB,ST
ecg21043	CLBBB,ST,PPW
ecg21044	STTU,TWC,ST,LVQRSAL,STC,CLBBB
ecg21045	CLBBB,ST,LVQRSAL
ecg21046	CLBBB,ST,LVQRSAL
ecg21047	CLBBB,ST
ecg21048	CLBBB,ST
ecg21049	CLBBB,ST
ecg21050	CLBBB,ST
ecg21051	CLBBB,ST
ecg21052	CLBBB,SVT,PVT
ecg21053	CRBBB,VER,ST,2AVB
ecg21054	STC,ILBBB,ST,CRBBB,LVH
ecg21055	CRBBB,SB,ARS
ecg21056	TWO,APB,LAFB,SR,TWC,JEB,CRBBB
ecg21057	CRBBB,LVH,JEB,SA,PVC
ecg21058	CRBBB,JEB,SB,AVD
ecg21059	CRBBB,AJR,PVC
ecg21060	CRBBB,SB,AVD,ERHY
ecg21061	CRBBB,ERHY
ecg21062	TWO,AJR,CRBBB
ecg21063	CRBBB,JT
ecg21064	CRBBB,SB,ALS,PVC
ecg21065	TWC,SB,ALS,CRBBB,SA
ecg21066	CRBBB,SB,SA,ALS
ecg21067	CRBBB,SB,ALS
ecg21068	CRBBB,SB,ALS
ecg21069	CRBBB,SB,ALS
ecg21070	CRBBB,SB,ALS
ecg21071	CRBBB,SB,ALS
ecg21072	TWC,SB,CRBBB,ALS
ecg21073	CRBBB,SB,ALS
ecg21074	TWC,SB,CRBBB,ALS
ecg21075	CRBBB,SB,ALS
ecg21076	CRBBB,SB,ALS
ecg21077	TWO,SB,TWC,ALS,CRBBB
ecg21078	CRBBB,SB,ALS
ecg21079	CRBBB,SB,ALS
ecg21080	CRBBB,SB,ALS
ecg21081	TWC,SB,CRBBB,ALS
ecg21082	CRBBB,SB,ALS
ecg21083	CRBBB,SB,ALS
ecg21084	TWO,SB,TWC,ALS,CRBBB
ecg21085	AQW,TWO,SB,TWC,ALS,CRBBB
ecg21086	AQW,TWO,SB,ALS,CRBBB
ecg21087	AQW,TWO,SB,TWC,ALS,CRBBB
ecg21088	CRBBB,SB,ALS
ecg21089	CRBBB,SB,ALS
ecg21090	CRBBB,SB,ALS
ecg21091	CRBBB,SB,LVH,ALS
ecg21092	CRBBB,SB,LVQRSAL,ALS
ecg21093	CRBBB,SB,ALS
ecg21094	CRBBB,SB,ALS
ecg21095	CRBBB,SB,ALS
ecg21096	CRBBB,SB,SA,ALS
ecg21097	CRBBB,LVH,SA,ALS
ecg21098	TWO,CRBBB,SA,ALS
ecg21099	CRBBB,SA,ALS
ecg21100	AQW,STTU,TWC,ALS,CRBBB,SA
ecg21101	CRBBB,SR,ALS
ecg21102	CRBBB,SR,ALS
ecg21103	CRBBB,SR,ALS
ecg21104	CRBBB,SR,ALS
ecg21105	CRBBB,SR,ALS
ecg21106	TWO,SR,TWC,ALS,CRBBB
ecg21107	CRBBB,ST,LVQRSAL,ALS
ecg21108	CRBBB,ST,ALS
ecg21109	STC,LAFB,QTIE,SR,CRBBB,PVC
ecg21110	AMI,STTU,CRBBB,ST
ecg21111	AMI,STTU,CRBBB,ST
ecg21112	AQW,LVQRSAL,SB,TWC,CRBBB,APACE
ecg21113	STC,LVH,SB,CRBBB
ecg21114	CRBBB,APACE
ecg21115	AQW,SR,CRBBB,PVC
ecg21116	CRBBB,SR,PVC
ecg21117	STC,ARS,ST,CRBBB,PVC
ecg21118	TWO,SR,TWC,CRBBB,PVC
ecg21119	TWO,RVH,TPW,ST,TWC,RAH,CRBBB,PVC
ecg21120	CRBBB,ST,LVH,PVC
ecg21121	CRBBB,ST,PVC
ecg21122	CRBBB,ST,LVH,PVC
ecg21123	CRBBB,SB,LVQRSAL,ARS
ecg21124	CRBBB,ARS,SA
ecg21125	AQW,SR,CRBBB,ARS
ecg21126	CRBBB,SR,ARS
ecg21127	CRBBB,ST,ARS
ecg21128	STDD,ARS,ST,CRBBB,STC
ecg21129	TWO,ARS,QTIE,ST,RWC,TWC,CRBBB
ecg21130	CRBBB,SB,LAFB
ecg21131	CRBBB,SB,LAFB
ecg21132	CRBBB,SB,LAFB
ecg21133	TWC,SB,CRBBB,LAFB
ecg21134	CRBBB,SB,SA
ecg21135	CRBBB,SB,SA
ecg21136	CRBBB,SB,SA
ecg21137	CRBBB,SB,SA
ecg21138	CRBBB,SB,VEB,LVH
ecg21139	CRBBB,SB
ecg21140	CRBBB,SB
ecg21141	TWO,LVH,SB,TWC,CRBBB
ecg21142	STTU,TWO,SB,TWC,CRBBB
ecg21143	AQW,STTU,STDD,TWO,SB,CRBBB
ecg21144	CRBBB,SB
ecg21145	CRBBB,SB,LVH
ecg21146	CRBBB,SB
ecg21147	CRBBB,SB,LVH
ecg21148	CRBBB,SB
ecg21149	CRBBB,SB
ecg21150	CRBBB,SB
ecg21151	CRBBB,SB
ecg21152	CRBBB,SB
ecg21153	CRBBB,SB
ecg21154	TWC,SB,CRBBB
ecg21155	STC,SB,CRBBB,LVH
ecg21156	CRBBB,SB
ecg21157	CRBBB,SB
ecg21158	CRBBB,SB
ecg21159	CRBBB,SB
ecg21160	CRBBB,SB,LVH
ecg21161	CRBBB,SB
ecg21162	CRBBB,SB
ecg21163	CRBBB,SB
ecg21164	CRBBB,SB
ecg21165	TWC,SB,LVH,CRBBB
ecg21166	CRBBB,SB
ecg21167	CRBBB,SB
ecg21168	CRBBB,SB
ecg21169	TWC,SB,CRBBB,LVH
ecg21170	CRBBB,SB
ecg21171	CRBBB,SB
ecg21172	TWC,SB,CRBBB,LVH
ecg21173	CRBBB,SB,LVH
ecg21174	STTU,SB,CRBBB,PPW
ecg21175	CRBBB,SB
ecg21176	CRBBB,SB
ecg21177	TWC,SB,CRBBB,TWO
ecg21178	CRBBB,SB
ecg21179	TWC,SB,CRBBB
ecg21180	CRBBB,SB
ecg21181	CRBBB,SB
ecg21182	CRBBB,SB,LVH
ecg21183	CRBBB,SB
ecg21184	CRBBB,SB,LVH
ecg21185	CRBBB,SB,LVH
ecg21186	CRBBB,SB
ecg21187	CRBBB,SB
ecg21188	STC,SB,CRBBB,LVH
ecg21189	CRBBB,SB
ecg21190	CRBBB,SB
ecg21191	CRBBB,SB
ecg21192	STC,SB,CRBBB,LVH
ecg21193	CRBBB,SB
ecg21194	CRBBB,SB
ecg21195	CRBBB,SB
ecg21196	TWC,SB,CRBBB,LVH
ecg21197	AQW,SB,CRBBB
ecg21198	STTU,SB,CRBBB,LVH
ecg21199	TWO,LVH,SB,TWC,CRBBB
ecg21200	CRBBB,SB
ecg21201	AQW,SB,CRBBB,TWO
ecg21202	CRBBB,SB
ecg21203	CRBBB,SB
ecg21204	CRBBB,SB
ecg21205	CRBBB,SB,LVH
ecg21206	CRBBB,SB
ecg21207	CRBBB,SB
ecg21208	CRBBB,SB
ecg21209	CRBBB,SB
ecg21210	CRBBB,SB
ecg21211	STC,SB,CRBBB,LVH
ecg21212	CRBBB,SB
ecg21213	TWO,QTIE,SB,TWC,CRBBB
ecg21214	TWC,SB,CRBBB,LVH
ecg21215	CRBBB,SB
ecg21216	CRBBB,SB
ecg21217	AQW,SB,CRBBB,RVH
ecg21218	CRBBB,SB,LVH
ecg21219	CRBBB,SB
ecg21220	STTU,SB,CRBBB
ecg21221	CRBBB,SB
ecg21222	STC,SB,CRBBB
ecg21223	CRBBB,SB
ecg21224	CRBBB,SB
ecg21225	CRBBB,SB
ecg21226	CRBBB,SB
ecg21227	CRBBB,SB
ecg21228	CRBBB,SB
ecg21229	CRBBB,SB
ecg21230	CRBBB,SB
ecg21231	CRBBB,SB
ecg21232	CRBBB,SB
ecg21233	TWC,SB,CRBBB
ecg21234	CRBBB,SB
ecg21235	CRBBB,SB
ecg21236	CRBBB,SB
ecg21237	CRBBB,SB
ecg21238	TWC,SB,CRBBB
ecg21239	CRBBB,SB
ecg21240	CRBBB,SB
ecg21241	CRBBB,SB
ecg21242	TWO,SB,CRBBB
ecg21243	CRBBB,SB
ecg21244	CRBBB,SB
ecg21245	CRBBB,SB
ecg21246	CRBBB,SB
ecg21247	TWO,LVH,SB,TWC,CRBBB
ecg21248	TWC,SB,CRBBB,TWO
ecg21249	CRBBB,SB,LVH
ecg21250	TWC,SB,CRBBB
ecg21251	CRBBB,SB
ecg21252	STC,SB,CRBBB
ecg21253	STTU,SB,CRBBB,LVH
ecg21254	CRBBB,SB
ecg21255	CRBBB,SB
ecg21256	CRBBB,SB
ecg21257	CRBBB,SB
ecg21258	CRBBB,SB
ecg21259	CRBBB,SB
ecg21260	CRBBB,SB
ecg21261	TWO,LVH,SB,TWC,CRBBB
ecg21262	CRBBB,SB
ecg21263	CRBBB,SB
ecg21264	CRBBB,SB,LVH
ecg21265	TWC,SB,CRBBB
ecg21266	TWC,SB,CRBBB,TWO
ecg21267	TWC,SB,CRBBB,TWO
ecg21268	CRBBB,SB
ecg21269	CRBBB,SB
ecg21270	STC,SB,CRBBB
ecg21271	CRBBB,SB,LVQRSAL
ecg21272	CRBBB,SB
ecg21273	CRBBB,SB,LVH
ecg21274	CRBBB,SB
ecg21275	CRBBB,SB
ecg21276	TWC,SB,CRBBB,LVH
ecg21277	CRBBB,SB
ecg21278	TWC,SB,CRBBB,TWO
ecg21279	CRBBB,SB
ecg21280	CRBBB,SB
ecg21281	CRBBB,SB
ecg21282	CRBBB,SB
ecg21283	CRBBB,SB
ecg21284	CRBBB,SB
ecg21285	CRBBB,SB
ecg21286	CRBBB,SB,LVH
ecg21287	CRBBB,SB
ecg21288	CRBBB,SB
ecg21289	TWO,LVH,SB,TWC,CRBBB
ecg21290	STTU,SB,CRBBB,TWC
ecg21291	CRBBB,SB
ecg21292	CRBBB,SB
ecg21293	CRBBB,SB
ecg21294	CRBBB,SB,SA
ecg21295	CRBBB,SB,LVH
ecg21296	CRBBB,SB,LVH
ecg21297	CRBBB,SB
ecg21298	CRBBB,SB
ecg21299	CRBBB,SB
ecg21300	CRBBB,SB
ecg21301	STC,SB,CRBBB,LVH
ecg21302	CRBBB,SB
ecg21303	CRBBB,SB
ecg21304	CRBBB,SB
ecg21305	CRBBB,SB
ecg21306	CRBBB,SB
ecg21307	CRBBB,SB
ecg21308	CRBBB,SB
ecg21309	TWC,SB,CRBBB
ecg21310	CRBBB,SB
ecg21311	CRBBB,SB
ecg21312	CRBBB,SB
ecg21313	CRBBB,SB
ecg21314	CRBBB,SB
ecg21315	CRBBB,SB
ecg21316	TWC,SB,CRBBB
ecg21317	CRBBB,SB,LVH,SA
ecg21318	CRBBB,SB,LVH,SA
ecg21319	CRBBB,SR,LVH,SA
ecg21320	STC,CRBBB,SA
ecg21321	STTU,SA,TWO,CRBBB,STC
ecg21322	TWO,TWC,PPW,CRBBB,SA
ecg21323	STTU,SA,STDD,CRBBB,STC
ecg21324	CRBBB,LVQRSAL,SA
ecg21325	CRBBB,SA
ecg21326	STC,CRBBB,SA
ecg21327	CRBBB,SA
ecg21328	TWC,CRBBB,SA,PPW
ecg21329	CRBBB,SA
ecg21330	STC,CRBBB,SA
ecg21331	CRBBB,SR,LAFB
ecg21332	STC,SR,CRBBB,PVT
ecg21333	WPW,SR,CRBBB
ecg21334	TWC,SR,CRBBB,TWO
ecg21335	CRBBB,SR
ecg21336	STC,SR,CRBBB
ecg21337	CRBBB,SR
ecg21338	CRBBB,SR
ecg21339	CRBBB,SR
ecg21340	CRBBB,SR
ecg21341	CRBBB,SR
ecg21342	CRBBB,SR
ecg21343	CRBBB,SR
ecg21344	CRBBB,SR
ecg21345	CRBBB,SR
ecg21346	CRBBB,SR
ecg21347	TWC,SR,CRBBB,TWO
ecg21348	TWO,LVH,SR,TWC,CRBBB
ecg21349	CRBBB,SR,LVH,TPW
ecg21350	CRBBB,SR
ecg21351	STDD,SR,CRBBB,TWO
ecg21352	CRBBB,SR
ecg21353	CRBBB,SR
ecg21354	CRBBB,SR
ecg21355	CRBBB,SR
ecg21356	CRBBB,SR
ecg21357	CRBBB,SR
ecg21358	CRBBB,SR
ecg21359	CRBBB,SR
ecg21360	TWO,SR,CRBBB
ecg21361	CRBBB,SR
ecg21362	CRBBB,SR
ecg21363	CRBBB,SR
ecg21364	CRBBB,SR,LVQRSAL
ecg21365	CRBBB,SR
ecg21366	CRBBB,SR
ecg21367	TWC,UW,LVH,SR,CRBBB
ecg21368	TWC,SR,CRBBB
ecg21369	TWC,SR,CRBBB
ecg21370	CRBBB,SR
ecg21371	CRBBB,SR
ecg21372	STC,SR,CRBBB,LVH
ecg21373	CRBBB,SR
ecg21374	CRBBB,SR
ecg21375	CRBBB,SR
ecg21376	CRBBB,SR
ecg21377	TWC,SR,CRBBB,TWO
ecg21378	CRBBB,SR
ecg21379	CRBBB,SR
ecg21380	STC,SR,CRBBB,LVH
ecg21381	TWC,SR,CRBBB
ecg21382	CRBBB,SR
ecg21383	CRBBB,SR
ecg21384	TWO,SR,CRBBB
ecg21385	TWC,SR,CRBBB
ecg21386	CRBBB,SR
ecg21387	CRBBB,SR,LVH
ecg21388	CRBBB,SR,LVH
ecg21389	CRBBB,SR
ecg21390	CRBBB,SR
ecg21391	TWC,SR,CRBBB
ecg21392	CRBBB,SR
ecg21393	AQW,RVH,STTU,LAFB,ST,CRBBB
ecg21394	TWC,LAFB,TPW,ST,CRBBB
ecg21395	TWC,RVH,LAFB,ST,CRBBB
ecg21396	CRBBB,ST,LAFB
ecg21397	TWO,LAFB,ST,TWC,CRBBB
ecg21398	CRBBB,RVH,ST,LAFB
ecg21399	TWC,PVT,ST,LVH,CRBBB
ecg21400	CRBBB,ST
ecg21401	TWC,CRBBB,ST
ecg21402	TWC,CRBBB,ST
ecg21403	CRBBB,ST
ecg21404	CRBBB,ST
ecg21405	STC,CRBBB,ST
ecg21406	TWC,CRBBB,ST,TWO
ecg21407	TWC,CRBBB,ST,LVQRSAL
ecg21408	STC,CRBBB,ST
ecg21409	CRBBB,ST
ecg21410	CRBBB,ST
ecg21411	CRBBB,ST
ecg21412	CRBBB,ST
ecg21413	CRBBB,ST
ecg21414	AQW,CRBBB,ST,WPW
ecg21415	CRBBB,ST
ecg21416	CRBBB,ST,LVH
ecg21417	STC,CRBBB,ST
ecg21418	STC,CRBBB,ST
ecg21419	CRBBB,ST
ecg21420	AQW,CRBBB,TWC,ST
ecg21421	CRBBB,ST
ecg21422	STC,CRBBB,ST
ecg21423	STTU,CRBBB,ST,LVQRSAL
ecg21424	STDD,CRBBB,ST,STC
ecg21425	CRBBB,ST
ecg21426	STC,CRBBB,ST,PWC
ecg21427	CRBBB,RVH,ST
ecg21428	TWC,CRBBB,ST
ecg21429	TWC,CRBBB,ST
ecg21430	TWC,CRBBB,ST
ecg21431	TWC,CRBBB,ST
ecg21432	CRBBB,ST
ecg21433	STTU,CRBBB,ST
ecg21434	STTU,CRBBB,ST
ecg21435	CRBBB,ST
ecg21436	AQW,ST,LVQRSAL,CRBBB,STC
ecg21437	CRBBB,ST
ecg21438	CRBBB,ST
ecg21439	STC,CRBBB,ST,LVQRSAL
ecg21440	CRBBB,ST,LVH
ecg21441	STC,RVH,CRBBB,ST
ecg21442	STC,CRBBB,ST
ecg21443	CRBBB,ST,LVQRSAL
ecg21444	STC,CRBBB,ST
ecg21445	STC,CRBBB,ST
ecg21446	CRBBB,ST
ecg21447	CRBBB,ST
ecg21448	CRBBB,ST
ecg21449	CRBBB,ST
ecg21450	CRBBB,ST
ecg21451	CRBBB,ST
ecg21452	CRBBB,ST
ecg21453	CRBBB,ST
ecg21454	CRBBB,ST
ecg21455	CRBBB,ST
ecg21456	STDD,ST,TWO,CRBBB,STC
ecg21457	TWC,CRBBB,ST,LVQRSAL
ecg21458	TWO,ST,LVQRSAL,PWC,CRBBB
ecg21459	CRBBB,ST
ecg21460	STDD,CRBBB,ST,TWO
ecg21461	CRBBB,ST
ecg21462	STC,CRBBB,ST
ecg21463	CRBBB,ST
ecg21464	CRBBB,ST
ecg21465	CRBBB,ST
ecg21466	CRBBB,ST
ecg21467	CRBBB,ST,LVQRSAL
ecg21468	CRBBB,RVH,ST
ecg21469	CRBBB,SVT,PVT
ecg21470	STC,CRBBB,VFIB
ecg21471	IRBBB,SB,CCR,LVQRSAL
ecg21472	LAFB,CCR,BBB,SB,ALS
ecg21473	BBB,CCR,SA
ecg21474	STC,AVRT,CCR,ERHY
ecg21475	TWO,ARS,CCR,ERHY
ecg21476	TWO,ARS,CCR,ERHY
ecg21477	TWC,TWO,CCR,ERHY
ecg21478	SB,CCR,ALS
ecg21479	TWO,SR,CCR,ALS
ecg21480	LVH,SR,CCR,ALS
ecg21481	SR,CCR,ALS
ecg21482	TWC,CCR,ST,ALS
ecg21483	STDD,CCR,ST,TWO,ALS
ecg21484	TWO,CCR,ST,LVQRSAL,ALS
ecg21485	ST,CCR,ALS
ecg21486	STTU,CCR,QTIE,SB,ERV
ecg21487	TWO,SB,QTIE,CCR
ecg21488	APACE,CCR
ecg21489	AQW,CCR,ST,LVH,TWO,TWC,PVC
ecg21490	PVC,SB,CCR
ecg21491	STDD,CCR,ST,TWO,PVC
ecg21492	TWO,CCR,ST,TWC,PVC
ecg21493	STC,SB,ARS,CCR
ecg21494	TWO,CCR,ARS,SB,TWC
ecg21495	SA,ARS,CCR
ecg21496	SR,ARS,CCR
ecg21497	ST,ARS,CCR
ecg21498	ST,ARS,CCR
ecg21499	ST,ARS,CCR
ecg21500	TWC,SB,CCR,SA
ecg21501	STC,SB,CCR,SA
ecg21502	SB,CCR,SA
ecg21503	SB,CCR,SA
ecg21504	LVH,SB,CCR,SA
ecg21505	SB,CCR,SA
ecg21506	SB,CCR,SA
ecg21507	TWC,SB,CCR,SA
ecg21508	SB,CCR,SA
ecg21509	STTU,SB,CCR,ERV
ecg21510	STTU,SB,CCR,ERV
ecg21511	STTU,CCR,LVH,SB,ERV
ecg21512	STTU,SB,CCR,ERV
ecg21513	LVH,SB,CCR
ecg21514	TWC,SB,CCR
ecg21515	SB,CCR
ecg21516	STC,SB,CCR
ecg21517	SB,CCR
ecg21518	SB,CCR
ecg21519	TWO,SB,CCR,TWC
ecg21520	SB,CCR
ecg21521	LVH,SB,CCR
ecg21522	PRIE,CCR,SB
ecg21523	SB,CCR
ecg21524	TWC,SB,CCR
ecg21525	SB,CCR
ecg21526	SB,CCR
ecg21527	LVH,SB,CCR
ecg21528	SB,CCR
ecg21529	TWC,SB,CCR
ecg21530	TWC,SB,CCR,LVH
ecg21531	TWO,SB,CCR,TWC
ecg21532	TWO,SB,CCR,TWC
ecg21533	TWO,SB,CCR,TWC
ecg21534	SB,CCR
ecg21535	LVH,SB,CCR
ecg21536	SB,CCR
ecg21537	SB,CCR
ecg21538	STTU,SB,CCR,TWC
ecg21539	TWO,SB,CCR,TWC
ecg21540	SB,CCR
ecg21541	SB,CCR
ecg21542	SB,CCR
ecg21543	STC,SB,CCR
ecg21544	LVH,SB,CCR
ecg21545	SB,CCR
ecg21546	SB,CCR
ecg21547	SB,CCR
ecg21548	SB,CCR
ecg21549	SB,CCR
ecg21550	LVH,SB,CCR
ecg21551	SB,CCR
ecg21552	TWO,SB,CCR,TWC
ecg21553	SB,CCR
ecg21554	SB,CCR
ecg21555	SB,CCR
ecg21556	AQW,CCR,QTIE,SB,STC
ecg21557	STDD,CCR,TWO,SB,STC
ecg21558	SB,CCR
ecg21559	SB,CCR
ecg21560	TWC,SB,QTIE,CCR
ecg21561	SB,CCR,LVQRSAL
ecg21562	SB,CCR
ecg21563	SB,CCR
ecg21564	SB,CCR
ecg21565	TWC,SB,CCR
ecg21566	TWC,SB,CCR
ecg21567	SB,CCR
ecg21568	SB,CCR
ecg21569	SB,CCR
ecg21570	LVH,SB,CCR
ecg21571	TWO,SB,CCR
ecg21572	SB,CCR
ecg21573	SB,CCR
ecg21574	AQW,SB,CCR
ecg21575	AQW,CCR,TWO,SB,TWC
ecg21576	LVH,SB,CCR
ecg21577	TWO,SB,CCR
ecg21578	SB,CCR
ecg21579	SB,CCR
ecg21580	SB,CCR
ecg21581	SB,CCR
ecg21582	SB,CCR
ecg21583	TWO,SB,CCR,TWC
ecg21584	SB,CCR
ecg21585	LVH,SB,CCR
ecg21586	TWO,SB,CCR
ecg21587	LVH,SB,CCR
ecg21588	SB,CCR
ecg21589	SB,CCR
ecg21590	SB,CCR,LVQRSAL
ecg21591	SB,CCR
ecg21592	LVH,SB,CCR
ecg21593	SB,CCR
ecg21594	SB,CCR
ecg21595	SB,CCR
ecg21596	SB,CCR
ecg21597	TWO,SB,CCR
ecg21598	TWC,SB,CCR
ecg21599	SB,CCR
ecg21600	TWC,SB,CCR
ecg21601	SB,CCR
ecg21602	LVH,SB,CCR
ecg21603	TWO,CCR,LVH,SB,TWC
ecg21604	SB,CCR
ecg21605	SB,CCR
ecg21606	SB,CCR
ecg21607	SB,CCR
ecg21608	TWO,CCR,LVH,SB,TWC
ecg21609	LVH,SB,CCR
ecg21610	SB,CCR
ecg21611	TWO,SB,CCR
ecg21612	AQW,SB,CCR
ecg21613	SB,CCR
ecg21614	TWO,SB,CCR
ecg21615	SB,CCR
ecg21616	SB,CCR
ecg21617	STTU,CCR,SB,ERV
ecg21618	STDD,SB,CCR
ecg21619	LVH,SB,CCR
ecg21620	TWO,SB,CCR
ecg21621	SB,CCR
ecg21622	LVH,SB,CCR
ecg21623	SB,CCR
ecg21624	SB,CCR
ecg21625	TWC,SB,CCR
ecg21626	SB,CCR
ecg21627	STC,SB,CCR
ecg21628	SB,CCR,SA
ecg21629	TWC,CCR,SA
ecg21630	TWC,CCR,SA,TWO
ecg21631	SA,CCR
ecg21632	TWC,CCR,SA
ecg21633	LVH,CCR,SA
ecg21634	SA,CCR
ecg21635	SA,CCR
ecg21636	TWO,CCR,SA
ecg21637	LAFB,SR,CCR
ecg21638	SR,CCR
ecg21639	SR,CCR
ecg21640	SR,CCR
ecg21641	SR,CCR
ecg21642	SR,CCR
ecg21643	SR,CCR
ecg21644	STC,SR,CCR
ecg21645	SR,CCR
ecg21646	STC,SR,CCR
ecg21647	LVH,SR,CCR
ecg21648	SR,CCR
ecg21649	TWC,SR,CCR
ecg21650	SR,CCR
ecg21651	SR,CCR
ecg21652	TWC,SR,CCR
ecg21653	TWC,SR,CCR,LVH
ecg21654	SR,CCR
ecg21655	SR,CCR
ecg21656	STC,SR,CCR
ecg21657	SR,CCR
ecg21658	SR,CCR
ecg21659	SR,CCR
ecg21660	SR,CCR
ecg21661	SR,CCR
ecg21662	SR,CCR
ecg21663	SR,CCR
ecg21664	TWC,SR,CCR
ecg21665	SR,CCR
ecg21666	SR,CCR
ecg21667	TWO,SR,CCR,TWC
ecg21668	SR,CCR
ecg21669	SR,CCR
ecg21670	SR,CCR
ecg21671	STDD,SR,CCR,TWO
ecg21672	TWC,SR,CCR
ecg21673	STDD,SR,CCR,TWO
ecg21674	TWO,SR,CCR,LVH
ecg21675	TWO,SR,CCR
ecg21676	SR,CCR
ecg21677	SR,CCR
ecg21678	SR,CCR
ecg21679	SR,CCR
ecg21680	TWC,SR,CCR
ecg21681	QTIE,SR,CCR
ecg21682	SR,CCR
ecg21683	SR,CCR
ecg21684	SR,CCR
ecg21685	SR,CCR
ecg21686	SR,CCR
ecg21687	SR,CCR
ecg21688	SR,CCR
ecg21689	SR,CCR
ecg21690	SR,CCR
ecg21691	SR,CCR
ecg21692	SR,CCR
ecg21693	LVH,SR,CCR
ecg21694	SR,CCR
ecg21695	SR,CCR
ecg21696	SR,CCR
ecg21697	SR,CCR
ecg21698	SR,CCR
ecg21699	SR,CCR
ecg21700	SR,CCR
ecg21701	SR,CCR
ecg21702	SR,CCR
ecg21703	SR,CCR
ecg21704	SR,CCR
ecg21705	SR,CCR
ecg21706	LAFB,CCR,ST,PWC
ecg21707	TWC,CCR,ST
ecg21708	STDD,CCR,ST,LVH,STC
ecg21709	STC,CCR,ST,LVH
ecg21710	LVH,CCR,ST
ecg21711	ST,CCR
ecg21712	ST,CCR
ecg21713	STC,CCR,ST
ecg21714	TWC,CCR,ST,TWO
ecg21715	ST,CCR
ecg21716	STDD,CCR,ST
ecg21717	ST,CCR
ecg21718	STC,CCR,ST
ecg21719	ST,CCR,LVQRSAL
ecg21720	QTIE,CCR,ST
ecg21721	ST,CCR
ecg21722	ST,CCR
ecg21723	STC,CCR,ST
ecg21724	ST,CCR
ecg21725	AQW,ST,CCR,LVQRSAL
ecg21726	ST,CCR
ecg21727	STDD,CCR,ST,STC
ecg21728	TWC,CCR,ST,TPW
ecg21729	STC,CCR,ST
ecg21730	LVH,CCR,ST
ecg21731	TWC,CCR,ST,TWO
ecg21732	ST,CCR
ecg21733	ST,CCR
ecg21734	ST,CCR
ecg21735	ST,CCR
ecg21736	STDD,CCR,ST
ecg21737	STC,CCR,ST
ecg21738	ST,CCR
ecg21739	ST,CCR
ecg21740	ST,CCR
ecg21741	STC,CCR,ST
ecg21742	TWC,CCR,ST
ecg21743	ST,CCR,LVQRSAL
ecg21744	ST,CCR
ecg21745	TWC,CCR,ST,TWO
ecg21746	ST,CCR
ecg21747	ST,CCR
ecg21748	ST,CCR
ecg21749	ST,CCR
ecg21750	ST,CCR
ecg21751	ST,CCR
ecg21752	STC,CCR,ST
ecg21753	AQW,CCR,ST,TPW
ecg21754	TWC,CCR,ST,TWO
ecg21755	TWC,ST,CCR,LVQRSAL
ecg21756	TWC,CCR,ST
ecg21757	STDD,CCR,ST
ecg21758	STC,CCR,ST
ecg21759	AQW,CCR,ST
ecg21760	ST,CCR
ecg21761	ST,CCR
ecg21762	ST,CCR
ecg21763	ST,CCR
ecg21764	ST,CCR
ecg21765	ST,CCR
ecg21766	TWC,CCR,ST
ecg21767	TWC,ST,CCR,LVQRSAL
ecg21768	STDD,CCR,ST,LVH,STC
ecg21769	ST,CCR
ecg21770	TWO,ST,CCR,LVQRSAL
ecg21771	STC,CCR,ST
ecg21772	STC,CCR,ST
ecg21773	ST,CCR
ecg21774	ST,CCR
ecg21775	ST,CCR
ecg21776	TWC,SA,ST,IDC,2AVB
ecg21777	TWC,ST,VEB,IDC,JEB,2AVB
ecg21778	TWC,AVRT,QTIE,SB,RWC,JEB,SA,2AVB
ecg21779	STC,ERHY,SB,LVH,SA,2AVB
ecg21780	STDD,SA,ERHY,TWO,SB,STC,2AVB
ecg21781	STC,ST,ERHY,2AVB
ecg21782	2AVB,SB,APACE
ecg21783	2AVB,SB,APACE
ecg21784	STC,AIVR,VER,ST,2AVB
ecg21785	STDD,ILBBB,ST,LVH,TWO,STC,PVC
ecg21786	STC,SB,LVH,ILBBB
ecg21787	STC,ILBBB,ST
ecg21788	IRBBB,AJR
ecg21789	TWC,TWO,IRBBB,ERHY
ecg21790	TWC,IRBBB,LVH,JT
ecg21791	IRBBB,ALS,APACE
ecg21792	AQW,SB,TWC,ALS,IRBBB
ecg21793	IRBBB,SB,ALS
ecg21794	IRBBB,SB,ALS
ecg21795	IRBBB,SR,ALS
ecg21796	IRBBB,ST,ALS
ecg21797	IRBBB,LVH,APACE
ecg21798	TWC,SB,ARS,IRBBB
ecg21799	AQW,STTU,TPW,ARS,TWO,SB,TWC,IRBBB
ecg21800	STTU,ARS,LVQRSAL,TWO,SB,TWC,IRBBB
ecg21801	IRBBB,ARS,ST
ecg21802	STTU,LAFB,SB,ERV,IRBBB,SA
ecg21803	TWO,SB,IRBBB,SA
ecg21804	TWO,LVH,SB,IRBBB,SA
ecg21805	TWC,LVH,SB,IRBBB,SA
ecg21806	IRBBB,SB,SA
ecg21807	IRBBB,SB,LVH
ecg21808	IRBBB,SB
ecg21809	STC,SB,IRBBB,LVQRSAL
ecg21810	IRBBB,SB,LVH
ecg21811	IRBBB,SB
ecg21812	IRBBB,SB
ecg21813	IRBBB,SB
ecg21814	IRBBB,SB,LVH
ecg21815	IRBBB,SB,LVH
ecg21816	IRBBB,SB
ecg21817	IRBBB,SB
ecg21818	TWC,SB,IRBBB
ecg21819	IRBBB,SB
ecg21820	IRBBB,SB
ecg21821	IRBBB,SB,LVH
ecg21822	TWO,SB,IRBBB
ecg21823	IRBBB,SB
ecg21824	IRBBB,SB
ecg21825	IRBBB,SB
ecg21826	IRBBB,SB
ecg21827	IRBBB,SB
ecg21828	IRBBB,SB
ecg21829	IRBBB,SB
ecg21830	TWO,SB,IRBBB,TWC
ecg21831	IRBBB,SB,LVH
ecg21832	STTU,SB,IRBBB,ERV
ecg21833	IRBBB,SB
ecg21834	IRBBB,SB
ecg21835	IRBBB,SB
ecg21836	IRBBB,SB
ecg21837	IRBBB,SB,LVH
ecg21838	IRBBB,SB,LVH
ecg21839	IRBBB,SB,LVH
ecg21840	IRBBB,SB
ecg21841	IRBBB,SB
ecg21842	IRBBB,SB
ecg21843	STTU,IRBBB,SA,ERV
ecg21844	IRBBB,SA
ecg21845	IRBBB,SA
ecg21846	IRBBB,SR,LAFB
ecg21847	IRBBB,SR
ecg21848	IRBBB,SR
ecg21849	TWC,SR,IRBBB
ecg21850	IRBBB,SR
ecg21851	IRBBB,SR
ecg21852	IRBBB,SR
ecg21853	IRBBB,SR
ecg21854	IRBBB,SR
ecg21855	IRBBB,RVH,ST,LAFB
ecg21856	IRBBB,ST,LVH
ecg21857	IRBBB,ST,LVH
ecg21858	IRBBB,ST,LVH
ecg21859	STC,IRBBB,ST
ecg21860	IRBBB,ST
ecg21861	IRBBB,ST
ecg21862	IRBBB,ST
ecg21863	IRBBB,ST
ecg21864	IRBBB,ST,LVH
ecg21865	IRBBB,ST,LVH
ecg21866	IRBBB,ST
ecg21867	IRBBB,ST
ecg21868	STDD,IRBBB,ST,STC
ecg21869	STC,IRBBB,ST,LVH
ecg21870	TWC,ST,LVQRSAL,SVT,IRBBB
ecg21871	STDD,CLBBB,TWO,SR,STC,PVC
ecg21872	BBB,ERHY
ecg21873	AQW,BBB,LVQRSAL,AJR,STC
ecg21874	QTIE,BBB,ERHY,PVC
ecg21875	BBB,JT
ecg21876	STDD,BBB,ST,TWO,ALS,STC,PVC
ecg21877	BBB,SB,SA,ALS
ecg21878	BBB,SB,ALS
ecg21879	BBB,SB,ALS
ecg21880	BBB,SB,ALS
ecg21881	TWC,SB,BBB,ALS
ecg21882	BBB,SB,ALS
ecg21883	TWC,SB,BBB,ALS
ecg21884	BBB,SB,ALS
ecg21885	AQW,BBB,SB,TWC,ALS
ecg21886	BBB,SB,ALS
ecg21887	BBB,SB,ALS
ecg21888	AQW,BBB,LVH,TWO,SB,TWC,ALS
ecg21889	STDD,BBB,ST,TWO,ALS,PPW,LVH,STC
ecg21890	STC,BBB,ST,LVH,ALS
ecg21891	AMI,STTU,BBB,ST,TWO,TWC
ecg21892	TWO,BBB,LVH,APACE
ecg21893	BBB,APACE
ecg21894	STC,LAFB,BBB,LVH,SR,PVC
ecg21895	AQW,BBB,SR,STC,PVC
ecg21896	STC,BBB,ST,PVC
ecg21897	TWC,BBB,ST,PVC
ecg21898	STTU,SB,ARS,BBB
ecg21899	STTU,SB,ARS,BBB
ecg21900	BBB,ARS,SA
ecg21901	BBB,ARS,ST,TPW
ecg21902	BBB,SB,SARR,VEB
ecg21903	STTU,BBB,SARR,VEB
ecg21904	TWO,LAFB,BBB,SB,TWC
ecg21905	BBB,SB,LVH,SA
ecg21906	BBB,TPW,LVH,SB,SA
ecg21907	BBB,SB
ecg21908	BBB,SB
ecg21909	BBB,SB,LVH
ecg21910	BBB,SB
ecg21911	STDD,BBB,LVH,TWO,SB,STC
ecg21912	BBB,SB
ecg21913	TWC,SB,BBB,LVH
ecg21914	BBB,SB,LVH
ecg21915	BBB,SB,LVH
ecg21916	BBB,SB,LVH
ecg21917	TWO,BBB,LVH,SB,TWC
ecg21918	AQW,SB,BBB
ecg21919	BBB,SB
ecg21920	BBB,SB
ecg21921	TWC,SB,BBB
ecg21922	BBB,SB
ecg21923	STC,SB,BBB
ecg21924	BBB,SB
ecg21925	BBB,SB
ecg21926	STC,SB,BBB
ecg21927	BBB,SB
ecg21928	BBB,SB
ecg21929	BBB,SB
ecg21930	TWO,BBB,LVH,SB,TWC
ecg21931	TWO,SB,BBB,TWC
ecg21932	BBB,SB,LVH
ecg21933	BBB,SB
ecg21934	BBB,SB
ecg21935	BBB,SB,LVH
ecg21936	BBB,SB
ecg21937	BBB,SB
ecg21938	STC,SB,BBB
ecg21939	TWC,SB,BBB
ecg21940	STC,SB,BBB,LVH
ecg21941	TWO,SB,BBB,TWC
ecg21942	AQW,RVH,BBB,LAH,SB
ecg21943	BBB,SB,LVH
ecg21944	STDD,BBB,TWO,SB,STC
ecg21945	BBB,SB,LVH
ecg21946	TWC,SB,BBB
ecg21947	BBB,SB
ecg21948	BBB,SB
ecg21949	TWC,SB,BBB
ecg21950	STTU,BBB,LVH,SB,ERV,SA
ecg21951	STTU,SB,BBB,SA
ecg21952	BBB,SR,SA
ecg21953	BBB,SA
ecg21954	BBB,SA
ecg21955	AQW,SA,BBB,STDD,TWO,STC
ecg21956	BBB,SA
ecg21957	STDD,SA,BBB,LVH,TWO,STC
ecg21958	BBB,SA
ecg21959	TWO,SR,BBB,LAFB
ecg21960	STTU,BBB,LVH,SR,ERV
ecg21961	STDD,BBB,TWO,SR,LVH,STC
ecg21962	AQW,STTU,BBB,STDD,SR,TWC,LVH,STC
ecg21963	TWC,SR,BBB
ecg21964	TWC,SR,RWC,BBB
ecg21965	AQW,BBB,TWO,SR,TWC
ecg21966	BBB,SR
ecg21967	BBB,SR
ecg21968	STTU,BBB,LVH,SR,TWC
ecg21969	AQW,BBB,LVH,SR,STC
ecg21970	BBB,SR
ecg21971	STC,LAFB,BBB,ST,LVH
ecg21972	BBB,ST,LAFB
ecg21973	STC,BBB,ST
ecg21974	STDD,BBB,ST,STC
ecg21975	TWC,PRIE,BBB,ST,STC
ecg21976	TWO,BBB,ST,LVH,STDD,STC
ecg21977	BBB,ST
ecg21978	BBB,ST
ecg21979	STTU,BBB,ST,STDD,TWC,STC
ecg21980	AQW,BBB,ST,PWC,RWC,TWC
ecg21981	STDD,BBB,ST,TWO,STC
ecg21982	STC,BBB,ST,LVH
ecg21983	STC,BBB,ST,LVH
ecg21984	PRIE,BBB,ST
ecg21985	STC,BBB,ST
ecg21986	STTU,RVH,TPW,QTIE,BBB,ST,TWO,LAH,TWC,RAH,LVH
ecg21987	BBB,ST
ecg21988	STC,BBB,ST
ecg21989	TWC,BBB,ST
ecg21990	STDD,BBB,ST,TWO,STC
ecg21991	TWO,BBB,ST,LVH,STDD,STC
ecg21992	TWO,BBB,ST,LVQRSAL,TWC
ecg21993	STC,BBB,ST
ecg21994	STDD,BBB,ST,TWO,LVH,STC
ecg21995	STC,BBB,ST
ecg21996	BBB,VER
ecg21997	BRAD,SARR
ecg21998	TWC,AVD,BRAD,LVH,SB,RWC
ecg21999	TWC,BRAD,STDD,STC
ecg22000	STTU,BRAD,STDD,TWO,STC
ecg22001	STC,RWC,BRAD
ecg22002	STC,BRAD,LVH
ecg22003	MI,MI_LAT,TWO,AQW,SB,ALS,JEB,PVC
ecg22004	STDD,TWO,ALS,JEB,SARR,STC
ecg22005	JEB,LVH,SB,ALS,SA
ecg22006	TWC,JEB,SB,SARR
ecg22007	STC,LVH,SB,JEB,SARR,SA
ecg22008	JEB,SARR
ecg22009	JEB,SB,SA,SARR
ecg22010	JEB,SB,LVH
ecg22011	STDD,AVD,TWO,SB,JEB,STC
ecg22012	JEB,SB
ecg22013	QTIE,JEB,SB
ecg22014	JEB,SB,SA
ecg22015	JEB,SB,SA
ecg22016	JEB,AVD,LVH,SA
ecg22017	2AVB1,JEB,LVH,SA
ecg22018	TWC,JEB,LVH,SA
ecg22019	MI,MI_LAT,QTIE,LVH,TWO,STDD,AJR,TWC,STC
ecg22020	MI,STTU,MI_LAT,ERHY,STDD,TWO,SARR
ecg22021	MI,STTU,MI_LAT,ERHY,STDD,TWO,SB
ecg22022	MI,MI_LAT,STC,ERHY
ecg22023	MI,MI_LAT,STC,ERHY,STDD
ecg22024	ERHY,SB,PVC
ecg22025	ERHY,PVC
ecg22026	ERHY,ARS
ecg22027	ERHY,SARR
ecg22028	STC,AVD,ERHY,SB,RWC
ecg22029	AVD,SB,SA,ERHY
ecg22030	AVD,SB,SA,ERHY
ecg22031	AQW,AVD,ERHY,SB,TWC,SA
ecg22032	TWC,RVH,ST,AJR,LVH
ecg22033	STDD,ERHY,TWC,LVH,STC
ecg22034	TWO,STDD,STC,ERHY
ecg22035	STDD,AVRT,ERHY,TWO,STC
ecg22036	ERHY
ecg22037	STDD,STC,ERHY
ecg22038	ERHY
ecg22039	ERHY
ecg22040	STC,QTIE,ERHY
ecg22041	ERHY
ecg22042	ERHY
ecg22043	ERHY
ecg22044	TWC,AVRT,ERHY
ecg22045	STTU,ERHY,STDD,TWO,STC
ecg22046	ERHY
ecg22047	STC,AVD,ERHY
ecg22048	UW,ERHY
ecg22049	ERHY,LVH
ecg22050	ERHY
ecg22051	ERHY,SARR
ecg22052	ERHY
ecg22053	TWC,ERHY
ecg22054	AVRT,ERHY
ecg22055	JPT,SR,LVQRSAL,JT
ecg22056	STC,JPT,JT
ecg22057	JPT,ST,ALS
ecg22058	STDD,JPT,TWO,STC,APACE
ecg22059	TWO,SB,TWC,LVH,JPT
ecg22060	JPT,SB
ecg22061	JPT,SA
ecg22062	JPT,ST,LVQRSAL
ecg22063	AVRT,ALS,ERHY
ecg22064	QTIE,ERHY
ecg22065	LAFB,AJR,APACE
ecg22066	STDD,ERHY,TWO,SARR,APACE
ecg22067	STDD,ERHY,ARS,TWO,STC,PVC
ecg22068	STC,ARS,ERHY,TWO
ecg22069	ERHY,ARS
ecg22070	TWC,SB,AVD,ERHY
ecg22071	TWC,ERHY
ecg22072	TWC,ERHY
ecg22073	TWO,TWC,ERHY
ecg22074	TWC,ERHY
ecg22075	TWO,STDD,STC,ERHY
ecg22076	STDD,ERHY,TWO,LVH,STC
ecg22077	TWO,ERHY
ecg22078	TWO,ERHY,LVH,STDD,STC
ecg22079	AJR
ecg22080	STDD,AJR,LVH,STC
ecg22081	ERHY
ecg22082	ERHY
ecg22083	TWC,LVH,ERHY
ecg22084	ERHY,LVH
ecg22085	ERHY
ecg22086	ERHY
ecg22087	ERHY
ecg22088	AJR
ecg22089	ERHY
ecg22090	ERHY
ecg22091	AVRT,ERHY
ecg22092	STC,UW,LVH,ERHY
ecg22093	TWC,AJR,LVH
ecg22094	TWC,ARS,JT
ecg22095	STC,ST,AVD,JT
ecg22096	STDD,JT,ST,LVH,TWC
ecg22097	STC,SVT,JT
ecg22098	STC,SVT,JT
ecg22099	STC,SVT,JT
ecg22100	JT
ecg22101	TWO,STDD,STC,JT
ecg22102	JT
ecg22103	TWC,JT
ecg22104	TWO,JT
ecg22105	JT
ecg22106	LAFB,SB,ALS
ecg22107	LAFB,ST,ALS
ecg22108	LAFB,APACE
ecg22109	LAFB,SB,RWC
ecg22110	LAFB,SB,RWC
ecg22111	LAFB,SB
ecg22112	LAFB,SB
ecg22113	LAFB,SR
ecg22114	LAFB,SR
ecg22115	LAFB,SR,TPW
ecg22116	LAFB,ST
ecg22117	LAFB,ST
ecg22118	TWC,VER,LAFB
ecg22119	MI_ANT,STTU,PWC,SB,ALS,STC
ecg22120	MI,STTU,MI_LAT,STDD,SB,ALS,STC
ecg22121	AMI,STTU,ST,AQW,TWC,ALS
ecg22122	APACE,ALS
ecg22123	APACE,ALS
ecg22124	TWC,ALS,APACE
ecg22125	STDD,TWO,ALS,STC,APACE
ecg22126	TWO,SB,TWC,ALS,APACE
ecg22127	AQW,TWO,SB,TWC,ALS,PVC
ecg22128	PVC,SB,ALS
ecg22129	AQW,TWO,SB,ALS,PVC
ecg22130	PVC,SA,ALS
ecg22131	TWC,LVQRSAL,ALS,SA,PVC
ecg22132	PVC,SR,ALS
ecg22133	TWC,SR,ALS,PVC
ecg22134	PVC,SR,ALS
ecg22135	PVC,ST,ALS
ecg22136	TWO,ST,LVH,STDD,ALS,STC,PVC
ecg22137	PVC,RWC,ST,ALS
ecg22138	RBBB,SB,LAFB,ALS
ecg22139	RBBB,SB,LVH,ALS
ecg22140	RBBB,SB,ALS
ecg22141	RBBB,SB,ALS
ecg22142	TWC,SVPB,VPB,RBBB,SB,ALS
ecg22143	RBBB,SB,ALS
ecg22144	RBBB,SB,ALS
ecg22145	RBBB,SR,ALS
ecg22146	AQW,RBBB,ST,TWC,ALS
ecg22147	RBBB,ST,ALS
ecg22148	LVH,SB,SA,ALS
ecg22149	SB,SA,ALS
ecg22150	SB,SA,ALS
ecg22151	SB,SA,ALS
ecg22152	SB,SA,ALS
ecg22153	TWC,SB,SA,ALS
ecg22154	TWO,SB,TWC,ALS,SA
ecg22155	SB,SA,ALS
ecg22156	SB,ALS
ecg22157	WPW,SB,LVH,ALS
ecg22158	LVH,SB,ALS
ecg22159	SB,ALS
ecg22160	TWC,SB,ALS,TWO
ecg22161	TWC,SB,ALS
ecg22162	TWC,SB,ALS,TWO
ecg22163	TWC,SB,ALS
ecg22164	SB,ALS
ecg22165	TWC,SB,ALS,TWO
ecg22166	SB,ALS
ecg22167	LVH,SB,ALS
ecg22168	AQW,SB,ALS
ecg22169	SB,ALS
ecg22170	SB,ALS
ecg22171	SB,ALS
ecg22172	TWC,SB,ALS,UW
ecg22173	SB,ALS
ecg22174	SB,ALS
ecg22175	SB,ALS
ecg22176	SB,ALS
ecg22177	STC,SB,PPW,ALS
ecg22178	SB,ALS
ecg22179	SB,ALS
ecg22180	SB,ALS
ecg22181	STC,SB,LVH,ALS
ecg22182	SB,ALS
ecg22183	SB,ALS
ecg22184	STDD,SB,ALS,STC
ecg22185	SB,ALS
ecg22186	SB,ALS
ecg22187	TWC,PRIE,SB,ALS
ecg22188	SB,ALS
ecg22189	TWC,SB,ALS
ecg22190	SB,ALS
ecg22191	SB,ALS
ecg22192	SB,ALS
ecg22193	AQW,SB,ALS
ecg22194	SB,ALS
ecg22195	SB,ALS
ecg22196	TWC,SB,ALS
ecg22197	STC,SB,ALS
ecg22198	AQW,TWO,SB,TWC,ALS
ecg22199	TWC,SB,ALS
ecg22200	STC,SB,LVH,ALS
ecg22201	SB,ALS
ecg22202	TWC,SB,ALS
ecg22203	TWC,SB,ALS
ecg22204	SB,ALS
ecg22205	SB,ALS
ecg22206	SB,ALS
ecg22207	SB,ALS
ecg22208	SB,ALS
ecg22209	LVH,SB,ALS
ecg22210	LVH,SB,ALS
ecg22211	TWC,SB,ALS
ecg22212	SB,ALS
ecg22213	SB,ALS
ecg22214	SB,ALS
ecg22215	SB,ALS
ecg22216	SB,RWC,ALS
ecg22217	SB,ALS
ecg22218	SB,ALS
ecg22219	TWC,SB,ALS
ecg22220	SB,ALS
ecg22221	LVH,SB,ALS
ecg22222	SB,ALS
ecg22223	SB,ALS
ecg22224	SB,ALS
ecg22225	LVH,SB,ALS
ecg22226	LVH,SB,ALS
ecg22227	SB,ALS
ecg22228	LVH,SB,ALS
ecg22229	SB,ALS
ecg22230	SB,ALS
ecg22231	TWC,SB,ALS
ecg22232	SB,ALS
ecg22233	TWC,SB,LVH,ALS
ecg22234	SB,ALS
ecg22235	TWC,SB,ALS
ecg22236	STTU,SB,RWC,ALS,ERV,TWC
ecg22237	SB,ALS
ecg22238	SB,ALS
ecg22239	SB,ALS
ecg22240	SB,ALS
ecg22241	SB,ALS
ecg22242	SB,ALS
ecg22243	TWC,SB,ALS
ecg22244	SB,ALS
ecg22245	SB,ALS
ecg22246	SB,ALS
ecg22247	SB,ALS
ecg22248	TWC,SB,ALS,TWO
ecg22249	TWC,SB,ALS
ecg22250	STTU,SB,ALS
ecg22251	SB,ALS
ecg22252	SB,ALS
ecg22253	SB,ALS
ecg22254	SB,ALS
ecg22255	UW,SB,ALS
ecg22256	TWC,LVH,SB,RWC,ALS
ecg22257	SB,ALS
ecg22258	TWC,SB,ALS
ecg22259	SB,ALS
ecg22260	SB,ALS
ecg22261	SB,ALS
ecg22262	SB,ALS
ecg22263	SB,ALS
ecg22264	SB,ALS
ecg22265	SB,ALS
ecg22266	SB,ALS
ecg22267	SB,ALS
ecg22268	SB,ALS
ecg22269	SB,ALS
ecg22270	SB,ALS
ecg22271	SB,ALS
ecg22272	TWC,SB,ALS
ecg22273	SB,ALS
ecg22274	SB,ALS
ecg22275	SB,ALS
ecg22276	SB,ALS
ecg22277	SB,ALS
ecg22278	SB,ALS
ecg22279	TWC,SB,ALS
ecg22280	SB,ALS
ecg22281	SB,ALS
ecg22282	SB,ALS
ecg22283	SB,ALS
ecg22284	SB,ALS
ecg22285	SB,ALS
ecg22286	LVH,SB,ALS
ecg22287	AQW,TWO,SB,TWC,ALS
ecg22288	SB,ALS
ecg22289	SB,ALS
ecg22290	STC,SB,ALS
ecg22291	TWC,SB,ALS
ecg22292	SB,ALS
ecg22293	STDD,QTIE,LVH,TWO,SB,ALS,STC
ecg22294	TWO,LVH,SB,RWC,TWC,ALS
ecg22295	TWC,SB,ALS
ecg22296	SB,ALS
ecg22297	TWC,SB,ALS
ecg22298	SB,ALS
ecg22299	SB,ALS
ecg22300	SB,ALS
ecg22301	TWC,SB,ALS
ecg22302	SB,LVQRSAL,ALS
ecg22303	SB,ALS
ecg22304	SB,ALS
ecg22305	SB,ALS
ecg22306	SB,ALS
ecg22307	SB,ALS
ecg22308	TWC,SB,ALS,TWO
ecg22309	TWC,SB,ALS
ecg22310	TWC,SB,LVH,ALS
ecg22311	TWC,SB,ALS,TWO
ecg22312	SB,ALS
ecg22313	SB,ALS
ecg22314	SB,ALS
ecg22315	TWO,SPRI,SB,TWC,ALS
ecg22316	SB,ALS
ecg22317	SB,ALS
ecg22318	SB,ALS
ecg22319	LVH,SB,ALS
ecg22320	SB,ALS
ecg22321	TWC,SB,ALS
ecg22322	SB,ALS
ecg22323	SB,ALS
ecg22324	TWC,SB,LVH,ALS
ecg22325	SB,ALS
ecg22326	SB,ALS
ecg22327	SB,ALS
ecg22328	SB,ALS
ecg22329	SB,RWC,ALS
ecg22330	TWC,SB,ALS
ecg22331	SB,ALS
ecg22332	AQW,TWO,SB,TWC,ALS
ecg22333	AQW,TWO,SB,TWC,ALS
ecg22334	SB,ALS
ecg22335	SB,ALS
ecg22336	SB,ALS
ecg22337	SB,ALS
ecg22338	TWC,SB,ALS
ecg22339	TWC,SB,LVH,ALS
ecg22340	SB,ALS
ecg22341	SB,ALS
ecg22342	SB,ALS
ecg22343	AQW,TWO,SB,TWC,ALS
ecg22344	SB,ALS
ecg22345	SB,ALS
ecg22346	SB,ALS
ecg22347	SB,ALS
ecg22348	SB,ALS
ecg22349	SB,ALS
ecg22350	SB,ALS
ecg22351	SB,ALS
ecg22352	SB,ALS
ecg22353	AQW,TWO,SB,TWC,ALS
ecg22354	TWC,SB,ALS
ecg22355	SB,RWC,ALS
ecg22356	SB,ALS
ecg22357	SB,ALS
ecg22358	SB,ALS
ecg22359	SB,RWC,ALS
ecg22360	TWC,SB,ALS,UW
ecg22361	SB,ALS
ecg22362	TWC,SB,ALS
ecg22363	TWC,SB,ALS,TWO
ecg22364	SB,ALS
ecg22365	SB,ALS
ecg22366	TWC,SB,ALS
ecg22367	SB,ALS
ecg22368	SB,ALS
ecg22369	SB,ALS
ecg22370	SB,ALS
ecg22371	AQW,TWO,SB,TWC,ALS
ecg22372	SB,ALS
ecg22373	SB,ALS
ecg22374	SB,ALS
ecg22375	TWC,SB,LVH,ALS
ecg22376	SB,ALS
ecg22377	LVH,SB,ALS
ecg22378	TWC,SB,ALS,TWO
ecg22379	SB,ALS
ecg22380	SB,ALS
ecg22381	SB,ALS
ecg22382	SB,ALS
ecg22383	TWC,SB,ALS
ecg22384	TWO,SB,LVH,ALS
ecg22385	TWC,SB,ALS
ecg22386	LVH,SB,ALS
ecg22387	SB,ALS
ecg22388	TWC,SB,ALS
ecg22389	SB,ALS
ecg22390	SB,ALS
ecg22391	TWO,SB,ALS
ecg22392	SB,ALS
ecg22393	LVH,SB,SA,ALS
ecg22394	STTU,STDD,SR,ALS,STC,SA
ecg22395	SR,SA,ALS
ecg22396	SA,ALS
ecg22397	SA,ALS
ecg22398	SA,ALS
ecg22399	TWC,SA,ALS,UW
ecg22400	SA,ALS
ecg22401	SA,ALS
ecg22402	SA,ALS
ecg22403	AQW,LVQRSAL,SA,ALS
ecg22404	SA,ALS
ecg22405	STC,LVH,SA,ALS
ecg22406	STC,SR,ALS
ecg22407	STC,SR,ALS
ecg22408	SR,ALS
ecg22409	SR,ALS
ecg22410	TWC,SR,ALS,UW
ecg22411	SR,ALS
ecg22412	SR,ALS
ecg22413	SR,ALS
ecg22414	TWO,LVH,SR,TWC,ALS
ecg22415	SR,ALS
ecg22416	LVH,SR,ALS
ecg22417	SR,ALS
ecg22418	SR,ALS
ecg22419	SR,ALS
ecg22420	SR,ALS
ecg22421	SR,ALS
ecg22422	TWC,SR,ALS,TWO
ecg22423	SR,ALS
ecg22424	SR,ALS
ecg22425	TWC,SR,ALS
ecg22426	SR,ALS
ecg22427	SR,ALS
ecg22428	SR,ALS
ecg22429	SR,ALS
ecg22430	SR,ALS
ecg22431	TWC,ALS,SR,TWO
ecg22432	TWC,SR,ALS
ecg22433	TWC,SR,ALS
ecg22434	STC,SR,ALS
ecg22435	SR,ALS
ecg22436	SR,ALS
ecg22437	SR,ALS
ecg22438	SR,ALS
ecg22439	SR,ALS
ecg22440	SR,ALS
ecg22441	TWC,LVH,SR,RWC,ALS
ecg22442	AQW,STDD,TWO,SR,ALS
ecg22443	SR,LVQRSAL,ALS
ecg22444	AQW,SR,TWC,ALS
ecg22445	SR,ALS
ecg22446	SR,ALS
ecg22447	SR,ALS
ecg22448	SR,ALS
ecg22449	SR,ALS
ecg22450	SR,ALS
ecg22451	SR,ALS
ecg22452	LVH,SR,RWC,ALS
ecg22453	SR,ALS
ecg22454	SR,ALS
ecg22455	TWO,SR,ALS
ecg22456	SR,ALS
ecg22457	SR,ALS
ecg22458	SR,ALS
ecg22459	SR,ALS
ecg22460	SR,ALS
ecg22461	SR,ALS
ecg22462	SR,ALS
ecg22463	TWC,SR,ALS
ecg22464	SR,ALS
ecg22465	SR,ALS
ecg22466	TWC,SR,RWC,ALS
ecg22467	SR,ALS
ecg22468	SR,ALS
ecg22469	SR,ALS
ecg22470	SR,ALS
ecg22471	SR,ALS
ecg22472	LAFB,ST,ALS
ecg22473	TWC,LAFB,ST,LVQRSAL,RWC,ALS
ecg22474	WPW,ST,ALS
ecg22475	AQW,STTU,ST,LVH,STDD,TWO,ALS,STC
ecg22476	ST,ALS
ecg22477	ST,ALS
ecg22478	ST,ALS
ecg22479	ST,ALS
ecg22480	ST,ALS
ecg22481	AQW,ST,ALS
ecg22482	ST,ALS
ecg22483	TWC,ST,ALS
ecg22484	TWC,ST,ALS
ecg22485	STC,ST,ALS
ecg22486	TWC,ST,ALS
ecg22487	ST,ALS
ecg22488	ST,ALS
ecg22489	ST,ALS
ecg22490	ST,ALS
ecg22491	STC,RWC,ST,ALS
ecg22492	TWC,RWC,ST,ALS
ecg22493	ST,ALS
ecg22494	ST,ALS
ecg22495	ST,ALS
ecg22496	LVH,ST,ALS
ecg22497	ST,ALS
ecg22498	ST,ALS
ecg22499	ST,TPW,ALS
ecg22500	ST,ALS
ecg22501	ST,ALS
ecg22502	ST,LVQRSAL,ALS
ecg22503	STC,ST,ALS
ecg22504	ST,ALS
ecg22505	TWC,ST,ALS
ecg22506	STC,RVH,ST,ALS
ecg22507	AQW,ST,ALS
ecg22508	STC,ST,LAH,ALS,LVH
ecg22509	ST,ALS
ecg22510	TWC,RVH,ST,ALS
ecg22511	AQW,ST,STDD,ALS,STC
ecg22512	TWC,ST,LVH,ALS
ecg22513	TWC,RWC,ST,ALS
ecg22514	AQW,STTU,ST,ALS
ecg22515	ST,ALS
ecg22516	STC,ST,ALS
ecg22517	ST,TPW,ALS
ecg22518	LVH,ST,ALS
ecg22519	ST,ALS
ecg22520	ST,ALS
ecg22521	ST,ALS
ecg22522	ST,ALS
ecg22523	STDD,ST,TWO,ALS,STC
ecg22524	TWC,ST,RWC,ALS,STC
ecg22525	ST,ALS
ecg22526	ST,ALS
ecg22527	ST,ALS
ecg22528	TWC,ST,ALS
ecg22529	STTU,ST,LVH,TWC,ALS
ecg22530	AQW,STTU,ST,LVH,TWC,ALS
ecg22531	STDD,ST,TWO,ALS,STC
ecg22532	ST,TPW,ALS
ecg22533	STC,ST,ALS
ecg22534	ST,ALS
ecg22535	TWC,ST,LVH,ALS
ecg22536	ST,ALS
ecg22537	STC,ST,ALS
ecg22538	ST,ALS
ecg22539	ST,ALS
ecg22540	ST,ALS
ecg22541	ST,ALS
ecg22542	ST,ALS
ecg22543	ST,ALS
ecg22544	STC,ST,ALS
ecg22545	ST,LVQRSAL,ALS
ecg22546	ST,ALS
ecg22547	ST,ALS
ecg22548	STC,ST,STDD,ALS
ecg22549	TWC,ST,ALS
ecg22550	ST,ALS
ecg22551	STC,ST,ALS
ecg22552	ST,ALS
ecg22553	ST,ALS
ecg22554	TWO,ST,LVQRSAL,TWC,ALS
ecg22555	ST,ALS
ecg22556	ST,ALS
ecg22557	ST,ALS
ecg22558	ST,ALS
ecg22559	ST,ALS
ecg22560	STC,RWC,ST,ALS
ecg22561	ST,TPW,ALS
ecg22562	ST,ALS
ecg22563	STC,ST,LVH,PWC,ALS
ecg22564	ST,ALS
ecg22565	ST,ALS
ecg22566	ST,ALS
ecg22567	ST,ALS
ecg22568	ST,ALS
ecg22569	ST,LVQRSAL,ALS
ecg22570	ST,ALS
ecg22571	ST,ALS
ecg22572	ST,ALS
ecg22573	ST,ALS
ecg22574	SVT,ALS
ecg22575	STDD,TWO,SB,LVH,STC
ecg22576	STDD,TWO,SB,LVH,STC
ecg22577	STDD,SA,TPW,TWO,LVH,STC
ecg22578	LVH,SR
ecg22579	STDD,TWO,SR,LVH,STC
ecg22580	STDD,ST,TWO,LVH,STC
ecg22581	MI_ANT,QTIE,LVQRSAL,TWO,AQW,SR
ecg22582	QTIE,LVH,APACE
ecg22583	STDD,VER,QTIE,TWO,SB,VEB,STC,PVC
ecg22584	QTIE,SR,PVT,PVC
ecg22585	TWC,SR,QTIE,PVC
ecg22586	QTIE,SB,SA
ecg22587	QTIE,SB,SA
ecg22588	TWC,SB,QTIE,SA
ecg22589	TWC,SB,QTIE,SA
ecg22590	STDD,QTIE,TWO,SB,LVH,STC
ecg22591	QTIE,SB,LVH
ecg22592	STC,SB,QTIE
ecg22593	QTIE,SB
ecg22594	QTIE,SB,LVH
ecg22595	STTU,SB,QTIE,STC
ecg22596	QTIE,SB
ecg22597	TWC,SB,QTIE
ecg22598	STDD,QTIE,LVH,SB,STC
ecg22599	STTU,SB,QTIE,LVH
ecg22600	AQW,SB,QTIE,TWO
ecg22601	QTIE,SB
ecg22602	QTIE,SB
ecg22603	TWO,QTIE,LVQRSAL,SB,TWC
ecg22604	TWO,QTIE,SB,RWC,TWC,LVH
ecg22605	TWC,SB,QTIE
ecg22606	STC,SB,QTIE,LVH
ecg22607	QTIE,SB
ecg22608	STC,SB,QTIE
ecg22609	QTIE,PRIE,SB,LVH
ecg22610	QTIE,SB
ecg22611	TWC,SB,QTIE,TWO
ecg22612	QTIE,SB,LVH
ecg22613	QTIE,SB
ecg22614	TWC,SB,QTIE,TWO
ecg22615	QTIE,SB
ecg22616	QTIE,SB
ecg22617	QTIE,SB
ecg22618	QTIE,SB
ecg22619	QTIE,SB
ecg22620	QTIE,SB
ecg22621	TWC,SB,QTIE
ecg22622	TWC,SB,QTIE,LVH
ecg22623	TWO,SB,QTIE
ecg22624	QTIE,SB
ecg22625	AQW,QTIE,TWO,SB,RWC
ecg22626	QTIE,SB
ecg22627	TWC,SB,QTIE
ecg22628	QTIE,SB
ecg22629	QTIE,SB
ecg22630	TWC,SB,QTIE
ecg22631	QTIE,SB
ecg22632	TWO,QTIE,SB,LVH
ecg22633	TWC,SR,QTIE,SA
ecg22634	TWC,QTIE,SA
ecg22635	QTIE,SA
ecg22636	QTIE,SR,PVT
ecg22637	STC,SR,QTIE
ecg22638	TWO,SR,QTIE,LVH
ecg22639	STC,SR,QTIE,LVH
ecg22640	STC,SR,QTIE
ecg22641	STC,SR,QTIE,LVH
ecg22642	QTIE,SR
ecg22643	QTIE,SR
ecg22644	STC,SR,QTIE
ecg22645	QTIE,SR
ecg22646	QTIE,SR
ecg22647	QTIE,SR
ecg22648	AQW,PVT,QTIE,ST,STC
ecg22649	QTIE,ST,LVH
ecg22650	STC,QTIE,ST
ecg22651	STC,QTIE,ST,PWC
ecg22652	TWC,QTIE,ST
ecg22653	QTIE,ST
ecg22654	MI_ANT,STTU,MI_LAT,TWO,AQW,SR,TWC
ecg22655	MI_ANT,MI_LAT,AVD,PVT,ST
ecg22656	MI,MI_LAT,ST,AMI
ecg22657	AMI,MI_LAT,ST,STDD,STC
ecg22658	MI_ANT,TWC,TWO,APACE
ecg22659	MI_ANT,STTU,PVT,SR,PVC
ecg22660	AQW,ST,MI,MI_LAT,PVC
ecg22661	MI,MI_LAT,AQW,SB,LAFB,TWO
ecg22662	MI_ANT,SB,TWC,LAFB
ecg22663	MI,MI_LAT,LVH,TWO,AQW,SB
ecg22664	MI,SB,MI_LAT,LVH
ecg22665	MI,STTU,MI_LAT,STDD,TWO,SB
ecg22666	AMI,SB,STTU,AQW
ecg22667	MI_ANT,LVQRSAL,AQW,SB,STC
ecg22668	AMI,SB,TWO
ecg22669	MI_ANT,STTU,TWO,SB,STC
ecg22670	MI_ANT,SB,TWC
ecg22671	MI,SB,TWC,MI_LAT,AQW
ecg22672	MI,SB,TWC,MI_LAT
ecg22673	MI_ANT,SB
ecg22674	MI_ANT,STTU,TWO,AQW,SB,TWC
ecg22675	MI_ANT,SB,TWC,TWO
ecg22676	MI,MI_LAT,TWC,SB
ecg22677	AMI,SB,LVQRSAL
ecg22678	MI,STTU,MI_LAT,STDD,TWO,SB
ecg22679	MI,MI_LAT,STDD,TWO,SB,STC
ecg22680	MI,MI_LAT,LVH,TWO,AQW,SB
ecg22681	MI,MI_LAT,STDD,TWO,SB,STC
ecg22682	MI_ANT,SB
ecg22683	MI_ANT,SB
ecg22684	AMI,STTU,TWO,AQW,SB
ecg22685	MI_ANT,MI_LAT,LVQRSAL,TWO,SB,TWC
ecg22686	MI,SB,TWC,MI_LAT
ecg22687	MI,SB,TWC,MI_LAT
ecg22688	MI_ANT,SB,TWC,TWO
ecg22689	MI,STTU,MI_LAT,SA,AQW
ecg22690	AMI,STTU,LAFB,LVQRSAL,TWO,SR
ecg22691	MI_ANT,SR,LAFB,TWO
ecg22692	MI_ANT,TWO,AQW,SR,TWC
ecg22693	AMI,STTU,AQW,SR,TWC
ecg22694	MI_ANT,MI_LAT,PWC,SR,TWC
ecg22695	MI_ANT,STDD,AQW,SR,TWC
ecg22696	AMI,SR,STTU
ecg22697	MI,MI_LAT,STDD,TWO,AQW,SR,RWC,TWC
ecg22698	MI_ANT,STTU,TWO,AQW,SR
ecg22699	MI_ANT,STTU,LVQRSAL,TWO,SR,RWC
ecg22700	MI_ANT,AVD,PVT,ST,STC
ecg22701	MI,MI_LAT,AVD,PVT,ST,STC
ecg22702	AMI,STTU,ST,STDD,TWO,AQW,STC
ecg22703	AMI,STTU,ST,STDD,TWO,AQW,STC
ecg22704	AMI,STTU,ST,STDD,TWO,AQW,STC
ecg22705	AMI,STTU,ST,AQW
ecg22706	MI_ANT,ST
ecg22707	AMI,STTU,ST,AQW,TWC
ecg22708	AMI,ST,STC,STDD
ecg22709	AQW,STTU,ST,MI,MI_LAT
ecg22710	MI,STTU,MI_LAT,AMI,ST,TWO,AQW,TWC
ecg22711	AMI,ST
ecg22712	MI_ANT,ST
ecg22713	AMI,STTU,ST,TWO,AQW,TWC
ecg22714	AMI,STTU,ST,STDD,TWO,AQW,STC
ecg22715	AMI,STTU,MI_LAT,ST,TWC
ecg22716	AMI,STTU,TWC,ST
ecg22717	AMI,STTU,ST,TWO,AQW
ecg22718	MI,STTU,MI_LAT,ST,TWO,AQW
ecg22719	MI_ANT,SVT,LAFB
ecg22720	MI,SVT,MI_LAT
ecg22721	AQW,STTU,AMI,PVT
ecg22722	LAFB,APACE
ecg22723	APACE
ecg22724	APACE
ecg22725	TWO,RWC,APACE
ecg22726	STDD,TWO,LVH,STC,APACE
ecg22727	TWO,TWC,LVH,APACE
ecg22728	TWC,APACE
ecg22729	APACE
ecg22730	APACE
ecg22731	APACE
ecg22732	APACE
ecg22733	APACE,SARR
ecg22734	APACE,SARR
ecg22735	TWC,SARR,APACE
ecg22736	APACE,SB
ecg22737	STDD,TWO,SB,STC,APACE
ecg22738	TWC,SB,TWO,APACE
ecg22739	TWO,SB,TWC,APACE
ecg22740	APACE,SB,PPW
ecg22741	APACE,SB
ecg22742	TWC,SB,TWO,APACE
ecg22743	TWO,LVH,STDD,SB,STC,APACE
ecg22744	APACE,SB
ecg22745	APACE,SB
ecg22746	APACE,SB
ecg22747	APACE,SB,SA
ecg22748	APACE,SB,SA
ecg22749	APACE,SB,SA
ecg22750	APACE,SB,SA
ecg22751	TWO,SB,TWC,SA,APACE
ecg22752	APACE,SB,SA
ecg22753	APACE,SA
ecg22754	STTU,SA,PPW,APACE
ecg22755	APACE,SR
ecg22756	APACE,ST,TPW
ecg22757	APACE,ST
ecg22758	APACE,ST
ecg22759	TWO,ST,APACE
ecg22760	APACE,ST
ecg22761	TWC,SA,ST,LVH,APACE
ecg22762	APACE,VER
ecg22763	APACE
ecg22764	APACE
ecg22765	APACE
ecg22766	APACE
ecg22767	APACE
ecg22768	APACE
ecg22769	TWC,APACE
ecg22770	TWO,TWC,APACE
ecg22771	STC,LVH,APACE
ecg22772	TWC,TWO,APACE
ecg22773	APACE
ecg22774	APACE
ecg22775	APACE
ecg22776	APACE
ecg22777	APACE
ecg22778	APACE
ecg22779	STC,APACE
ecg22780	APACE
ecg22781	APACE
ecg22782	TWC,STDD,STC,APACE
ecg22783	APACE
ecg22784	TWO,APACE
ecg22785	APACE
ecg22786	TWC,TWO,APACE
ecg22787	APACE
ecg22788	TWO,LVH,APACE
ecg22789	TWC,LVH,APACE
ecg22790	APACE
ecg22791	APACE
ecg22792	APACE
ecg22793	APACE
ecg22794	APACE
ecg22795	APACE
ecg22796	APACE
ecg22797	APACE
ecg22798	APACE
ecg22799	APACE
ecg22800	APACE
ecg22801	APACE
ecg22802	APACE
ecg22803	APACE
ecg22804	APACE
ecg22805	APACE
ecg22806	APACE
ecg22807	APACE
ecg22808	APACE
ecg22809	APACE,LVH
ecg22810	APACE
ecg22811	APACE
ecg22812	APACE
ecg22813	APACE
ecg22814	APACE
ecg22815	APACE
ecg22816	APACE
ecg22817	APACE
ecg22818	APACE
ecg22819	APACE
ecg22820	APACE
ecg22821	APACE
ecg22822	APACE
ecg22823	TWO,LVH,TWC,APACE
ecg22824	APACE
ecg22825	APACE
ecg22826	APACE
ecg22827	APACE
ecg22828	APACE
ecg22829	APACE
ecg22830	APACE
ecg22831	APACE
ecg22832	APACE
ecg22833	APACE
ecg22834	APACE
ecg22835	APACE
ecg22836	APACE
ecg22837	APACE
ecg22838	APACE
ecg22839	APACE
ecg22840	APACE
ecg22841	APACE
ecg22842	APACE
ecg22843	APACE
ecg22844	APACE
ecg22845	APACE
ecg22846	APACE
ecg22847	APACE
ecg22848	APACE
ecg22849	APACE
ecg22850	APACE
ecg22851	APACE
ecg22852	APACE
ecg22853	TWC,APACE
ecg22854	TWC,APACE
ecg22855	APACE
ecg22856	APACE
ecg22857	APACE
ecg22858	APACE
ecg22859	APACE
ecg22860	APACE
ecg22861	APACE
ecg22862	APACE
ecg22863	APACE
ecg22864	APACE
ecg22865	APACE
ecg22866	APACE
ecg22867	APACE
ecg22868	APACE
ecg22869	APACE
ecg22870	APACE
ecg22871	APACE
ecg22872	APACE
ecg22873	APACE
ecg22874	STDD,LVH,TWO,STC,APACE
ecg22875	APACE
ecg22876	APACE
ecg22877	APACE
ecg22878	APACE
ecg22879	APACE
ecg22880	APACE
ecg22881	APACE
ecg22882	APACE
ecg22883	APACE
ecg22884	APACE
ecg22885	APACE
ecg22886	APACE
ecg22887	APACE
ecg22888	APACE
ecg22889	TWC,APACE
ecg22890	APACE
ecg22891	APACE
ecg22892	APACE
ecg22893	APACE
ecg22894	APACE
ecg22895	APACE
ecg22896	APACE
ecg22897	APACE
ecg22898	APACE,LVH
ecg22899	APACE
ecg22900	APACE
ecg22901	APACE
ecg22902	APACE
ecg22903	APACE
ecg22904	APACE
ecg22905	APACE
ecg22906	APACE
ecg22907	TWC,APACE
ecg22908	APACE,LVH
ecg22909	APACE
ecg22910	APACE
ecg22911	APACE
ecg22912	APACE
ecg22913	APACE
ecg22914	APACE
ecg22915	APACE
ecg22916	APACE
ecg22917	APACE
ecg22918	APACE
ecg22919	APACE
ecg22920	APACE,LVH
ecg22921	APACE
ecg22922	APACE
ecg22923	APACE
ecg22924	APACE
ecg22925	APACE
ecg22926	APACE
ecg22927	APACE,VEB,AIVR,VER,SARR
ecg22928	APACE,SARR
ecg22929	APACE,SB
ecg22930	APACE,SB
ecg22931	AQW,SB,APACE
ecg22932	APACE,SB
ecg22933	TWC,SB,LVH,APACE
ecg22934	APACE,SB
ecg22935	APACE,SB
ecg22936	STDD,AVD,TWO,SB,STC,APACE
ecg22937	TWO,SB,TWC,APACE
ecg22938	APACE,SB,AVRT
ecg22939	TWC,SB,TWO,APACE
ecg22940	TWC,SB,APACE
ecg22941	TWC,SB,QTIE,APACE
ecg22942	STC,LVH,SA,APACE
ecg22943	APACE,SA
ecg22944	TWC,SA,APACE
ecg22945	APACE,SR,LVH
ecg22946	APACE,SR
ecg22947	APACE,ST
ecg22948	APACE,ST
ecg22949	APACE,ST,AVD
ecg22950	APACE,ST
ecg22951	APACE,VER
ecg22952	APACE,VER
ecg22953	APACE,VER
ecg22954	APACE,PVT
ecg22955	TWC,APACE
ecg22956	APACE
ecg22957	APACE
ecg22958	APACE
ecg22959	APACE
ecg22960	STC,LVH,TWO,APACE
ecg22961	APACE
ecg22962	APACE
ecg22963	APACE
ecg22964	APACE
ecg22965	APACE
ecg22966	APACE
ecg22967	APACE
ecg22968	APACE
ecg22969	APACE
ecg22970	APACE
ecg22971	APACE
ecg22972	APACE
ecg22973	APACE
ecg22974	APACE
ecg22975	TWC,STDD,APACE
ecg22976	APACE
ecg22977	APACE
ecg22978	STC,APACE
ecg22979	APACE
ecg22980	APACE
ecg22981	APACE
ecg22982	APACE,LVH
ecg22983	TWO,LVH,APACE
ecg22984	APACE
ecg22985	APACE
ecg22986	APACE
ecg22987	APACE
ecg22988	APACE
ecg22989	APACE
ecg22990	APACE
ecg22991	APACE
ecg22992	APACE
ecg22993	TWC,LVH,TWO,APACE
ecg22994	APACE
ecg22995	TWC,TWO,APACE
ecg22996	APACE
ecg22997	APACE
ecg22998	APACE
ecg22999	APACE
ecg23000	APACE
ecg23001	APACE
ecg23002	APACE
ecg23003	APACE
ecg23004	APACE
ecg23005	APACE
ecg23006	APACE
ecg23007	APACE
ecg23008	TWC,TWO,APACE
ecg23009	APACE
ecg23010	APACE
ecg23011	APACE
ecg23012	APACE
ecg23013	APACE,LVH
ecg23014	APACE
ecg23015	APACE
ecg23016	APACE,AVRT
ecg23017	STDD,TWO,LVH,STC,APACE
ecg23018	APACE
ecg23019	APACE
ecg23020	APACE
ecg23021	APACE
ecg23022	APACE
ecg23023	APACE
ecg23024	APACE
ecg23025	APACE
ecg23026	STTU,APACE
ecg23027	APACE
ecg23028	APACE
ecg23029	APACE
ecg23030	APACE
ecg23031	APACE
ecg23032	APACE
ecg23033	APACE
ecg23034	APACE
ecg23035	APACE
ecg23036	APACE
ecg23037	APACE
ecg23038	TWC,TWO,APACE
ecg23039	APACE
ecg23040	APACE
ecg23041	TWC,APACE
ecg23042	APACE
ecg23043	APACE
ecg23044	APACE
ecg23045	TWC,TWO,APACE
ecg23046	APACE,LVH
ecg23047	APACE
ecg23048	APACE,RAH,PWC
ecg23049	APACE
ecg23050	APACE,AVRT
ecg23051	APACE
ecg23052	TWC,APACE
ecg23053	APACE
ecg23054	APACE
ecg23055	APACE
ecg23056	APACE
ecg23057	TWC,APACE
ecg23058	APACE
ecg23059	APACE
ecg23060	APACE
ecg23061	APACE
ecg23062	APACE
ecg23063	APACE
ecg23064	APACE
ecg23065	STDD,STC,TWO,APACE
ecg23066	STC,APACE
ecg23067	TWC,TWO,APACE
ecg23068	APACE
ecg23069	APACE
ecg23070	TWC,TWO,APACE
ecg23071	APACE
ecg23072	APACE
ecg23073	APACE
ecg23074	APACE
ecg23075	APACE
ecg23076	APACE
ecg23077	APACE
ecg23078	APACE
ecg23079	APACE
ecg23080	APACE
ecg23081	APACE
ecg23082	TWC,APACE
ecg23083	APACE
ecg23084	APACE
ecg23085	APACE
ecg23086	APACE
ecg23087	APACE
ecg23088	APACE
ecg23089	APACE
ecg23090	APACE
ecg23091	APACE
ecg23092	AQW,TWO,RWC,TWC,APACE
ecg23093	APACE
ecg23094	APACE
ecg23095	APACE
ecg23096	APACE
ecg23097	APACE
ecg23098	APACE
ecg23099	APACE,AVRT
ecg23100	APACE
ecg23101	APACE
ecg23102	APACE
ecg23103	APACE
ecg23104	APACE
ecg23105	APACE,PVC,SA
ecg23106	APACE,PVC,PVT
ecg23107	APACE,PVC
ecg23108	APACE,PVC
ecg23109	APACE,PVC
ecg23110	APACE,PVC
ecg23111	APACE,PVC
ecg23112	APACE,PVC
ecg23113	APACE,PVC
ecg23114	APACE,PVC
ecg23115	APACE,PVC
ecg23116	APACE,PVC
ecg23117	APACE,AVRT,PVC
ecg23118	APACE,PVC
ecg23119	APACE,PVC
ecg23120	APACE,PVC
ecg23121	APACE,PVC
ecg23122	APACE,PVC
ecg23123	PVC,ARS,ST
ecg23124	PVC,SB
ecg23125	PVC,SB
ecg23126	TWC,SB,PVC
ecg23127	STC,SR,PVC
ecg23128	TWC,ST,PVC
ecg23129	RBBB,ST,PVC
ecg23130	RBBB,SVT,PVC
ecg23131	VER,SARR,PVC
ecg23132	PVT,SARR
ecg23133	TWC,SB,LAFB,PVC
ecg23134	LAFB,SB,PVC
ecg23135	PVC,SB,SA
ecg23136	STTU,SB,ERV,PVC
ecg23137	VEB,SB,LVH,PVC
ecg23138	TWC,SB,LVH,PVC
ecg23139	TWC,SB,PVC
ecg23140	PVC,SB
ecg23141	PVC,SB
ecg23142	PVC,SB
ecg23143	PVC,SB
ecg23144	PVC,SB
ecg23145	PVC,SB
ecg23146	PVC,SB
ecg23147	AQW,SB,PVC
ecg23148	PVC,SB,LVQRSAL
ecg23149	PVC,SB
ecg23150	PVC,SB
ecg23151	PVC,SB
ecg23152	PVC,SB
ecg23153	PVC,SB,LVH
ecg23154	PVC,SB
ecg23155	TWC,SB,LVH,PVC
ecg23156	STC,SB,LVH,PVC
ecg23157	PVC,SB,LVH
ecg23158	STC,SB,LVH,PVC
ecg23159	TWC,SB,LVH,PVC
ecg23160	PVC,SB
ecg23161	TWC,SB,PVC
ecg23162	PVC,SB
ecg23163	TWC,SB,LVH,PVC
ecg23164	PVC,SB
ecg23165	PVC,SB
ecg23166	STC,SB,LVH,PVC
ecg23167	PVC,SB
ecg23168	TWC,SB,PVC
ecg23169	PVC,SB
ecg23170	TWC,SB,PVC
ecg23171	PVC,SB,LVH
ecg23172	PVC,SB,LVH
ecg23173	QTIE,SB,PVC
ecg23174	PVC,SB
ecg23175	PVC,SB
ecg23176	STC,SB,LVH,PVC
ecg23177	PVC,SB,LVH
ecg23178	PVC,SB
ecg23179	AQW,LVH,TWO,SB,TWC,PVC
ecg23180	PVC,SB
ecg23181	PVC,SB
ecg23182	PVC,SB
ecg23183	PVC,SB,LVH
ecg23184	PVC,SB
ecg23185	PVC,SB
ecg23186	PVC,SB
ecg23187	PVC,SB,LVH
ecg23188	TWC,SB,PVC
ecg23189	STC,SB,PVC
ecg23190	PVC,SB
ecg23191	PVC,SB
ecg23192	STC,SB,LVH,PVC
ecg23193	PVC,SB,LVH
ecg23194	PVC,SB
ecg23195	PVC,SB
ecg23196	TWC,SB,PVC
ecg23197	PVC,SB
ecg23198	PVC,SB
ecg23199	PVC,SB
ecg23200	PVC,SB,LVH
ecg23201	PVC,SB
ecg23202	PVC,SB
ecg23203	PVC,SB
ecg23204	PVC,SB
ecg23205	PVC,SB
ecg23206	PVC,SB
ecg23207	PVC,SB
ecg23208	PVC,SB
ecg23209	TWC,SB,LVH,PVC
ecg23210	PVC,SB
ecg23211	PVC,SB
ecg23212	PVC,SB
ecg23213	TWO,LVH,SB,TWC,PVC
ecg23214	PVC,SB,LVH
ecg23215	PVC,SB
ecg23216	PVC,SB
ecg23217	PVC,SB
ecg23218	PVC,SB
ecg23219	PVC,SB,LVH
ecg23220	PVC,SB
ecg23221	PVC,SB,LVH
ecg23222	PVC,SB,LVH
ecg23223	PVC,SB,LVH
ecg23224	STC,SB,PVC
ecg23225	PVC,SB
ecg23226	PVC,SB,LVH
ecg23227	STC,SB,PVC
ecg23228	PVC,SB
ecg23229	PVC,SB
ecg23230	PVC,SB,LVH
ecg23231	PVC,SB
ecg23232	PVC,SB
ecg23233	PVC,SB
ecg23234	PVC,SB
ecg23235	PVC,SB
ecg23236	STC,SB,PVC
ecg23237	PVC,SB
ecg23238	PVC,SB
ecg23239	TWC,SB,PVC
ecg23240	TWC,SB,TWO,PVC
ecg23241	TWC,VER,SB,SA,PVC
ecg23242	PVC,SB,RWC,SA
ecg23243	PVC,SB,SA
ecg23244	PVC,SB,SA
ecg23245	PVC,LVH,SA
ecg23246	STC,SA,PVC
ecg23247	STC,SA,PVC
ecg23248	PVC,SA
ecg23249	PVC,LVH,SA
ecg23250	PVC,SA
ecg23251	TWC,LVH,SA,PVC
ecg23252	PVC,SA
ecg23253	PVC,SA
ecg23254	TWC,SA,PVC
ecg23255	PVC,SA
ecg23256	PVC,LVH,SA
ecg23257	PVC,SA
ecg23258	STC,SA,PVC
ecg23259	PVC,SA
ecg23260	PVC,SA
ecg23261	PVC,SA
ecg23262	PVC,SA
ecg23263	PVC,SA
ecg23264	PVC,TPW,SA
ecg23265	PVC,SA
ecg23266	PVC,SA
ecg23267	PVC,SA
ecg23268	STC,SA,PVC
ecg23269	TWC,SA,PVC
ecg23270	PVC,SA
ecg23271	LAFB,SR,RWC,PVC
ecg23272	TWO,LAFB,SR,TWC,PVC
ecg23273	LAFB,SR,PVC
ecg23274	STC,PVT,SR,LVH,PVC
ecg23275	PVT,SR,PVC
ecg23276	TWO,PVT,SR,TWC,PVC
ecg23277	PVC,SR
ecg23278	TWC,SR,PVC
ecg23279	STC,SR,LVH,PVC
ecg23280	STDD,LVH,TWO,SR,STC,PVC
ecg23281	PVC,SR
ecg23282	STDD,TWO,SR,STC,PVC
ecg23283	STC,SR,LVH,PVC
ecg23284	PVC,SR,LVH
ecg23285	TWC,SR,PVC
ecg23286	STC,SR,PVC
ecg23287	PVC,SR,LVH
ecg23288	PVC,SR
ecg23289	PVC,SR
ecg23290	PVC,SR
ecg23291	TWC,SR,PVC
ecg23292	PVC,SR
ecg23293	STDD,TWO,SR,LVH,PVC
ecg23294	TWC,SR,TWO,PVC
ecg23295	PVC,SR
ecg23296	STC,SR,PVC
ecg23297	STC,SR,LVH,PVC
ecg23298	TWO,SR,PVC
ecg23299	STDD,LVH,TWO,SR,STC,PVC
ecg23300	PVC,SR
ecg23301	TWO,SR,PVC
ecg23302	PVC,SR
ecg23303	PVC,SR,LVQRSAL
ecg23304	TWC,SR,TWO,PVC
ecg23305	STC,SR,PVC
ecg23306	TWC,SR,PVC
ecg23307	STDD,TWO,SR,STC,PVC
ecg23308	STDD,TWO,SR,STC,PVC
ecg23309	PVC,SR
ecg23310	PVC,SR
ecg23311	PVC,SR
ecg23312	TWO,LVH,STDD,SR,STC,PVC
ecg23313	TWC,SR,PVC
ecg23314	PVC,SR
ecg23315	PVC,SR
ecg23316	LAFB,ST,RWC,PVC
ecg23317	TWO,ST,LAFB,PVC
ecg23318	STC,LAFB,ST,LVH,PVC
ecg23319	AQW,LAFB,ST,LVQRSAL,PVC
ecg23320	PVT,ST,PVC
ecg23321	STC,PVT,ST,PVC
ecg23322	PVT,ST,PVC
ecg23323	PVC,ST
ecg23324	PVC,ST
ecg23325	PVC,ST
ecg23326	PVC,ST
ecg23327	PVC,ST
ecg23328	PVC,ST
ecg23329	PVC,ST
ecg23330	PVC,ST
ecg23331	TWO,RWC,ST,PVC
ecg23332	TWO,ST,RWC,TWC,PVC
ecg23333	PVC,ST
ecg23334	TWC,ST,TWO,PVC
ecg23335	TWC,ST,LVH,PVC
ecg23336	PVC,ST
ecg23337	PVC,ST
ecg23338	PVC,ST
ecg23339	PVC,ST
ecg23340	STC,ST,PVC
ecg23341	PVC,ST
ecg23342	STDD,ST,TWO,STC,PVC
ecg23343	PVC,ST
ecg23344	PVC,ST
ecg23345	TWC,ST,PVC
ecg23346	PVC,ST
ecg23347	STC,ST,PVC
ecg23348	TWC,ST,PVC
ecg23349	PVC,ST
ecg23350	STDD,ST,TWC,STC,PVC
ecg23351	STC,ST,PVC
ecg23352	TWC,ST,PVC
ecg23353	TWC,ST,PVC
ecg23354	PVC,ST
ecg23355	PVC,ST
ecg23356	TWC,ST,PVC
ecg23357	PVC,ST
ecg23358	PVC,ST
ecg23359	TWC,ST,PVC
ecg23360	STDD,ST,LVH,TWO,PPW,STC,PVC
ecg23361	TWC,ST,PVC
ecg23362	PVC,ST
ecg23363	PVC,ST
ecg23364	STC,ST,PVC
ecg23365	STDD,ST,TWO,LVH,STC,PVC
ecg23366	TWC,ST,PVC
ecg23367	PVC,ST
ecg23368	STC,ST,LVQRSAL,PVC
ecg23369	PVC,ST
ecg23370	PVC,ST
ecg23371	SVPB,VPB,ST,PVC
ecg23372	PVC,ST
ecg23373	PVC,ST
ecg23374	PVC,ST
ecg23375	TWC,ST,TWO,PVC
ecg23376	PVC,ST
ecg23377	PRIE,ST,LVH,PVC
ecg23378	PVC,ST,LVH
ecg23379	TWC,ST,PVC
ecg23380	PVC,ST
ecg23381	STC,RWC,ST,PVC
ecg23382	TWC,ST,PVC
ecg23383	TWC,ST,LVH,PVC
ecg23384	PVC,ST
ecg23385	PVC,ST,LVH
ecg23386	PVC,ST
ecg23387	PVC,ST
ecg23388	TWC,ST,LVH,PVC
ecg23389	PVC,ST
ecg23390	PVC,ST,LVH
ecg23391	STC,ST,PVC
ecg23392	TWC,ST,PVC
ecg23393	PVC,ST
ecg23394	PVC,ST
ecg23395	PVC,ST
ecg23396	PVC,ST
ecg23397	PVC,ST
ecg23398	PVC,ST
ecg23399	STC,ST,LVH,PVC
ecg23400	STDD,ST,TWC,STC,PVC
ecg23401	PVC,ST
ecg23402	AQW,STTU,ST,LVQRSAL,LVH,TWO,STDD,STC,PVC
ecg23403	PVC,ST
ecg23404	STTU,ST,STDD,TWO,STC,PVC
ecg23405	STC,ST,PVC
ecg23406	PVC,ST,LVH
ecg23407	PVC,ST
ecg23408	STDD,ST,LVH,TWO,PVC
ecg23409	PVC,ST
ecg23410	STC,ST,PVC
ecg23411	STDD,ST,TWO,STC,PVC
ecg23412	STC,TPW,ST,LVQRSAL,PVC
ecg23413	STC,ST,PVC
ecg23414	PVC,ST,LVH
ecg23415	TWC,ST,PVC
ecg23416	PVC,ST
ecg23417	STC,ST,PVC
ecg23418	STC,RWC,ST,PVC
ecg23419	PVC,ST
ecg23420	TWC,ST,PVC
ecg23421	PVC,ST
ecg23422	TWC,RWC,ST,PVC
ecg23423	STC,ST,LVH,PVC
ecg23424	PVC,ST,LVH
ecg23425	TWC,ST,LVQRSAL,PVC
ecg23426	PVC,ST
ecg23427	STC,ST,PVC
ecg23428	PVC,ST
ecg23429	PVC,ST
ecg23430	TWO,ST,LVH,RWC,TWC,PVC
ecg23431	TWC,ST,PVC
ecg23432	TWC,ST,PVC
ecg23433	TWC,ST,LVH,PVC
ecg23434	PVC,ST
ecg23435	PVC,ST,PWC
ecg23436	TWC,RWC,ST,PVC
ecg23437	TWO,ST,LVH,TWC,PVC
ecg23438	PVC,ST
ecg23439	STC,ST,LVH,PVC
ecg23440	PVC,ST
ecg23441	TWC,ST,PVC
ecg23442	TWC,SVT,LVH,STC,PVC
ecg23443	VEB,PVC
ecg23444	VER,PVC
ecg23445	VER,PVC
ecg23446	VER,PVC
ecg23447	VER,PVC
ecg23448	VER,PVC
ecg23449	VER,PVC
ecg23450	RBBB,SB,LAFB
ecg23451	RBBB,SB,LAFB
ecg23452	RBBB,SB,LAFB
ecg23453	RBBB,SB,SA
ecg23454	RBBB,SB,SA
ecg23455	RBBB,SB,LVH
ecg23456	RBBB,SB,LVH
ecg23457	RBBB,SB
ecg23458	TWO,SB,RBBB,LVH
ecg23459	TWC,SB,RBBB,TWO
ecg23460	RBBB,SB
ecg23461	RBBB,SB,LVH
ecg23462	TWC,SB,RBBB,LVH
ecg23463	RBBB,SB,LVH
ecg23464	RBBB,SB
ecg23465	RBBB,SB
ecg23466	RBBB,SB
ecg23467	RBBB,SB
ecg23468	RBBB,SB
ecg23469	RBBB,SB
ecg23470	RBBB,SB
ecg23471	RBBB,SB
ecg23472	RBBB,SB
ecg23473	RBBB,SB
ecg23474	RBBB,SB
ecg23475	RBBB,SB,LVH
ecg23476	RBBB,SB,LVH
ecg23477	RBBB,SB
ecg23478	RBBB,SB
ecg23479	RBBB,SB
ecg23480	RBBB,SB
ecg23481	RBBB,SB
ecg23482	RBBB,SB
ecg23483	RBBB,SB
ecg23484	RBBB,SB
ecg23485	RBBB,SB
ecg23486	RBBB,SB
ecg23487	RBBB,SB
ecg23488	RBBB,SB
ecg23489	TWO,RBBB,SB,TWC,LVH
ecg23490	RBBB,SB
ecg23491	RBBB,SB
ecg23492	RBBB,SB
ecg23493	RBBB,SB
ecg23494	RBBB,SB
ecg23495	STC,SB,RBBB
ecg23496	RBBB,SB
ecg23497	RBBB,SB
ecg23498	RBBB,SB
ecg23499	RBBB,SB
ecg23500	RBBB,SB
ecg23501	RBBB,SB
ecg23502	RBBB,SB
ecg23503	RBBB,SA
ecg23504	RBBB,SA
ecg23505	RBBB,SR
ecg23506	TWC,SR,RBBB
ecg23507	RBBB,SR
ecg23508	RBBB,SR
ecg23509	RBBB,SR
ecg23510	RBBB,SR
ecg23511	TWC,SR,RBBB
ecg23512	RBBB,ST,LAFB
ecg23513	STDD,RBBB,LAFB,ST,TWO,STC
ecg23514	RBBB,ST
ecg23515	RBBB,ST
ecg23516	RBBB,ST
ecg23517	STDD,RBBB,ST,STC
ecg23518	RBBB,ST
ecg23519	RBBB,ST
ecg23520	RBBB,ST
ecg23521	RBBB,ST
ecg23522	RBBB,ST
ecg23523	RBBB,ST
ecg23524	RBBB,ST
ecg23525	RBBB,ST
ecg23526	SB,ARS,SA
ecg23527	SB,ARS,SA
ecg23528	SB,ARS,SA,PPW
ecg23529	SB,ARS,LVQRSAL,SA
ecg23530	SB,ARS,SA
ecg23531	STDD,QTIE,ARS,TWO,SB,STC,SA
ecg23532	SB,ARS,SA
ecg23533	SB,ARS,SA
ecg23534	STTU,SB,ARS,ERV
ecg23535	SB,ARS
ecg23536	SB,ARS
ecg23537	SB,ARS
ecg23538	SB,ARS
ecg23539	SB,ARS
ecg23540	TWC,SB,ARS,TWO
ecg23541	SB,ARS
ecg23542	TWC,SB,ARS,TWO
ecg23543	SB,ARS
ecg23544	SB,ARS
ecg23545	TWC,SB,ARS
ecg23546	SB,ARS
ecg23547	SB,ARS
ecg23548	SB,ARS,LVQRSAL
ecg23549	SB,ARS,LVQRSAL
ecg23550	SB,ARS
ecg23551	SB,ARS
ecg23552	SB,ARS
ecg23553	SB,ARS
ecg23554	SB,ARS
ecg23555	SB,ARS
ecg23556	SB,ARS
ecg23557	SB,ARS
ecg23558	SB,ARS
ecg23559	TWC,SB,ARS
ecg23560	SB,ARS
ecg23561	SB,ARS
ecg23562	SB,ARS
ecg23563	SB,ARS
ecg23564	SB,ARS
ecg23565	SB,ARS
ecg23566	SB,ARS
ecg23567	SB,ARS,RWC,LVQRSAL
ecg23568	SB,ARS
ecg23569	SB,ARS
ecg23570	SB,ARS
ecg23571	SB,ARS
ecg23572	LVH,SB,ARS
ecg23573	SB,ARS
ecg23574	SB,ARS
ecg23575	SB,ARS
ecg23576	SB,ARS
ecg23577	SB,ARS
ecg23578	SB,ARS,LVQRSAL
ecg23579	SB,ARS
ecg23580	SB,ARS
ecg23581	SB,ARS
ecg23582	LVH,SB,ARS
ecg23583	SB,ARS
ecg23584	TWO,ARS,LVQRSAL,SB,TWC
ecg23585	SB,ARS,LVQRSAL
ecg23586	SB,ARS
ecg23587	SB,ARS
ecg23588	SB,ARS
ecg23589	TWC,SB,ARS
ecg23590	SB,ARS
ecg23591	SB,ARS
ecg23592	SB,ARS
ecg23593	TWO,SB,ARS,LVQRSAL
ecg23594	SB,ARS
ecg23595	AQW,STTU,TPW,ARS,LVQRSAL,TWO,SB,TWC
ecg23596	AQW,STTU,TPW,ARS,LVQRSAL,TWO,SB,TWC
ecg23597	SB,ARS
ecg23598	SB,ARS
ecg23599	SB,ARS
ecg23600	SB,ARS
ecg23601	TWO,ARS,SB,RWC,TWC
ecg23602	SB,ARS
ecg23603	SR,ARS,SA
ecg23604	SA,ARS
ecg23605	SA,ARS
ecg23606	SA,ARS
ecg23607	SA,ARS
ecg23608	SA,ARS
ecg23609	SA,ARS,LVQRSAL
ecg23610	SA,ARS
ecg23611	SA,ARS,RWC
ecg23612	SA,ARS
ecg23613	SA,ARS
ecg23614	SA,ARS
ecg23615	SA,ARS
ecg23616	STC,SR,ARS
ecg23617	SR,ARS
ecg23618	TWC,SR,ARS
ecg23619	SR,ARS
ecg23620	SR,ARS
ecg23621	SR,ARS
ecg23622	SR,ARS
ecg23623	SR,ARS
ecg23624	SR,ARS
ecg23625	SR,ARS
ecg23626	TWC,SR,ARS,LVH
ecg23627	SR,ARS
ecg23628	TWC,SR,ARS,STTU
ecg23629	SR,ARS
ecg23630	TWC,SR,ARS
ecg23631	TWC,SR,ARS,TWO
ecg23632	LVH,SR,ARS
ecg23633	LVH,SR,ARS
ecg23634	RAH,ARS,ST,TPW
ecg23635	ST,ARS
ecg23636	ST,ARS
ecg23637	AQW,TPW,ARS,ST,TWO,TWC
ecg23638	ST,ARS
ecg23639	ST,ARS
ecg23640	ST,ARS
ecg23641	ST,ARS
ecg23642	ST,ARS
ecg23643	ST,RWC,ARS
ecg23644	ST,ARS
ecg23645	ST,ARS,LVQRSAL
ecg23646	TWO,ARS,ST,TPW
ecg23647	ST,ARS
ecg23648	ST,ARS
ecg23649	AQW,STTU,ARS,ST
ecg23650	ST,ARS
ecg23651	ST,ARS
ecg23652	ST,ARS,PPW
ecg23653	ST,ARS
ecg23654	ST,ARS,PPW
ecg23655	ST,ARS
ecg23656	STC,ARS,ST
ecg23657	ST,ARS
ecg23658	ST,ARS
ecg23659	TWC,ARS,ST
ecg23660	ST,ARS
ecg23661	RAH,ARS,ST,LVH
ecg23662	ST,ARS
ecg23663	ST,ARS
ecg23664	STC,RVH,TPW,ARS,ST
ecg23665	ST,ARS,TPW
ecg23666	ST,ARS
ecg23667	ST,ARS
ecg23668	ST,ARS
ecg23669	ST,ARS
ecg23670	ST,ARS
ecg23671	TWO,ARS,ST,RWC,TWC
ecg23672	ST,ARS
ecg23673	STC,ARS,ST
ecg23674	ST,ARS
ecg23675	ST,ARS
ecg23676	ST,ARS
ecg23677	ST,ARS
ecg23678	ST,ARS
ecg23679	ST,ARS
ecg23680	ST,ARS
ecg23681	ST,ARS
ecg23682	STC,ARS,ST
ecg23683	STC,ARS,ST
ecg23684	ST,ARS
ecg23685	STTU,TPW,ARS,ST,TWC,RAH
ecg23686	ST,ARS
ecg23687	STC,ARS,ST,LVQRSAL
ecg23688	STC,TPW,ARS,ST,LVH,RAH
ecg23689	TWC,ARS,ST
ecg23690	ST,ARS
ecg23691	TWO,ARS,ST
ecg23692	TWC,ARS,ST
ecg23693	ST,ARS
ecg23694	ST,ARS
ecg23695	ST,ARS
ecg23696	TWC,ARS,ST
ecg23697	ST,ARS
ecg23698	ST,ARS
ecg23699	STDD,ARS,ST
ecg23700	ST,ARS
ecg23701	ST,RWC,ARS,LVQRSAL
ecg23702	ST,ARS
ecg23703	TWC,ARS,ST
ecg23704	TWC,ARS,ST
ecg23705	ST,ARS
ecg23706	AQW,ARS,ST
ecg23707	AQW,ARS,ST,RWC,TWC
ecg23708	TWC,ARS,ST
ecg23709	ST,ARS
ecg23710	ST,ARS
ecg23711	PRIE,ARS,ST
ecg23712	ST,ARS
ecg23713	ST,ARS
ecg23714	ST,ARS
ecg23715	STDD,ARS,ST,STC
ecg23716	STDD,ARS,ST,LVH,STC
ecg23717	ST,ARS
ecg23718	ST,ARS
ecg23719	ST,ARS
ecg23720	STC,ARS,ST
ecg23721	ST,ARS
ecg23722	ST,ARS
ecg23723	ST,ARS
ecg23724	ST,ARS,TPW
ecg23725	ST,ARS
ecg23726	ST,ARS
ecg23727	ST,ARS
ecg23728	ST,ARS
ecg23729	TWO,ARS,ST,LVH,TWC
ecg23730	ST,ARS
ecg23731	ST,ARS
ecg23732	ST,ARS
ecg23733	ST,ARS
ecg23734	ST,ARS
ecg23735	ST,ARS,TPW
ecg23736	TWC,ARS,ST,TWO
ecg23737	ST,ARS
ecg23738	TWO,ARS,ST
ecg23739	ST,ARS
ecg23740	ST,ARS
ecg23741	ST,ARS
ecg23742	TWC,TPW,ARS,ST,LVQRSAL,LVH
ecg23743	ST,ARS
ecg23744	ST,ARS
ecg23745	ST,ARS
ecg23746	ST,ARS
ecg23747	RVH,ARS,ST
ecg23748	AQW,RWC,ARS,ST
ecg23749	ST,ARS
ecg23750	TWC,ARS,ST,TWO
ecg23751	ST,ARS
ecg23752	ST,ARS,LVQRSAL
ecg23753	RVH,ARS,ST
ecg23754	STC,ARS,ST
ecg23755	ST,ARS
ecg23756	ST,ARS,LVQRSAL
ecg23757	ST,ARS
ecg23758	ST,ARS
ecg23759	ST,RWC,ARS
ecg23760	ST,ARS
ecg23761	ST,ARS
ecg23762	TWC,ARS,ST
ecg23763	ST,ARS
ecg23764	ST,ARS
ecg23765	ST,RWC,ARS,TPW
ecg23766	ST,ARS
ecg23767	ST,ARS
ecg23768	ST,ARS
ecg23769	ST,ARS
ecg23770	ST,ARS
ecg23771	ST,ARS
ecg23772	ST,ARS
ecg23773	ST,ARS
ecg23774	ST,ARS
ecg23775	ST,ARS
ecg23776	AQW,ARS,TWC,ST
ecg23777	ST,ARS,TPW
ecg23778	ST,ARS
ecg23779	ST,ARS
ecg23780	ST,ARS
ecg23781	ST,ARS
ecg23782	AQW,STTU,ARS,ST,TWO
ecg23783	AQW,STTU,ARS,ST
ecg23784	AQW,STTU,ARS,ST,TWC
ecg23785	ST,ARS
ecg23786	ST,ARS
ecg23787	ST,ARS
ecg23788	TWC,ARS,ST,TWO
ecg23789	ST,ARS
ecg23790	ST,ARS
ecg23791	TWC,ARS,ST
ecg23792	TWO,ARS,ST,LVQRSAL,TWC
ecg23793	ST,ARS
ecg23794	ST,ARS,TPW
ecg23795	ST,ARS
ecg23796	ST,ARS,SA
ecg23797	SVT,ARS
ecg23798	TWC,ARS,SVT,STC
ecg23799	TWC,ARS,SVT
ecg23800	SVT,ARS
ecg23801	VER,SARR
ecg23802	VEB,SARR
ecg23803	SARR
ecg23804	VER,SARR
ecg23805	VEB,SARR
ecg23806	VER,SARR
ecg23807	VEB,SARR
ecg23808	VEB,SARR
ecg23809	VER,SARR
ecg23810	TWO,SB,LAFB
ecg23811	TWO,SB,LAFB
ecg23812	TWC,SB,LAFB
ecg23813	TWC,SB,LAFB
ecg23814	TWC,SB,LAFB
ecg23815	TWC,SB,LAFB,TWO
ecg23816	TWC,SB,LAFB
ecg23817	TWO,SB,LAFB
ecg23818	TWC,SB,LAFB
ecg23819	TWC,SB,LAFB,TWO
ecg23820	TWC,SB,LAFB,TWO
ecg23821	LAFB,SB
ecg23822	LAFB,SB
ecg23823	LAFB,SB
ecg23824	LAFB,SB
ecg23825	LAFB,SB
ecg23826	LAFB,SB
ecg23827	TWC,SB,LAFB
ecg23828	LAFB,SB,RWC
ecg23829	LAFB,SB
ecg23830	TWC,UW,LAFB,LVH,SB
ecg23831	STTU,LAFB,PWC,TWO,SB,RWC
ecg23832	LAFB,SB
ecg23833	LAFB,SB
ecg23834	TWO,SB,LAFB,LVH
ecg23835	LAFB,SB,LVH
ecg23836	LAFB,SB
ecg23837	AQW,SB,LAFB
ecg23838	LAFB,SB
ecg23839	LAFB,SB,RWC
ecg23840	LAFB,SB
ecg23841	LAFB,SB
ecg23842	AQW,SB,STTU,LAFB
ecg23843	AQW,SB,STTU,LAFB
ecg23844	LAFB,SB
ecg23845	LAFB,SB
ecg23846	LAFB,SB
ecg23847	TWC,SB,LAFB,TWO
ecg23848	LAFB,SB
ecg23849	TWO,LAFB,SB,RWC,TWC
ecg23850	LAFB,SB
ecg23851	TWC,SB,LAFB
ecg23852	TWC,SB,LAFB,TWO
ecg23853	LAFB,SB
ecg23854	TWC,SB,LAFB
ecg23855	STDD,LAFB,TWO,SB,RWC,LVH,STC
ecg23856	AQW,STTU,LAFB,TWO,SB,TWC,LVH
ecg23857	LAFB,SB
ecg23858	AQW,SB,LAFB
ecg23859	PRIE,SB,LAFB
ecg23860	LAFB,SB,SA
ecg23861	STTU,SB,SA,ERV
ecg23862	STTU,LVH,SB,ERV,SA
ecg23863	STTU,LVH,SB,ERV,SA
ecg23864	STTU,SB,SA,ERV
ecg23865	STTU,SB,SA,ERV
ecg23866	STTU,SA,LVH,SB,ERV,TWC
ecg23867	STTU,SB,SA,ERV
ecg23868	ERV,SB,SA
ecg23869	ERV,SB,SA
ecg23870	ERV,SB,LVH,SA
ecg23871	STTU,SB,SA,ERV
ecg23872	STTU,SB,SA,ERV
ecg23873	VEB,SB,SA
ecg23874	SB,SR,SA
ecg23875	SB,SR,SA
ecg23876	WPW,SB,SA
ecg23877	WPW,SB,SA
ecg23878	SB,SA
ecg23879	SB,SA
ecg23880	SB,SA
ecg23881	TWC,SB,SA
ecg23882	SB,SA
ecg23883	SB,LVQRSAL,SA
ecg23884	SB,SA
ecg23885	SB,SA
ecg23886	SB,SA
ecg23887	LVH,SB,SA
ecg23888	SB,SA
ecg23889	SB,SA
ecg23890	SB,SA
ecg23891	SB,SA
ecg23892	SB,SA
ecg23893	SB,SA
ecg23894	SB,SA
ecg23895	SB,SA
ecg23896	SB,SA
ecg23897	STDD,SB,TWC,PPW,STC,SA
ecg23898	SB,SA
ecg23899	SB,SA
ecg23900	SB,SA
ecg23901	SB,SA
ecg23902	SB,SA
ecg23903	SB,SA
ecg23904	SB,SA
ecg23905	SB,SA
ecg23906	TWC,SB,SA
ecg23907	SB,SA
ecg23908	SB,SA
ecg23909	SB,SA
ecg23910	LVH,SB,SA
ecg23911	TWC,SB,SA,TWO
ecg23912	SB,SA
ecg23913	SB,SA
ecg23914	AQW,LVH,SB,STC,SA
ecg23915	SB,SA
ecg23916	LVH,SB,SA
ecg23917	SB,SA
ecg23918	STTU,SB,LVH,SA
ecg23919	SB,SA
ecg23920	TWC,SB,SA
ecg23921	TWC,SB,SA
ecg23922	SB,SA
ecg23923	SB,SA
ecg23924	SB,SA
ecg23925	SB,SA
ecg23926	SB,SA
ecg23927	SB,SA
ecg23928	SB,SA
ecg23929	SB,SA
ecg23930	STC,PRIE,SB,SA
ecg23931	SB,SA
ecg23932	SB,SA
ecg23933	SB,SA
ecg23934	LVH,SB,SA
ecg23935	SB,SA
ecg23936	SB,SA
ecg23937	SB,SA
ecg23938	SB,SA
ecg23939	LVH,SB,SA
ecg23940	TWO,LVH,SB,TWC,SA
ecg23941	TWO,LVH,SB,TWC,SA
ecg23942	SB,SA
ecg23943	UW,SB,SA
ecg23944	SB,SA
ecg23945	LVH,SB,SA
ecg23946	SB,SA
ecg23947	SB,SA
ecg23948	SB,SA
ecg23949	SB,SA
ecg23950	STC,SB,SA
ecg23951	LVH,SB,SA
ecg23952	STC,SB,SA
ecg23953	SB,SA
ecg23954	SB,SA
ecg23955	SB,SA
ecg23956	STDD,TWO,SB,LVH,SA
ecg23957	SB,SA
ecg23958	SB,SA
ecg23959	SB,SA
ecg23960	SB,SA
ecg23961	SB,SA
ecg23962	LVH,SB,SA
ecg23963	SB,SA
ecg23964	SB,SA
ecg23965	SB,SA
ecg23966	SB,SA
ecg23967	SB,RWC,SA
ecg23968	SB,SA
ecg23969	SB,SA
ecg23970	LVH,SB,SA
ecg23971	SB,SA
ecg23972	SB,SA
ecg23973	SB,SA
ecg23974	LVH,SB,SA
ecg23975	SB,SA
ecg23976	SB,SA
ecg23977	SB,SA
ecg23978	AQW,SB,LVH,SA
ecg23979	SB,SA
ecg23980	LVH,SB,SA
ecg23981	SB,SA
ecg23982	SB,SA
ecg23983	SB,SA
ecg23984	SB,SA
ecg23985	SB,SA
ecg23986	SB,SA
ecg23987	LVH,SB,SA
ecg23988	LVH,SB,SA
ecg23989	SB,SA
ecg23990	LVH,SB,SA
ecg23991	SB,SA
ecg23992	LVH,SB,SA
ecg23993	SB,SA
ecg23994	SB,SA
ecg23995	SB,SA
ecg23996	SB,SA
ecg23997	SB,SA,PPW
ecg23998	SB,SA
ecg23999	SB,SA
ecg24000	SB,SA
ecg24001	SB,SA
ecg24002	QTIE,SB,LVH,SA
ecg24003	SB,SA
ecg24004	SB,SA
ecg24005	SB,SA
ecg24006	SB,SA
ecg24007	SB,SA
ecg24008	SB,SA
ecg24009	SB,SA
ecg24010	STTU,SB,LVH,SA
ecg24011	SB,SA
ecg24012	SB,SA
ecg24013	AQW,SB,SA
ecg24014	SB,SA
ecg24015	SB,SA
ecg24016	SB,SA
ecg24017	SB,SA
ecg24018	SB,SA
ecg24019	SB,SA
ecg24020	SB,SA
ecg24021	SB,SA
ecg24022	SB,SA
ecg24023	SB,LVQRSAL,SA
ecg24024	SB,SA
ecg24025	SB,SA
ecg24026	SB,SA
ecg24027	SB,SA
ecg24028	TWC,SB,SA
ecg24029	SB,SA
ecg24030	SB,SA
ecg24031	LVH,SB,SA
ecg24032	TWO,SB,RWC,TWC,SA
ecg24033	SB,SA
ecg24034	SB,SA
ecg24035	SB,SA
ecg24036	STC,SB,SA
ecg24037	TWO,LVH,SB,TWC,SA
ecg24038	TWC,SB,LVH,SA
ecg24039	SB,SA
ecg24040	LVH,SB,SA
ecg24041	SB,SA
ecg24042	SB,SA
ecg24043	LVH,SB,SA
ecg24044	SB,SA
ecg24045	SB,SA
ecg24046	SB,SA
ecg24047	SB,SA
ecg24048	SB,SA
ecg24049	TWC,SB,LVH,SA
ecg24050	SB,SA
ecg24051	SB,SA
ecg24052	TWC,SB,SA
ecg24053	SB,SA
ecg24054	SB,SA
ecg24055	SB,SA
ecg24056	SB,SA
ecg24057	SB,SA
ecg24058	SB,SA
ecg24059	SB,SA
ecg24060	SB,SA
ecg24061	SB,SA
ecg24062	SB,SA
ecg24063	SB,SA
ecg24064	SB,SA
ecg24065	SB,SA
ecg24066	SB,SA
ecg24067	SB,SA
ecg24068	SB,SA
ecg24069	SB,RWC,SA
ecg24070	STTU,SB,SA
ecg24071	SB,SA
ecg24072	SB,SA
ecg24073	SB,SA
ecg24074	SB,SA
ecg24075	SB,SA
ecg24076	SB,SA
ecg24077	SB,SA
ecg24078	LVH,SB,SA
ecg24079	TWC,SB,SA,STC
ecg24080	SB,LVQRSAL,SA
ecg24081	STC,SB,LVH,SA
ecg24082	SB,SA
ecg24083	SB,SA
ecg24084	SB,SA
ecg24085	SB,SA
ecg24086	LVH,SB,SA
ecg24087	SB,SA
ecg24088	LVH,SB,SA
ecg24089	SB,SA
ecg24090	TWO,LVH,SB,TWC,SA
ecg24091	SB,SA
ecg24092	STTU,SB,LVH,SA
ecg24093	SB,SA
ecg24094	STC,SB,SA
ecg24095	SB,SA
ecg24096	TWC,SB,SA
ecg24097	SB,SA
ecg24098	SB,SA
ecg24099	TWC,SB,SA
ecg24100	LVH,SB,SA
ecg24101	SB,SA
ecg24102	LVH,SB,SA
ecg24103	SB,SA
ecg24104	SB,SA
ecg24105	LVH,SB,SA
ecg24106	SB,SA
ecg24107	SB,SA
ecg24108	SB,SA
ecg24109	SB,SA
ecg24110	SB,SA
ecg24111	SB,SA
ecg24112	TWC,SB,SA
ecg24113	SB,SA
ecg24114	SB,SA
ecg24115	SB,SA
ecg24116	SB,SA
ecg24117	SB,SA
ecg24118	SB,SA
ecg24119	SB,SA
ecg24120	SB,SA
ecg24121	SB,SA
ecg24122	SB,SA
ecg24123	SB,SA
ecg24124	SB,SA
ecg24125	SB,SA
ecg24126	LVH,SB,SA
ecg24127	SB,SA
ecg24128	SB,SA
ecg24129	SB,SA
ecg24130	LVH,SB,SA
ecg24131	SB,SA
ecg24132	SB,SA
ecg24133	SB,SA
ecg24134	SB,SA
ecg24135	SB,SA
ecg24136	SB,SA
ecg24137	SB,SA
ecg24138	SB,SA
ecg24139	SB,SA
ecg24140	SB,SA
ecg24141	SB,SA
ecg24142	SB,SA
ecg24143	SB,SA
ecg24144	SB,SA
ecg24145	SB,SA
ecg24146	STC,SB,SA
ecg24147	SB,SA
ecg24148	LVH,SB,SA
ecg24149	SB,SA
ecg24150	SB,SA
ecg24151	SB,SA
ecg24152	SB,SA
ecg24153	STDD,TWO,SB,STC,SA
ecg24154	TWC,SB,SA
ecg24155	TWO,LVH,SB,RWC,TWC,SA
ecg24156	SB,SA
ecg24157	SB,SA
ecg24158	TWC,SB,SA
ecg24159	SB,SA
ecg24160	TWO,QTIE,LVH,SB,SA
ecg24161	SB,SA
ecg24162	SB,SA
ecg24163	SB,SA
ecg24164	TWC,SB,SA
ecg24165	SB,SA
ecg24166	SB,SA
ecg24167	SB,SA
ecg24168	SB,SA
ecg24169	SB,SA
ecg24170	SB,SA
ecg24171	SB,SA
ecg24172	SB,SA
ecg24173	SB,RWC,SA
ecg24174	TWC,SB,SA,TWO
ecg24175	SB,SA
ecg24176	SB,SA
ecg24177	LVH,SB,SA
ecg24178	TWC,SB,SA
ecg24179	SB,SA
ecg24180	SB,SA
ecg24181	SB,SA
ecg24182	SB,SA
ecg24183	LVH,SB,SA
ecg24184	SB,SA
ecg24185	LVH,SB,SA,PPW
ecg24186	SB,SA
ecg24187	AQW,STTU,TWO,SB,SA
ecg24188	SB,SA
ecg24189	SB,SA
ecg24190	SB,SA
ecg24191	SB,SA
ecg24192	SB,SA
ecg24193	TWC,SB,SA
ecg24194	SB,SA
ecg24195	SB,SA
ecg24196	LVH,SB,SA
ecg24197	SB,SA
ecg24198	SB,SA
ecg24199	SB,SA
ecg24200	SB,SA
ecg24201	SB,SA
ecg24202	SB,SA
ecg24203	TWC,SB,SA
ecg24204	SB,SA
ecg24205	SB,SA
ecg24206	TWC,SB,LVH,SA
ecg24207	SB,SA
ecg24208	SB,SA
ecg24209	SB,SA
ecg24210	SB,SA
ecg24211	SB,SA
ecg24212	LVH,SB,SA
ecg24213	STDD,TWO,SB,STC,LVH,SA
ecg24214	SB,SA
ecg24215	SB,SA
ecg24216	SB,SA
ecg24217	SB,SA
ecg24218	SB,SA
ecg24219	SB,SA
ecg24220	SB,SA
ecg24221	STC,SB,LVH,SA
ecg24222	SB,SA
ecg24223	SB,SA
ecg24224	SB,SA
ecg24225	SB,SA
ecg24226	SB,SA
ecg24227	SB,SA
ecg24228	TWO,LVH,STDD,SB,STC,SA
ecg24229	SB,SA
ecg24230	LVH,SB,SA
ecg24231	TWC,SB,SA
ecg24232	SB,SA
ecg24233	SB,SA
ecg24234	SB,SA
ecg24235	SB,SA
ecg24236	SB,SA
ecg24237	SB,SA
ecg24238	SB,SA
ecg24239	SB,SA
ecg24240	SB,SA
ecg24241	SB,SA
ecg24242	TWC,SB,SA
ecg24243	SB,SA
ecg24244	SB,SA
ecg24245	SB,SA
ecg24246	LVH,SB,SA
ecg24247	SB,SA
ecg24248	SB,SA
ecg24249	TWC,SB,SA,TWO
ecg24250	SB,SA
ecg24251	TWC,SB,SA
ecg24252	SB,SA
ecg24253	SB,SA
ecg24254	LVH,SB,SA
ecg24255	SB,SA
ecg24256	SB,SA
ecg24257	SB,SA
ecg24258	STC,SB,SA
ecg24259	SB,SA
ecg24260	TWO,LVH,STDD,SB,STC,SA
ecg24261	LVH,SB,SA
ecg24262	SB,SA
ecg24263	SB,SA
ecg24264	SB,SA
ecg24265	SB,SA
ecg24266	SB,SA
ecg24267	SB,SA
ecg24268	TWC,SB,SA
ecg24269	SB,SA
ecg24270	LVH,SB,SA
ecg24271	SB,SA
ecg24272	SB,SA
ecg24273	TWC,SB,SA
ecg24274	SB,SA
ecg24275	SB,SA
ecg24276	TWC,SB,SA
ecg24277	SB,SA
ecg24278	LVH,SB,SA
ecg24279	SB,SA
ecg24280	TWC,SB,SA
ecg24281	QTIE,SB,SA
ecg24282	SB,SA
ecg24283	STC,SB,SA
ecg24284	SB,SA
ecg24285	SB,SA
ecg24286	TWC,SB,SA
ecg24287	SB,SA
ecg24288	TWC,SB,SA
ecg24289	SB,SA
ecg24290	TWO,LVH,SB,TWC,SA
ecg24291	SB,SA
ecg24292	SB,SA
ecg24293	LVH,SB,SA
ecg24294	STC,SB,SA
ecg24295	SB,SA
ecg24296	TWC,SB,SA,TWO
ecg24297	LVH,SB,SA
ecg24298	SB,SA
ecg24299	LVH,SB,SA
ecg24300	SB,SA
ecg24301	SB,SA
ecg24302	SB,SA
ecg24303	STTU,LVH,SB,RWC,ERV
ecg24304	STTU,SB,ERV
ecg24305	STTU,SB,ERV
ecg24306	STTU,SB,ERV
ecg24307	STTU,SB,LVH,ERV
ecg24308	ERV,SB
ecg24309	ERV,SB
ecg24310	STTU,SB,ERV
ecg24311	STTU,SB,BRUG,ERV
ecg24312	STTU,LVH,SB,ERV,TWC
ecg24313	STTU,SB,ERV
ecg24314	ERV,SB
ecg24315	STTU,SB,ERV
ecg24316	STTU,SB,ERV
ecg24317	ERV,SB
ecg24318	ERV,SB,LVH
ecg24319	STTU,SB,LVH,ERV
ecg24320	ERV,SB
ecg24321	STTU,SB,ERV
ecg24322	TWC,SB,ERV
ecg24323	STTU,SB,ERV
ecg24324	STTU,SB,LVH,ERV
ecg24325	STTU,SB,TWC,ERV
ecg24326	STTU,SB,LVH,ERV
ecg24327	ERV,SB
ecg24328	STTU,SB,ERV
ecg24329	STTU,SB,ERV
ecg24330	STTU,LVH,TWO,SB,ERV
ecg24331	STTU,SB,ERV
ecg24332	STTU,SB,ERV
ecg24333	ERV,SB,LVH
ecg24334	STTU,SB,LVH,ERV
ecg24335	STTU,SB,ERV
ecg24336	ERV,SB,LVH
ecg24337	ERV,SB,LVH
ecg24338	STTU,LVH,SB,ERV,TWC
ecg24339	STTU,LVH,SB,ERV,TWC
ecg24340	STTU,SB,ERV
ecg24341	STTU,SB,LVH,ERV
ecg24342	ERV,SB
ecg24343	STTU,SB,ERV
ecg24344	STTU,LVH,SB,ERV,TWC
ecg24345	STTU,SB,ERV
ecg24346	STTU,SB,LVH,ERV
ecg24347	STTU,SB,TWC,ERV
ecg24348	STTU,SB,ERV
ecg24349	STTU,SB,TWC,ERV
ecg24350	STTU,SB,ERV
ecg24351	STTU,LVH,PWC,SB,ERV
ecg24352	STTU,SB,LVH,ERV
ecg24353	STTU,SB,ERV
ecg24354	STTU,SB,ERV
ecg24355	STTU,SB,ERV
ecg24356	STTU,SB,LVH,ERV
ecg24357	STTU,SB,ERV
ecg24358	ERV,SB
ecg24359	STTU,SB,ERV
ecg24360	STTU,SB,ERV
ecg24361	STTU,SB,LVH,ERV
ecg24362	STTU,SB,TWC,ERV
ecg24363	STTU,TWO,SB,TWC,ERV
ecg24364	STTU,LVH,SB,ERV,TWC
ecg24365	ERV,SB
ecg24366	ERV,SB,LVH
ecg24367	STTU,SB,ERV
ecg24368	STTU,SB,ERV
ecg24369	STTU,SB,LVH,ERV
ecg24370	STTU,SB,ERV
ecg24371	STTU,SB,ERV
ecg24372	STTU,SB,LVH,ERV
ecg24373	STTU,SB,ERV
ecg24374	STTU,SB,ERV
ecg24375	STTU,LVH,SB,ERV,TWC
ecg24376	STTU,SB,ERV
ecg24377	ERV,SB
ecg24378	STTU,SB,ERV
ecg24379	STTU,SB,TWC,ERV
ecg24380	STTU,SB,ERV
ecg24381	STTU,SB,ERV
ecg24382	STTU,SB,ERV
ecg24383	TWC,SB,ERV
ecg24384	STTU,SB,ERV
ecg24385	STTU,SB,ERV
ecg24386	ERV,SB
ecg24387	ERV,SB
ecg24388	STTU,SB,ERV
ecg24389	STTU,SB,ERV
ecg24390	ERV,SB
ecg24391	STTU,SB,LVH,ERV
ecg24392	ERV,SB
ecg24393	ERV,SB,LVH
ecg24394	ERV,SB
ecg24395	STTU,SB,ERV
ecg24396	ERV,SB
ecg24397	STTU,SB,LVH,ERV
ecg24398	STTU,SB,ERV
ecg24399	STTU,SB,ERV
ecg24400	ERV,SB
ecg24401	STTU,SB,ERV
ecg24402	STTU,SB,ERV
ecg24403	STTU,SB,ERV
ecg24404	STTU,SB,ERV
ecg24405	STTU,SB,ERV
ecg24406	STTU,SB,ERV
ecg24407	ERV,SB
ecg24408	ERV,SB
ecg24409	ERV,SB
ecg24410	ERV,SB
ecg24411	STTU,SB,ERV
ecg24412	STTU,SB,ERV
ecg24413	STTU,SB,ERV
ecg24414	STTU,SB,ERV
ecg24415	AQW,STTU,TWO,SB,TWC,ERV
ecg24416	STTU,SB,ERV
ecg24417	STTU,SB,ERV
ecg24418	STTU,SB,ERV
ecg24419	ERV,SB
ecg24420	STTU,SB,LVH,ERV
ecg24421	ERV,SB,LVH
ecg24422	STTU,SB,TWC,ERV
ecg24423	STTU,SB,ERV
ecg24424	STTU,SB,ERV
ecg24425	ERV,SB,LVH
ecg24426	STTU,SB,LVH,ERV
ecg24427	STTU,SB,ERV
ecg24428	TWC,SB,STTU,ERV
ecg24429	STTU,SB,LVH,ERV
ecg24430	STTU,SB,LVH,ERV
ecg24431	STTU,SB,ERV
ecg24432	STTU,SB,ERV
ecg24433	STTU,SB,ERV
ecg24434	STTU,SB,ERV
ecg24435	ERV,SB
ecg24436	STTU,SB,ERV
ecg24437	STTU,SB,ERV
ecg24438	STTU,SB,ERV
ecg24439	STTU,SB,LVH,ERV
ecg24440	STTU,SB,ERV
ecg24441	STTU,SB,ERV
ecg24442	ERV,SB
ecg24443	ERV,SB
ecg24444	ERV,SB
ecg24445	STTU,SB,LVH,ERV
ecg24446	STTU,SB,ERV
ecg24447	STTU,SB,ERV
ecg24448	ERV,SB
ecg24449	STTU,SB,ERV
ecg24450	STTU,SB,ERV
ecg24451	STTU,SB,LVH,ERV
ecg24452	ERV,SB
ecg24453	STTU,SB,LVH,ERV
ecg24454	ERV,SB
ecg24455	ERV,SB,LVH
ecg24456	STTU,SB,ERV
ecg24457	ERV,SB
ecg24458	STTU,SB,LVH,ERV
ecg24459	STTU,SB,LVH,ERV
ecg24460	STTU,SB,ERV
ecg24461	STTU,LVH,SB,ERV,TWC
ecg24462	STTU,SB,ERV
ecg24463	ERV,SB
ecg24464	STTU,SB,ERV
ecg24465	STTU,SB,ERV
ecg24466	ERV,SB
ecg24467	ERV,SB
ecg24468	ERV,SB
ecg24469	STTU,SB,ERV
ecg24470	STTU,SB,ERV
ecg24471	STTU,SB,LVH,ERV
ecg24472	STTU,SB,TWC,ERV
ecg24473	STTU,SB,ERV
ecg24474	STTU,SB,ERV
ecg24475	STTU,SB,LVH,ERV
ecg24476	STTU,SB,LVH,ERV
ecg24477	STTU,SB,ERV
ecg24478	STTU,SB,LVH,ERV
ecg24479	STTU,SB,ERV
ecg24480	STTU,SB,ERV
ecg24481	ERV,SB
ecg24482	STTU,SB,LVH,ERV
ecg24483	STTU,SB,ERV
ecg24484	STTU,SB,ERV
ecg24485	STTU,SB,TWC,ERV
ecg24486	STTU,SB,ERV
ecg24487	ERV,SB
ecg24488	STTU,SB,ERV
ecg24489	TWC,SB,ERV
ecg24490	STTU,SB,ERV
ecg24491	ERV,SB
ecg24492	STTU,SB,ERV
ecg24493	STTU,SB,ERV
ecg24494	STTU,SB,ERV
ecg24495	STTU,SB,LVH,ERV
ecg24496	STTU,SB,ERV
ecg24497	STTU,SB,ERV
ecg24498	STTU,SB,ERV
ecg24499	STTU,SB,ERV
ecg24500	ERV,SB
ecg24501	ERV,SB
ecg24502	STTU,SB,LVH,ERV
ecg24503	STTU,SB,ERV
ecg24504	STTU,SB,ERV
ecg24505	STTU,SB,LVH,ERV
ecg24506	STTU,SB,ERV
ecg24507	ERV,SB
ecg24508	ERV,SB,LVH
ecg24509	STTU,SB,ERV
ecg24510	STTU,SB,LVH,ERV
ecg24511	ERV,SB
ecg24512	STTU,SB,ERV
ecg24513	STTU,SB,LVH,ERV
ecg24514	STTU,SB,ERV
ecg24515	STTU,SB,ERV
ecg24516	STTU,SB,ERV
ecg24517	STTU,SB,ERV
ecg24518	ERV,SB
ecg24519	STTU,SB,ERV
ecg24520	STTU,SB,ERV
ecg24521	ERV,SB
ecg24522	STTU,SB,ERV
ecg24523	STTU,LVH,SB,RWC,ERV
ecg24524	ERV,SB
ecg24525	ERV,SB
ecg24526	STTU,SB,ERV
ecg24527	STTU,SB,ERV
ecg24528	STTU,SB,ERV
ecg24529	ERV,SB
ecg24530	ERV,SB
ecg24531	ERV,SB
ecg24532	STTU,SB,ERV
ecg24533	STTU,SB,ERV
ecg24534	STTU,SB,LVH,ERV
ecg24535	SB,SR
ecg24536	TWC,SB,SR
ecg24537	LVH,SB,SR
ecg24538	WPW,SB
ecg24539	WPW,SB
ecg24540	WPW,SB
ecg24541	WPW,SB
ecg24542	WPW,SB,LVH
ecg24543	WPW,SB,LVH
ecg24544	WPW,SB
ecg24545	WPW,SB,LVH
ecg24546	WPW,SB
ecg24547	WPW,SB
ecg24548	WPW,SB
ecg24549	WPW,SB
ecg24550	WPW,SB
ecg24551	WPW,SB
ecg24552	WPW,SB,LVH
ecg24553	AQW,SB,WPW,LVH
ecg24554	WPW,SB
ecg24555	WPW,SB
ecg24556	WPW,SB
ecg24557	WPW,SB
ecg24558	WPW,SB
ecg24559	WPW,SB
ecg24560	WPW,SB
ecg24561	WPW,SB
ecg24562	WPW,SB
ecg24563	TWC,SB
ecg24564	SB
ecg24565	STC,SB
ecg24566	SB
ecg24567	SB
ecg24568	LVH,SB
ecg24569	SB
ecg24570	SB
ecg24571	SB
ecg24572	TWC,SB
ecg24573	SB
ecg24574	SB
ecg24575	SB
ecg24576	SB
ecg24577	SB
ecg24578	SB
ecg24579	TWC,SB
ecg24580	TWC,SB
ecg24581	SB,SPRI
ecg24582	SB
ecg24583	BBB,SB
ecg24584	SB
ecg24585	SB
ecg24586	SB
ecg24587	SB
ecg24588	STDD,SB,STC,TWO
ecg24589	TWC,SB,LVH,TWO
ecg24590	SB
ecg24591	SB
ecg24592	SB
ecg24593	SB
ecg24594	SB
ecg24595	TWC,SB
ecg24596	AQW,STDD,TWO,SB,STC
ecg24597	SB
ecg24598	SB
ecg24599	SB
ecg24600	SB
ecg24601	SB
ecg24602	SB
ecg24603	STC,SB,LVH
ecg24604	SB
ecg24605	SB
ecg24606	SB
ecg24607	LVH,SB
ecg24608	SB
ecg24609	STTU,SB
ecg24610	SB
ecg24611	SB
ecg24612	SB
ecg24613	SB
ecg24614	SB
ecg24615	SB
ecg24616	SB,RWC
ecg24617	SB
ecg24618	SB
ecg24619	STC,SB,LVH
ecg24620	SB
ecg24621	TWO,LVH,STDD,SB,STC
ecg24622	SB
ecg24623	TWC,SB
ecg24624	STC,SB
ecg24625	STDD,SB,STC,TWO
ecg24626	LVH,SB
ecg24627	STC,SB,LVH
ecg24628	SB
ecg24629	SB
ecg24630	STC,SB,LVH
ecg24631	SB
ecg24632	STDD,SB,STC,TWO
ecg24633	STDD,SB,STC,TWO
ecg24634	STDD,SB,STC,TWO
ecg24635	STC,SB,LVQRSAL
ecg24636	TWC,SB,TWO
ecg24637	SB
ecg24638	SB
ecg24639	SB
ecg24640	SB
ecg24641	LVH,SB
ecg24642	SB
ecg24643	SB
ecg24644	TWO,SB,TWC,UW
ecg24645	LVH,SB
ecg24646	SB
ecg24647	LVH,SB
ecg24648	SB
ecg24649	SB
ecg24650	TWC,SB,TWO
ecg24651	SB
ecg24652	SB
ecg24653	SB
ecg24654	SB
ecg24655	SB
ecg24656	SB
ecg24657	SB
ecg24658	SB
ecg24659	SB
ecg24660	LVH,SB
ecg24661	SB
ecg24662	SB
ecg24663	SB
ecg24664	SB
ecg24665	LVH,SB
ecg24666	TWC,SB
ecg24667	STC,SB
ecg24668	SB
ecg24669	SB
ecg24670	SB
ecg24671	SB
ecg24672	SB
ecg24673	TWC,SB,LVH,TWO
ecg24674	LVH,SB
ecg24675	TWC,SB,TWO
ecg24676	SB
ecg24677	SB
ecg24678	TWC,SB,TWO
ecg24679	SB
ecg24680	SB
ecg24681	SB
ecg24682	LVH,SB
ecg24683	LVH,SB
ecg24684	SB
ecg24685	STC,SB,LVH
ecg24686	SB
ecg24687	TWO,LVH,STDD,SB,STC
ecg24688	SB
ecg24689	SB
ecg24690	SB
ecg24691	LVH,SB
ecg24692	SB
ecg24693	SB
ecg24694	SB
ecg24695	SB,PPW
ecg24696	STC,SB,LVH
ecg24697	SB
ecg24698	SB
ecg24699	SB
ecg24700	SB
ecg24701	SB
ecg24702	SB
ecg24703	SB
ecg24704	SB
ecg24705	LVH,SB
ecg24706	SB
ecg24707	SB
ecg24708	SB
ecg24709	TWC,SB
ecg24710	TWC,SB
ecg24711	SB
ecg24712	TWC,SB
ecg24713	TWC,SB,TWO
ecg24714	SB
ecg24715	TWC,SB,TWO
ecg24716	SB
ecg24717	TWO,LVH,STDD,SB,STC
ecg24718	SB
ecg24719	SB
ecg24720	SB
ecg24721	SB
ecg24722	SB
ecg24723	SB
ecg24724	TWC,SB
ecg24725	TWC,SB
ecg24726	SB
ecg24727	SB
ecg24728	TWC,SB,LVH,TWO
ecg24729	SB
ecg24730	SB
ecg24731	STDD,TWO,SB,LVH,STC
ecg24732	SB
ecg24733	STC,SB,LVH,TWO
ecg24734	STDD,TWO,SB,LVH,STC
ecg24735	SB
ecg24736	SB
ecg24737	TWC,SB
ecg24738	TWC,SB
ecg24739	SB
ecg24740	SB
ecg24741	SB
ecg24742	SB
ecg24743	SB
ecg24744	SB
ecg24745	TWC,SB,LVH
ecg24746	SB
ecg24747	SB
ecg24748	SB
ecg24749	TWC,SB
ecg24750	SB
ecg24751	TWC,SB,LVH
ecg24752	STC,SB,LVH
ecg24753	LVH,SB
ecg24754	SB
ecg24755	TWC,SB,LVH
ecg24756	SB
ecg24757	SB
ecg24758	SB
ecg24759	STC,SB
ecg24760	STC,SB
ecg24761	STTU,SB
ecg24762	LVH,SB
ecg24763	TWC,SB
ecg24764	STC,SB
ecg24765	SB
ecg24766	SB
ecg24767	STC,SB
ecg24768	SB
ecg24769	LVH,SB
ecg24770	LVH,SB
ecg24771	SB
ecg24772	SB
ecg24773	TWC,SB
ecg24774	SB
ecg24775	SB
ecg24776	SB
ecg24777	SB
ecg24778	SB
ecg24779	LVH,SB
ecg24780	AQW,SB,TWC
ecg24781	AQW,SB,TWC,TWO
ecg24782	SB
ecg24783	LVH,SB
ecg24784	SB
ecg24785	STTU,STDD,TWO,SB,LVH
ecg24786	SB
ecg24787	SB
ecg24788	SB
ecg24789	SB
ecg24790	LVH,SB
ecg24791	SB
ecg24792	SB
ecg24793	TWC,SB
ecg24794	SB
ecg24795	LVH,SB
ecg24796	SB
ecg24797	SB
ecg24798	TWC,SB,RWC
ecg24799	SB
ecg24800	SB
ecg24801	SB
ecg24802	SB
ecg24803	SB
ecg24804	SB
ecg24805	LVH,SB
ecg24806	LVH,SB
ecg24807	SB
ecg24808	SB
ecg24809	SB
ecg24810	SB
ecg24811	SB
ecg24812	SB
ecg24813	SB
ecg24814	SB
ecg24815	STC,SB,LVH
ecg24816	SB
ecg24817	SB
ecg24818	STDD,SB,STC,TWO
ecg24819	STC,SB,LVH
ecg24820	LVH,SB
ecg24821	SB
ecg24822	SB
ecg24823	SB
ecg24824	SB
ecg24825	SB
ecg24826	SB
ecg24827	SB
ecg24828	SB,PPW
ecg24829	SB
ecg24830	TWC,SB
ecg24831	SB
ecg24832	LVH,SB
ecg24833	SB
ecg24834	SB
ecg24835	SB
ecg24836	LVH,SB
ecg24837	LVH,SB
ecg24838	SB
ecg24839	SB
ecg24840	LVH,SB
ecg24841	STTU,SB
ecg24842	SB
ecg24843	LVH,SB
ecg24844	SB
ecg24845	SB
ecg24846	TWC,SB
ecg24847	SB
ecg24848	SB
ecg24849	SB
ecg24850	SB
ecg24851	LVH,SB
ecg24852	LVH,SB
ecg24853	TWC,SB,LVH,TWO
ecg24854	SB
ecg24855	SB
ecg24856	TWC,SB
ecg24857	SB
ecg24858	LVH,SB
ecg24859	SB
ecg24860	SB
ecg24861	SB
ecg24862	LVH,SB
ecg24863	TWC,SB
ecg24864	SB
ecg24865	TWC,SB,LVH
ecg24866	SB
ecg24867	LVH,SB
ecg24868	SB
ecg24869	LVH,SB
ecg24870	SB
ecg24871	SB
ecg24872	SB
ecg24873	SB
ecg24874	SB
ecg24875	SB
ecg24876	SB
ecg24877	SB
ecg24878	SB
ecg24879	SB
ecg24880	LVH,SB
ecg24881	SB
ecg24882	TWC,SB
ecg24883	SB
ecg24884	SB
ecg24885	SB
ecg24886	LVH,SB
ecg24887	SB
ecg24888	LVH,SB
ecg24889	STDD,TWO,SB,LVH,STC
ecg24890	SB
ecg24891	SB
ecg24892	SB
ecg24893	SB
ecg24894	TWC,PRIE,SB
ecg24895	TWC,SB
ecg24896	SB
ecg24897	SB
ecg24898	SB
ecg24899	SB
ecg24900	SB
ecg24901	SB
ecg24902	SB
ecg24903	SB
ecg24904	SB
ecg24905	LVH,SB
ecg24906	SB
ecg24907	TWC,SB,LVH
ecg24908	SB
ecg24909	SB
ecg24910	SB
ecg24911	SB
ecg24912	SB
ecg24913	SB
ecg24914	SB
ecg24915	STC,SB
ecg24916	SB
ecg24917	TWC,SB
ecg24918	TWC,SB
ecg24919	SB
ecg24920	LVH,SB
ecg24921	SB
ecg24922	SB
ecg24923	SB
ecg24924	SB
ecg24925	STDD,UW,TPW,TWO,SB,RAH,STC
ecg24926	SB
ecg24927	SB
ecg24928	TWC,SB,RWC
ecg24929	SB
ecg24930	SB
ecg24931	SB
ecg24932	SB
ecg24933	SB
ecg24934	TWC,SB
ecg24935	LVH,SB
ecg24936	SB
ecg24937	SB
ecg24938	SB
ecg24939	SB
ecg24940	LVH,SB
ecg24941	SB
ecg24942	SB
ecg24943	SB,LVQRSAL
ecg24944	SB
ecg24945	TWC,SB
ecg24946	TWO,SB
ecg24947	TWC,SB
ecg24948	SB
ecg24949	SB
ecg24950	SB
ecg24951	TWC,SB,TWO
ecg24952	SB
ecg24953	SB
ecg24954	SB
ecg24955	SB
ecg24956	SB
ecg24957	SB
ecg24958	SB
ecg24959	SB
ecg24960	LVH,SB
ecg24961	SB
ecg24962	TWC,SB,LVH
ecg24963	SB
ecg24964	SB
ecg24965	SB
ecg24966	SB
ecg24967	TWC,SB
ecg24968	TWC,SB,LVH
ecg24969	SB
ecg24970	TWC,SB
ecg24971	SB
ecg24972	STC,SB
ecg24973	STC,SB
ecg24974	SB
ecg24975	SB
ecg24976	SB
ecg24977	SB
ecg24978	TWC,SB,TWO
ecg24979	SB
ecg24980	SB,PPW
ecg24981	LVH,SB
ecg24982	SB
ecg24983	LVH,SB
ecg24984	SB
ecg24985	SB
ecg24986	SB
ecg24987	SB
ecg24988	SB
ecg24989	SB
ecg24990	SB
ecg24991	SB
ecg24992	SB
ecg24993	SB
ecg24994	SB
ecg24995	SB
ecg24996	SB
ecg24997	SB
ecg24998	SB
ecg24999	SB
ecg25000	SB
ecg25001	SB
ecg25002	SB
ecg25003	SB
ecg25004	SB
ecg25005	SB
ecg25006	SB
ecg25007	SB
ecg25008	SB
ecg25009	TWC,SB
ecg25010	SB
ecg25011	SB
ecg25012	SB
ecg25013	SB
ecg25014	SB
ecg25015	SB
ecg25016	SB
ecg25017	SB
ecg25018	SB
ecg25019	SB
ecg25020	TWC,SB
ecg25021	SB
ecg25022	LVH,SB
ecg25023	SB
ecg25024	SB
ecg25025	TWC,SB
ecg25026	SB
ecg25027	SB
ecg25028	SB
ecg25029	SB
ecg25030	TWC,SB
ecg25031	LVH,SB
ecg25032	SB
ecg25033	SB
ecg25034	TWC,SB,RWC
ecg25035	SB
ecg25036	SB
ecg25037	SB
ecg25038	SB
ecg25039	STDD,TWO,SB,LVH,STC
ecg25040	SB
ecg25041	TWC,SB,TWO
ecg25042	SB
ecg25043	SB
ecg25044	SB
ecg25045	SB
ecg25046	AQW,SB
ecg25047	AQW,SB
ecg25048	STTU,SB
ecg25049	SB
ecg25050	SB
ecg25051	SB
ecg25052	LVH,SB
ecg25053	SB
ecg25054	SB
ecg25055	SB
ecg25056	SB,RWC,LVQRSAL
ecg25057	AQW,SB,LVQRSAL
ecg25058	SB
ecg25059	SB
ecg25060	SB,LVQRSAL
ecg25061	SB
ecg25062	SB,RWC,LVQRSAL
ecg25063	AQW,SB
ecg25064	SB,LVQRSAL
ecg25065	AQW,SB
ecg25066	AQW,SB,LVQRSAL
ecg25067	AQW,SB,LVQRSAL
ecg25068	SB
ecg25069	SB
ecg25070	SB
ecg25071	SB
ecg25072	SB
ecg25073	LVH,SB
ecg25074	SB
ecg25075	SB
ecg25076	SB
ecg25077	TWC,SB,TWO
ecg25078	SB
ecg25079	SB
ecg25080	SB
ecg25081	SB
ecg25082	SB
ecg25083	SB
ecg25084	SB
ecg25085	LVH,SB
ecg25086	SB
ecg25087	SB
ecg25088	SB
ecg25089	SB
ecg25090	SB
ecg25091	SB
ecg25092	SB
ecg25093	SB,LVQRSAL
ecg25094	STTU,SB
ecg25095	SB
ecg25096	SB
ecg25097	SB
ecg25098	STC,SB,LVH
ecg25099	SB,SPRI
ecg25100	SB
ecg25101	STTU,SB
ecg25102	UW,SB
ecg25103	SB
ecg25104	SB
ecg25105	LVH,SB
ecg25106	SB
ecg25107	SB
ecg25108	TWC,SB
ecg25109	SB
ecg25110	SB
ecg25111	STC,SB,LVH
ecg25112	SB
ecg25113	SB
ecg25114	LVH,SB
ecg25115	SB
ecg25116	SB
ecg25117	SB
ecg25118	STC,SB,LVH
ecg25119	SB
ecg25120	SB
ecg25121	SB
ecg25122	SB
ecg25123	LVH,SB
ecg25124	SB
ecg25125	STC,SB
ecg25126	SB
ecg25127	SB
ecg25128	AQW,SB
ecg25129	SB
ecg25130	LVH,SB
ecg25131	SB
ecg25132	TWC,SB,LVH
ecg25133	SB
ecg25134	SB
ecg25135	SB
ecg25136	LVH,SB
ecg25137	SB
ecg25138	SB
ecg25139	LVH,SB
ecg25140	SB
ecg25141	SB
ecg25142	SB
ecg25143	SB
ecg25144	SB
ecg25145	LVH,SB
ecg25146	SB
ecg25147	SB
ecg25148	SB
ecg25149	SB
ecg25150	SB
ecg25151	SB
ecg25152	SB
ecg25153	SB,RWC
ecg25154	SB
ecg25155	STC,SB
ecg25156	SB
ecg25157	SB
ecg25158	SB
ecg25159	TWC,SB
ecg25160	STTU,SB
ecg25161	SB
ecg25162	SB
ecg25163	SB
ecg25164	SB
ecg25165	SB
ecg25166	TWC,SB,PPW,UW
ecg25167	TWO,LVH,STDD,SB,STC
ecg25168	AQW,SB,STC
ecg25169	TWC,SB
ecg25170	LVH,SB
ecg25171	SB
ecg25172	SB
ecg25173	SB
ecg25174	SB
ecg25175	TWC,SB
ecg25176	AQW,SB,RWC
ecg25177	SB
ecg25178	TWC,SB,TWO
ecg25179	SB
ecg25180	SB
ecg25181	STDD,TWO,SB,LVH,STC
ecg25182	SB
ecg25183	LVH,SB
ecg25184	SB
ecg25185	SB
ecg25186	SB
ecg25187	SB
ecg25188	SB
ecg25189	SB
ecg25190	SB
ecg25191	SB
ecg25192	SB
ecg25193	SB
ecg25194	TWC,SB
ecg25195	SB
ecg25196	STTU,SB
ecg25197	TWC,SB,LVH
ecg25198	SB
ecg25199	SB
ecg25200	SB
ecg25201	LVH,SB
ecg25202	SB
ecg25203	SB
ecg25204	SB
ecg25205	SB
ecg25206	SB
ecg25207	SB
ecg25208	SB
ecg25209	SB
ecg25210	SB
ecg25211	SB
ecg25212	SB
ecg25213	SB
ecg25214	SB
ecg25215	SB
ecg25216	SB
ecg25217	SB
ecg25218	SB
ecg25219	SB
ecg25220	SB
ecg25221	SB
ecg25222	SB
ecg25223	SB
ecg25224	SB
ecg25225	SB,LVQRSAL
ecg25226	STDD,TWO,SB,LVH,STC
ecg25227	SB
ecg25228	SB
ecg25229	SB
ecg25230	SB
ecg25231	TWC,SB
ecg25232	WPW,SB,LVH
ecg25233	TWC,SB
ecg25234	SB
ecg25235	SB
ecg25236	LVH,SB
ecg25237	SB
ecg25238	SB
ecg25239	SB
ecg25240	SB
ecg25241	LVH,SB
ecg25242	LVH,SB
ecg25243	SB
ecg25244	SB
ecg25245	SB
ecg25246	SB
ecg25247	SB
ecg25248	SB
ecg25249	TWC,SB
ecg25250	SB
ecg25251	SB
ecg25252	SB
ecg25253	LVH,SB
ecg25254	STC,SB,RWC
ecg25255	LVH,SB
ecg25256	TWC,SB,TWO
ecg25257	SB
ecg25258	SB
ecg25259	SB
ecg25260	SB
ecg25261	SB
ecg25262	SB
ecg25263	SB
ecg25264	SB
ecg25265	SB
ecg25266	TWC,SB
ecg25267	LVH,SB
ecg25268	SB
ecg25269	SB
ecg25270	SB,PPW
ecg25271	SB
ecg25272	SB
ecg25273	SB
ecg25274	STTU,SB
ecg25275	SB
ecg25276	SB
ecg25277	SB
ecg25278	LVH,SB
ecg25279	LVH,SB
ecg25280	LVH,SB
ecg25281	SB
ecg25282	SB
ecg25283	SB
ecg25284	SB
ecg25285	SB
ecg25286	STC,SB
ecg25287	LVH,SB
ecg25288	SB
ecg25289	LVH,SB
ecg25290	SB
ecg25291	SB
ecg25292	LVH,SB
ecg25293	SB
ecg25294	SB
ecg25295	SB
ecg25296	SB
ecg25297	SB
ecg25298	SB
ecg25299	SB
ecg25300	STDD,SB,STC,TWO
ecg25301	SB
ecg25302	SB
ecg25303	SB
ecg25304	SB
ecg25305	SB
ecg25306	QTIE,SB,LVH
ecg25307	LVH,SB
ecg25308	SB
ecg25309	SB
ecg25310	SB
ecg25311	SB
ecg25312	SB
ecg25313	SB
ecg25314	SB
ecg25315	SB
ecg25316	SB
ecg25317	LVH,SB
ecg25318	SB
ecg25319	SB
ecg25320	SB
ecg25321	TWO,LVH,STDD,SB,STC
ecg25322	LVH,SB
ecg25323	LVH,SB
ecg25324	SB
ecg25325	SB
ecg25326	SB
ecg25327	SB
ecg25328	SB
ecg25329	SB
ecg25330	SB
ecg25331	LVH,SB
ecg25332	SB
ecg25333	LVH,SB
ecg25334	TWC,SB
ecg25335	SB
ecg25336	TWC,SB,STC
ecg25337	SB
ecg25338	LVH,SB
ecg25339	SB
ecg25340	SB
ecg25341	SB
ecg25342	SB
ecg25343	TWC,SB,TWO
ecg25344	SB
ecg25345	SB
ecg25346	SB
ecg25347	SB
ecg25348	SB
ecg25349	LVH,SB
ecg25350	AQW,SB
ecg25351	LVH,SB
ecg25352	SB
ecg25353	TWC,SB,TWO
ecg25354	AQW,SB,TWC,TWO
ecg25355	SB
ecg25356	SB,LVQRSAL
ecg25357	SB
ecg25358	TWC,SB,LVH
ecg25359	SB
ecg25360	LVH,SB
ecg25361	SB
ecg25362	STTU,STDD,TWO,SB,LVH,STC
ecg25363	SB
ecg25364	TWC,SB
ecg25365	SB
ecg25366	TWC,SB,TWO
ecg25367	SB
ecg25368	SB
ecg25369	SB
ecg25370	SB
ecg25371	SB
ecg25372	SB
ecg25373	SB
ecg25374	SB
ecg25375	SB
ecg25376	AQW,STTU,TWO,SB,TWC
ecg25377	SB
ecg25378	SB,RWC
ecg25379	SB
ecg25380	SB
ecg25381	SB
ecg25382	SB
ecg25383	TWC,SB
ecg25384	SB
ecg25385	SB
ecg25386	SB
ecg25387	SB
ecg25388	SB
ecg25389	AQW,STTU,TWO,SB,TWC
ecg25390	STTU,TWO,SB,RWC,TWC
ecg25391	SB
ecg25392	TWC,SB
ecg25393	STTU,SB
ecg25394	SB
ecg25395	SB
ecg25396	LVH,SB
ecg25397	SB
ecg25398	SB
ecg25399	SB
ecg25400	TWC,SB,LVH
ecg25401	SB
ecg25402	SB
ecg25403	TWC,SB,LVH
ecg25404	SB
ecg25405	STC,SB,LVH
ecg25406	SB
ecg25407	SB
ecg25408	SB
ecg25409	SB
ecg25410	SB
ecg25411	SB
ecg25412	SB
ecg25413	LVH,SB
ecg25414	LVH,SB
ecg25415	LVH,SB
ecg25416	TWC,SB,TWO
ecg25417	SB
ecg25418	TWC,SB
ecg25419	SB
ecg25420	LVH,SB
ecg25421	SB
ecg25422	TWC,SB
ecg25423	SB
ecg25424	SB
ecg25425	SB
ecg25426	SB
ecg25427	SB
ecg25428	LVH,SB
ecg25429	SB
ecg25430	STC,SB
ecg25431	TWC,SB
ecg25432	SB
ecg25433	STC,SB
ecg25434	SB
ecg25435	SB
ecg25436	SB
ecg25437	SB
ecg25438	STC,SB
ecg25439	SB
ecg25440	STC,SB
ecg25441	SB
ecg25442	SB
ecg25443	SB
ecg25444	SB
ecg25445	LVH,SB
ecg25446	SB
ecg25447	SB
ecg25448	TWC,SB
ecg25449	SB
ecg25450	SB
ecg25451	SB
ecg25452	TWC,SB
ecg25453	SB
ecg25454	TWC,SB
ecg25455	SB,LVQRSAL
ecg25456	SB
ecg25457	SB
ecg25458	SB,PPW
ecg25459	SB
ecg25460	TWC,SB,LVH,TWO
ecg25461	SB
ecg25462	LVH,SB
ecg25463	TWC,SB
ecg25464	SB
ecg25465	SB
ecg25466	TWC,SB,TWO
ecg25467	SB
ecg25468	STDD,TWO,SB,LVH,STC
ecg25469	LVH,SB
ecg25470	SB
ecg25471	SB
ecg25472	SB
ecg25473	SB
ecg25474	SB
ecg25475	LVH,SB
ecg25476	SB
ecg25477	SB
ecg25478	SB
ecg25479	LVH,SB
ecg25480	SB
ecg25481	SB
ecg25482	SB
ecg25483	SB
ecg25484	SB
ecg25485	STC,SB,LVH
ecg25486	SB
ecg25487	TWC,SB
ecg25488	SB
ecg25489	LVH,SB,PPW
ecg25490	SB
ecg25491	TWC,SB
ecg25492	SB
ecg25493	TWC,SB
ecg25494	LVH,SB
ecg25495	TWC,SB
ecg25496	SB
ecg25497	SB
ecg25498	SB
ecg25499	SB
ecg25500	SB
ecg25501	STC,SB
ecg25502	TWC,SB,TWO
ecg25503	TWC,SB
ecg25504	SB
ecg25505	SB
ecg25506	TWC,SB
ecg25507	SB
ecg25508	SB
ecg25509	LVH,SB
ecg25510	SB
ecg25511	SB
ecg25512	SB
ecg25513	TWC,SB,LVH
ecg25514	TWC,SB,LVH
ecg25515	SB
ecg25516	SB
ecg25517	TWC,SB,LVH
ecg25518	SB
ecg25519	STTU,SB
ecg25520	SB
ecg25521	SB
ecg25522	SB
ecg25523	SB
ecg25524	SB
ecg25525	LVH,SB
ecg25526	TWC,SB
ecg25527	SB
ecg25528	SB
ecg25529	SB
ecg25530	SB,TPW
ecg25531	SB
ecg25532	SB
ecg25533	SB
ecg25534	TWC,SB
ecg25535	SB
ecg25536	STC,SB
ecg25537	LVH,SB
ecg25538	SB
ecg25539	SB
ecg25540	TWC,SB
ecg25541	SB
ecg25542	SB
ecg25543	SB
ecg25544	LVH,SB
ecg25545	TWC,SB
ecg25546	TWC,SB
ecg25547	SB
ecg25548	TWC,SB
ecg25549	SB
ecg25550	SB,RWC,LVQRSAL
ecg25551	LVH,SB
ecg25552	LVH,SB
ecg25553	SB
ecg25554	SB
ecg25555	TWC,SB
ecg25556	TWC,SB,RWC
ecg25557	SB
ecg25558	SB
ecg25559	SB
ecg25560	SB
ecg25561	STDD,SB,STC,TWO
ecg25562	SB
ecg25563	SB
ecg25564	LVH,SB
ecg25565	STC,SB
ecg25566	SB
ecg25567	SB
ecg25568	STC,SB
ecg25569	TWC,SB
ecg25570	TWC,SB
ecg25571	SB
ecg25572	SB
ecg25573	SB
ecg25574	SB
ecg25575	SB
ecg25576	SB
ecg25577	SB
ecg25578	SB
ecg25579	SB
ecg25580	SB
ecg25581	SB
ecg25582	SB
ecg25583	SB
ecg25584	LVH,SB
ecg25585	SB
ecg25586	SB
ecg25587	TWC,SB,LVH
ecg25588	SB
ecg25589	SB
ecg25590	SB
ecg25591	SB
ecg25592	TWC,SB
ecg25593	SB
ecg25594	SB
ecg25595	STC,SB
ecg25596	LVH,SB
ecg25597	SB
ecg25598	SB
ecg25599	SB
ecg25600	SB
ecg25601	TWC,SB,TWO
ecg25602	SB
ecg25603	TWC,SB
ecg25604	SB
ecg25605	STC,SB
ecg25606	SB
ecg25607	SVPB,SB,VPB
ecg25608	SB
ecg25609	SB
ecg25610	SB
ecg25611	SB
ecg25612	LVH,SB
ecg25613	SB
ecg25614	SB
ecg25615	SB
ecg25616	SB
ecg25617	SB
ecg25618	TWC,SB
ecg25619	SB
ecg25620	TWC,SB
ecg25621	SB
ecg25622	SB
ecg25623	SB
ecg25624	SB
ecg25625	SB
ecg25626	SB
ecg25627	SB
ecg25628	LVH,SB
ecg25629	LVH,SB
ecg25630	SB
ecg25631	SB
ecg25632	LVH,SB
ecg25633	LVH,SB
ecg25634	SB
ecg25635	SB
ecg25636	SB
ecg25637	SB,PWC
ecg25638	SB
ecg25639	SB
ecg25640	LVH,SB
ecg25641	SB
ecg25642	SB
ecg25643	SB
ecg25644	TWC,SB,LVH
ecg25645	TWC,SB
ecg25646	SB
ecg25647	STC,SB
ecg25648	TWC,SB,LVH,PPW
ecg25649	SB
ecg25650	SB
ecg25651	SB
ecg25652	TWC,SB
ecg25653	SB
ecg25654	SB
ecg25655	LVH,SB
ecg25656	SB
ecg25657	SB
ecg25658	SB
ecg25659	SB
ecg25660	LVH,SB
ecg25661	TWC,SB,TWO
ecg25662	SB
ecg25663	SB
ecg25664	SB
ecg25665	SB
ecg25666	SB
ecg25667	LVH,SB
ecg25668	LVH,SB
ecg25669	LVH,SB
ecg25670	SB
ecg25671	TWC,SB,TWO
ecg25672	LVH,SB
ecg25673	STC,SB
ecg25674	SB
ecg25675	SB
ecg25676	SB
ecg25677	SB
ecg25678	SB
ecg25679	SB
ecg25680	SB
ecg25681	LVH,SB
ecg25682	SB
ecg25683	STC,SB
ecg25684	SB
ecg25685	SB
ecg25686	TWC,SB,TWO
ecg25687	STC,SB
ecg25688	LVH,SB
ecg25689	SB
ecg25690	STTU,STDD,TWO,SB,LVH,STC
ecg25691	SB
ecg25692	SB
ecg25693	TWC,SB,TWO
ecg25694	SB
ecg25695	SB
ecg25696	SB
ecg25697	BBB,SB
ecg25698	SB
ecg25699	SB
ecg25700	SB
ecg25701	LVH,SB
ecg25702	SB
ecg25703	TWC,SB
ecg25704	TWC,SB
ecg25705	STC,SB
ecg25706	TWC,SB
ecg25707	LVH,SB
ecg25708	SB
ecg25709	SB
ecg25710	TWC,SB,LVH
ecg25711	LVH,SB
ecg25712	SB
ecg25713	SB
ecg25714	SB
ecg25715	LVH,SB
ecg25716	SB
ecg25717	LVH,SB
ecg25718	SB
ecg25719	SB
ecg25720	SB
ecg25721	SB
ecg25722	SB
ecg25723	SB
ecg25724	SB
ecg25725	SB
ecg25726	SB
ecg25727	SB
ecg25728	SB
ecg25729	SB
ecg25730	LVH,SB
ecg25731	TWC,SB,LVH
ecg25732	TWC,SB
ecg25733	LVH,SB
ecg25734	LVH,SB
ecg25735	SB
ecg25736	LVH,SB
ecg25737	SB
ecg25738	SB
ecg25739	TWC,SB
ecg25740	SB
ecg25741	SB
ecg25742	SB
ecg25743	STTU,SB
ecg25744	SB
ecg25745	SB
ecg25746	SB
ecg25747	SB
ecg25748	SB
ecg25749	SB
ecg25750	SB
ecg25751	STTU,SB
ecg25752	SB,LVQRSAL
ecg25753	SB
ecg25754	SB
ecg25755	SB
ecg25756	SB
ecg25757	SB
ecg25758	TWC,SB,LVH
ecg25759	TWC,SB,LVH
ecg25760	LVH,SB
ecg25761	SB
ecg25762	SB
ecg25763	SB
ecg25764	SB
ecg25765	SB
ecg25766	STC,SB,PPW
ecg25767	LVH,SB
ecg25768	SB
ecg25769	SB
ecg25770	LVH,SB
ecg25771	SB
ecg25772	SB
ecg25773	SB
ecg25774	SB
ecg25775	LVH,SB
ecg25776	TWC,SB
ecg25777	SB
ecg25778	LVH,SB
ecg25779	SB
ecg25780	LVH,SB
ecg25781	LVH,SB
ecg25782	SB
ecg25783	SB
ecg25784	SB
ecg25785	SB
ecg25786	SB
ecg25787	SB
ecg25788	SB
ecg25789	SB
ecg25790	SB
ecg25791	SB
ecg25792	SB
ecg25793	SB
ecg25794	SB
ecg25795	SB
ecg25796	SB
ecg25797	SB
ecg25798	SB
ecg25799	SB
ecg25800	LVH,SB
ecg25801	SB
ecg25802	SB
ecg25803	SB
ecg25804	SB
ecg25805	SB
ecg25806	SB
ecg25807	SB
ecg25808	LVH,SB
ecg25809	TWC,SB,LVH,TWO
ecg25810	LVH,SB
ecg25811	SB
ecg25812	SB
ecg25813	TWO,LVH,STDD,SB,STC
ecg25814	SB,LVQRSAL
ecg25815	SB
ecg25816	STDD,SB
ecg25817	SB
ecg25818	TWC,SB
ecg25819	SB
ecg25820	AQW,SB
ecg25821	SB
ecg25822	SB
ecg25823	SB
ecg25824	SB
ecg25825	SB
ecg25826	SB
ecg25827	LVH,SB
ecg25828	TWC,SB,TWO
ecg25829	SB
ecg25830	SB
ecg25831	QTIE,SB
ecg25832	SB
ecg25833	TWC,SB
ecg25834	SB
ecg25835	SB
ecg25836	SB
ecg25837	LVH,SB
ecg25838	SB
ecg25839	SB
ecg25840	SB
ecg25841	SB
ecg25842	TWC,SB,LVH
ecg25843	SB
ecg25844	SB
ecg25845	LVH,SB
ecg25846	SB
ecg25847	TWO,SB,PWC
ecg25848	LVH,SB
ecg25849	TWC,SB,LVH
ecg25850	SB
ecg25851	SB
ecg25852	SB
ecg25853	SB
ecg25854	SB
ecg25855	SB,LVQRSAL
ecg25856	SB
ecg25857	SB
ecg25858	SB
ecg25859	SB
ecg25860	LVH,SB
ecg25861	LVH,SB
ecg25862	SB
ecg25863	LVH,SB
ecg25864	SB
ecg25865	SB
ecg25866	SB
ecg25867	SB
ecg25868	SB
ecg25869	SB
ecg25870	SB
ecg25871	STC,SB
ecg25872	SB
ecg25873	TWC,SB,QTIE,STTU
ecg25874	SB
ecg25875	SB
ecg25876	TWC,SB,UW,PPW
ecg25877	STC,SB,QTIE
ecg25878	SB
ecg25879	SB
ecg25880	LVH,SB
ecg25881	SB
ecg25882	LVH,SB
ecg25883	TWC,SB,LVH
ecg25884	SB
ecg25885	LVH,SB
ecg25886	SB
ecg25887	SB
ecg25888	SB
ecg25889	TWC,SB
ecg25890	SB
ecg25891	TWC,SB,LVH,TWO
ecg25892	SB
ecg25893	SB
ecg25894	SB
ecg25895	STC,SB
ecg25896	TWC,SB
ecg25897	SB
ecg25898	SB
ecg25899	SB
ecg25900	SB
ecg25901	SB
ecg25902	STC,SB
ecg25903	SB
ecg25904	LVH,SB
ecg25905	SB
ecg25906	SB
ecg25907	SB
ecg25908	SB
ecg25909	SB
ecg25910	SB
ecg25911	SB
ecg25912	SB
ecg25913	STDD,TWO,SB,LVH,STC
ecg25914	SB
ecg25915	AQW,SB
ecg25916	SB
ecg25917	SB
ecg25918	SB
ecg25919	SB
ecg25920	SB
ecg25921	LVH,SB
ecg25922	SB
ecg25923	SB
ecg25924	SB
ecg25925	TWC,SB
ecg25926	SB
ecg25927	LVH,SB
ecg25928	SB
ecg25929	LVH,SB
ecg25930	SB
ecg25931	SB
ecg25932	SB
ecg25933	LVH,SB
ecg25934	SB
ecg25935	LVH,SB
ecg25936	QTIE,SB
ecg25937	SB
ecg25938	SB
ecg25939	SB
ecg25940	SB
ecg25941	SB
ecg25942	LVH,SB
ecg25943	LVH,SB
ecg25944	TWC,SB,LVH
ecg25945	SB
ecg25946	TWC,SB
ecg25947	SB
ecg25948	STTU,SB
ecg25949	SB
ecg25950	SB
ecg25951	SB
ecg25952	AQW,SB,TWC
ecg25953	SB
ecg25954	LVH,SB
ecg25955	SB
ecg25956	SB
ecg25957	TWC,SB,TWO
ecg25958	STC,SB
ecg25959	SB
ecg25960	SB
ecg25961	LVH,SB
ecg25962	SB
ecg25963	SB
ecg25964	TWC,SB,LVH,PPW
ecg25965	STDD,SB,STC,TWO
ecg25966	SB
ecg25967	SB
ecg25968	SB
ecg25969	SB
ecg25970	LVH,SB
ecg25971	SB
ecg25972	SB
ecg25973	SB
ecg25974	SB
ecg25975	LVH,SB
ecg25976	LVH,SB
ecg25977	TWC,SB
ecg25978	SB
ecg25979	SB
ecg25980	SB
ecg25981	SB
ecg25982	SB
ecg25983	STC,SB,PPW
ecg25984	SB
ecg25985	SB
ecg25986	SB
ecg25987	SB
ecg25988	SB
ecg25989	SB
ecg25990	TWC,SB
ecg25991	SB
ecg25992	SB
ecg25993	LVH,SB
ecg25994	LVH,SB
ecg25995	SB
ecg25996	SB
ecg25997	SB
ecg25998	SB
ecg25999	SB
ecg26000	SB
ecg26001	SB
ecg26002	SB
ecg26003	SB
ecg26004	SB
ecg26005	TWC,SB
ecg26006	LVH,SB
ecg26007	SB
ecg26008	SB
ecg26009	SB
ecg26010	SB
ecg26011	STC,SB
ecg26012	SB
ecg26013	TWC,SB,LVH,TWO
ecg26014	SB
ecg26015	SB
ecg26016	SB
ecg26017	SB
ecg26018	LVH,SB
ecg26019	SB
ecg26020	SB
ecg26021	SB
ecg26022	SB
ecg26023	SB
ecg26024	TWC,SB,TWO
ecg26025	SB
ecg26026	LVH,SB
ecg26027	STDD,TWO,SB,LVH,STC
ecg26028	SB
ecg26029	LVH,SB
ecg26030	STC,SB
ecg26031	SB
ecg26032	SB
ecg26033	SB
ecg26034	TWC,SB,LVH
ecg26035	SB
ecg26036	LVH,SB,PPW
ecg26037	SB
ecg26038	TWC,SB,LVH
ecg26039	STC,SB,LVH
ecg26040	SB
ecg26041	TWC,SB
ecg26042	TWC,SB,TWO
ecg26043	TWC,SB,TWO
ecg26044	TWC,SB
ecg26045	TWC,SB,RWC
ecg26046	STC,SB
ecg26047	SB
ecg26048	TWC,SB
ecg26049	STC,SB
ecg26050	SB
ecg26051	SB
ecg26052	SB
ecg26053	LVH,SB
ecg26054	SB
ecg26055	AQW,SB
ecg26056	SB
ecg26057	TWC,SB
ecg26058	SB
ecg26059	SB
ecg26060	SB
ecg26061	SB,RWC
ecg26062	SB
ecg26063	TWC,SB
ecg26064	SB
ecg26065	SB
ecg26066	SB
ecg26067	TWC,SB
ecg26068	SB
ecg26069	SB
ecg26070	SB
ecg26071	TWC,SB,LVH
ecg26072	SB
ecg26073	LVH,SB
ecg26074	SB
ecg26075	LVH,SB
ecg26076	SB
ecg26077	TWC,SB
ecg26078	SB
ecg26079	TWC,SB
ecg26080	SB
ecg26081	SB
ecg26082	SB
ecg26083	TWC,SB
ecg26084	SB
ecg26085	SB
ecg26086	SB
ecg26087	TWC,SB,TWO
ecg26088	TWC,SB
ecg26089	SB
ecg26090	SB
ecg26091	SB
ecg26092	LVH,SB
ecg26093	SB
ecg26094	SB,LVQRSAL
ecg26095	SB
ecg26096	SB
ecg26097	SB
ecg26098	SB
ecg26099	SB
ecg26100	SB
ecg26101	SB
ecg26102	TWC,SB
ecg26103	SB
ecg26104	SB
ecg26105	PRIE,SB
ecg26106	SB
ecg26107	TWC,SB
ecg26108	SB
ecg26109	SB
ecg26110	LVH,SB
ecg26111	SB
ecg26112	SB
ecg26113	SB
ecg26114	LVH,SB
ecg26115	SB
ecg26116	SB
ecg26117	SB,LVQRSAL
ecg26118	SB,LVQRSAL
ecg26119	LVH,SB
ecg26120	SB
ecg26121	SB
ecg26122	SB
ecg26123	SB
ecg26124	TWC,SB
ecg26125	SB
ecg26126	SB
ecg26127	SB
ecg26128	SB
ecg26129	LVH,SB
ecg26130	SB
ecg26131	SB
ecg26132	SB
ecg26133	TWC,SB
ecg26134	LVH,SB
ecg26135	SB
ecg26136	SB
ecg26137	SB
ecg26138	LVH,SB
ecg26139	STC,SB
ecg26140	LVH,SB
ecg26141	SB
ecg26142	STDD,SB,LVH,TWO
ecg26143	SB
ecg26144	LVH,SB
ecg26145	SB
ecg26146	SB
ecg26147	TWC,SB
ecg26148	SB
ecg26149	SB
ecg26150	TWC,SB
ecg26151	TWC,SB,TWO
ecg26152	LVH,SB
ecg26153	SB
ecg26154	LVH,SB
ecg26155	SB
ecg26156	SB
ecg26157	SB
ecg26158	LVH,SB
ecg26159	TWC,SB
ecg26160	SB
ecg26161	SB
ecg26162	SB
ecg26163	SB
ecg26164	SB
ecg26165	SB
ecg26166	LVH,SB
ecg26167	SB
ecg26168	TWO,LVH,STDD,SB,STC
ecg26169	SB
ecg26170	SB
ecg26171	SB
ecg26172	TWC,SB
ecg26173	SB
ecg26174	SB
ecg26175	SB
ecg26176	SB
ecg26177	SB
ecg26178	LVH,SB
ecg26179	SB
ecg26180	SB
ecg26181	LVH,SB
ecg26182	SB
ecg26183	SB
ecg26184	SB
ecg26185	SB
ecg26186	SB
ecg26187	SB
ecg26188	SB
ecg26189	LVH,SB
ecg26190	LVH,SB
ecg26191	SB
ecg26192	SB
ecg26193	SB
ecg26194	SB
ecg26195	SB
ecg26196	TWC,SB
ecg26197	SB
ecg26198	LVH,SB
ecg26199	LVH,SB
ecg26200	TWO,SB
ecg26201	STDD,SB,STC,TWO
ecg26202	SB
ecg26203	LVH,SB
ecg26204	SB
ecg26205	STTU,SB
ecg26206	SB
ecg26207	SB
ecg26208	SB
ecg26209	STTU,SB
ecg26210	SB
ecg26211	SB
ecg26212	LVH,SB
ecg26213	LVH,SB
ecg26214	SB
ecg26215	SB
ecg26216	SB
ecg26217	SB
ecg26218	LVH,SB
ecg26219	SB
ecg26220	SB
ecg26221	LVH,SB
ecg26222	SB
ecg26223	LVH,SB
ecg26224	SB
ecg26225	SB
ecg26226	STDD,SB,TWO
ecg26227	SB
ecg26228	SB
ecg26229	SB
ecg26230	SB
ecg26231	SB
ecg26232	LVH,SB
ecg26233	SB
ecg26234	LVH,SB
ecg26235	STDD,QTIE,TWO,SB,STC
ecg26236	TWC,SB,LVH,TWO
ecg26237	TWO,QTIE,LVH,SB,STC
ecg26238	STTU,SB,LVH
ecg26239	LVH,SB
ecg26240	SB
ecg26241	LVH,SB
ecg26242	LVH,SB
ecg26243	STC,SB
ecg26244	LVH,SB
ecg26245	SB
ecg26246	TWC,SB
ecg26247	SB
ecg26248	STC,SB,LVH
ecg26249	SB
ecg26250	SB
ecg26251	SB
ecg26252	SB
ecg26253	SB
ecg26254	LVH,SB
ecg26255	TWC,SB
ecg26256	SB
ecg26257	LVH,SB
ecg26258	SB
ecg26259	TWC,SB
ecg26260	SB
ecg26261	SB
ecg26262	SB
ecg26263	SB
ecg26264	SB
ecg26265	SB
ecg26266	TWC,SB,LVH,TWO
ecg26267	SB
ecg26268	SB
ecg26269	SB
ecg26270	SB
ecg26271	SB
ecg26272	SB
ecg26273	LVH,SB
ecg26274	TWC,SB
ecg26275	TWC,SB
ecg26276	SB
ecg26277	LVH,SB
ecg26278	SB
ecg26279	SB
ecg26280	SB
ecg26281	SB
ecg26282	STC,SB
ecg26283	SB
ecg26284	SB
ecg26285	SB
ecg26286	SB
ecg26287	TWC,SB,TWO
ecg26288	STTU,SB,TWO
ecg26289	SB
ecg26290	SB
ecg26291	SB
ecg26292	STC,SB
ecg26293	SB
ecg26294	SB
ecg26295	SB
ecg26296	STC,SB,LVH
ecg26297	STTU,SB,LVH,ERV
ecg26298	LVH,SB
ecg26299	SB
ecg26300	SB
ecg26301	SB
ecg26302	SB
ecg26303	SB
ecg26304	STTU,SB
ecg26305	TWC,SB,LVH,TWO
ecg26306	SB
ecg26307	SB
ecg26308	SB
ecg26309	SB
ecg26310	SB
ecg26311	SB
ecg26312	SB
ecg26313	SB
ecg26314	SB
ecg26315	SB
ecg26316	SB
ecg26317	SB
ecg26318	SB
ecg26319	LVH,SB
ecg26320	LVH,SB
ecg26321	SB
ecg26322	SB
ecg26323	TWC,SB,TWO
ecg26324	SB
ecg26325	SB
ecg26326	TWC,SB
ecg26327	SB
ecg26328	SB
ecg26329	STC,SB,LVH
ecg26330	SB
ecg26331	SB
ecg26332	SB,SPRI
ecg26333	SB
ecg26334	STC,SB
ecg26335	TWC,SB,LVH,TWO
ecg26336	SB
ecg26337	SB
ecg26338	SB
ecg26339	SB
ecg26340	AQW,SB
ecg26341	AQW,SB,TWC
ecg26342	SB
ecg26343	TWC,SB
ecg26344	TWC,SB
ecg26345	SB
ecg26346	SB
ecg26347	LVH,SB
ecg26348	SB
ecg26349	SB
ecg26350	SB
ecg26351	SB
ecg26352	LVH,SB
ecg26353	SB
ecg26354	SB
ecg26355	SB
ecg26356	LVH,SB
ecg26357	SB
ecg26358	SB
ecg26359	LVH,SB
ecg26360	SB
ecg26361	SB
ecg26362	SB
ecg26363	SB
ecg26364	SB
ecg26365	SB
ecg26366	SB
ecg26367	SB
ecg26368	SB
ecg26369	SB
ecg26370	SB,RWC
ecg26371	SB
ecg26372	SB
ecg26373	LVH,SB
ecg26374	SB
ecg26375	SB
ecg26376	SB
ecg26377	SB
ecg26378	SB
ecg26379	LVH,SB
ecg26380	SB
ecg26381	LVH,SB
ecg26382	SB
ecg26383	AQW,SB,TWC,TWO
ecg26384	LVH,SB
ecg26385	SB
ecg26386	LVH,SB
ecg26387	SB
ecg26388	STC,SB
ecg26389	SB
ecg26390	SB
ecg26391	SB
ecg26392	SB
ecg26393	SB
ecg26394	SB
ecg26395	SB
ecg26396	SB
ecg26397	SB
ecg26398	TWC,SB
ecg26399	LVH,SB
ecg26400	LVH,SB
ecg26401	SB
ecg26402	SB
ecg26403	SB
ecg26404	SB
ecg26405	SB
ecg26406	SB
ecg26407	SB
ecg26408	SB
ecg26409	SB
ecg26410	LVH,SB
ecg26411	SB
ecg26412	STC,SB
ecg26413	SB
ecg26414	SB
ecg26415	SB
ecg26416	SB
ecg26417	TWC,SB,TWO
ecg26418	LVH,SB
ecg26419	AQW,SB,STC
ecg26420	SB
ecg26421	TWC,SB,LVH
ecg26422	SB
ecg26423	SB
ecg26424	STC,SB,LVH
ecg26425	SB
ecg26426	SB
ecg26427	TWC,SB
ecg26428	STC,SB,LVH
ecg26429	TWC,SB,LVH
ecg26430	SB
ecg26431	SB
ecg26432	SB
ecg26433	SB
ecg26434	AQW,TWC,SB,TWO
ecg26435	AQW,TWC,SB,TWO
ecg26436	TWC,SB
ecg26437	SB
ecg26438	SB
ecg26439	SB
ecg26440	SB
ecg26441	SB
ecg26442	LVH,SB,SA
ecg26443	TWC,SB
ecg26444	LVH,SB
ecg26445	SB
ecg26446	SB
ecg26447	LVH,SB
ecg26448	SB
ecg26449	SB
ecg26450	SB
ecg26451	TWC,SB
ecg26452	SB
ecg26453	SB
ecg26454	TWC,SB
ecg26455	SB
ecg26456	SB
ecg26457	SB
ecg26458	SB
ecg26459	LVH,SB
ecg26460	SB
ecg26461	SB
ecg26462	TWO,LVH,STDD,SB,STC
ecg26463	LVH,SB
ecg26464	SB
ecg26465	TWC,SB,LVH,TWO
ecg26466	SB
ecg26467	AQW,SB,TWC,LVH
ecg26468	AQW,SB,TWC,LVH
ecg26469	SB
ecg26470	SB
ecg26471	SB
ecg26472	SB
ecg26473	SB
ecg26474	SB
ecg26475	LVH,SB
ecg26476	SB
ecg26477	SB
ecg26478	SB
ecg26479	SB
ecg26480	SB
ecg26481	STC,SB
ecg26482	SB
ecg26483	SB
ecg26484	TWC,SB
ecg26485	TWC,SB
ecg26486	SB
ecg26487	SB
ecg26488	SB
ecg26489	SB
ecg26490	SB
ecg26491	SB
ecg26492	SB
ecg26493	SB
ecg26494	SB
ecg26495	SB
ecg26496	TWC,SB
ecg26497	LVH,SB
ecg26498	SB
ecg26499	SB
ecg26500	SB
ecg26501	SB
ecg26502	SB
ecg26503	LVH,SB
ecg26504	SB
ecg26505	SB
ecg26506	SB
ecg26507	SB
ecg26508	SB
ecg26509	STC,SB,LVH
ecg26510	SB
ecg26511	TWC,SB
ecg26512	SB
ecg26513	SB
ecg26514	SB
ecg26515	SB
ecg26516	LVH,SB
ecg26517	SB
ecg26518	SB
ecg26519	SB
ecg26520	SB
ecg26521	SB
ecg26522	LVH,SB
ecg26523	SB
ecg26524	AQW,STTU,TWC,SB,LVH,TWO
ecg26525	LVH,SB
ecg26526	SB
ecg26527	SB
ecg26528	STC,SB
ecg26529	SB
ecg26530	LVH,SB
ecg26531	SB
ecg26532	SB
ecg26533	SB
ecg26534	SB
ecg26535	SB
ecg26536	SB
ecg26537	SB
ecg26538	SB
ecg26539	LVH,SB
ecg26540	LVH,SB
ecg26541	LVH,SB
ecg26542	LVH,SB
ecg26543	SB
ecg26544	SB
ecg26545	SB
ecg26546	SB
ecg26547	SB
ecg26548	SB
ecg26549	SB
ecg26550	SB
ecg26551	SB
ecg26552	SB
ecg26553	SB
ecg26554	STC,SB
ecg26555	SB
ecg26556	LVH,SB
ecg26557	SB
ecg26558	SB
ecg26559	TWC,SB,QTIE,TWO
ecg26560	SB
ecg26561	SB
ecg26562	TWC,SB,TWO
ecg26563	LVH,SB
ecg26564	SB
ecg26565	SB
ecg26566	SB
ecg26567	SB
ecg26568	SB
ecg26569	SB
ecg26570	TWC,SB
ecg26571	SB
ecg26572	SB
ecg26573	SB
ecg26574	SB
ecg26575	SB
ecg26576	SB
ecg26577	LVH,SB
ecg26578	SB
ecg26579	TWC,SB
ecg26580	SB
ecg26581	TWC,SB
ecg26582	STDD,SB,STC,TWO
ecg26583	TWC,SB,TWO
ecg26584	SB
ecg26585	SB
ecg26586	TWC,SB,SPRI
ecg26587	LVH,SB
ecg26588	SB
ecg26589	SB
ecg26590	TWC,SB
ecg26591	TWC,SB
ecg26592	SB
ecg26593	SB
ecg26594	SB
ecg26595	SB
ecg26596	SB
ecg26597	STC,SB
ecg26598	SB
ecg26599	SB
ecg26600	LVH,SB
ecg26601	SB
ecg26602	SB
ecg26603	SB
ecg26604	SB
ecg26605	TWC,SB
ecg26606	SB
ecg26607	SB
ecg26608	SB
ecg26609	SB
ecg26610	TWC,SB
ecg26611	SB
ecg26612	SB
ecg26613	LVH,SB
ecg26614	SB
ecg26615	SB
ecg26616	SB
ecg26617	SB
ecg26618	SB
ecg26619	LVH,SB
ecg26620	TWC,SB
ecg26621	SB
ecg26622	SB
ecg26623	SB
ecg26624	SB
ecg26625	TWO,SB
ecg26626	STC,SB
ecg26627	SB
ecg26628	LVH,SB
ecg26629	SB
ecg26630	SB,RWC
ecg26631	SB
ecg26632	SB
ecg26633	TWC,SB,LVH
ecg26634	SB
ecg26635	SB
ecg26636	LVH,SB
ecg26637	SB
ecg26638	LVH,SB
ecg26639	LVH,SB
ecg26640	SB
ecg26641	SB
ecg26642	TWC,SB
ecg26643	SB
ecg26644	LVH,SB
ecg26645	TWC,SB
ecg26646	SB
ecg26647	SB
ecg26648	SB
ecg26649	SB
ecg26650	SB
ecg26651	TWC,SB
ecg26652	SB
ecg26653	SB
ecg26654	SB
ecg26655	SB
ecg26656	SB
ecg26657	SB
ecg26658	STC,SB,LVH
ecg26659	STTU,SB,LVH,TWC
ecg26660	TWC,SB
ecg26661	SB
ecg26662	TWC,SB
ecg26663	SB
ecg26664	SB
ecg26665	STTU,SB,LVH
ecg26666	SB
ecg26667	SB
ecg26668	STC,SB
ecg26669	STC,SB
ecg26670	SB
ecg26671	SB
ecg26672	SB
ecg26673	TWC,SB,UW
ecg26674	SB
ecg26675	SB
ecg26676	SB
ecg26677	SB
ecg26678	TWC,SB,TWO
ecg26679	SB
ecg26680	LVH,SB
ecg26681	LVH,SB
ecg26682	LVH,SB
ecg26683	SB
ecg26684	SB
ecg26685	SB
ecg26686	LVH,SB
ecg26687	SB
ecg26688	LVH,SB
ecg26689	SB
ecg26690	LVH,SB
ecg26691	LVH,SB
ecg26692	SB
ecg26693	TWC,SB,LVH,TWO
ecg26694	SB
ecg26695	STC,SB
ecg26696	AQW,SB,PPW
ecg26697	STTU,SB,LVH
ecg26698	SB
ecg26699	LVH,SB
ecg26700	SB
ecg26701	SB
ecg26702	LVH,SB
ecg26703	SB
ecg26704	SB
ecg26705	TWC,SB,TWO
ecg26706	SB
ecg26707	SB
ecg26708	TWC,SB
ecg26709	STC,SB,LVH
ecg26710	SB
ecg26711	SB
ecg26712	LVH,SB
ecg26713	LVH,SB
ecg26714	LVH,SB
ecg26715	SB
ecg26716	LVH,SB
ecg26717	SB
ecg26718	LVH,SB
ecg26719	LVH,SB
ecg26720	TWC,SB,LVH
ecg26721	SB
ecg26722	SB
ecg26723	SB
ecg26724	SB
ecg26725	SB
ecg26726	SB
ecg26727	SB
ecg26728	LVH,SB
ecg26729	STTU,SB,STDD,STC
ecg26730	SB
ecg26731	SB
ecg26732	TWC,SB,LVH,TWO
ecg26733	TWC,SB
ecg26734	SB
ecg26735	SB
ecg26736	TWO,SB,RWC
ecg26737	AQW,STTU,TWO,SB,TWC
ecg26738	STC,SB
ecg26739	SB
ecg26740	SB
ecg26741	SB
ecg26742	SB
ecg26743	SB
ecg26744	TWC,SB
ecg26745	STDD,QTIE,SB,TWC,LVH,STC
ecg26746	SB
ecg26747	SB
ecg26748	SB
ecg26749	LVH,SB
ecg26750	SB
ecg26751	STC,SB,LVH
ecg26752	SB
ecg26753	SB
ecg26754	SB
ecg26755	SB
ecg26756	SB
ecg26757	SB
ecg26758	STTU,SB,LVQRSAL,TWC
ecg26759	TWC,SB,STTU,STC
ecg26760	STDD,TWO,PWC,SB,LVH
ecg26761	SB
ecg26762	SB
ecg26763	SB
ecg26764	LVH,SB
ecg26765	SB
ecg26766	STC,SB
ecg26767	SB
ecg26768	SB
ecg26769	SB
ecg26770	SB,LVQRSAL
ecg26771	SB
ecg26772	STC,SB
ecg26773	SB
ecg26774	SB
ecg26775	SB
ecg26776	SB
ecg26777	TWC,SB
ecg26778	SB
ecg26779	SB
ecg26780	TWC,SB
ecg26781	SB
ecg26782	TWC,SB
ecg26783	SB
ecg26784	LVH,SB
ecg26785	SB
ecg26786	SB
ecg26787	TWC,SB
ecg26788	SB
ecg26789	SB
ecg26790	TWO,SB
ecg26791	SB
ecg26792	SB
ecg26793	LVH,SB
ecg26794	SB
ecg26795	SB
ecg26796	LVH,SB
ecg26797	TWC,SB,LVH
ecg26798	SB
ecg26799	SB
ecg26800	SB
ecg26801	SB
ecg26802	STC,SB,LVH
ecg26803	LVH,SB
ecg26804	SB
ecg26805	SB
ecg26806	SB
ecg26807	SB
ecg26808	SB
ecg26809	SB
ecg26810	SB
ecg26811	LVH,SB
ecg26812	SB
ecg26813	SB
ecg26814	SB
ecg26815	AQW,SB,TWC
ecg26816	AQW,SB
ecg26817	SB
ecg26818	TWC,SB
ecg26819	TWC,SB,LVH
ecg26820	LVH,SB
ecg26821	SB
ecg26822	SB
ecg26823	SB
ecg26824	SB
ecg26825	SB
ecg26826	SB
ecg26827	SB
ecg26828	QTIE,SB,LVH
ecg26829	SB
ecg26830	SB
ecg26831	SB
ecg26832	TWC,SB
ecg26833	SB
ecg26834	SB
ecg26835	SB
ecg26836	LVH,SB
ecg26837	SB
ecg26838	SB
ecg26839	SB
ecg26840	LVH,SB
ecg26841	SB
ecg26842	SB,LVQRSAL
ecg26843	SB
ecg26844	TWC,SB,STDD,STC
ecg26845	SB
ecg26846	SB
ecg26847	SB
ecg26848	SB
ecg26849	SB
ecg26850	SB
ecg26851	LVH,SB
ecg26852	SB
ecg26853	SB
ecg26854	SB
ecg26855	SB
ecg26856	SB
ecg26857	SB
ecg26858	LVH,SB
ecg26859	SB
ecg26860	SB
ecg26861	SB
ecg26862	SB
ecg26863	SB
ecg26864	SB
ecg26865	SB
ecg26866	SB
ecg26867	SB
ecg26868	STTU,SB
ecg26869	SB
ecg26870	SB
ecg26871	SB
ecg26872	AQW,SB
ecg26873	AQW,SB,TWC
ecg26874	SB
ecg26875	SB
ecg26876	SB
ecg26877	SB
ecg26878	AQW,STDD,TWO,SB,STC
ecg26879	SB
ecg26880	LVH,SB
ecg26881	SB
ecg26882	SB
ecg26883	SB
ecg26884	TWC,SB,STTU
ecg26885	SB
ecg26886	STC,SB
ecg26887	SB
ecg26888	STC,SB
ecg26889	TWC,SB
ecg26890	SB
ecg26891	SB
ecg26892	SB
ecg26893	SB
ecg26894	SB
ecg26895	SB
ecg26896	SB
ecg26897	SB
ecg26898	LVH,SB
ecg26899	SB
ecg26900	SB
ecg26901	SB
ecg26902	STC,SB
ecg26903	SB
ecg26904	SB
ecg26905	SB
ecg26906	SB
ecg26907	SB
ecg26908	TWC,SB,LVH
ecg26909	SB
ecg26910	SB
ecg26911	SB
ecg26912	LVH,SB
ecg26913	LVH,SB
ecg26914	SB
ecg26915	SB
ecg26916	SB
ecg26917	SB
ecg26918	SB
ecg26919	SB
ecg26920	LVH,SB
ecg26921	SB
ecg26922	SB
ecg26923	SB
ecg26924	TWC,SB,TWO
ecg26925	SB
ecg26926	LVH,SB
ecg26927	SB
ecg26928	SB
ecg26929	STC,SB
ecg26930	SB
ecg26931	SB
ecg26932	TWC,SB
ecg26933	SB
ecg26934	SB
ecg26935	SB
ecg26936	SB
ecg26937	AQW,LVH,STDD,SB,TWO,STC
ecg26938	LVH,SB
ecg26939	SB
ecg26940	SB
ecg26941	SB
ecg26942	SB
ecg26943	SB
ecg26944	STC,SB
ecg26945	SB
ecg26946	SB
ecg26947	SB
ecg26948	SB
ecg26949	LVH,SB
ecg26950	SB
ecg26951	SB
ecg26952	SB
ecg26953	SB
ecg26954	SB
ecg26955	SB
ecg26956	SB
ecg26957	STTU,SB,ERV
ecg26958	STTU,SB,BRUG,ERV
ecg26959	TWC,SB,LVH
ecg26960	TWC,SB,LVH
ecg26961	SB
ecg26962	SB
ecg26963	SB
ecg26964	SB
ecg26965	SB
ecg26966	LVH,SB
ecg26967	LVH,SB
ecg26968	SB
ecg26969	SB
ecg26970	SB
ecg26971	SB
ecg26972	SB
ecg26973	LVH,SB
ecg26974	SB
ecg26975	SB
ecg26976	LVH,SB
ecg26977	LVH,SB
ecg26978	LVH,SB
ecg26979	SB
ecg26980	SB
ecg26981	SB
ecg26982	SB
ecg26983	SB
ecg26984	SB
ecg26985	SB
ecg26986	SB
ecg26987	SB
ecg26988	SB
ecg26989	SB
ecg26990	UW,SB
ecg26991	SB
ecg26992	LVH,SB
ecg26993	SB
ecg26994	SB
ecg26995	SB
ecg26996	SB
ecg26997	SB
ecg26998	SB
ecg26999	SB
ecg27000	SB
ecg27001	SB
ecg27002	SB
ecg27003	SB
ecg27004	LVH,SB
ecg27005	SB
ecg27006	AQW,SB
ecg27007	SB
ecg27008	AQW,LVH,TWO,SB,TWC
ecg27009	LVH,SB
ecg27010	SB
ecg27011	TWC,SB
ecg27012	SB
ecg27013	TWC,SB,TWO
ecg27014	SB
ecg27015	SB
ecg27016	TWC,SB,TWO
ecg27017	SB
ecg27018	LVH,SB
ecg27019	SB
ecg27020	TWC,SB
ecg27021	SB
ecg27022	SB
ecg27023	SB
ecg27024	SB
ecg27025	SB
ecg27026	SB
ecg27027	SB
ecg27028	SB
ecg27029	SB
ecg27030	SB
ecg27031	LVH,SB
ecg27032	TWC,SB,LVH
ecg27033	SB
ecg27034	LVH,SB
ecg27035	SB
ecg27036	STC,SB
ecg27037	TWC,SB,LVH
ecg27038	TWC,SB,TWO
ecg27039	SB
ecg27040	LVH,SB
ecg27041	STDD,LVH,SB,TWC,STC
ecg27042	SB
ecg27043	SB
ecg27044	SB
ecg27045	SB
ecg27046	SB
ecg27047	LVH,SB
ecg27048	SB
ecg27049	SB
ecg27050	SB
ecg27051	SB
ecg27052	SB
ecg27053	LVH,SB
ecg27054	SB
ecg27055	LVH,SB
ecg27056	SB
ecg27057	SB
ecg27058	SB
ecg27059	SB
ecg27060	TWC,SB,TWO
ecg27061	LVH,SB
ecg27062	LVH,SB
ecg27063	LVH,SB
ecg27064	LVH,SB
ecg27065	SB
ecg27066	TWC,SB,LVH
ecg27067	SB
ecg27068	SB
ecg27069	SB
ecg27070	LVH,SB
ecg27071	SB
ecg27072	STC,SB,LVQRSAL
ecg27073	TWC,SB,TWO
ecg27074	SB
ecg27075	SB
ecg27076	SB
ecg27077	SB
ecg27078	TWC,SB,LVH
ecg27079	LVH,SB
ecg27080	LVH,SB
ecg27081	TWC,SB
ecg27082	SB
ecg27083	LVH,SB
ecg27084	SB
ecg27085	SB
ecg27086	SB
ecg27087	SB
ecg27088	SB
ecg27089	SB
ecg27090	STTU,SB
ecg27091	SB
ecg27092	SB
ecg27093	SB
ecg27094	LVH,SB
ecg27095	TWC,SB,LVH
ecg27096	TWC,SB,LVH
ecg27097	SB
ecg27098	AQW,SB,TWO
ecg27099	SB
ecg27100	STC,SB
ecg27101	SB
ecg27102	SB
ecg27103	SB
ecg27104	LVH,SB
ecg27105	SB
ecg27106	TWO,SB
ecg27107	SB
ecg27108	SB
ecg27109	SB
ecg27110	TWC,SB,LVH
ecg27111	SB
ecg27112	SB
ecg27113	SB
ecg27114	SB
ecg27115	TWC,SB
ecg27116	SB
ecg27117	SB
ecg27118	LVH,SB
ecg27119	SB
ecg27120	SB
ecg27121	SB
ecg27122	SB
ecg27123	SB
ecg27124	SB
ecg27125	SB
ecg27126	SB
ecg27127	SB
ecg27128	SB
ecg27129	TWC,SB
ecg27130	SB
ecg27131	SB
ecg27132	SB
ecg27133	STC,SB,LVH
ecg27134	SB
ecg27135	SB
ecg27136	LVH,SB
ecg27137	SB
ecg27138	SB
ecg27139	SB
ecg27140	SB
ecg27141	SB
ecg27142	SB
ecg27143	SB
ecg27144	SB
ecg27145	SB
ecg27146	LVH,SB
ecg27147	LVH,SB
ecg27148	SB
ecg27149	SB
ecg27150	TWC,SB,TWO
ecg27151	SB
ecg27152	STTU,SB
ecg27153	SB
ecg27154	TWC,SB
ecg27155	SB
ecg27156	TWC,SB
ecg27157	SB
ecg27158	SB
ecg27159	SB
ecg27160	LVH,SB
ecg27161	TWC,SB,LVH,TWO
ecg27162	SB
ecg27163	LVH,SB
ecg27164	SB
ecg27165	SB
ecg27166	SB
ecg27167	SB
ecg27168	SB
ecg27169	SB
ecg27170	SB
ecg27171	SB
ecg27172	SB
ecg27173	SB
ecg27174	SB
ecg27175	SB
ecg27176	STC,SB
ecg27177	SB
ecg27178	SB
ecg27179	SB
ecg27180	SB
ecg27181	SB
ecg27182	SB
ecg27183	SB
ecg27184	STDD,SB,TWO
ecg27185	LVH,SB
ecg27186	SB
ecg27187	LVH,SB
ecg27188	LVH,SB
ecg27189	SB
ecg27190	SB
ecg27191	LVH,SB
ecg27192	LVH,SB
ecg27193	TWO,SB
ecg27194	SB
ecg27195	TWC,SB
ecg27196	LVH,SB
ecg27197	SB
ecg27198	SB
ecg27199	SB
ecg27200	SB
ecg27201	SB
ecg27202	STTU,SB,STC
ecg27203	SB
ecg27204	SB
ecg27205	SB
ecg27206	SB
ecg27207	TWC,SB
ecg27208	SB
ecg27209	SB
ecg27210	SB
ecg27211	SB
ecg27212	TWC,SB,LVH,TWO
ecg27213	TWC,SB
ecg27214	SB
ecg27215	SB
ecg27216	SB
ecg27217	STDD,SB,STC,TWO
ecg27218	SB
ecg27219	SB
ecg27220	TWC,SB,UW
ecg27221	LVH,SB
ecg27222	LVH,SB
ecg27223	LVH,SB
ecg27224	SB
ecg27225	LVH,SB
ecg27226	SB
ecg27227	SB
ecg27228	SB
ecg27229	SB
ecg27230	SB
ecg27231	SB
ecg27232	SB
ecg27233	LVH,SB
ecg27234	SB
ecg27235	SB
ecg27236	SB
ecg27237	SB
ecg27238	LVH,SB
ecg27239	SB
ecg27240	SB
ecg27241	SB
ecg27242	STTU,SB
ecg27243	SB
ecg27244	SB
ecg27245	SB
ecg27246	SB
ecg27247	LVH,SB
ecg27248	TWC,SB
ecg27249	SB
ecg27250	SB
ecg27251	SB
ecg27252	SB
ecg27253	STTU,LVH,SB,PPW,ERV,TWC
ecg27254	SB
ecg27255	SB
ecg27256	SB
ecg27257	SB
ecg27258	SB
ecg27259	STC,SB
ecg27260	LVH,SB
ecg27261	TWC,SB
ecg27262	SB
ecg27263	SB
ecg27264	SB
ecg27265	SB
ecg27266	SB
ecg27267	TWC,SB
ecg27268	SB
ecg27269	SB
ecg27270	SB
ecg27271	SB
ecg27272	SB
ecg27273	LVH,SB
ecg27274	SB
ecg27275	SB
ecg27276	TWC,SB
ecg27277	SB
ecg27278	SB
ecg27279	SB
ecg27280	AQW,SB
ecg27281	SB,LVQRSAL
ecg27282	LVH,SB
ecg27283	SB
ecg27284	SB
ecg27285	LVH,SB
ecg27286	SB
ecg27287	SB
ecg27288	SB
ecg27289	SB
ecg27290	SB
ecg27291	SB,RWC
ecg27292	SB
ecg27293	TWC,SB
ecg27294	SB
ecg27295	TWC,SB,TWO
ecg27296	STC,SB,LVH
ecg27297	LVH,SB
ecg27298	SB
ecg27299	SB
ecg27300	TWC,SB
ecg27301	SB
ecg27302	SB
ecg27303	LVH,SB
ecg27304	TWC,SB
ecg27305	SB
ecg27306	SB
ecg27307	SB
ecg27308	SB
ecg27309	LVH,SB
ecg27310	SB
ecg27311	SB
ecg27312	LVH,SB
ecg27313	TWC,SB
ecg27314	LVH,SB
ecg27315	TWO,SB
ecg27316	SB
ecg27317	SB
ecg27318	LVH,SB
ecg27319	SB
ecg27320	SB
ecg27321	LVH,SB
ecg27322	SB
ecg27323	SB
ecg27324	SB
ecg27325	SB
ecg27326	SB
ecg27327	SB
ecg27328	SB
ecg27329	SB
ecg27330	TWC,SB,TWO
ecg27331	SB
ecg27332	SB
ecg27333	SB
ecg27334	SB
ecg27335	SB
ecg27336	TWC,SB
ecg27337	LVH,SB
ecg27338	SB
ecg27339	SB
ecg27340	TWC,SB
ecg27341	SB
ecg27342	SB
ecg27343	SB
ecg27344	SB
ecg27345	SB
ecg27346	SB
ecg27347	SB
ecg27348	SB
ecg27349	SB
ecg27350	SB
ecg27351	SB
ecg27352	SB
ecg27353	SB
ecg27354	SB
ecg27355	TWC,SB
ecg27356	SB
ecg27357	SB
ecg27358	SB
ecg27359	SB
ecg27360	SB,LVQRSAL
ecg27361	STDD,SB,STC,TWO
ecg27362	SB
ecg27363	SB
ecg27364	SB
ecg27365	SB
ecg27366	SB
ecg27367	SB
ecg27368	SB
ecg27369	SB
ecg27370	SB
ecg27371	SB
ecg27372	SB
ecg27373	SB
ecg27374	TWC,SB
ecg27375	TWC,SB
ecg27376	SB
ecg27377	SB
ecg27378	SB
ecg27379	TWC,SB,LVH
ecg27380	SB
ecg27381	LVH,SB
ecg27382	STC,SB
ecg27383	SB
ecg27384	SB
ecg27385	SB
ecg27386	SB
ecg27387	SB
ecg27388	SB
ecg27389	AQW,SB
ecg27390	AQW,SB
ecg27391	SB
ecg27392	SB
ecg27393	STDD,SB,STC,TWO
ecg27394	SB
ecg27395	SB
ecg27396	SB,PPW
ecg27397	SB
ecg27398	SB
ecg27399	SB
ecg27400	SB
ecg27401	SB
ecg27402	SB
ecg27403	SB
ecg27404	SB
ecg27405	STDD,SB,LVH
ecg27406	SB
ecg27407	TWC,SB
ecg27408	SB
ecg27409	STTU,SB,TWO
ecg27410	SB
ecg27411	SB
ecg27412	AQW,SB,STTU
ecg27413	AQW,SB,STTU
ecg27414	SB
ecg27415	SB
ecg27416	LVH,SB
ecg27417	STC,SB
ecg27418	SB
ecg27419	SB
ecg27420	SB
ecg27421	SB
ecg27422	SB
ecg27423	SB
ecg27424	LVH,SB
ecg27425	SB
ecg27426	LVH,SB
ecg27427	SB
ecg27428	STC,SB,LVH
ecg27429	SB
ecg27430	SB
ecg27431	TWC,SB,TWO
ecg27432	SB
ecg27433	SB
ecg27434	SB
ecg27435	STC,SB
ecg27436	SB
ecg27437	SB
ecg27438	SB
ecg27439	SB
ecg27440	SB
ecg27441	SB
ecg27442	SB
ecg27443	SB
ecg27444	SB
ecg27445	LVH,SB
ecg27446	TWO,SB
ecg27447	STDD,SB,LVH,TWO
ecg27448	SB
ecg27449	TWC,SB
ecg27450	SB
ecg27451	SB
ecg27452	SB
ecg27453	SB,PPW
ecg27454	SB
ecg27455	SB
ecg27456	SB
ecg27457	SB
ecg27458	SB
ecg27459	SB
ecg27460	SB
ecg27461	SB
ecg27462	SB
ecg27463	SB
ecg27464	SB
ecg27465	TWC,SB,LVH,TWO
ecg27466	AQW,SB
ecg27467	SB
ecg27468	SB
ecg27469	SB
ecg27470	SB
ecg27471	SB
ecg27472	SB
ecg27473	SB
ecg27474	TWC,SB,TWO
ecg27475	SB
ecg27476	SB
ecg27477	SB
ecg27478	SB
ecg27479	SB
ecg27480	SB
ecg27481	SB
ecg27482	TWC,SB
ecg27483	LVH,SB
ecg27484	SB
ecg27485	LVH,SB
ecg27486	SB
ecg27487	SB
ecg27488	SB
ecg27489	TWC,SB
ecg27490	SB
ecg27491	SB
ecg27492	SB
ecg27493	SB
ecg27494	SB
ecg27495	LVH,SB
ecg27496	SB
ecg27497	SB
ecg27498	SB
ecg27499	SB
ecg27500	SB
ecg27501	SB
ecg27502	SB
ecg27503	SB
ecg27504	TWC,SB
ecg27505	TWC,SB,STTU
ecg27506	STC,SB,LVH
ecg27507	QTIE,SB
ecg27508	STC,SB,LVH
ecg27509	SB
ecg27510	SB
ecg27511	SB
ecg27512	TWC,SB
ecg27513	SB
ecg27514	SB
ecg27515	TWC,SB,LVH
ecg27516	TWC,SB,LVH,TWO
ecg27517	SB
ecg27518	SB
ecg27519	SB
ecg27520	SB
ecg27521	SB
ecg27522	SB
ecg27523	SB
ecg27524	SB
ecg27525	SB
ecg27526	SB
ecg27527	SB
ecg27528	SB
ecg27529	LVH,SB
ecg27530	LVH,SB
ecg27531	LVH,SB
ecg27532	SB
ecg27533	SB
ecg27534	STC,SB
ecg27535	TWC,SB,TWO
ecg27536	LVH,SB
ecg27537	SB
ecg27538	TWO,SB,LVH
ecg27539	TWO,SB,LVH
ecg27540	TWC,SB,LVH,TWO
ecg27541	SB
ecg27542	SB
ecg27543	SB
ecg27544	SB
ecg27545	TWC,SB,LVH,TWO
ecg27546	SB
ecg27547	SB
ecg27548	SB
ecg27549	SB
ecg27550	SB
ecg27551	SB
ecg27552	LVH,SB
ecg27553	SB
ecg27554	STC,SB,LVH
ecg27555	SB
ecg27556	SB
ecg27557	SB
ecg27558	SB
ecg27559	SB
ecg27560	SB
ecg27561	SB
ecg27562	SB
ecg27563	SB
ecg27564	SB
ecg27565	LVH,SB
ecg27566	SB
ecg27567	TWC,SB,LVH
ecg27568	SB
ecg27569	SB
ecg27570	SB
ecg27571	SB
ecg27572	SB
ecg27573	SB
ecg27574	SB
ecg27575	TWC,SB
ecg27576	SB
ecg27577	SB
ecg27578	SB
ecg27579	STC,SB
ecg27580	SB
ecg27581	LVH,SB
ecg27582	SB
ecg27583	TWC,SB
ecg27584	SB
ecg27585	SB
ecg27586	SB
ecg27587	TWC,SB,LVH
ecg27588	SB
ecg27589	LVH,SB
ecg27590	LVH,SB
ecg27591	SB
ecg27592	SB
ecg27593	STTU,SB
ecg27594	SB
ecg27595	SB
ecg27596	SB
ecg27597	LVH,SB
ecg27598	SB
ecg27599	LVH,SB
ecg27600	SB
ecg27601	TWO,SB
ecg27602	LVH,SB
ecg27603	SB
ecg27604	QTIE,SB,LVH
ecg27605	SB
ecg27606	TWC,SB,LVQRSAL
ecg27607	SB
ecg27608	TWC,SB,LVH
ecg27609	SB
ecg27610	SB
ecg27611	LVH,SB
ecg27612	SB
ecg27613	SB
ecg27614	SB
ecg27615	LVH,SB
ecg27616	LVH,SB
ecg27617	LVH,SB
ecg27618	SB,SPRI
ecg27619	LVH,SB
ecg27620	SB
ecg27621	SB
ecg27622	SB
ecg27623	LVH,SB
ecg27624	SB
ecg27625	SB
ecg27626	SB
ecg27627	SB
ecg27628	SB
ecg27629	SB
ecg27630	SB
ecg27631	SB
ecg27632	LVH,SB
ecg27633	SB
ecg27634	SB
ecg27635	SB
ecg27636	SB
ecg27637	SB
ecg27638	SB
ecg27639	SB
ecg27640	LVH,SB
ecg27641	SB
ecg27642	SB
ecg27643	AQW,SB,TWC,TWO
ecg27644	STTU,SB
ecg27645	TWC,SB,LVH
ecg27646	LVH,SB
ecg27647	TWC,SB,LVH
ecg27648	LVH,SB
ecg27649	LVH,SB
ecg27650	SB
ecg27651	SB
ecg27652	SB
ecg27653	TWO,SB,LVH
ecg27654	SB
ecg27655	SB
ecg27656	SB
ecg27657	SB
ecg27658	STC,SB
ecg27659	TWC,SB,LVH
ecg27660	SB
ecg27661	LVH,SB
ecg27662	SB
ecg27663	STDD,QTIE,SB,LVH,STC
ecg27664	TWC,SB
ecg27665	SB
ecg27666	LVH,SB
ecg27667	AQW,STTU,TWO,SB,TWC
ecg27668	SB
ecg27669	SB
ecg27670	SB
ecg27671	SB
ecg27672	LVH,SB
ecg27673	SB
ecg27674	LVH,SB
ecg27675	SB
ecg27676	SB
ecg27677	SB
ecg27678	SB
ecg27679	SB
ecg27680	LVH,SB
ecg27681	SB
ecg27682	SB
ecg27683	SB
ecg27684	STTU,SB,TWC
ecg27685	SB
ecg27686	SB
ecg27687	STTU,SB
ecg27688	SB
ecg27689	SB
ecg27690	LVH,SB
ecg27691	SB
ecg27692	SB
ecg27693	SB
ecg27694	SB
ecg27695	SB
ecg27696	SB
ecg27697	SB
ecg27698	SB
ecg27699	TWC,SB
ecg27700	STC,SB,LVH
ecg27701	LVH,SB
ecg27702	SB
ecg27703	SB
ecg27704	SB
ecg27705	SB
ecg27706	SB
ecg27707	SB
ecg27708	SB
ecg27709	LVH,SB
ecg27710	TWC,SB
ecg27711	STC,SB
ecg27712	SB
ecg27713	SB
ecg27714	SB
ecg27715	SB
ecg27716	LVH,SB
ecg27717	TWC,SB,LVH,TWO
ecg27718	STDD,SB,TWO
ecg27719	LVH,SB
ecg27720	SB
ecg27721	SB
ecg27722	SB
ecg27723	SB
ecg27724	SB
ecg27725	LVH,SB
ecg27726	SB
ecg27727	SB
ecg27728	LVH,SB
ecg27729	SB
ecg27730	SB
ecg27731	LVH,SB
ecg27732	SB
ecg27733	STTU,SB,ERV
ecg27734	TWC,SB,STTU,TWO
ecg27735	SB
ecg27736	SB
ecg27737	SB
ecg27738	SB
ecg27739	LVH,SB
ecg27740	SB
ecg27741	SB
ecg27742	SB
ecg27743	TWC,SB,TWO
ecg27744	SB
ecg27745	SB
ecg27746	SB
ecg27747	SB
ecg27748	SB
ecg27749	SB
ecg27750	SB
ecg27751	SB
ecg27752	SB
ecg27753	TWO,SB,TWC,UW
ecg27754	TWC,SB,RWC,TWO
ecg27755	SB
ecg27756	SB
ecg27757	SB
ecg27758	SB
ecg27759	SB
ecg27760	TWC,SB,LVH,TWO
ecg27761	STC,SB,UW
ecg27762	SB
ecg27763	SB
ecg27764	SB
ecg27765	SB
ecg27766	SB
ecg27767	SB
ecg27768	LVH,SB
ecg27769	SB
ecg27770	SB
ecg27771	SB
ecg27772	TWC,SB,LVH,TWO
ecg27773	SB
ecg27774	LVH,SB
ecg27775	SB
ecg27776	SB
ecg27777	SB
ecg27778	SB
ecg27779	SB
ecg27780	TWC,SB
ecg27781	TWO,UW,LVH,SB,TWC
ecg27782	TWC,SB
ecg27783	SB
ecg27784	SB
ecg27785	SB
ecg27786	STC,SB
ecg27787	SB
ecg27788	SB
ecg27789	SB
ecg27790	SB
ecg27791	SB
ecg27792	SB
ecg27793	LVH,SB
ecg27794	SB,PPW
ecg27795	SB
ecg27796	SB
ecg27797	SB
ecg27798	SB
ecg27799	SB
ecg27800	AQW,SB,TWC
ecg27801	LVH,SB
ecg27802	SB
ecg27803	AQW,SB,STTU
ecg27804	SB
ecg27805	SB
ecg27806	LVH,SB
ecg27807	SB
ecg27808	SB
ecg27809	AQW,SB,TWC,LVH
ecg27810	AQW,SB,TWC,TWO
ecg27811	LVH,SB
ecg27812	SB
ecg27813	LVH,SB
ecg27814	SB
ecg27815	SB
ecg27816	SB
ecg27817	SB
ecg27818	SB
ecg27819	LVH,SB
ecg27820	TWC,SB
ecg27821	SB
ecg27822	SB
ecg27823	TWC,SB,LVH
ecg27824	SB
ecg27825	SB
ecg27826	LVH,SB
ecg27827	SB
ecg27828	SB
ecg27829	SB
ecg27830	SB
ecg27831	SB
ecg27832	SB
ecg27833	STDD,SB
ecg27834	SB
ecg27835	SB
ecg27836	SB
ecg27837	SB
ecg27838	SB
ecg27839	TWC,SB
ecg27840	SB
ecg27841	SB,RWC
ecg27842	SB
ecg27843	SB
ecg27844	SB
ecg27845	SB
ecg27846	SB
ecg27847	SB
ecg27848	STTU,SB,LVH,TWC
ecg27849	STC,SB
ecg27850	STC,SB,LVH
ecg27851	SB
ecg27852	SB
ecg27853	SB
ecg27854	SB
ecg27855	SB
ecg27856	TWC,SB,LVH
ecg27857	SB
ecg27858	TWC,SB
ecg27859	TWC,SB
ecg27860	SB
ecg27861	SB
ecg27862	AQW,LVH,TWO,SB,TWC
ecg27863	SB
ecg27864	SB
ecg27865	SB
ecg27866	SB
ecg27867	SB
ecg27868	SB
ecg27869	SB
ecg27870	SB
ecg27871	STC,SB
ecg27872	SB
ecg27873	SB
ecg27874	SB
ecg27875	SB
ecg27876	SB
ecg27877	LVH,SB
ecg27878	SB
ecg27879	SB
ecg27880	SB
ecg27881	LVH,SB
ecg27882	SB
ecg27883	TWC,SB,TWO
ecg27884	STC,SB,LVH
ecg27885	SB
ecg27886	SB
ecg27887	SB
ecg27888	LVH,SB
ecg27889	LVH,SB
ecg27890	SB
ecg27891	STTU,SB,LVH
ecg27892	SB
ecg27893	LVH,SB
ecg27894	LVH,SB
ecg27895	SB
ecg27896	SB
ecg27897	SB
ecg27898	LVH,SB
ecg27899	TWC,SB
ecg27900	STC,SB
ecg27901	SB
ecg27902	SB
ecg27903	SB
ecg27904	SB
ecg27905	SB
ecg27906	SB
ecg27907	SB
ecg27908	SB
ecg27909	SB
ecg27910	SB
ecg27911	SB
ecg27912	SB
ecg27913	TWO,SB
ecg27914	SB
ecg27915	SB
ecg27916	LVH,SB
ecg27917	TWC,SB
ecg27918	LVH,SB
ecg27919	SB
ecg27920	SB
ecg27921	TWC,SB,TWO
ecg27922	SB
ecg27923	SB
ecg27924	TWC,SB
ecg27925	SB
ecg27926	SB
ecg27927	SB
ecg27928	SB
ecg27929	SB
ecg27930	TWC,SB
ecg27931	SB
ecg27932	SB
ecg27933	TWC,SB
ecg27934	SB
ecg27935	SB
ecg27936	STC,SB
ecg27937	SB
ecg27938	SB
ecg27939	LVH,SB
ecg27940	SB
ecg27941	SB
ecg27942	SB
ecg27943	QTIE,SB
ecg27944	LVH,SB
ecg27945	SB
ecg27946	SB
ecg27947	SB
ecg27948	SB
ecg27949	SB
ecg27950	SB
ecg27951	SB
ecg27952	TWC,SB
ecg27953	SB
ecg27954	LVH,SB
ecg27955	SB
ecg27956	LVH,SB
ecg27957	SB
ecg27958	SB
ecg27959	SB
ecg27960	SB
ecg27961	SB
ecg27962	SB
ecg27963	SB
ecg27964	SB
ecg27965	SB
ecg27966	TWC,SB,LVH
ecg27967	LVH,SB
ecg27968	SB
ecg27969	LVH,SB
ecg27970	TWC,SB,STTU
ecg27971	SB
ecg27972	SB
ecg27973	SB
ecg27974	SB
ecg27975	SB
ecg27976	SB
ecg27977	SB
ecg27978	SB
ecg27979	SB
ecg27980	SB
ecg27981	LVH,SB
ecg27982	SB
ecg27983	TWC,SB
ecg27984	SB
ecg27985	SB
ecg27986	SB
ecg27987	SB
ecg27988	SB
ecg27989	SB
ecg27990	SB
ecg27991	SB
ecg27992	SB
ecg27993	SB
ecg27994	SB
ecg27995	TWO,SB
ecg27996	SB
ecg27997	SB
ecg27998	SB
ecg27999	SB
ecg28000	LVH,SB
ecg28001	SB
ecg28002	LVH,SB
ecg28003	SB
ecg28004	SB
ecg28005	SB
ecg28006	SB
ecg28007	SB
ecg28008	SB
ecg28009	TWC,SB,TWO
ecg28010	SB
ecg28011	SB
ecg28012	LVH,SB
ecg28013	SB
ecg28014	SB,SA
ecg28015	SB
ecg28016	LVH,SB
ecg28017	LVH,SB
ecg28018	SB
ecg28019	SB
ecg28020	SB
ecg28021	AQW,SB,TWC,TWO
ecg28022	SB
ecg28023	LVH,SB
ecg28024	SB
ecg28025	SB
ecg28026	SB
ecg28027	SB
ecg28028	STC,SB
ecg28029	QTIE,SB
ecg28030	SB
ecg28031	SB
ecg28032	SB
ecg28033	STTU,SB,LVH,TWC
ecg28034	SB
ecg28035	SB
ecg28036	SB
ecg28037	SB
ecg28038	SB
ecg28039	TWC,SB
ecg28040	SB
ecg28041	SB
ecg28042	LVH,SB
ecg28043	LVH,SB
ecg28044	SB
ecg28045	SB
ecg28046	LVH,SB
ecg28047	SB
ecg28048	TWC,SB,LVH
ecg28049	SB
ecg28050	SB
ecg28051	SB
ecg28052	SB
ecg28053	SB
ecg28054	SB
ecg28055	SB
ecg28056	LVH,SB
ecg28057	SB
ecg28058	TWO,SB
ecg28059	SB
ecg28060	SB
ecg28061	SB
ecg28062	SB
ecg28063	SB
ecg28064	SB
ecg28065	SB
ecg28066	SB
ecg28067	SB
ecg28068	SB
ecg28069	SB
ecg28070	STC,SB
ecg28071	AQW,STTU,STDD,SB,TWC
ecg28072	SB
ecg28073	TWC,SB
ecg28074	TWC,SB
ecg28075	SB
ecg28076	SB
ecg28077	SB
ecg28078	SB
ecg28079	SB
ecg28080	SB
ecg28081	SB
ecg28082	SB
ecg28083	SB
ecg28084	STDD,SB
ecg28085	SB
ecg28086	LVH,SB
ecg28087	SB
ecg28088	LVH,SB
ecg28089	SB
ecg28090	SB
ecg28091	SB
ecg28092	SB
ecg28093	TWC,SB
ecg28094	SB
ecg28095	SB
ecg28096	SB
ecg28097	SB
ecg28098	LVH,SB
ecg28099	SB
ecg28100	SB
ecg28101	SB
ecg28102	TWC,SB,LVH
ecg28103	SB
ecg28104	SB
ecg28105	TWC,SB,STDD
ecg28106	TWC,SB
ecg28107	SB
ecg28108	SB
ecg28109	SB
ecg28110	SB
ecg28111	SB
ecg28112	SB
ecg28113	SB
ecg28114	SB
ecg28115	LVH,SB
ecg28116	SB
ecg28117	SB
ecg28118	SB
ecg28119	SB
ecg28120	TWC,SB,TWO
ecg28121	SB,LVQRSAL
ecg28122	SB
ecg28123	STC,SB
ecg28124	SB
ecg28125	SB
ecg28126	SB
ecg28127	SB
ecg28128	AQW,STDD,TWO,SB,STC
ecg28129	SB
ecg28130	SB
ecg28131	SB
ecg28132	SB
ecg28133	SB
ecg28134	SB
ecg28135	SB
ecg28136	SB
ecg28137	SB
ecg28138	TWO,SB,RWC
ecg28139	TWC,SB,RWC,TWO
ecg28140	SB
ecg28141	SB
ecg28142	SB
ecg28143	SB
ecg28144	LVH,SB
ecg28145	SB
ecg28146	SB
ecg28147	SB
ecg28148	SB
ecg28149	SB
ecg28150	SB
ecg28151	SB,RWC
ecg28152	SB
ecg28153	SB
ecg28154	LVH,SB
ecg28155	AQW,SB,LVH
ecg28156	SB
ecg28157	SB
ecg28158	SB
ecg28159	SB
ecg28160	TWC,SB
ecg28161	AQW,SB,TWC,TWO
ecg28162	TWC,SB
ecg28163	SB
ecg28164	SB
ecg28165	SB
ecg28166	SB
ecg28167	LVH,SB
ecg28168	SB
ecg28169	LVH,SB
ecg28170	SB
ecg28171	SB
ecg28172	SB
ecg28173	SB
ecg28174	SB
ecg28175	SB
ecg28176	SB
ecg28177	SB
ecg28178	SB
ecg28179	SB
ecg28180	SB
ecg28181	SB
ecg28182	SB
ecg28183	STC,SB
ecg28184	SB
ecg28185	TWC,SB
ecg28186	LVH,SB
ecg28187	LVH,SB
ecg28188	SB
ecg28189	AQW,SB,TWC,TWO
ecg28190	SB
ecg28191	SB
ecg28192	SB
ecg28193	SB
ecg28194	SB
ecg28195	SB
ecg28196	SB
ecg28197	SB
ecg28198	SB
ecg28199	TWC,SB
ecg28200	SB
ecg28201	SB
ecg28202	SB
ecg28203	SB
ecg28204	SB
ecg28205	LVH,SB
ecg28206	SB
ecg28207	SB
ecg28208	SB
ecg28209	STDD,SB,STC,TWO
ecg28210	SB
ecg28211	SB
ecg28212	STC,SB,LVH
ecg28213	SB
ecg28214	SB
ecg28215	STC,SB
ecg28216	LVH,SB
ecg28217	SB
ecg28218	SB
ecg28219	SB
ecg28220	SB
ecg28221	STDD,SB,STC,TWO
ecg28222	SB
ecg28223	LVH,SB
ecg28224	SB
ecg28225	SB
ecg28226	SB
ecg28227	SB
ecg28228	SB
ecg28229	SB
ecg28230	TWC,SB,QTIE,TWO
ecg28231	STC,SB
ecg28232	SB
ecg28233	STDD,SB,LVH,TWO
ecg28234	SB
ecg28235	SB
ecg28236	SB
ecg28237	TWO,SB
ecg28238	TWO,SB
ecg28239	SB
ecg28240	SB
ecg28241	SB
ecg28242	LVH,SB
ecg28243	TWO,UW,SB,TWC,LVH
ecg28244	TWC,SB,RWC
ecg28245	SB
ecg28246	TWO,LVH,STDD,SB,STC
ecg28247	STC,SB,LVH
ecg28248	SB
ecg28249	SB
ecg28250	SB
ecg28251	SB,LVQRSAL
ecg28252	SB
ecg28253	SB
ecg28254	TWC,SB
ecg28255	SB
ecg28256	SB
ecg28257	SB
ecg28258	SB
ecg28259	SB
ecg28260	LVH,SB
ecg28261	SB
ecg28262	SB
ecg28263	SB
ecg28264	SB
ecg28265	SB
ecg28266	SB
ecg28267	SB
ecg28268	SB
ecg28269	SB
ecg28270	LVH,SB
ecg28271	SB
ecg28272	SB
ecg28273	SB
ecg28274	SB
ecg28275	STC,SB,LVH
ecg28276	LVH,SB
ecg28277	LVH,SB
ecg28278	LVH,SB
ecg28279	SB
ecg28280	SB
ecg28281	TWC,SB
ecg28282	TWC,SB
ecg28283	SB
ecg28284	SB
ecg28285	SB
ecg28286	SB
ecg28287	SB
ecg28288	SB
ecg28289	SB
ecg28290	TWC,SB
ecg28291	TWO,SB
ecg28292	SB
ecg28293	SB
ecg28294	SB
ecg28295	SB
ecg28296	SB
ecg28297	STDD,SB,STC,TWO
ecg28298	SB
ecg28299	SB
ecg28300	SB
ecg28301	SB
ecg28302	SB
ecg28303	LVH,SB
ecg28304	SB
ecg28305	SB
ecg28306	SB
ecg28307	TWC,SB
ecg28308	SB
ecg28309	SB
ecg28310	TWC,SB
ecg28311	SB
ecg28312	SB
ecg28313	SB
ecg28314	LVH,SB
ecg28315	LVH,SB
ecg28316	SB
ecg28317	SB
ecg28318	TWC,SB
ecg28319	SB
ecg28320	TWC,SB
ecg28321	TWO,LVH,STDD,SB,STC
ecg28322	SB
ecg28323	SB
ecg28324	SB
ecg28325	LVH,SB
ecg28326	STTU,LVQRSAL,TWO,SB,TWC
ecg28327	SB
ecg28328	SB
ecg28329	SB
ecg28330	SB
ecg28331	SB
ecg28332	SB
ecg28333	SB
ecg28334	SB
ecg28335	SB
ecg28336	SB
ecg28337	TWC,SB
ecg28338	SB
ecg28339	SB
ecg28340	SB
ecg28341	SB
ecg28342	SB
ecg28343	SB
ecg28344	SB
ecg28345	TWC,SB,QTIE
ecg28346	SB
ecg28347	LVH,SB
ecg28348	SB
ecg28349	SB
ecg28350	STTU,LVH,TWO,SB,TWC
ecg28351	LVH,SB
ecg28352	SB
ecg28353	PRIE,SB
ecg28354	SB
ecg28355	TWC,SB
ecg28356	SB
ecg28357	SB
ecg28358	STC,SB
ecg28359	SB
ecg28360	SB
ecg28361	TWC,SB
ecg28362	TWC,SB
ecg28363	SB
ecg28364	SB
ecg28365	SB
ecg28366	LVH,SB
ecg28367	LVH,SB
ecg28368	SB
ecg28369	SB
ecg28370	LVH,SB
ecg28371	TWC,SB
ecg28372	SB
ecg28373	SB
ecg28374	SB
ecg28375	SB
ecg28376	SB
ecg28377	STC,SB
ecg28378	SB
ecg28379	LVH,SB
ecg28380	STTU,SB
ecg28381	SB
ecg28382	SB
ecg28383	SB
ecg28384	SB
ecg28385	SB
ecg28386	SB
ecg28387	LVH,SB
ecg28388	TWC,SB
ecg28389	TWC,SB
ecg28390	SB
ecg28391	SB
ecg28392	LVH,SB
ecg28393	LVH,SB
ecg28394	SB
ecg28395	SB
ecg28396	SB
ecg28397	SB
ecg28398	TWC,SB
ecg28399	LVH,SB
ecg28400	SB
ecg28401	TWC,SB,LVH,TWO
ecg28402	SB
ecg28403	TWC,SB
ecg28404	SB
ecg28405	LVH,SB
ecg28406	SB
ecg28407	SB
ecg28408	AQW,SB
ecg28409	TWC,SB
ecg28410	TWC,SB
ecg28411	LVH,SB
ecg28412	SB
ecg28413	STTU,SB,ERV
ecg28414	SB
ecg28415	SB
ecg28416	SB
ecg28417	SB
ecg28418	SB
ecg28419	SB
ecg28420	SB
ecg28421	STTU,SB,ERV
ecg28422	SB
ecg28423	STTU,SB,ERV
ecg28424	TWC,SB
ecg28425	SB
ecg28426	SB
ecg28427	SB
ecg28428	SB
ecg28429	SB
ecg28430	SB
ecg28431	TWC,SB,LVH
ecg28432	TWC,SB
ecg28433	LVH,SB
ecg28434	SB
ecg28435	SB,LVQRSAL
ecg28436	STTU,SB
ecg28437	TWC,SB
ecg28438	TWC,SB
ecg28439	SB
ecg28440	SB
ecg28441	SB
ecg28442	SB
ecg28443	SB
ecg28444	SB
ecg28445	SB
ecg28446	SB,LVQRSAL
ecg28447	SB
ecg28448	TWC,SB,TWO
ecg28449	SB
ecg28450	TWC,SB
ecg28451	SB
ecg28452	SB
ecg28453	SB
ecg28454	SB
ecg28455	SB
ecg28456	SB
ecg28457	SB
ecg28458	SB
ecg28459	SB
ecg28460	SB
ecg28461	SB
ecg28462	SB
ecg28463	TWC,SB
ecg28464	SB,LVQRSAL
ecg28465	SB
ecg28466	SB
ecg28467	SB
ecg28468	TWC,SB
ecg28469	SB
ecg28470	SB,LVQRSAL
ecg28471	SB
ecg28472	SB
ecg28473	SB
ecg28474	LVH,SB
ecg28475	LVH,SB
ecg28476	TWC,SB
ecg28477	SB
ecg28478	SB
ecg28479	SB
ecg28480	AQW,SB
ecg28481	TWC,SB,TWO
ecg28482	TWC,SB
ecg28483	LVH,SB
ecg28484	SB
ecg28485	SB
ecg28486	SB
ecg28487	SB
ecg28488	SB
ecg28489	SB
ecg28490	SB
ecg28491	SB
ecg28492	LVH,SB
ecg28493	SB,LVQRSAL
ecg28494	SB
ecg28495	STC,SB
ecg28496	SB
ecg28497	SB
ecg28498	LVH,SB
ecg28499	SB
ecg28500	SB
ecg28501	SB
ecg28502	TWC,SB,LVH
ecg28503	SB
ecg28504	SB
ecg28505	SB
ecg28506	LVH,SB
ecg28507	SB
ecg28508	SB
ecg28509	SB
ecg28510	SB
ecg28511	SB
ecg28512	SB
ecg28513	SB
ecg28514	SB
ecg28515	LVH,SB
ecg28516	LVH,SB
ecg28517	SB
ecg28518	SB
ecg28519	SB
ecg28520	SB,LVQRSAL
ecg28521	SB
ecg28522	SB
ecg28523	SB
ecg28524	SB
ecg28525	SB
ecg28526	SB
ecg28527	SB
ecg28528	SB
ecg28529	LVH,SB
ecg28530	SB
ecg28531	SB
ecg28532	SB
ecg28533	LVH,SB
ecg28534	SB
ecg28535	TWC,SB
ecg28536	TWC,SB
ecg28537	SB
ecg28538	SB
ecg28539	TWC,SB
ecg28540	SB,LVQRSAL
ecg28541	SB
ecg28542	LVH,SB
ecg28543	SB
ecg28544	SB
ecg28545	LVH,SB
ecg28546	SB
ecg28547	LVH,SB
ecg28548	SB
ecg28549	STTU,LVH,SB,ERV,TWC
ecg28550	SB
ecg28551	SB
ecg28552	SB
ecg28553	STTU,SB,ERV
ecg28554	SB
ecg28555	SB
ecg28556	SB
ecg28557	SB
ecg28558	TWC,SB
ecg28559	LVH,SB
ecg28560	SB
ecg28561	STC,SB,LVH
ecg28562	TWC,SB
ecg28563	LVH,SB
ecg28564	LVH,SB
ecg28565	SB
ecg28566	LVH,SB
ecg28567	SB
ecg28568	SB
ecg28569	SB
ecg28570	SB
ecg28571	SB
ecg28572	SB
ecg28573	SB
ecg28574	LVH,SB
ecg28575	SB
ecg28576	SB
ecg28577	SB
ecg28578	SB
ecg28579	LVH,SB
ecg28580	SB
ecg28581	SB
ecg28582	SB
ecg28583	SB
ecg28584	SB
ecg28585	SB
ecg28586	SB
ecg28587	SB
ecg28588	SB
ecg28589	LVH,SB
ecg28590	SB
ecg28591	SB
ecg28592	TWC,SB
ecg28593	SB
ecg28594	SB
ecg28595	SB
ecg28596	SB
ecg28597	TWC,SB,LVH
ecg28598	TWC,SB,LVH
ecg28599	SB
ecg28600	SB
ecg28601	SB
ecg28602	SB
ecg28603	SB
ecg28604	SB
ecg28605	SB
ecg28606	SB
ecg28607	SB
ecg28608	LVH,SB
ecg28609	TWC,SB
ecg28610	SB
ecg28611	SB
ecg28612	SB
ecg28613	SB
ecg28614	SB
ecg28615	TWC,SB,TWO
ecg28616	SB
ecg28617	SB
ecg28618	SB
ecg28619	SB
ecg28620	SB
ecg28621	LVH,SB
ecg28622	SB
ecg28623	LVH,SB
ecg28624	STC,SB
ecg28625	TWC,SB
ecg28626	SB
ecg28627	SB
ecg28628	SB
ecg28629	SB
ecg28630	TWC,SB
ecg28631	LVH,SB
ecg28632	LVH,SB
ecg28633	SB
ecg28634	SB
ecg28635	SB
ecg28636	SB
ecg28637	SB
ecg28638	LVH,SB
ecg28639	SB
ecg28640	SB
ecg28641	SB
ecg28642	TWC,SB,LVH
ecg28643	LVH,SB
ecg28644	SB
ecg28645	SB
ecg28646	SB
ecg28647	SB
ecg28648	STDD,SB,STC,TWO
ecg28649	SB,LVQRSAL
ecg28650	TWC,SB
ecg28651	TWC,SB
ecg28652	SB
ecg28653	TWC,SB
ecg28654	SB
ecg28655	TWC,SB
ecg28656	TWO,LVH,STDD,SB,STC
ecg28657	SB
ecg28658	SB
ecg28659	SB
ecg28660	SB
ecg28661	LVH,SB
ecg28662	SB
ecg28663	SB
ecg28664	SB
ecg28665	TWC,SB,TWO
ecg28666	SB
ecg28667	SB
ecg28668	SB
ecg28669	SB
ecg28670	TWC,SB,LVH
ecg28671	SB
ecg28672	SB
ecg28673	STC,SB
ecg28674	TWC,SB
ecg28675	SB
ecg28676	AQW,STTU,STDD,TWO,SB,STC
ecg28677	SB
ecg28678	PRIE,SB
ecg28679	TWC,SB
ecg28680	SB
ecg28681	LVH,SB,RWC
ecg28682	SB
ecg28683	SB
ecg28684	SB
ecg28685	SB
ecg28686	SB
ecg28687	SB
ecg28688	LVH,SB
ecg28689	AQW,SB
ecg28690	SB
ecg28691	SB
ecg28692	SB
ecg28693	SB
ecg28694	TWC,SB
ecg28695	SB
ecg28696	LVH,SB
ecg28697	STTU,SB
ecg28698	SB
ecg28699	SB
ecg28700	SB
ecg28701	SB
ecg28702	SB
ecg28703	LVH,SB,RWC
ecg28704	SB
ecg28705	SB
ecg28706	TWC,SB,TWO
ecg28707	LVH,SB
ecg28708	SB
ecg28709	LVH,SB
ecg28710	STC,SB,LVH
ecg28711	TWC,SB
ecg28712	SB
ecg28713	SB
ecg28714	SB
ecg28715	TWC,SB,LVH,TWO
ecg28716	SB
ecg28717	SB
ecg28718	SB
ecg28719	LVH,SB
ecg28720	SB
ecg28721	AQW,SB,TWC,TWO
ecg28722	SB
ecg28723	STC,SB,LVH
ecg28724	SB
ecg28725	SB
ecg28726	SB
ecg28727	SB
ecg28728	SB
ecg28729	SB
ecg28730	LVH,SB
ecg28731	SB
ecg28732	SB
ecg28733	SB
ecg28734	SB
ecg28735	TWC,SB,STTU
ecg28736	SB
ecg28737	TWC,SB,TWO
ecg28738	SB
ecg28739	TWC,SB
ecg28740	SB
ecg28741	SB
ecg28742	LVH,SB
ecg28743	SB
ecg28744	LVH,SB
ecg28745	SB
ecg28746	SB
ecg28747	SB
ecg28748	SB
ecg28749	SB
ecg28750	SB
ecg28751	SB
ecg28752	STTU,SB
ecg28753	STC,SB
ecg28754	LVH,SB
ecg28755	TWC,SB
ecg28756	SB
ecg28757	SB
ecg28758	SB
ecg28759	SB
ecg28760	SB
ecg28761	SB
ecg28762	SB
ecg28763	STC,SB
ecg28764	STDD,SB,STC,TWO
ecg28765	STC,SB,LVH,TWO
ecg28766	SB
ecg28767	TWC,SB,LVH,TWO
ecg28768	LVH,SB
ecg28769	SB
ecg28770	SB
ecg28771	SB
ecg28772	SB
ecg28773	SB
ecg28774	SB
ecg28775	SB
ecg28776	SB
ecg28777	SB
ecg28778	SB
ecg28779	TWC,SB
ecg28780	SB
ecg28781	TWC,SB
ecg28782	LVH,SB
ecg28783	SB
ecg28784	SB
ecg28785	TWC,SB,TWO
ecg28786	TWC,SB
ecg28787	SB
ecg28788	SB
ecg28789	TWC,SB
ecg28790	SB
ecg28791	LVH,SB
ecg28792	LVH,SB
ecg28793	SB
ecg28794	SB
ecg28795	SB
ecg28796	LVH,SB
ecg28797	SB
ecg28798	SB
ecg28799	LVH,SB
ecg28800	SB
ecg28801	SB
ecg28802	SB
ecg28803	SB
ecg28804	TWC,SB,TWO
ecg28805	SB
ecg28806	SB
ecg28807	SB
ecg28808	SB
ecg28809	STC,SB,TWO
ecg28810	SB
ecg28811	SB
ecg28812	SB
ecg28813	SB
ecg28814	TWC,SB
ecg28815	SB
ecg28816	SB
ecg28817	SB
ecg28818	SB
ecg28819	SB
ecg28820	SB
ecg28821	SB
ecg28822	SB
ecg28823	SB
ecg28824	SB
ecg28825	SB
ecg28826	SB
ecg28827	LVH,SB
ecg28828	SB
ecg28829	SB
ecg28830	SB
ecg28831	SB
ecg28832	TWC,SB
ecg28833	LVH,SB
ecg28834	TWC,SB
ecg28835	SB
ecg28836	SB
ecg28837	TWC,SB
ecg28838	SB,LVQRSAL
ecg28839	SB
ecg28840	SB
ecg28841	SB
ecg28842	SB
ecg28843	SB
ecg28844	SB
ecg28845	SB
ecg28846	SB
ecg28847	SB
ecg28848	SB
ecg28849	SB
ecg28850	LVH,SB
ecg28851	TWC,SB,LVH
ecg28852	SB
ecg28853	SB
ecg28854	TWC,SB
ecg28855	SB
ecg28856	SB
ecg28857	LVH,SB
ecg28858	LVH,SB
ecg28859	TWC,SB,TWO
ecg28860	SB
ecg28861	SB
ecg28862	TWC,SB,LVH,TWO
ecg28863	SB
ecg28864	SB
ecg28865	SB
ecg28866	SB
ecg28867	SB
ecg28868	SB
ecg28869	TWC,SB
ecg28870	STC,SB
ecg28871	SB
ecg28872	SB
ecg28873	SB,LVQRSAL
ecg28874	LVH,SB
ecg28875	LVH,SB
ecg28876	TWC,SB,LVH
ecg28877	SB
ecg28878	SB
ecg28879	LVH,SB
ecg28880	STDD,SB,STC,TWO
ecg28881	SB
ecg28882	LVH,SB
ecg28883	SB,LVQRSAL
ecg28884	TWC,SB,RWC,TWO
ecg28885	SB
ecg28886	LVH,SB
ecg28887	SB
ecg28888	SB
ecg28889	SB
ecg28890	AQW,SB
ecg28891	TWC,SB,LVH
ecg28892	SB
ecg28893	TWC,SB,LVH
ecg28894	TWC,SB,LVH,TWO
ecg28895	SB
ecg28896	TWC,SB
ecg28897	TWC,SB,LVH
ecg28898	SB
ecg28899	SB
ecg28900	SB
ecg28901	SB
ecg28902	SB
ecg28903	SB
ecg28904	SB
ecg28905	SB
ecg28906	LVH,SB
ecg28907	SB
ecg28908	SB
ecg28909	LVH,SB
ecg28910	LVH,SB
ecg28911	SB
ecg28912	SB
ecg28913	SB
ecg28914	SB
ecg28915	TWC,SB
ecg28916	SB
ecg28917	SB
ecg28918	SB
ecg28919	SB
ecg28920	LVH,SB
ecg28921	SB
ecg28922	TWC,SB
ecg28923	TWC,SB
ecg28924	LVH,SB
ecg28925	SB
ecg28926	TWC,SB
ecg28927	LVH,SB
ecg28928	SB
ecg28929	SB
ecg28930	LVH,SB
ecg28931	LVH,SB
ecg28932	SB
ecg28933	TWC,SB,TWO
ecg28934	SB
ecg28935	SB
ecg28936	SB
ecg28937	SB
ecg28938	SB
ecg28939	TWC,SB
ecg28940	LVH,SB
ecg28941	SB
ecg28942	SB
ecg28943	SB
ecg28944	SB
ecg28945	SB
ecg28946	SB
ecg28947	LVH,SB
ecg28948	TWC,SB,TWO
ecg28949	LVH,SB
ecg28950	TWC,SB
ecg28951	SB
ecg28952	SB
ecg28953	SB
ecg28954	LVH,SB
ecg28955	LVH,SB
ecg28956	SB,LVQRSAL
ecg28957	SB
ecg28958	SB
ecg28959	SB
ecg28960	SB
ecg28961	AQW,SB,TWC,STTU
ecg28962	AQW,SB,STTU
ecg28963	SB
ecg28964	SB
ecg28965	STC,SB,LVH
ecg28966	SB
ecg28967	SB
ecg28968	TWC,SB,LVH,TWO
ecg28969	SB
ecg28970	SB
ecg28971	SB
ecg28972	SB
ecg28973	SB
ecg28974	SB
ecg28975	TWC,SB
ecg28976	TWC,SB
ecg28977	TWC,SB,LVH
ecg28978	LVH,SB
ecg28979	TWC,SB
ecg28980	SB
ecg28981	SB
ecg28982	SB
ecg28983	SB
ecg28984	SB
ecg28985	SB
ecg28986	SB
ecg28987	TWC,SB
ecg28988	SB
ecg28989	LVH,SB
ecg28990	SB
ecg28991	SB
ecg28992	LVH,SB
ecg28993	STC,SB,LVH
ecg28994	SB
ecg28995	SB
ecg28996	SB
ecg28997	TWC,SB
ecg28998	SB
ecg28999	SB
ecg29000	LVH,SB
ecg29001	SB
ecg29002	SB
ecg29003	SB
ecg29004	SB
ecg29005	SB
ecg29006	SB
ecg29007	LVH,SB
ecg29008	TWC,SB,LVH
ecg29009	TWC,SB
ecg29010	SB
ecg29011	SB
ecg29012	SB
ecg29013	SB
ecg29014	SB
ecg29015	STC,SB
ecg29016	SB
ecg29017	LVH,SB
ecg29018	SB
ecg29019	SB
ecg29020	SB
ecg29021	LVH,SB
ecg29022	SB
ecg29023	SB
ecg29024	SB
ecg29025	SB
ecg29026	SB
ecg29027	SB
ecg29028	LVH,SB
ecg29029	SB
ecg29030	SB
ecg29031	TWC,SB,UW
ecg29032	SB
ecg29033	SB
ecg29034	SB
ecg29035	SB
ecg29036	SB
ecg29037	SB
ecg29038	SB
ecg29039	SB
ecg29040	LVH,SB
ecg29041	SB
ecg29042	TWC,SB
ecg29043	TWC,SB,STTU,TWO
ecg29044	SB
ecg29045	AQW,SB,TWC
ecg29046	SB
ecg29047	SB
ecg29048	SB
ecg29049	SB
ecg29050	SB
ecg29051	TWC,SB
ecg29052	SB
ecg29053	SB
ecg29054	SB
ecg29055	SB
ecg29056	LVH,SB
ecg29057	SB
ecg29058	SB
ecg29059	SB
ecg29060	SB
ecg29061	SB
ecg29062	SB
ecg29063	LVH,SB
ecg29064	SB,LVQRSAL
ecg29065	SB
ecg29066	SB
ecg29067	TWC,SB,TWO
ecg29068	TWC,SB
ecg29069	SB
ecg29070	SB
ecg29071	SB
ecg29072	SB
ecg29073	SB
ecg29074	SB
ecg29075	STC,SB,LVH
ecg29076	SB
ecg29077	SB
ecg29078	SB
ecg29079	TWC,SB
ecg29080	SB
ecg29081	SB
ecg29082	SB
ecg29083	SB
ecg29084	SB
ecg29085	SB,LVQRSAL
ecg29086	TWC,SB
ecg29087	SB
ecg29088	SB
ecg29089	SB
ecg29090	SB
ecg29091	SB
ecg29092	SB
ecg29093	SB
ecg29094	SB
ecg29095	SB
ecg29096	SB
ecg29097	SB
ecg29098	SB
ecg29099	SB
ecg29100	SB
ecg29101	SB
ecg29102	SB
ecg29103	SB
ecg29104	LVH,SB
ecg29105	SB
ecg29106	LVH,SB
ecg29107	SB
ecg29108	LVH,SB
ecg29109	SB
ecg29110	SB
ecg29111	SB
ecg29112	SB
ecg29113	LVH,SB
ecg29114	SB
ecg29115	SB
ecg29116	TWC,SB,RWC
ecg29117	SB
ecg29118	SB
ecg29119	SB
ecg29120	SB
ecg29121	LVH,SB
ecg29122	LVH,SB
ecg29123	SB
ecg29124	SB
ecg29125	SB
ecg29126	SB
ecg29127	SB
ecg29128	SB
ecg29129	SB
ecg29130	SB,LVQRSAL
ecg29131	TWC,SB,LVH
ecg29132	LVH,SB
ecg29133	SB,LVQRSAL
ecg29134	STC,SB
ecg29135	SB
ecg29136	STC,SB
ecg29137	SB
ecg29138	TWC,SB
ecg29139	SB
ecg29140	TWC,SB
ecg29141	TWC,SB
ecg29142	LVH,SB
ecg29143	SB
ecg29144	SB
ecg29145	STC,SB
ecg29146	SB
ecg29147	SB
ecg29148	SB
ecg29149	SB
ecg29150	SB
ecg29151	SB
ecg29152	SB
ecg29153	LVH,SB
ecg29154	LVH,SB
ecg29155	SB
ecg29156	SB
ecg29157	TWC,SB,LVH
ecg29158	TWC,SB,LVQRSAL
ecg29159	TWC,SB,TWO
ecg29160	SB
ecg29161	SB
ecg29162	TWC,SB,TWO
ecg29163	SB
ecg29164	SB
ecg29165	LVH,SB
ecg29166	SB
ecg29167	TWC,SB
ecg29168	SB
ecg29169	SB
ecg29170	SB
ecg29171	SB
ecg29172	SB
ecg29173	LVH,SB
ecg29174	SB
ecg29175	LVH,SB
ecg29176	LVH,SB
ecg29177	SB
ecg29178	SB
ecg29179	SB
ecg29180	SB
ecg29181	SB
ecg29182	TWC,SB,LVH
ecg29183	SB
ecg29184	LVH,SB
ecg29185	SB
ecg29186	TWC,SB
ecg29187	SB
ecg29188	TWC,SB
ecg29189	STC,SB
ecg29190	SB
ecg29191	STDD,TWO,SB,LVH,STC
ecg29192	SB
ecg29193	SB
ecg29194	SB
ecg29195	SB
ecg29196	SB
ecg29197	LVH,SB
ecg29198	SB
ecg29199	SB
ecg29200	SB
ecg29201	SB
ecg29202	SB
ecg29203	SB
ecg29204	SB
ecg29205	SB
ecg29206	SB
ecg29207	SB
ecg29208	SVPB,SB,VPB
ecg29209	SB
ecg29210	SB
ecg29211	SB
ecg29212	LVH,SB
ecg29213	TWC,SB
ecg29214	SB
ecg29215	SB
ecg29216	SB
ecg29217	SB
ecg29218	LVH,SB
ecg29219	SB
ecg29220	STC,SB
ecg29221	SB
ecg29222	LVH,SB
ecg29223	TWC,SB,TWO
ecg29224	SB
ecg29225	SB
ecg29226	STC,SB,LVH
ecg29227	SB
ecg29228	LVH,SB
ecg29229	SB
ecg29230	SB,LVQRSAL
ecg29231	SB
ecg29232	SB
ecg29233	TWC,SB,TWO
ecg29234	LVH,SB
ecg29235	LVH,SB
ecg29236	SB
ecg29237	SB
ecg29238	TWC,SB
ecg29239	SB
ecg29240	SB
ecg29241	SB
ecg29242	SB
ecg29243	SB
ecg29244	SB
ecg29245	SB
ecg29246	SB
ecg29247	TWC,SB
ecg29248	SB
ecg29249	SB
ecg29250	LVH,SB
ecg29251	LVH,SB
ecg29252	SB
ecg29253	SB
ecg29254	SB
ecg29255	SB
ecg29256	SB
ecg29257	SB
ecg29258	SB
ecg29259	LVH,SB
ecg29260	TWC,SB
ecg29261	LVH,SB
ecg29262	SB
ecg29263	SB
ecg29264	SB
ecg29265	SB
ecg29266	SB
ecg29267	SB
ecg29268	SB
ecg29269	SB
ecg29270	SB
ecg29271	SB
ecg29272	SB
ecg29273	SB
ecg29274	SB
ecg29275	SB
ecg29276	LVH,SB
ecg29277	SB
ecg29278	SB
ecg29279	SB
ecg29280	SB
ecg29281	SB
ecg29282	SB
ecg29283	LVH,SB
ecg29284	SB
ecg29285	SB
ecg29286	SB
ecg29287	SB
ecg29288	LVH,SB
ecg29289	SB
ecg29290	SB
ecg29291	LVH,SB
ecg29292	SB
ecg29293	SB
ecg29294	TWC,SB
ecg29295	TWC,SB,LVH
ecg29296	SB
ecg29297	SB
ecg29298	SB
ecg29299	TWC,SB
ecg29300	SB
ecg29301	SB
ecg29302	SB
ecg29303	SB
ecg29304	TWC,SB
ecg29305	SB
ecg29306	SB
ecg29307	SB
ecg29308	SB
ecg29309	LVH,SB
ecg29310	TWO,SB
ecg29311	LVH,SB
ecg29312	SB
ecg29313	LVH,SB
ecg29314	TWC,SB
ecg29315	SB
ecg29316	SB
ecg29317	SB
ecg29318	LVH,SB
ecg29319	SB
ecg29320	SB
ecg29321	TWC,SB
ecg29322	SB
ecg29323	SB
ecg29324	SB
ecg29325	SB
ecg29326	SB
ecg29327	SB
ecg29328	SB
ecg29329	SB
ecg29330	TWC,SB
ecg29331	TWC,SB
ecg29332	SB
ecg29333	SB
ecg29334	SB
ecg29335	SB
ecg29336	SB
ecg29337	LVH,SB
ecg29338	LVH,SB
ecg29339	SB
ecg29340	SB
ecg29341	SB
ecg29342	STC,SB,LVH
ecg29343	SB
ecg29344	SB
ecg29345	STTU,SB
ecg29346	TWC,SB,TWO
ecg29347	LVH,SB
ecg29348	SB
ecg29349	SB
ecg29350	TWC,SB
ecg29351	SB
ecg29352	STC,SB
ecg29353	SB
ecg29354	SB
ecg29355	STC,SB
ecg29356	STTU,SB,LVH,TWO
ecg29357	TWC,SB,LVH,TWO
ecg29358	SB
ecg29359	SB
ecg29360	SB
ecg29361	TWC,SB
ecg29362	TWC,SB,TWO
ecg29363	SB
ecg29364	AQW,SB
ecg29365	SB
ecg29366	STTU,SB,LVQRSAL
ecg29367	SB
ecg29368	SB
ecg29369	SB
ecg29370	LVH,SB
ecg29371	SB
ecg29372	SB
ecg29373	SB
ecg29374	TWC,SB,TWO
ecg29375	LVH,SB
ecg29376	SB,LVQRSAL
ecg29377	TWC,SB,LVQRSAL,TWO
ecg29378	SB
ecg29379	SB
ecg29380	SB
ecg29381	LVH,SB
ecg29382	SB
ecg29383	SB
ecg29384	SB
ecg29385	SB
ecg29386	SB
ecg29387	SB
ecg29388	TWC,SB
ecg29389	TWC,SB,TWO
ecg29390	SB
ecg29391	SB
ecg29392	SB
ecg29393	SB
ecg29394	SB
ecg29395	SB
ecg29396	TWC,SB
ecg29397	LVH,SB
ecg29398	STTU,SB
ecg29399	SB
ecg29400	TWC,SB,TWO
ecg29401	SB
ecg29402	SB
ecg29403	SB
ecg29404	SB
ecg29405	TWC,SB
ecg29406	SB
ecg29407	SB
ecg29408	TWC,SB,QTIE,LVH
ecg29409	SB
ecg29410	SB
ecg29411	SB
ecg29412	SB,LVQRSAL
ecg29413	SB,LVQRSAL
ecg29414	STC,SB
ecg29415	SB
ecg29416	TWC,SB
ecg29417	SB
ecg29418	SB
ecg29419	STC,SB
ecg29420	SB
ecg29421	SB
ecg29422	SB
ecg29423	SB
ecg29424	SB
ecg29425	LVH,SB
ecg29426	SB
ecg29427	SB
ecg29428	SB
ecg29429	SB
ecg29430	TWC,SB
ecg29431	LVH,SB
ecg29432	SB
ecg29433	SB
ecg29434	SB
ecg29435	LVH,SB
ecg29436	SB
ecg29437	SB
ecg29438	SB
ecg29439	UW,SB
ecg29440	TWC,SB
ecg29441	LVH,SB
ecg29442	LVH,SB
ecg29443	SB
ecg29444	SB
ecg29445	SB
ecg29446	STC,SB
ecg29447	SB
ecg29448	SB
ecg29449	STC,SB
ecg29450	STC,SB
ecg29451	SB
ecg29452	SB
ecg29453	SB
ecg29454	SB
ecg29455	SB
ecg29456	SB
ecg29457	SB
ecg29458	SB
ecg29459	TWC,SB
ecg29460	SB
ecg29461	SB
ecg29462	SB,LVQRSAL
ecg29463	STDD,SB,STC
ecg29464	SB
ecg29465	SB
ecg29466	SB
ecg29467	SB
ecg29468	SB
ecg29469	SB
ecg29470	TWC,SB
ecg29471	SB
ecg29472	SB
ecg29473	SB,LVQRSAL
ecg29474	TWC,SB
ecg29475	STC,SB
ecg29476	SB
ecg29477	LVH,SB
ecg29478	SB
ecg29479	LVH,SB
ecg29480	TWO,LVH,STDD,SB,STC
ecg29481	SB
ecg29482	SB
ecg29483	TWC,SB,LVQRSAL
ecg29484	SB
ecg29485	SB
ecg29486	LVH,SB
ecg29487	SB
ecg29488	SB
ecg29489	STC,PRIE,SB
ecg29490	SB
ecg29491	PRIE,SB
ecg29492	SB
ecg29493	TWC,SB
ecg29494	AQW,SB,TWC,TWO
ecg29495	AQW,SB,TWC
ecg29496	SB
ecg29497	LVH,SB
ecg29498	SB
ecg29499	PRIE,SB
ecg29500	LVH,SB
ecg29501	TWC,SB
ecg29502	SB
ecg29503	SB
ecg29504	SB
ecg29505	SB
ecg29506	SB
ecg29507	SB
ecg29508	SB
ecg29509	LVH,SB
ecg29510	SB
ecg29511	SB
ecg29512	SB
ecg29513	LVH,SB
ecg29514	SB
ecg29515	TWC,SB
ecg29516	SB
ecg29517	SB
ecg29518	SB
ecg29519	SB
ecg29520	SB
ecg29521	SB
ecg29522	TWC,SB,LVQRSAL
ecg29523	SB
ecg29524	SB
ecg29525	SB
ecg29526	SB
ecg29527	SB
ecg29528	SB
ecg29529	SB
ecg29530	SB
ecg29531	SB
ecg29532	SB
ecg29533	SB
ecg29534	AQW,SB
ecg29535	SB
ecg29536	SB
ecg29537	SB
ecg29538	SB
ecg29539	SB
ecg29540	SB
ecg29541	SB
ecg29542	TWC,SB
ecg29543	SB
ecg29544	SB
ecg29545	LVH,SB
ecg29546	SB
ecg29547	SB
ecg29548	SB
ecg29549	SB
ecg29550	LVH,SB
ecg29551	SB
ecg29552	LVH,SB
ecg29553	SB
ecg29554	SB
ecg29555	SB
ecg29556	SB
ecg29557	SB
ecg29558	SB
ecg29559	SB
ecg29560	SB
ecg29561	SB
ecg29562	SB
ecg29563	SB
ecg29564	SB
ecg29565	SB
ecg29566	SB
ecg29567	SB
ecg29568	SB
ecg29569	SB
ecg29570	SB
ecg29571	SB
ecg29572	SB
ecg29573	LVH,SB
ecg29574	STC,SB,LVH
ecg29575	SB
ecg29576	SB
ecg29577	TWC,SB
ecg29578	SB
ecg29579	SB
ecg29580	SB
ecg29581	SB
ecg29582	SB
ecg29583	SB
ecg29584	LVH,SB
ecg29585	SB
ecg29586	AQW,STTU,TWO,SB,TWC
ecg29587	SB
ecg29588	TWC,SB
ecg29589	SB
ecg29590	SB
ecg29591	QTIE,SB
ecg29592	LVH,SB
ecg29593	LVH,SB
ecg29594	SB,LVQRSAL
ecg29595	TWC,SB
ecg29596	SB
ecg29597	SB
ecg29598	SB
ecg29599	SB
ecg29600	SB
ecg29601	SB
ecg29602	SB
ecg29603	SB
ecg29604	SB
ecg29605	TWC,SB
ecg29606	SB
ecg29607	SB
ecg29608	SB
ecg29609	SB
ecg29610	SB
ecg29611	SB
ecg29612	TWC,SB,TWO
ecg29613	SB
ecg29614	LVH,SB
ecg29615	SB
ecg29616	STC,SB,RWC,LVH
ecg29617	SB
ecg29618	SB
ecg29619	LVH,SB
ecg29620	TWC,SB,TWO
ecg29621	SB
ecg29622	SB
ecg29623	STTU,SB
ecg29624	LVH,SB
ecg29625	SB
ecg29626	SB
ecg29627	SB
ecg29628	SB
ecg29629	SB
ecg29630	SB
ecg29631	SB
ecg29632	SB
ecg29633	SB
ecg29634	SB
ecg29635	SB
ecg29636	STC,SB,LVH
ecg29637	SB
ecg29638	SB
ecg29639	SB
ecg29640	SB
ecg29641	STDD,SB,STC,TWO
ecg29642	SB
ecg29643	TWC,SB
ecg29644	SB
ecg29645	LVH,SB
ecg29646	SB
ecg29647	LVH,SB
ecg29648	SB
ecg29649	SB
ecg29650	SB
ecg29651	TWC,SB,LVH
ecg29652	LVH,SB
ecg29653	SB
ecg29654	SB
ecg29655	SB
ecg29656	SB
ecg29657	SB
ecg29658	SB
ecg29659	TWO,SB,LVH
ecg29660	SB
ecg29661	TWC,SB,RWC
ecg29662	SB
ecg29663	SB
ecg29664	SB
ecg29665	SB
ecg29666	TWC,SB
ecg29667	STC,SB
ecg29668	STC,SB
ecg29669	TWC,SB,TWO
ecg29670	SB
ecg29671	SB
ecg29672	SB
ecg29673	SB
ecg29674	SB
ecg29675	SB
ecg29676	SB
ecg29677	SB
ecg29678	SB
ecg29679	SB
ecg29680	SB
ecg29681	SB
ecg29682	SB
ecg29683	SB
ecg29684	SB
ecg29685	SB
ecg29686	SB
ecg29687	SB
ecg29688	SB
ecg29689	SB
ecg29690	SB
ecg29691	TWC,SB,LVH
ecg29692	SB
ecg29693	SB
ecg29694	SB
ecg29695	SB
ecg29696	TWC,SB,LVH,TWO
ecg29697	SB
ecg29698	TWC,SB
ecg29699	TWC,SB
ecg29700	SB
ecg29701	SB
ecg29702	SB
ecg29703	TWC,SB
ecg29704	SB
ecg29705	SB
ecg29706	LVH,SB
ecg29707	SB
ecg29708	SB,LVQRSAL
ecg29709	SB
ecg29710	SB
ecg29711	LVH,SB
ecg29712	SB
ecg29713	SB
ecg29714	SB
ecg29715	SB
ecg29716	SB
ecg29717	LVH,SB
ecg29718	SB
ecg29719	SB
ecg29720	LVH,SB
ecg29721	SB
ecg29722	SB
ecg29723	SB
ecg29724	SB
ecg29725	SB
ecg29726	SB
ecg29727	SB
ecg29728	LVH,SB
ecg29729	SB
ecg29730	SB
ecg29731	SB
ecg29732	SB
ecg29733	STTU,LVQRSAL,TWO,SB,RWC,TWC
ecg29734	SB
ecg29735	SB
ecg29736	SB
ecg29737	SB
ecg29738	SB
ecg29739	TWC,SB
ecg29740	TWC,SB
ecg29741	SB
ecg29742	SB
ecg29743	SB
ecg29744	TWC,SB
ecg29745	SB
ecg29746	SB
ecg29747	SB
ecg29748	SB
ecg29749	SB
ecg29750	SB
ecg29751	SB
ecg29752	SB
ecg29753	SB
ecg29754	SB
ecg29755	SB
ecg29756	SB
ecg29757	TWC,SB
ecg29758	SB
ecg29759	TWC,SB
ecg29760	TWC,SB
ecg29761	SB
ecg29762	TWC,SB
ecg29763	SB
ecg29764	SB
ecg29765	SB
ecg29766	SB
ecg29767	LVH,SB
ecg29768	SB
ecg29769	SB
ecg29770	SB
ecg29771	SB
ecg29772	STC,SB
ecg29773	SB
ecg29774	STTU,SB
ecg29775	SB
ecg29776	SB
ecg29777	SB
ecg29778	SB
ecg29779	SB
ecg29780	SB
ecg29781	SB
ecg29782	TWC,SB
ecg29783	SB
ecg29784	SB
ecg29785	TWC,SB
ecg29786	SB
ecg29787	SB
ecg29788	SB
ecg29789	SB
ecg29790	SB
ecg29791	SB
ecg29792	SB
ecg29793	LVH,SB
ecg29794	SB
ecg29795	SB
ecg29796	SB
ecg29797	LVH,SB
ecg29798	SB
ecg29799	SB
ecg29800	SB
ecg29801	SB
ecg29802	SB
ecg29803	SB
ecg29804	SB
ecg29805	SB
ecg29806	SB
ecg29807	SB
ecg29808	SB
ecg29809	SB
ecg29810	LVH,SB,RWC
ecg29811	SB
ecg29812	SB
ecg29813	SB
ecg29814	SB
ecg29815	LVH,SB
ecg29816	SB
ecg29817	STC,SB
ecg29818	SB
ecg29819	SB
ecg29820	TWC,SB
ecg29821	LVH,SB
ecg29822	SB
ecg29823	TWC,SB
ecg29824	SB
ecg29825	SB
ecg29826	SB
ecg29827	SB
ecg29828	SB
ecg29829	SB
ecg29830	TWC,SB
ecg29831	SB
ecg29832	SB
ecg29833	SB
ecg29834	SB
ecg29835	SB
ecg29836	SB
ecg29837	SB
ecg29838	SB
ecg29839	SB
ecg29840	SB
ecg29841	SB
ecg29842	SB
ecg29843	TWC,SB,LVQRSAL
ecg29844	SB
ecg29845	SB
ecg29846	SB
ecg29847	SB
ecg29848	STC,SB,LVH
ecg29849	SB
ecg29850	SB
ecg29851	SB
ecg29852	SB
ecg29853	SB
ecg29854	SB
ecg29855	SB
ecg29856	PRIE,SB,LVH
ecg29857	SB
ecg29858	SB
ecg29859	SB
ecg29860	LVH,SB
ecg29861	SB
ecg29862	SB
ecg29863	SB
ecg29864	SB
ecg29865	SB
ecg29866	SB
ecg29867	SB
ecg29868	SB
ecg29869	SB,LVQRSAL
ecg29870	SB
ecg29871	LVH,SB
ecg29872	SB
ecg29873	SB
ecg29874	SB
ecg29875	SB
ecg29876	TWO,SB
ecg29877	SB
ecg29878	TWC,SB,LVH
ecg29879	SB
ecg29880	SB
ecg29881	SB
ecg29882	SB
ecg29883	SB
ecg29884	SB
ecg29885	SB
ecg29886	SB
ecg29887	SB
ecg29888	SB
ecg29889	SB
ecg29890	SB
ecg29891	SB,LVQRSAL
ecg29892	AQW,SB,TWC,STTU
ecg29893	SB
ecg29894	TWC,SB
ecg29895	SB
ecg29896	LVH,SB
ecg29897	SB
ecg29898	TWC,SB
ecg29899	SB
ecg29900	SB
ecg29901	SB
ecg29902	SB
ecg29903	LVH,SB
ecg29904	SB
ecg29905	SB
ecg29906	SB
ecg29907	SB
ecg29908	LVH,SB
ecg29909	SB
ecg29910	STC,SB
ecg29911	SB
ecg29912	SB
ecg29913	LVH,SB
ecg29914	SB
ecg29915	SB
ecg29916	SB
ecg29917	SB
ecg29918	SB
ecg29919	SB
ecg29920	SB
ecg29921	SB
ecg29922	SB
ecg29923	SB
ecg29924	STC,SB
ecg29925	SB
ecg29926	SB
ecg29927	SB
ecg29928	SB
ecg29929	LVH,SB
ecg29930	LVH,SB
ecg29931	SB
ecg29932	SB
ecg29933	SB
ecg29934	SB
ecg29935	SB
ecg29936	SB
ecg29937	SB
ecg29938	SB
ecg29939	SB
ecg29940	SB
ecg29941	SB
ecg29942	TWC,SB
ecg29943	SB
ecg29944	SB
ecg29945	SB
ecg29946	SB
ecg29947	SB
ecg29948	TWC,SB
ecg29949	SB
ecg29950	SB
ecg29951	TWC,SB
ecg29952	LVH,SB
ecg29953	SB
ecg29954	TWC,SB,LVH
ecg29955	SB
ecg29956	SB
ecg29957	SB
ecg29958	SB
ecg29959	SB
ecg29960	TWC,SB
ecg29961	SB
ecg29962	SB
ecg29963	SB
ecg29964	SB
ecg29965	SB
ecg29966	LVH,SB,RWC
ecg29967	LVH,SB
ecg29968	TWO,LVH,SB,RWC,TWC
ecg29969	SB
ecg29970	SB
ecg29971	SB
ecg29972	SB
ecg29973	TWC,SB
ecg29974	SB
ecg29975	TWC,SB
ecg29976	SB
ecg29977	SB
ecg29978	SB,LVQRSAL
ecg29979	SB
ecg29980	SB
ecg29981	SB
ecg29982	SB
ecg29983	SB
ecg29984	SB
ecg29985	SB
ecg29986	SB
ecg29987	SB
ecg29988	SB
ecg29989	SB
ecg29990	SB
ecg29991	SB
ecg29992	SB
ecg29993	TWC,SB,TWO
ecg29994	SB
ecg29995	TWO,LVH,STDD,SB,STC
ecg29996	SB
ecg29997	SB
ecg29998	SB
ecg29999	LVH,SB
ecg30000	SB
ecg30001	SB
ecg30002	SB
ecg30003	SB
ecg30004	SB
ecg30005	SB
ecg30006	SB
ecg30007	SB
ecg30008	SB
ecg30009	SB
ecg30010	SB
ecg30011	SB
ecg30012	SB
ecg30013	SB
ecg30014	SB,LVQRSAL
ecg30015	SB
ecg30016	SB,LVQRSAL
ecg30017	SB
ecg30018	SB
ecg30019	SB
ecg30020	LVH,SB
ecg30021	SB
ecg30022	SB
ecg30023	SB
ecg30024	TWC,SB,LVH
ecg30025	SB
ecg30026	SB
ecg30027	SB
ecg30028	STC,SB,QTIE,LVH
ecg30029	SB
ecg30030	SB
ecg30031	SB
ecg30032	TWC,SB
ecg30033	SB
ecg30034	TWC,SB
ecg30035	SB
ecg30036	SB
ecg30037	SB
ecg30038	SB
ecg30039	SB
ecg30040	SB
ecg30041	SB,LVQRSAL
ecg30042	SB
ecg30043	LVH,SB
ecg30044	SB
ecg30045	STC,SB,LVH
ecg30046	SB
ecg30047	SB,LVQRSAL
ecg30048	SB
ecg30049	TWC,SB,LVH,TWO
ecg30050	SB
ecg30051	SB
ecg30052	LVH,SB
ecg30053	TWC,SB
ecg30054	TWC,SB
ecg30055	SB
ecg30056	SB
ecg30057	SB
ecg30058	LVH,SB
ecg30059	SB
ecg30060	SB,LVQRSAL
ecg30061	SB
ecg30062	SB,LVQRSAL
ecg30063	SB
ecg30064	TWC,SB,TWO
ecg30065	TWC,SB,LVH
ecg30066	TWC,SB
ecg30067	SB
ecg30068	SB
ecg30069	STDD,TWO,SB,LVH,STC
ecg30070	SB
ecg30071	SB
ecg30072	SB
ecg30073	SB
ecg30074	SB
ecg30075	QTIE,SB
ecg30076	SB
ecg30077	SB
ecg30078	SB,LVQRSAL
ecg30079	SB
ecg30080	SB,LVQRSAL
ecg30081	SB
ecg30082	LVH,SB
ecg30083	SB
ecg30084	SB
ecg30085	SB
ecg30086	SB
ecg30087	STC,SB
ecg30088	SB
ecg30089	SB
ecg30090	SB
ecg30091	TWC,SB
ecg30092	SB
ecg30093	SB
ecg30094	SB
ecg30095	SB
ecg30096	SB
ecg30097	SB
ecg30098	SB
ecg30099	SB
ecg30100	STC,SB
ecg30101	SB
ecg30102	SB
ecg30103	STTU,SB
ecg30104	SB
ecg30105	SB
ecg30106	AQW,SB
ecg30107	TWC,SB
ecg30108	SB
ecg30109	SB
ecg30110	LVH,SB
ecg30111	SB
ecg30112	SB
ecg30113	LVH,SB
ecg30114	SB
ecg30115	SB
ecg30116	SB
ecg30117	SB
ecg30118	TWO,SB
ecg30119	SB
ecg30120	SB
ecg30121	SB
ecg30122	SB
ecg30123	TWC,SB
ecg30124	SB
ecg30125	SB
ecg30126	SB
ecg30127	AQW,STTU,TWO,SB,TWC
ecg30128	SB
ecg30129	SB
ecg30130	SB
ecg30131	SB
ecg30132	SB
ecg30133	SB
ecg30134	SB
ecg30135	SB
ecg30136	TWC,SB
ecg30137	SB
ecg30138	LVH,SB
ecg30139	LVH,SB
ecg30140	SB
ecg30141	SB
ecg30142	SB
ecg30143	SB
ecg30144	TWC,SB
ecg30145	SB
ecg30146	TWC,SB
ecg30147	PRIE,SB
ecg30148	TWC,SB
ecg30149	SB
ecg30150	SB
ecg30151	SB
ecg30152	SB
ecg30153	SB
ecg30154	SB
ecg30155	TWC,SB,LVH
ecg30156	STC,SB
ecg30157	SB
ecg30158	SB
ecg30159	TWC,SB
ecg30160	SB
ecg30161	SB
ecg30162	SB
ecg30163	SB
ecg30164	SB
ecg30165	SB
ecg30166	TWC,SB
ecg30167	SB
ecg30168	SB
ecg30169	STTU,SB,STC
ecg30170	TWC,SB
ecg30171	SB
ecg30172	TWO,SB,LVH
ecg30173	SB
ecg30174	TWC,SB
ecg30175	SB
ecg30176	STTU,SB
ecg30177	SB
ecg30178	SB
ecg30179	SB
ecg30180	SB
ecg30181	LVH,SB
ecg30182	STDD,SB,STC,TWO
ecg30183	SB
ecg30184	SB
ecg30185	SB
ecg30186	LVH,SB
ecg30187	SB
ecg30188	SB
ecg30189	SB
ecg30190	SB
ecg30191	SB
ecg30192	SB
ecg30193	SB
ecg30194	SB
ecg30195	SB
ecg30196	LVH,SB
ecg30197	SB
ecg30198	TWC,SB
ecg30199	SB
ecg30200	SB
ecg30201	SB
ecg30202	STTU,SB,LVH
ecg30203	SB
ecg30204	SB
ecg30205	SB
ecg30206	SB
ecg30207	SB
ecg30208	TWC,SB,TWO
ecg30209	TWC,SB,TWO
ecg30210	SB
ecg30211	SB
ecg30212	SB
ecg30213	SB
ecg30214	AQW,SB
ecg30215	SB
ecg30216	SB
ecg30217	SB
ecg30218	LVH,SB
ecg30219	SB
ecg30220	SB
ecg30221	SB
ecg30222	SB
ecg30223	SB
ecg30224	LVH,SB
ecg30225	TWC,SB
ecg30226	TWC,SB
ecg30227	SB
ecg30228	SB
ecg30229	SB
ecg30230	SB
ecg30231	SB
ecg30232	TWC,SB
ecg30233	SB,RWC
ecg30234	SB
ecg30235	SB
ecg30236	SB
ecg30237	TWO,SB
ecg30238	SB
ecg30239	LVH,SB
ecg30240	SB
ecg30241	TWC,SB
ecg30242	SB
ecg30243	SB
ecg30244	LVH,SB
ecg30245	SB
ecg30246	SB
ecg30247	SB
ecg30248	SB
ecg30249	SB
ecg30250	SB
ecg30251	SB
ecg30252	LVH,SB
ecg30253	SB
ecg30254	SB
ecg30255	SB
ecg30256	SB
ecg30257	SB
ecg30258	SB
ecg30259	SB
ecg30260	SB
ecg30261	TWC,SB
ecg30262	TWC,SB
ecg30263	TWO,SB
ecg30264	SB
ecg30265	SB
ecg30266	SB
ecg30267	TWC,SB,TWO
ecg30268	SB
ecg30269	SB
ecg30270	TWC,SB
ecg30271	SB
ecg30272	SB
ecg30273	SB
ecg30274	SB
ecg30275	SB
ecg30276	STTU,STDD,TWO,SB,RWC,STC
ecg30277	STDD,TPW,LVH,TWO,SB,STC
ecg30278	STTU,STDD,LVH,TWO,SB
ecg30279	STTU,SB,STDD,TWO
ecg30280	STC,SB,LVH
ecg30281	SB
ecg30282	SB
ecg30283	STC,SB,LVH
ecg30284	TWO,SB
ecg30285	SB,LVQRSAL
ecg30286	SB
ecg30287	SB
ecg30288	SB
ecg30289	SB
ecg30290	SB
ecg30291	SB
ecg30292	SB
ecg30293	TWC,SB,LVH,TWO
ecg30294	SB
ecg30295	SB
ecg30296	SB
ecg30297	SB
ecg30298	STTU,SB
ecg30299	SB
ecg30300	LVH,SB
ecg30301	TWC,SB
ecg30302	SB
ecg30303	SB,LVQRSAL
ecg30304	SB
ecg30305	SB
ecg30306	SB
ecg30307	TWC,SB,LVH,TWO
ecg30308	TWC,SB,TWO
ecg30309	SB
ecg30310	TWC,SB
ecg30311	TWC,SB,LVH
ecg30312	STC,SB
ecg30313	SB
ecg30314	SB
ecg30315	TWO,SB
ecg30316	SB
ecg30317	SB
ecg30318	LVH,SB
ecg30319	LVH,SB
ecg30320	SB
ecg30321	STC,SB
ecg30322	SB
ecg30323	SB
ecg30324	SB
ecg30325	SB
ecg30326	QTIE,SB
ecg30327	LVH,SB
ecg30328	SB
ecg30329	SB
ecg30330	LVH,SB
ecg30331	SB
ecg30332	SB
ecg30333	SB
ecg30334	SB
ecg30335	SB
ecg30336	SB
ecg30337	SB
ecg30338	SB
ecg30339	SB
ecg30340	TWO,SB,LVH
ecg30341	SB
ecg30342	SB
ecg30343	SB
ecg30344	SB
ecg30345	SB
ecg30346	SB
ecg30347	SB
ecg30348	SB
ecg30349	TWC,SB
ecg30350	SB
ecg30351	SB
ecg30352	SB
ecg30353	SB
ecg30354	SB
ecg30355	SB
ecg30356	STDD,SB,LVH,TWO
ecg30357	TWC,SB,LVH
ecg30358	TWO,SB
ecg30359	SB
ecg30360	SB
ecg30361	STTU,SB,TWO
ecg30362	LVH,SB
ecg30363	TWO,SB,LVH
ecg30364	SB
ecg30365	SB
ecg30366	SB
ecg30367	SB
ecg30368	LVH,SB
ecg30369	SB
ecg30370	SB
ecg30371	SB
ecg30372	SB
ecg30373	SB
ecg30374	SB
ecg30375	STDD,TWO,SB,LVH,STC
ecg30376	TWC,SB,TWO
ecg30377	SB
ecg30378	TWC,SB
ecg30379	SB
ecg30380	SB
ecg30381	SB,LVQRSAL
ecg30382	SB
ecg30383	SB
ecg30384	TWC,SB
ecg30385	SB
ecg30386	SB
ecg30387	SB
ecg30388	TWC,SB,TWO
ecg30389	TWC,SB
ecg30390	SB
ecg30391	SB
ecg30392	SB
ecg30393	TWC,SB
ecg30394	SB
ecg30395	SB
ecg30396	SB
ecg30397	SB
ecg30398	SB
ecg30399	SB
ecg30400	SB
ecg30401	SB
ecg30402	SB
ecg30403	SB,LVQRSAL
ecg30404	SB
ecg30405	SB
ecg30406	LVH,SB
ecg30407	SB
ecg30408	SB
ecg30409	SB
ecg30410	SB
ecg30411	SB
ecg30412	SB
ecg30413	SB
ecg30414	SB
ecg30415	SB
ecg30416	SB
ecg30417	SB
ecg30418	TWC,SB,LVH,TWO
ecg30419	SB
ecg30420	SB
ecg30421	SB
ecg30422	SB
ecg30423	TWC,SB,QTIE
ecg30424	STC,SB
ecg30425	STDD,SB,STC,TWO
ecg30426	SB
ecg30427	SB
ecg30428	SB
ecg30429	SB
ecg30430	SB
ecg30431	TWC,SB
ecg30432	SB
ecg30433	SB
ecg30434	SB
ecg30435	SB
ecg30436	TWC,SB
ecg30437	SB
ecg30438	LVH,SB
ecg30439	SB
ecg30440	TWC,SB,LVH
ecg30441	SB
ecg30442	SB
ecg30443	SB
ecg30444	SB
ecg30445	SB
ecg30446	SB
ecg30447	SB
ecg30448	SB
ecg30449	TWC,SB,LVH,TWO
ecg30450	SB
ecg30451	SB
ecg30452	SB
ecg30453	SB
ecg30454	SB
ecg30455	SB
ecg30456	LVH,SB
ecg30457	SB
ecg30458	STC,SB
ecg30459	SB
ecg30460	SB
ecg30461	SB
ecg30462	SB
ecg30463	TWC,SB,TWO
ecg30464	SB
ecg30465	SB
ecg30466	TWC,SB
ecg30467	SB
ecg30468	SB
ecg30469	LVH,SB
ecg30470	SB
ecg30471	STC,SB
ecg30472	SB
ecg30473	LVH,SB
ecg30474	SB
ecg30475	SB
ecg30476	SB
ecg30477	SB
ecg30478	SB
ecg30479	SB
ecg30480	SB
ecg30481	SB
ecg30482	SB
ecg30483	SB
ecg30484	TWC,SB
ecg30485	SB
ecg30486	SB
ecg30487	SB
ecg30488	SB
ecg30489	TWC,SB,TWO
ecg30490	SB
ecg30491	SB
ecg30492	SB
ecg30493	SB
ecg30494	SB
ecg30495	TWC,SB
ecg30496	SB
ecg30497	SB
ecg30498	SB
ecg30499	LVH,SB
ecg30500	TWC,SB,UW
ecg30501	TWC,SB,LVH,TWO
ecg30502	LVH,SB
ecg30503	SB
ecg30504	SB
ecg30505	SB
ecg30506	STC,SB
ecg30507	SB
ecg30508	SB
ecg30509	SB
ecg30510	SB
ecg30511	SB
ecg30512	SB
ecg30513	SB
ecg30514	SB
ecg30515	STTU,SB
ecg30516	SB
ecg30517	STC,SB,TWO
ecg30518	LVH,SB
ecg30519	SB
ecg30520	STC,PRIE,SB,LVH
ecg30521	SB
ecg30522	SB
ecg30523	SB
ecg30524	SB
ecg30525	SB
ecg30526	STC,SB,UW,LVH
ecg30527	LVH,SB
ecg30528	TWC,SB,LVQRSAL
ecg30529	SB
ecg30530	SB
ecg30531	SB
ecg30532	SB
ecg30533	SB
ecg30534	SB
ecg30535	LVH,SB
ecg30536	SB
ecg30537	SB
ecg30538	SB
ecg30539	SB
ecg30540	SB
ecg30541	SB
ecg30542	SB
ecg30543	SB
ecg30544	SB
ecg30545	SB
ecg30546	SB
ecg30547	SB
ecg30548	SB
ecg30549	SB
ecg30550	SB
ecg30551	SB
ecg30552	SB
ecg30553	TWO,SB
ecg30554	SB
ecg30555	TWC,SB,TWO
ecg30556	SB
ecg30557	SB
ecg30558	STC,SB,TWO
ecg30559	SB
ecg30560	TWC,SB
ecg30561	SB
ecg30562	SB
ecg30563	SB
ecg30564	SB
ecg30565	SB,SPRI
ecg30566	SB
ecg30567	SB
ecg30568	SB
ecg30569	TWC,SB
ecg30570	SB
ecg30571	SB
ecg30572	SB,LVQRSAL
ecg30573	SB
ecg30574	SB
ecg30575	SB
ecg30576	LVH,SB
ecg30577	LVH,SB
ecg30578	STTU,SB,TWO
ecg30579	LVH,SB
ecg30580	SB
ecg30581	SB
ecg30582	SB
ecg30583	SB
ecg30584	SB
ecg30585	SB
ecg30586	SB
ecg30587	SB
ecg30588	SB
ecg30589	SB
ecg30590	SB
ecg30591	TWO,SB
ecg30592	SB
ecg30593	LVH,SB
ecg30594	SB
ecg30595	SB
ecg30596	SB
ecg30597	SB
ecg30598	STDD,SB,LVH,TWO
ecg30599	SB
ecg30600	SB
ecg30601	SB
ecg30602	SB
ecg30603	SB
ecg30604	SB
ecg30605	TWC,SB
ecg30606	LVH,SB
ecg30607	LVH,SB
ecg30608	SB
ecg30609	SB
ecg30610	TWO,LVH,STDD,SB,STC
ecg30611	SB
ecg30612	SB
ecg30613	STC,SB
ecg30614	SB
ecg30615	SB
ecg30616	SB
ecg30617	SB
ecg30618	SB
ecg30619	SB
ecg30620	LVH,SB
ecg30621	SB
ecg30622	SB
ecg30623	STC,SB
ecg30624	SB
ecg30625	LVH,SB
ecg30626	SB
ecg30627	LVH,SB
ecg30628	SB
ecg30629	TWC,SB,LVH
ecg30630	SB
ecg30631	STC,SB
ecg30632	SB,LVQRSAL
ecg30633	SB
ecg30634	SB
ecg30635	SB
ecg30636	TWC,SB,LVH
ecg30637	SB
ecg30638	STC,SB
ecg30639	SB
ecg30640	AQW,SB,LVQRSAL
ecg30641	SB
ecg30642	SB
ecg30643	TWC,SB
ecg30644	TWC,SB
ecg30645	LVH,SB
ecg30646	SB
ecg30647	SB
ecg30648	SB
ecg30649	SB
ecg30650	TWC,SB
ecg30651	QTIE,SB
ecg30652	SB
ecg30653	SB
ecg30654	LVH,SB
ecg30655	TWC,SB,TWO
ecg30656	SB
ecg30657	TWC,SB
ecg30658	SB
ecg30659	LVH,SB
ecg30660	SB
ecg30661	SB
ecg30662	SB
ecg30663	LVH,SB
ecg30664	SB
ecg30665	SB
ecg30666	SB
ecg30667	TWC,SB,TWO
ecg30668	SB
ecg30669	TWC,SB
ecg30670	SB
ecg30671	SB
ecg30672	LVH,SB
ecg30673	SB
ecg30674	SB
ecg30675	SB
ecg30676	SB
ecg30677	SB
ecg30678	LVH,SB
ecg30679	SB
ecg30680	AQW,TWC,SB,LVH,TWO
ecg30681	SB
ecg30682	SB
ecg30683	SB
ecg30684	LVH,SB
ecg30685	LVH,SB
ecg30686	TWC,SB
ecg30687	LVH,SB
ecg30688	SB
ecg30689	TWC,SB,TWO
ecg30690	SB
ecg30691	LVH,SB
ecg30692	SB
ecg30693	SB
ecg30694	TWC,SB
ecg30695	SB
ecg30696	SB
ecg30697	LVH,SB
ecg30698	SB
ecg30699	SB
ecg30700	TWC,SB
ecg30701	SB
ecg30702	SB
ecg30703	SB
ecg30704	SB
ecg30705	SB
ecg30706	SB
ecg30707	SB
ecg30708	SB
ecg30709	SB
ecg30710	SB
ecg30711	SB
ecg30712	TWC,SB
ecg30713	AQW,STDD,TWO,SB,STC
ecg30714	TWO,SB
ecg30715	SB
ecg30716	SB
ecg30717	SB
ecg30718	SB
ecg30719	SB
ecg30720	SB
ecg30721	SB
ecg30722	SB
ecg30723	SB
ecg30724	AQW,SB
ecg30725	SB
ecg30726	SB
ecg30727	LVH,SB
ecg30728	SB
ecg30729	SB
ecg30730	SB
ecg30731	SB
ecg30732	SB
ecg30733	SB
ecg30734	TWC,SB
ecg30735	SB
ecg30736	SB
ecg30737	SB
ecg30738	SB
ecg30739	SB
ecg30740	SB
ecg30741	TWC,SB
ecg30742	SB
ecg30743	SB
ecg30744	SB
ecg30745	SB,LVQRSAL
ecg30746	SB
ecg30747	SB
ecg30748	SB
ecg30749	SB
ecg30750	STC,SB,UW
ecg30751	SB
ecg30752	SB
ecg30753	TWC,SB,LVH
ecg30754	STTU,SB,TWC
ecg30755	SB
ecg30756	TWC,SB,TWO
ecg30757	TWC,SB,TWO
ecg30758	SB
ecg30759	SB
ecg30760	SB
ecg30761	SB
ecg30762	SB
ecg30763	SB
ecg30764	SB
ecg30765	STTU,LVH,STDD,TWO,SB,STC
ecg30766	SB
ecg30767	SB
ecg30768	TWC,SB,STTU
ecg30769	SB
ecg30770	TWC,SB
ecg30771	LVH,SB
ecg30772	TWC,SB,TWO
ecg30773	SB
ecg30774	SB
ecg30775	SB
ecg30776	SB
ecg30777	STC,SB,LVH
ecg30778	SB
ecg30779	TWC,SB,TWO
ecg30780	TWC,SB,RWC
ecg30781	SB
ecg30782	TWC,SB
ecg30783	AQW,SB
ecg30784	LVH,SB
ecg30785	SB
ecg30786	SB
ecg30787	LVH,SB
ecg30788	TWC,SB
ecg30789	SB
ecg30790	SB
ecg30791	SB
ecg30792	SB
ecg30793	TWC,SB
ecg30794	SB
ecg30795	LVH,SB
ecg30796	SB
ecg30797	SB
ecg30798	LVH,SB
ecg30799	LVH,SB
ecg30800	SB
ecg30801	SB
ecg30802	SB
ecg30803	STDD,SB,STC,TWO
ecg30804	SB
ecg30805	SB
ecg30806	SB
ecg30807	SB
ecg30808	SB
ecg30809	STC,SB
ecg30810	SB
ecg30811	LVH,SB
ecg30812	SB
ecg30813	SB
ecg30814	SB
ecg30815	STC,SB
ecg30816	LVH,SB
ecg30817	SB
ecg30818	SB
ecg30819	SB
ecg30820	LVH,SB
ecg30821	LVH,SB
ecg30822	SB
ecg30823	SB
ecg30824	SB
ecg30825	SB
ecg30826	SB
ecg30827	SB
ecg30828	SB
ecg30829	SB
ecg30830	TWC,SB,LVH
ecg30831	SB
ecg30832	SB
ecg30833	SB
ecg30834	TWC,SB,TWO
ecg30835	LVH,SB
ecg30836	SB
ecg30837	STC,SB
ecg30838	SB
ecg30839	SB
ecg30840	SB
ecg30841	SB
ecg30842	SB
ecg30843	LVH,SB
ecg30844	LVH,SB
ecg30845	SB
ecg30846	SB
ecg30847	SB
ecg30848	SB
ecg30849	SB
ecg30850	SB
ecg30851	SB
ecg30852	SB
ecg30853	SB
ecg30854	STC,SB,LVH
ecg30855	SB
ecg30856	SB
ecg30857	SB
ecg30858	SB
ecg30859	SB
ecg30860	SB
ecg30861	SB
ecg30862	SB
ecg30863	SB
ecg30864	SB
ecg30865	SB
ecg30866	SB
ecg30867	SB
ecg30868	TWC,SB
ecg30869	SB
ecg30870	SB
ecg30871	TWC,SB
ecg30872	SB
ecg30873	SB
ecg30874	SB
ecg30875	SB
ecg30876	TWC,SB
ecg30877	SB
ecg30878	SB
ecg30879	TWC,SB
ecg30880	SB
ecg30881	SB
ecg30882	SB
ecg30883	SB
ecg30884	SB
ecg30885	TWC,SB
ecg30886	SB
ecg30887	TWC,SB,LVH,TWO
ecg30888	SB
ecg30889	TWC,SB
ecg30890	TWC,SB
ecg30891	SB
ecg30892	SB
ecg30893	SB
ecg30894	SB
ecg30895	SB
ecg30896	TWC,SB
ecg30897	STC,SB
ecg30898	SB
ecg30899	SB
ecg30900	SB
ecg30901	TWC,SB,LVH
ecg30902	SB
ecg30903	LVH,SB
ecg30904	LVH,SB
ecg30905	SB
ecg30906	SB
ecg30907	SB
ecg30908	SB
ecg30909	SB
ecg30910	SB
ecg30911	SB
ecg30912	SB
ecg30913	TWC,SB
ecg30914	SB
ecg30915	TWC,SB,LVH
ecg30916	LVH,SB
ecg30917	STC,SB,LVH
ecg30918	SB
ecg30919	LVH,SB
ecg30920	SB
ecg30921	TWC,SB,LVH
ecg30922	TWC,SB
ecg30923	SB
ecg30924	SB
ecg30925	SB
ecg30926	SB
ecg30927	SB
ecg30928	SB
ecg30929	TWC,SB
ecg30930	SB
ecg30931	SB
ecg30932	SB
ecg30933	SB
ecg30934	SB
ecg30935	SB
ecg30936	SB
ecg30937	SB
ecg30938	LVH,SB
ecg30939	LVH,SB
ecg30940	SB
ecg30941	SB
ecg30942	SB
ecg30943	TWC,SB,TWO
ecg30944	SB
ecg30945	LVH,SB
ecg30946	SB
ecg30947	LVH,SB
ecg30948	STTU,LVH,TWO,SB,TWC
ecg30949	TWC,SB
ecg30950	LVH,SB
ecg30951	SB
ecg30952	SB
ecg30953	SB
ecg30954	SB
ecg30955	SB
ecg30956	SB
ecg30957	SB
ecg30958	SB
ecg30959	SB
ecg30960	SB
ecg30961	TWC,SB,TWO
ecg30962	SB
ecg30963	SB
ecg30964	SB
ecg30965	SB
ecg30966	SB
ecg30967	SB
ecg30968	SB
ecg30969	SB
ecg30970	LVH,SB
ecg30971	SB
ecg30972	SB
ecg30973	SB
ecg30974	SB
ecg30975	TWC,SB
ecg30976	SB
ecg30977	SB
ecg30978	SB,LVQRSAL
ecg30979	SB
ecg30980	SB
ecg30981	TWC,SB
ecg30982	SB
ecg30983	TWO,SB
ecg30984	SB
ecg30985	SB
ecg30986	SB
ecg30987	SB
ecg30988	SB
ecg30989	SB
ecg30990	STC,SB
ecg30991	TWC,SB,LVH,TWO
ecg30992	TWC,SB,LVH,TWO
ecg30993	SB
ecg30994	SB
ecg30995	SB
ecg30996	SB
ecg30997	TWC,SB,LVH,TWO
ecg30998	LVH,SB
ecg30999	SB
ecg31000	SB,LVQRSAL
ecg31001	SB
ecg31002	LVH,SB
ecg31003	SB
ecg31004	LVH,SB
ecg31005	LVH,SB
ecg31006	TWO,SB
ecg31007	SB
ecg31008	SB
ecg31009	SB
ecg31010	SB
ecg31011	SB
ecg31012	STC,SB,LVH
ecg31013	SB
ecg31014	SB
ecg31015	LVH,SB
ecg31016	SB
ecg31017	AQW,SB,TWC,TWO
ecg31018	STDD,TWO,SB,LVH,STC
ecg31019	SB
ecg31020	TWC,SB,LVH,TWO
ecg31021	STC,SB
ecg31022	SB
ecg31023	SB
ecg31024	SB
ecg31025	LVH,SB
ecg31026	SB
ecg31027	TWC,SB,TWO
ecg31028	SB
ecg31029	TWC,SB,TWO
ecg31030	LVH,SB
ecg31031	SB
ecg31032	TWC,SB
ecg31033	SB
ecg31034	TWC,SB
ecg31035	SB
ecg31036	SB
ecg31037	SB
ecg31038	SB
ecg31039	SB
ecg31040	TWC,SB,LVH,TWO
ecg31041	LVH,SB
ecg31042	LVH,SB
ecg31043	LVH,SB
ecg31044	TWC,SB
ecg31045	SB
ecg31046	SB
ecg31047	SB
ecg31048	AQW,STTU,TWO,SB,TWC
ecg31049	SB
ecg31050	TWC,SB
ecg31051	SB
ecg31052	SB
ecg31053	STC,SB
ecg31054	TWC,SB,LVH,TWO
ecg31055	SB
ecg31056	SB
ecg31057	SB
ecg31058	SB
ecg31059	SB
ecg31060	SB
ecg31061	SB
ecg31062	LVH,SB
ecg31063	SB
ecg31064	SB
ecg31065	TWC,SB
ecg31066	SB
ecg31067	SB
ecg31068	SB
ecg31069	SB
ecg31070	LVH,SB
ecg31071	SB
ecg31072	TWC,SB
ecg31073	SB
ecg31074	SB,LVQRSAL
ecg31075	LVH,SB
ecg31076	TWC,SB,LVH
ecg31077	STC,SB,LVH
ecg31078	LVH,SB
ecg31079	SB
ecg31080	SB
ecg31081	SB
ecg31082	SB
ecg31083	SB
ecg31084	SB
ecg31085	SB
ecg31086	SB
ecg31087	SB
ecg31088	SB
ecg31089	SB
ecg31090	AQW,SB
ecg31091	LVH,SB
ecg31092	STC,SB
ecg31093	SB
ecg31094	SB
ecg31095	SB
ecg31096	SB
ecg31097	SB
ecg31098	TWC,SB,STDD,STC
ecg31099	TWC,SB,TWO
ecg31100	TWC,SB,TWO
ecg31101	SB
ecg31102	SB
ecg31103	LVH,SB
ecg31104	SB
ecg31105	SB
ecg31106	SB
ecg31107	SB
ecg31108	SB
ecg31109	SB
ecg31110	SB
ecg31111	AQW,SB
ecg31112	SB
ecg31113	SB
ecg31114	SB
ecg31115	SB
ecg31116	TWC,SB,LVH
ecg31117	SB
ecg31118	TWC,SB,RWC
ecg31119	STC,SB
ecg31120	SB
ecg31121	SB
ecg31122	SB
ecg31123	SB
ecg31124	SB
ecg31125	SB
ecg31126	SB
ecg31127	LVH,SB
ecg31128	SB
ecg31129	SB
ecg31130	LVH,SB
ecg31131	TWC,SB,LVH
ecg31132	SB
ecg31133	LVH,SB
ecg31134	SB
ecg31135	SB
ecg31136	SB
ecg31137	SB
ecg31138	SB
ecg31139	SB
ecg31140	SB
ecg31141	SB
ecg31142	TWC,SB,LVH,TWO
ecg31143	TWC,SB,TWO
ecg31144	SB
ecg31145	SB
ecg31146	STTU,SB
ecg31147	SB
ecg31148	SB
ecg31149	SB
ecg31150	SB
ecg31151	SB
ecg31152	SB
ecg31153	SB
ecg31154	SB
ecg31155	LVH,SB
ecg31156	SB
ecg31157	LVH,SB
ecg31158	SB
ecg31159	SB
ecg31160	SB
ecg31161	SB
ecg31162	SB
ecg31163	SB
ecg31164	SB
ecg31165	LVH,SB
ecg31166	SB
ecg31167	SB
ecg31168	SB
ecg31169	SB
ecg31170	SB
ecg31171	SB
ecg31172	SB
ecg31173	SB
ecg31174	SB
ecg31175	LVH,SB
ecg31176	SB
ecg31177	SB
ecg31178	SB
ecg31179	TWC,SB,LVH
ecg31180	LVH,SB
ecg31181	SB
ecg31182	SB
ecg31183	TWC,SB,LVH,TWO
ecg31184	SB
ecg31185	SB
ecg31186	SB
ecg31187	SB
ecg31188	SB
ecg31189	SB
ecg31190	LVH,SB
ecg31191	SB
ecg31192	SB
ecg31193	SB
ecg31194	SB
ecg31195	LVH,SB
ecg31196	SB
ecg31197	SB
ecg31198	SB
ecg31199	LVH,SB
ecg31200	TWC,SB
ecg31201	SB
ecg31202	SB
ecg31203	STC,SB,LVH
ecg31204	SB
ecg31205	STC,SB
ecg31206	SB
ecg31207	SB
ecg31208	SB
ecg31209	SB
ecg31210	SB
ecg31211	SB
ecg31212	AQW,SB,TWC
ecg31213	SB
ecg31214	SB
ecg31215	SB
ecg31216	SB
ecg31217	SB
ecg31218	LVH,SB
ecg31219	SB
ecg31220	SB
ecg31221	SB
ecg31222	SB
ecg31223	TWC,SB
ecg31224	SB
ecg31225	SB
ecg31226	LVH,SB
ecg31227	TWC,SB,QTIE,TWO
ecg31228	LVH,SB
ecg31229	SB
ecg31230	SB
ecg31231	SB
ecg31232	SB
ecg31233	LVH,SB
ecg31234	SB
ecg31235	SB
ecg31236	STDD,SB,STC,TWO
ecg31237	SB
ecg31238	SB
ecg31239	SB
ecg31240	SB
ecg31241	TWC,SB
ecg31242	LVH,SB
ecg31243	TWC,SB,LVH,TWO
ecg31244	SB
ecg31245	SB
ecg31246	STC,SB,LVH
ecg31247	SB
ecg31248	SB
ecg31249	TWC,SB
ecg31250	SB
ecg31251	SB
ecg31252	LVH,SB
ecg31253	SB
ecg31254	LVH,SB
ecg31255	TWC,SB
ecg31256	SB
ecg31257	TWC,SB,LVH
ecg31258	SB
ecg31259	SB
ecg31260	SB
ecg31261	SB
ecg31262	SB
ecg31263	SB
ecg31264	SB
ecg31265	SB
ecg31266	LVH,SB
ecg31267	SB
ecg31268	SB
ecg31269	SB
ecg31270	SB
ecg31271	SB
ecg31272	SB
ecg31273	SB
ecg31274	SB
ecg31275	SB
ecg31276	SB
ecg31277	SB,LVQRSAL
ecg31278	LVH,SB
ecg31279	TWC,SB,LVH
ecg31280	TWC,SB,LVH,TWO
ecg31281	SB
ecg31282	SB
ecg31283	TWC,SB
ecg31284	SB
ecg31285	SB
ecg31286	SB
ecg31287	SB
ecg31288	SB
ecg31289	SB
ecg31290	SB
ecg31291	SB
ecg31292	SB
ecg31293	STTU,SB,STC
ecg31294	SB
ecg31295	SB
ecg31296	SB
ecg31297	BBB,SB
ecg31298	SB
ecg31299	SB
ecg31300	SB
ecg31301	TWC,SB,QTIE,TWO
ecg31302	TWC,SB,TWO
ecg31303	AQW,SB
ecg31304	SB
ecg31305	LVH,SB
ecg31306	LVH,SB
ecg31307	SB
ecg31308	SB
ecg31309	SB
ecg31310	SB
ecg31311	LVH,SB
ecg31312	SB
ecg31313	SB
ecg31314	SB
ecg31315	TWC,SB,LVH
ecg31316	SB
ecg31317	SB
ecg31318	TWC,SB
ecg31319	SB
ecg31320	SB
ecg31321	SB
ecg31322	STDD,QTIE,LVH,TWO,SB,STC
ecg31323	TWC,SB,LVH
ecg31324	LVH,SB
ecg31325	SB
ecg31326	SB
ecg31327	SB
ecg31328	TWC,SB
ecg31329	SB
ecg31330	TWC,SB
ecg31331	SB
ecg31332	SB
ecg31333	QTIE,SB
ecg31334	SB
ecg31335	SB
ecg31336	SB
ecg31337	SB
ecg31338	SB
ecg31339	STC,SB
ecg31340	SB,LVQRSAL
ecg31341	PRIE,SB
ecg31342	SB
ecg31343	SB
ecg31344	SB,LVQRSAL
ecg31345	SB
ecg31346	SB
ecg31347	LVH,SB
ecg31348	SB
ecg31349	SB
ecg31350	SB
ecg31351	SB
ecg31352	SB
ecg31353	SB
ecg31354	SB
ecg31355	SB
ecg31356	SB
ecg31357	SB
ecg31358	SB
ecg31359	TWC,SB
ecg31360	SB
ecg31361	SB
ecg31362	SB
ecg31363	SB
ecg31364	SB
ecg31365	SB,LVQRSAL
ecg31366	SB
ecg31367	SB
ecg31368	TWC,SB
ecg31369	SB
ecg31370	TWC,SB,LVH
ecg31371	AQW,SB,LVH,STC
ecg31372	STDD,SB,LVH
ecg31373	SB
ecg31374	SB
ecg31375	LVH,SB
ecg31376	SB
ecg31377	TWC,SB
ecg31378	SB
ecg31379	SB
ecg31380	STC,SB
ecg31381	SB
ecg31382	SB
ecg31383	TWC,SB
ecg31384	SB
ecg31385	SB
ecg31386	SB
ecg31387	SB
ecg31388	SB
ecg31389	SB
ecg31390	SB
ecg31391	SB
ecg31392	SB
ecg31393	LVH,SB
ecg31394	STTU,SB
ecg31395	SB
ecg31396	SB
ecg31397	SB
ecg31398	SB
ecg31399	TWC,SB,TWO
ecg31400	SB
ecg31401	SB
ecg31402	AQW,SB
ecg31403	SB
ecg31404	SB
ecg31405	SB
ecg31406	TWC,SB,TWO
ecg31407	TWC,SB,TWO
ecg31408	STC,SB
ecg31409	LVH,SB
ecg31410	LVH,SB
ecg31411	SB
ecg31412	SB
ecg31413	TWC,SB
ecg31414	SB
ecg31415	SB
ecg31416	SB
ecg31417	SB
ecg31418	SB
ecg31419	SB
ecg31420	TWC,SB,RWC,TWO
ecg31421	SB
ecg31422	TWC,SB,TWO
ecg31423	TWC,SB
ecg31424	SB
ecg31425	SB
ecg31426	SB
ecg31427	SB
ecg31428	SB
ecg31429	TWC,SB,TWO
ecg31430	SB
ecg31431	SB
ecg31432	LVH,SB
ecg31433	SB
ecg31434	SB
ecg31435	SB
ecg31436	SB
ecg31437	SB
ecg31438	LVH,SB
ecg31439	TWC,SB
ecg31440	SB
ecg31441	SB
ecg31442	LVH,SB
ecg31443	STC,SB,LVH
ecg31444	SB
ecg31445	TWC,SB,TWO
ecg31446	TWO,SB
ecg31447	TWC,SB
ecg31448	SB
ecg31449	SB
ecg31450	LVH,SB
ecg31451	SB
ecg31452	STC,SB,LVH
ecg31453	STC,SB
ecg31454	SB
ecg31455	SB
ecg31456	TWC,SB,LVH,TWO
ecg31457	SB
ecg31458	SB
ecg31459	SB
ecg31460	SB
ecg31461	SB
ecg31462	SB
ecg31463	SB
ecg31464	STC,SB,LVH
ecg31465	SB
ecg31466	SB
ecg31467	SB
ecg31468	AQW,STTU,TWO,SB,TWC
ecg31469	SB
ecg31470	SB
ecg31471	SB
ecg31472	SB
ecg31473	SB
ecg31474	SB
ecg31475	SB
ecg31476	SB
ecg31477	SB,LVQRSAL
ecg31478	SB
ecg31479	SB
ecg31480	SB
ecg31481	SB
ecg31482	SB
ecg31483	SB
ecg31484	LVH,SB
ecg31485	LVH,SB
ecg31486	SB
ecg31487	SB
ecg31488	LVH,SB
ecg31489	SB
ecg31490	SB
ecg31491	SB
ecg31492	LVH,SB
ecg31493	SB
ecg31494	SB
ecg31495	LVH,SB
ecg31496	AQW,SB,TWO
ecg31497	LVH,SB
ecg31498	SB
ecg31499	SB,LVQRSAL
ecg31500	SB
ecg31501	TWC,SB
ecg31502	SB
ecg31503	TWC,SB,LVH
ecg31504	SB
ecg31505	LVH,SB
ecg31506	LVH,SB
ecg31507	LVH,SB
ecg31508	SB
ecg31509	LVH,SB
ecg31510	SB
ecg31511	SB,LVQRSAL
ecg31512	TWO,LVH,SB,RWC,TWC
ecg31513	SB
ecg31514	SB
ecg31515	TWC,SB,TWO
ecg31516	SB
ecg31517	TWC,SB,LVH,TWO
ecg31518	SB
ecg31519	SB
ecg31520	SB
ecg31521	SB
ecg31522	SB
ecg31523	TWC,SB,TWO
ecg31524	SB
ecg31525	SB
ecg31526	SB
ecg31527	SB
ecg31528	SB
ecg31529	SB
ecg31530	STC,SB,RWC,LVH
ecg31531	SB
ecg31532	SB
ecg31533	TWC,SB
ecg31534	TWC,SB,LVH
ecg31535	PRIE,SB
ecg31536	SB
ecg31537	SB
ecg31538	SB
ecg31539	TWC,SB
ecg31540	SB
ecg31541	SB
ecg31542	SB
ecg31543	LVH,SB
ecg31544	SB
ecg31545	SB
ecg31546	LVH,SB
ecg31547	TWC,SB,LVH
ecg31548	SB
ecg31549	LVH,SB
ecg31550	SB
ecg31551	SB
ecg31552	TWC,SB
ecg31553	SB
ecg31554	LVH,SB
ecg31555	SB
ecg31556	SB
ecg31557	SB
ecg31558	SB
ecg31559	SB,LVQRSAL
ecg31560	SB
ecg31561	STC,SB,LVH
ecg31562	SB
ecg31563	SB
ecg31564	LVH,SB
ecg31565	SB
ecg31566	LVH,SB
ecg31567	TWO,SB
ecg31568	STC,SB,LVH
ecg31569	TWO,LVH,STDD,SB,STC
ecg31570	SB
ecg31571	SB
ecg31572	SB
ecg31573	SB
ecg31574	SB,RWC
ecg31575	SB
ecg31576	TWC,SB
ecg31577	SB
ecg31578	SB
ecg31579	SB
ecg31580	SB
ecg31581	SB
ecg31582	SB
ecg31583	SB
ecg31584	SB
ecg31585	SB
ecg31586	TWC,SB,LVH,TWO
ecg31587	SB
ecg31588	LVH,SB
ecg31589	AQW,SB
ecg31590	SB
ecg31591	SB
ecg31592	SB
ecg31593	SB
ecg31594	SB
ecg31595	STDD,TWO,SB,LVH,STC
ecg31596	SB
ecg31597	SB
ecg31598	SB
ecg31599	SB
ecg31600	SB
ecg31601	SB
ecg31602	LVH,SB
ecg31603	SB
ecg31604	SB
ecg31605	SB
ecg31606	SB
ecg31607	SB
ecg31608	SB
ecg31609	SB
ecg31610	SB
ecg31611	SB
ecg31612	TWC,SB,TWO
ecg31613	LVH,SB
ecg31614	TWC,SB,TWO
ecg31615	SB
ecg31616	SB
ecg31617	TWC,SB,RWC
ecg31618	SB
ecg31619	SB
ecg31620	SB
ecg31621	SB
ecg31622	SB
ecg31623	SB
ecg31624	SB
ecg31625	SB
ecg31626	SB
ecg31627	LVH,SB
ecg31628	LVH,SB
ecg31629	SB
ecg31630	LVH,SB
ecg31631	SB
ecg31632	SB
ecg31633	SB
ecg31634	SB
ecg31635	SB,RWC
ecg31636	SB
ecg31637	SB
ecg31638	SB
ecg31639	STDD,SB,LVH,TWO
ecg31640	TWC,SB,LVH
ecg31641	SB
ecg31642	SB
ecg31643	LVH,SB
ecg31644	TWO,SB
ecg31645	SB
ecg31646	SB
ecg31647	STC,SB
ecg31648	TWO,SB
ecg31649	SB
ecg31650	SB
ecg31651	TWC,SB,LVH,TWO
ecg31652	TWC,SB,LVH,TWO
ecg31653	SB
ecg31654	SB
ecg31655	SB
ecg31656	SB,LVQRSAL
ecg31657	LVH,SB
ecg31658	SB
ecg31659	TWC,SB,LVH
ecg31660	SB
ecg31661	SB
ecg31662	SB
ecg31663	SB
ecg31664	SB
ecg31665	LVH,SB
ecg31666	SB
ecg31667	SB
ecg31668	TWO,SB,TWC
ecg31669	STC,SB
ecg31670	SB
ecg31671	SB
ecg31672	SB
ecg31673	SB
ecg31674	LVH,SB
ecg31675	TWC,SB
ecg31676	LVH,SB
ecg31677	TWC,SB,TWO
ecg31678	SB
ecg31679	TWC,SB
ecg31680	LVH,SB
ecg31681	SB
ecg31682	SB
ecg31683	TWC,SB
ecg31684	SB
ecg31685	TWC,SB,LVQRSAL
ecg31686	SB
ecg31687	SB
ecg31688	SB
ecg31689	SB
ecg31690	SB
ecg31691	SB
ecg31692	SB
ecg31693	SB
ecg31694	SB
ecg31695	TWO,SB,LVQRSAL
ecg31696	SB
ecg31697	SB
ecg31698	LVH,SB
ecg31699	SB
ecg31700	SB
ecg31701	SB
ecg31702	SB
ecg31703	SB
ecg31704	SB
ecg31705	SB
ecg31706	SB
ecg31707	SB
ecg31708	SB
ecg31709	SB
ecg31710	SB
ecg31711	SB
ecg31712	SB,LVQRSAL
ecg31713	STC,SB,LVH
ecg31714	STC,SB,LVH
ecg31715	SB
ecg31716	SB
ecg31717	SB
ecg31718	SB
ecg31719	LVH,SB
ecg31720	SB
ecg31721	SB
ecg31722	SB
ecg31723	TWC,SB,TWO
ecg31724	TWC,SB,TWO
ecg31725	TWC,SB,LVH
ecg31726	TWO,SB
ecg31727	SB
ecg31728	SB
ecg31729	SB
ecg31730	SB
ecg31731	LVH,SB
ecg31732	SB,LVQRSAL
ecg31733	SB
ecg31734	SB
ecg31735	SB
ecg31736	SB
ecg31737	TWC,SB
ecg31738	LVH,SB
ecg31739	AQW,STTU,TWO,SB,TWC
ecg31740	SB
ecg31741	SB
ecg31742	SB
ecg31743	SB
ecg31744	SB,LVQRSAL
ecg31745	SB
ecg31746	TWC,SB,LVH
ecg31747	SB
ecg31748	SB
ecg31749	TWC,SB,LVH
ecg31750	AQW,SB,TWC
ecg31751	SB
ecg31752	SB
ecg31753	SB
ecg31754	SB
ecg31755	SB
ecg31756	SB
ecg31757	TWC,SB
ecg31758	SB
ecg31759	SB
ecg31760	SB
ecg31761	PRIE,SB
ecg31762	SB
ecg31763	SB
ecg31764	SB
ecg31765	SB
ecg31766	SB,RWC
ecg31767	SB
ecg31768	TWC,SB,TWO
ecg31769	TWC,SB
ecg31770	SB
ecg31771	SB
ecg31772	LVH,SB
ecg31773	SB
ecg31774	SB
ecg31775	SB
ecg31776	SB
ecg31777	SB
ecg31778	SB
ecg31779	SB
ecg31780	SB
ecg31781	SB
ecg31782	SB
ecg31783	AQW,SB,TWC
ecg31784	AQW,SB,TWC,TWO
ecg31785	SB
ecg31786	SB
ecg31787	LVH,SB
ecg31788	SB
ecg31789	TWC,SB
ecg31790	SB
ecg31791	LVH,SB
ecg31792	TWC,SB
ecg31793	SB
ecg31794	SB
ecg31795	SB
ecg31796	SB
ecg31797	TWC,SB
ecg31798	SB
ecg31799	SB
ecg31800	STDD,SB,STC,TWO
ecg31801	TWC,SB
ecg31802	SB
ecg31803	SB
ecg31804	SB
ecg31805	SB
ecg31806	SB
ecg31807	SB
ecg31808	SB
ecg31809	SB
ecg31810	SB
ecg31811	SB
ecg31812	SB
ecg31813	SB
ecg31814	LVH,SB
ecg31815	SB
ecg31816	SB
ecg31817	SB,PPW
ecg31818	SB
ecg31819	SB
ecg31820	SB
ecg31821	SB
ecg31822	SB
ecg31823	SB
ecg31824	SB
ecg31825	SB
ecg31826	SB
ecg31827	SB
ecg31828	STC,SB
ecg31829	LVH,SB
ecg31830	TWC,SB,QTIE,TWO
ecg31831	AQW,SB,TWC
ecg31832	SB
ecg31833	SB
ecg31834	SB
ecg31835	TWC,SB,LVH
ecg31836	SB
ecg31837	LVH,SB
ecg31838	SB
ecg31839	STC,SB,QTIE
ecg31840	SB
ecg31841	SB
ecg31842	SB
ecg31843	TWC,SB
ecg31844	SB
ecg31845	SB
ecg31846	STC,SB
ecg31847	TWC,SB,TWO
ecg31848	SB
ecg31849	TWC,SB
ecg31850	SB
ecg31851	SB,RWC
ecg31852	SB
ecg31853	SB
ecg31854	SB
ecg31855	SB
ecg31856	SB
ecg31857	LVH,SB,RWC
ecg31858	SB
ecg31859	SB
ecg31860	SB
ecg31861	SB
ecg31862	SB
ecg31863	STDD,TWO,SB,LVH,STC
ecg31864	SB
ecg31865	TWC,SB
ecg31866	SB
ecg31867	LVH,SB
ecg31868	SB
ecg31869	TWC,SB,LVH
ecg31870	STTU,SB,TWO
ecg31871	SB
ecg31872	SB
ecg31873	SB
ecg31874	SB
ecg31875	SB
ecg31876	SB
ecg31877	SB
ecg31878	SB
ecg31879	SB
ecg31880	SB
ecg31881	SB
ecg31882	SB
ecg31883	TWC,SB
ecg31884	SB,LVQRSAL
ecg31885	SB
ecg31886	SB
ecg31887	SB
ecg31888	SB
ecg31889	SB
ecg31890	SB
ecg31891	SB
ecg31892	SB
ecg31893	SB
ecg31894	SB
ecg31895	TWC,SB,TWO
ecg31896	TWC,SB,TWO
ecg31897	SB
ecg31898	SB
ecg31899	SB
ecg31900	SB
ecg31901	SB
ecg31902	TWC,SB
ecg31903	SB
ecg31904	SB
ecg31905	SB
ecg31906	SB
ecg31907	SB
ecg31908	SB
ecg31909	SB
ecg31910	LVH,SB
ecg31911	SB
ecg31912	SB
ecg31913	AQW,SB,TWC,TWO
ecg31914	SB
ecg31915	SB
ecg31916	SB
ecg31917	SB
ecg31918	SB
ecg31919	STC,SB
ecg31920	STC,SB,LVH
ecg31921	SB,LVQRSAL
ecg31922	SB
ecg31923	SB
ecg31924	SB
ecg31925	SB
ecg31926	SB
ecg31927	SB
ecg31928	STC,SB
ecg31929	SB
ecg31930	SB
ecg31931	SB
ecg31932	SB
ecg31933	SB
ecg31934	LVH,SB
ecg31935	SB
ecg31936	STC,SB
ecg31937	SB
ecg31938	SB
ecg31939	SB
ecg31940	SB
ecg31941	SB
ecg31942	SB
ecg31943	SB
ecg31944	SB
ecg31945	SB
ecg31946	SB
ecg31947	SB
ecg31948	SB
ecg31949	SB
ecg31950	SB
ecg31951	SB
ecg31952	TWC,SB
ecg31953	SB
ecg31954	SB
ecg31955	SB
ecg31956	SB
ecg31957	SB
ecg31958	TWC,SB,TWO
ecg31959	SB
ecg31960	SB
ecg31961	TWC,SB
ecg31962	SB
ecg31963	SB
ecg31964	SB
ecg31965	SB
ecg31966	AQW,SB,TWC,TWO
ecg31967	SB
ecg31968	SB
ecg31969	SB
ecg31970	SB
ecg31971	SB
ecg31972	TWC,SB,LVH
ecg31973	TWC,SB,TWO
ecg31974	TWC,SB,LVH
ecg31975	SB
ecg31976	SB
ecg31977	SB
ecg31978	STC,SB
ecg31979	SB
ecg31980	SB
ecg31981	SB
ecg31982	SB
ecg31983	SB,LVQRSAL
ecg31984	SB
ecg31985	SB
ecg31986	TWC,SB
ecg31987	SB
ecg31988	SVPB,SB,VPB
ecg31989	LVH,SB
ecg31990	SB
ecg31991	SB
ecg31992	SB
ecg31993	LVH,SB
ecg31994	LVH,SB
ecg31995	LVH,SB
ecg31996	SB
ecg31997	SB
ecg31998	SB
ecg31999	SB
ecg32000	SB
ecg32001	SB
ecg32002	SB
ecg32003	SB
ecg32004	SB
ecg32005	SB
ecg32006	SB
ecg32007	SB
ecg32008	SB
ecg32009	TWC,SB
ecg32010	SB
ecg32011	SB
ecg32012	TWC,SB,LVH,TWO
ecg32013	SB
ecg32014	SB
ecg32015	SB
ecg32016	SB
ecg32017	TWC,SB
ecg32018	LVH,SB
ecg32019	TWC,SB
ecg32020	SB
ecg32021	TWC,SB
ecg32022	SB
ecg32023	SB
ecg32024	SB
ecg32025	LVH,SB
ecg32026	SB
ecg32027	TWO,PRIE,LVH,SB,TWC
ecg32028	LVH,SB
ecg32029	SB
ecg32030	SB
ecg32031	TWC,SB
ecg32032	TWC,SB,LVH
ecg32033	SB
ecg32034	SB
ecg32035	SB
ecg32036	SB
ecg32037	LVH,SB
ecg32038	SB
ecg32039	SB
ecg32040	SB
ecg32041	SB
ecg32042	TWC,SB
ecg32043	SB
ecg32044	STTU,SB
ecg32045	TWC,SB,LVH,TWO
ecg32046	SB
ecg32047	SB
ecg32048	SB
ecg32049	SB
ecg32050	SB
ecg32051	STDD,SB,STC,TWO
ecg32052	SB
ecg32053	SB
ecg32054	SB
ecg32055	SB
ecg32056	SB
ecg32057	SB
ecg32058	SB
ecg32059	TWC,SB
ecg32060	SB
ecg32061	SB
ecg32062	LVH,SB
ecg32063	SB
ecg32064	SB
ecg32065	SB
ecg32066	SB
ecg32067	SB
ecg32068	TWC,SB
ecg32069	SB
ecg32070	SB
ecg32071	SB
ecg32072	SB
ecg32073	SB
ecg32074	LVH,SB
ecg32075	SB
ecg32076	SB
ecg32077	SB
ecg32078	SB
ecg32079	TWC,SB
ecg32080	LVH,SB
ecg32081	SB
ecg32082	SB
ecg32083	SB
ecg32084	SB
ecg32085	LVH,SB
ecg32086	TWC,SB
ecg32087	SB
ecg32088	SB
ecg32089	SB,PPW
ecg32090	SB
ecg32091	SB
ecg32092	STC,SB
ecg32093	TWC,SB
ecg32094	SB
ecg32095	LVH,SB
ecg32096	SB
ecg32097	SB
ecg32098	STC,SB
ecg32099	TWC,SB
ecg32100	SB
ecg32101	SB
ecg32102	SB
ecg32103	SB
ecg32104	SB
ecg32105	SB
ecg32106	SB
ecg32107	SB
ecg32108	SB
ecg32109	STC,SB
ecg32110	SB
ecg32111	SB
ecg32112	SB
ecg32113	SB
ecg32114	SB
ecg32115	SB
ecg32116	SB
ecg32117	SB
ecg32118	SB
ecg32119	AQW,SB
ecg32120	SB
ecg32121	LVH,SB
ecg32122	LVH,SB
ecg32123	SB
ecg32124	SB
ecg32125	SB
ecg32126	SB
ecg32127	SB
ecg32128	AQW,SB
ecg32129	SB
ecg32130	TWC,SB,LVH
ecg32131	SB
ecg32132	SB
ecg32133	STC,SB
ecg32134	SB
ecg32135	SB
ecg32136	SB
ecg32137	SB
ecg32138	SB
ecg32139	SB
ecg32140	SB
ecg32141	SB
ecg32142	SB
ecg32143	SB
ecg32144	SB
ecg32145	SB
ecg32146	TWC,SB
ecg32147	SB
ecg32148	TWO,SB
ecg32149	TWC,SB
ecg32150	SB
ecg32151	SB
ecg32152	SB
ecg32153	SB
ecg32154	AQW,SB,TWC
ecg32155	AQW,SB,TWC
ecg32156	SB
ecg32157	SB
ecg32158	SB
ecg32159	SB
ecg32160	SB
ecg32161	SB
ecg32162	SB
ecg32163	TWC,SB,LVH
ecg32164	SB
ecg32165	SB
ecg32166	TWC,SB
ecg32167	BBB,SB
ecg32168	SB
ecg32169	LVH,SB
ecg32170	TWC,SB
ecg32171	STC,SB
ecg32172	SB
ecg32173	SB
ecg32174	SB
ecg32175	SB
ecg32176	SB
ecg32177	SB
ecg32178	TWC,SB
ecg32179	LVH,SB
ecg32180	SB
ecg32181	LVH,SB
ecg32182	SB
ecg32183	SB
ecg32184	SB
ecg32185	SB
ecg32186	SB
ecg32187	SB
ecg32188	SB
ecg32189	SB
ecg32190	SB
ecg32191	SB
ecg32192	SB
ecg32193	SB
ecg32194	SB
ecg32195	LVH,SB
ecg32196	SB
ecg32197	SB
ecg32198	SB
ecg32199	SB
ecg32200	SB
ecg32201	QTIE,SB
ecg32202	TWC,SB
ecg32203	SB
ecg32204	SB
ecg32205	SB
ecg32206	TWO,SB,LVH
ecg32207	SB
ecg32208	TWC,SB
ecg32209	SB
ecg32210	SB
ecg32211	LVH,SB
ecg32212	SB
ecg32213	SB
ecg32214	SB
ecg32215	SB,SA
ecg32216	SB
ecg32217	SB
ecg32218	SB
ecg32219	SB
ecg32220	LVH,SB
ecg32221	SB
ecg32222	LVH,SB
ecg32223	LVH,SB
ecg32224	TWC,SB,QTIE,LVH
ecg32225	SB
ecg32226	SB
ecg32227	SB
ecg32228	SB
ecg32229	SB
ecg32230	AQW,SB,STC
ecg32231	SB
ecg32232	SB
ecg32233	SB
ecg32234	SB
ecg32235	LVH,SB
ecg32236	SB
ecg32237	SB,LVQRSAL
ecg32238	TWO,SB
ecg32239	LVH,SB
ecg32240	SB
ecg32241	SB
ecg32242	SB
ecg32243	TWC,SB
ecg32244	TWC,SB,LVH,TWO
ecg32245	SB
ecg32246	TWC,SB
ecg32247	SB
ecg32248	SB
ecg32249	SB
ecg32250	STC,SB,LVH
ecg32251	SB
ecg32252	SB
ecg32253	LVH,SB,SPRI
ecg32254	SB
ecg32255	SB
ecg32256	STDD,TWO,SB,LVH,STC
ecg32257	SB
ecg32258	LVH,SB
ecg32259	SB
ecg32260	SB
ecg32261	SB
ecg32262	SB
ecg32263	SB
ecg32264	AQW,STTU,TWO,SB,TWC
ecg32265	LVH,SB
ecg32266	LVH,SB
ecg32267	SB
ecg32268	STTU,SB,LVH
ecg32269	SB
ecg32270	SB
ecg32271	LVH,SB
ecg32272	TWC,SB,TWO
ecg32273	SB
ecg32274	SB
ecg32275	LVH,SB
ecg32276	SB
ecg32277	SB
ecg32278	AQW,SB,TWC,TWO
ecg32279	TWC,SB,TWO
ecg32280	SB
ecg32281	SB
ecg32282	TWC,SB,LVH,TWO
ecg32283	SB
ecg32284	TWC,SB
ecg32285	AQW,SB,TWC,TWO
ecg32286	LVH,SB
ecg32287	SB
ecg32288	SB
ecg32289	SB
ecg32290	SB
ecg32291	TWC,SB,LVH
ecg32292	SB
ecg32293	SB
ecg32294	SB
ecg32295	SB
ecg32296	TWC,SB
ecg32297	SB
ecg32298	SB
ecg32299	SB
ecg32300	SB
ecg32301	TWC,SB
ecg32302	SB
ecg32303	SB
ecg32304	SB
ecg32305	SB
ecg32306	SB
ecg32307	SB
ecg32308	SB
ecg32309	TWC,SB
ecg32310	TWC,SB
ecg32311	SB
ecg32312	SB
ecg32313	SB
ecg32314	SB
ecg32315	TWC,SB
ecg32316	SB
ecg32317	SB
ecg32318	SB
ecg32319	SB
ecg32320	SB
ecg32321	SB
ecg32322	SB
ecg32323	SB
ecg32324	TWC,SB,LVH
ecg32325	LVH,SB
ecg32326	SB
ecg32327	SB
ecg32328	LVH,SB
ecg32329	SB
ecg32330	SB
ecg32331	SB
ecg32332	SB
ecg32333	SB
ecg32334	SB
ecg32335	SB
ecg32336	SB
ecg32337	TWC,SB
ecg32338	SB
ecg32339	TWC,SB
ecg32340	SB
ecg32341	SB
ecg32342	SB
ecg32343	SB
ecg32344	SB
ecg32345	TWC,SB,LVH
ecg32346	LVH,SB
ecg32347	SB
ecg32348	TWO,SB,LVQRSAL
ecg32349	SB
ecg32350	SB
ecg32351	TWC,SB
ecg32352	SB
ecg32353	SB
ecg32354	SB
ecg32355	TWC,SB,LVH
ecg32356	SB
ecg32357	SB
ecg32358	SB
ecg32359	LVH,SB
ecg32360	SB
ecg32361	SB
ecg32362	LVH,SB
ecg32363	SB
ecg32364	LVH,SB
ecg32365	SB
ecg32366	LVH,SB
ecg32367	SB
ecg32368	SB
ecg32369	SB
ecg32370	TWC,SB,LVH,TWO
ecg32371	SB
ecg32372	SB
ecg32373	SB
ecg32374	SB
ecg32375	LVH,SB
ecg32376	SB
ecg32377	SB
ecg32378	STC,SB
ecg32379	SB
ecg32380	SB
ecg32381	TWO,LVH,STDD,SB,STC
ecg32382	SB
ecg32383	SB
ecg32384	TWC,SB
ecg32385	SB
ecg32386	SB
ecg32387	STC,SB
ecg32388	SB
ecg32389	TWC,SB,TWO
ecg32390	SB
ecg32391	SB,LVQRSAL
ecg32392	SB
ecg32393	TWC,SB
ecg32394	SB
ecg32395	SB
ecg32396	SB
ecg32397	SB
ecg32398	SB
ecg32399	SB
ecg32400	SB
ecg32401	SB
ecg32402	SB
ecg32403	SB,LVQRSAL
ecg32404	SB
ecg32405	TWC,SB
ecg32406	TWC,SB
ecg32407	TWC,SB,LVH,TWO
ecg32408	SB
ecg32409	SB
ecg32410	SB
ecg32411	TWC,SB,TWO
ecg32412	STDD,SB,STC
ecg32413	SB
ecg32414	SB
ecg32415	SB
ecg32416	TWC,SB,TWO
ecg32417	TWC,SB,TWO
ecg32418	TWC,SB,TWO
ecg32419	SB
ecg32420	SB
ecg32421	SB
ecg32422	SB
ecg32423	SB
ecg32424	STC,SB
ecg32425	SB
ecg32426	SB
ecg32427	SB
ecg32428	SB
ecg32429	SB
ecg32430	SB
ecg32431	SB
ecg32432	SB
ecg32433	SB
ecg32434	SB
ecg32435	TWC,SB
ecg32436	SB
ecg32437	SB
ecg32438	TWC,SB
ecg32439	SB
ecg32440	LVH,SB
ecg32441	AQW,SB,TWC,TWO
ecg32442	SB
ecg32443	SB
ecg32444	SB
ecg32445	SB
ecg32446	SB
ecg32447	SB
ecg32448	LVH,SB
ecg32449	SB
ecg32450	SB
ecg32451	SB
ecg32452	LVH,SB
ecg32453	SB
ecg32454	TWC,SB,LVH
ecg32455	SB
ecg32456	STTU,SB,LVH,TWC
ecg32457	LVH,SB
ecg32458	TWC,SB
ecg32459	SB
ecg32460	SB
ecg32461	STDD,PRIE,LVH,TWO,SB,STC
ecg32462	SB
ecg32463	LVH,SB
ecg32464	LVH,SB
ecg32465	SB
ecg32466	SB
ecg32467	SB
ecg32468	SB
ecg32469	SB
ecg32470	SB
ecg32471	SB
ecg32472	SB
ecg32473	SB
ecg32474	SB
ecg32475	SB
ecg32476	SB
ecg32477	SB
ecg32478	SB
ecg32479	SB
ecg32480	SB
ecg32481	SB
ecg32482	SB
ecg32483	LVH,SB
ecg32484	SB
ecg32485	SB
ecg32486	SB
ecg32487	SB
ecg32488	SB
ecg32489	SB
ecg32490	SB
ecg32491	AQW,SB,TWC,LVQRSAL
ecg32492	SB
ecg32493	SB
ecg32494	BBB,SB
ecg32495	LVH,SB
ecg32496	SB
ecg32497	LVH,SB
ecg32498	SB
ecg32499	SB
ecg32500	SB
ecg32501	SB
ecg32502	SB
ecg32503	SB
ecg32504	LVH,SB
ecg32505	SB
ecg32506	LVH,SB
ecg32507	SB
ecg32508	SB
ecg32509	LVH,SB
ecg32510	TWC,SB,TWO
ecg32511	SB
ecg32512	LVH,SB
ecg32513	SB
ecg32514	SB
ecg32515	SB
ecg32516	TWC,SB
ecg32517	SB
ecg32518	SB
ecg32519	STC,SB,LVH
ecg32520	SB
ecg32521	SB
ecg32522	SB
ecg32523	SB
ecg32524	SB
ecg32525	SB
ecg32526	SB
ecg32527	SB
ecg32528	SB
ecg32529	SB
ecg32530	SB
ecg32531	SB
ecg32532	SB
ecg32533	SB
ecg32534	SB
ecg32535	TWC,SB,STDD,STC
ecg32536	TWC,SB
ecg32537	TWC,SB
ecg32538	SB
ecg32539	SB
ecg32540	SB
ecg32541	SB
ecg32542	SB
ecg32543	SB
ecg32544	SB
ecg32545	SB
ecg32546	LVH,SB
ecg32547	SB,LVQRSAL
ecg32548	SB
ecg32549	TWC,SB
ecg32550	SB
ecg32551	SB
ecg32552	SB
ecg32553	SB
ecg32554	SB
ecg32555	LVH,SB
ecg32556	SB
ecg32557	SB,LVQRSAL
ecg32558	SB
ecg32559	STTU,SB
ecg32560	TWC,SB
ecg32561	TWC,SB
ecg32562	SB
ecg32563	SB
ecg32564	SB
ecg32565	TWC,SB,TWO
ecg32566	SB,RWC
ecg32567	AQW,SB,TWC
ecg32568	SB
ecg32569	SB
ecg32570	SB
ecg32571	SB
ecg32572	SB
ecg32573	SB
ecg32574	SB
ecg32575	SB
ecg32576	SB
ecg32577	SB
ecg32578	TWC,SB
ecg32579	SB
ecg32580	SB
ecg32581	TWC,SB,TWO
ecg32582	SB
ecg32583	STDD,SB,STC,TWO
ecg32584	AQW,STTU,QTIE,TWO,SB,TWC
ecg32585	SB
ecg32586	SB
ecg32587	LVH,SB
ecg32588	SB
ecg32589	SB
ecg32590	SB
ecg32591	LVH,SB
ecg32592	SB
ecg32593	LVH,SB
ecg32594	STTU,TWO,SB,RWC,TWC,PPW
ecg32595	SB
ecg32596	SB
ecg32597	STTU,SB,LVH
ecg32598	STTU,SB,LVH
ecg32599	LVH,SB
ecg32600	SB
ecg32601	SB
ecg32602	SB
ecg32603	SB
ecg32604	SB
ecg32605	SB
ecg32606	SB
ecg32607	SB
ecg32608	SB
ecg32609	SB
ecg32610	SB
ecg32611	SB
ecg32612	AQW,LVH,SB,RWC,TWC
ecg32613	AQW,SB,TWC
ecg32614	TWC,SB,RWC,LVH
ecg32615	SB
ecg32616	TWO,SB,LVH
ecg32617	SB
ecg32618	SB
ecg32619	SB
ecg32620	SB
ecg32621	SB
ecg32622	SB
ecg32623	SB
ecg32624	TWC,SB,LVH,TWO
ecg32625	SB
ecg32626	SB
ecg32627	TWC,SB
ecg32628	SB
ecg32629	SB
ecg32630	LVH,SB
ecg32631	SB
ecg32632	TWC,SB
ecg32633	SB
ecg32634	SB
ecg32635	SB
ecg32636	SB
ecg32637	SB
ecg32638	SB
ecg32639	SB
ecg32640	LVH,SB
ecg32641	SB
ecg32642	TWC,SB
ecg32643	SB
ecg32644	AQW,SB
ecg32645	AQW,SB,TWC,TWO
ecg32646	SB
ecg32647	SB
ecg32648	SB
ecg32649	SB
ecg32650	SB
ecg32651	SB
ecg32652	SB
ecg32653	TWC,SB
ecg32654	SB
ecg32655	TWC,SB,LVH
ecg32656	SB
ecg32657	LVH,SB
ecg32658	SB
ecg32659	LVH,SB
ecg32660	SB
ecg32661	SB
ecg32662	SB
ecg32663	TWC,SB,TWO
ecg32664	SB
ecg32665	TWC,SB,LVH
ecg32666	LVH,SB
ecg32667	SB
ecg32668	SB
ecg32669	SB
ecg32670	SB
ecg32671	SB
ecg32672	SB
ecg32673	SB
ecg32674	SB
ecg32675	SB
ecg32676	SB
ecg32677	SB
ecg32678	SB
ecg32679	LVH,SB
ecg32680	SB
ecg32681	AQW,SB,TWC,STDD
ecg32682	SB
ecg32683	SB
ecg32684	SB
ecg32685	SB
ecg32686	SB
ecg32687	QTIE,SB
ecg32688	TWC,SB
ecg32689	SB
ecg32690	SB
ecg32691	SB
ecg32692	SB
ecg32693	TWC,SB
ecg32694	SB
ecg32695	SB
ecg32696	SB
ecg32697	SB
ecg32698	TWC,SB
ecg32699	SB
ecg32700	SB
ecg32701	SB
ecg32702	SB
ecg32703	SB
ecg32704	AQW,SB
ecg32705	SB
ecg32706	AQW,SB
ecg32707	SB
ecg32708	SB
ecg32709	SB
ecg32710	SB
ecg32711	SB
ecg32712	SB
ecg32713	SB
ecg32714	SB
ecg32715	SB
ecg32716	SB
ecg32717	TWC,SB
ecg32718	SB
ecg32719	LVH,SB
ecg32720	SB
ecg32721	TWC,SB,LVH
ecg32722	SB
ecg32723	SB
ecg32724	SB
ecg32725	TWC,SB,TWO
ecg32726	SB
ecg32727	SB
ecg32728	TWC,SB
ecg32729	LVH,SB
ecg32730	SB
ecg32731	SB
ecg32732	SB
ecg32733	SB
ecg32734	STTU,SB,LVH
ecg32735	SB
ecg32736	SB
ecg32737	TWC,SB,RWC,LVQRSAL
ecg32738	AQW,SB
ecg32739	SB
ecg32740	LVH,SB
ecg32741	SB
ecg32742	SB
ecg32743	SB
ecg32744	SB
ecg32745	SB
ecg32746	TWC,SB
ecg32747	SB
ecg32748	SB
ecg32749	SB
ecg32750	SB
ecg32751	SB
ecg32752	STC,SB,QTIE,RWC
ecg32753	LVH,SB
ecg32754	SB
ecg32755	SB
ecg32756	TWO,SB,LVH
ecg32757	SB
ecg32758	SB
ecg32759	SB
ecg32760	SB
ecg32761	SB
ecg32762	SB
ecg32763	SB
ecg32764	TWC,SB,QTIE,RWC
ecg32765	TWC,SB,QTIE,RWC
ecg32766	SB
ecg32767	SB
ecg32768	SB
ecg32769	SB
ecg32770	SB
ecg32771	TWC,SB
ecg32772	SB
ecg32773	SB
ecg32774	TWC,SB,STTU,TWO
ecg32775	TWC,SB
ecg32776	SB
ecg32777	SB
ecg32778	TWC,SB,LVH,TWO
ecg32779	SB
ecg32780	AQW,SB,TWC,TWO
ecg32781	SB
ecg32782	SB
ecg32783	SB
ecg32784	TWC,SB
ecg32785	SB
ecg32786	SB
ecg32787	TWC,SB
ecg32788	SB
ecg32789	SB
ecg32790	SB
ecg32791	SB
ecg32792	SB
ecg32793	SB
ecg32794	SB
ecg32795	SB
ecg32796	SB
ecg32797	STC,SB
ecg32798	AQW,SB,TWO
ecg32799	SB
ecg32800	SB
ecg32801	SB
ecg32802	TWO,SB,LVH
ecg32803	SB
ecg32804	SB
ecg32805	LVH,SB
ecg32806	SB
ecg32807	SB
ecg32808	SB
ecg32809	LVH,SB
ecg32810	SB
ecg32811	SB
ecg32812	LVH,SB,RWC
ecg32813	SB
ecg32814	SB
ecg32815	TWC,SB
ecg32816	SB
ecg32817	SB
ecg32818	TWC,SB,LVQRSAL
ecg32819	SB
ecg32820	AQW,SB
ecg32821	SB
ecg32822	STTU,SB
ecg32823	SB
ecg32824	TWC,SB
ecg32825	SB
ecg32826	SB,LVQRSAL
ecg32827	SB
ecg32828	SB
ecg32829	SB
ecg32830	SB
ecg32831	TWC,SB,LVQRSAL,TWO
ecg32832	SB
ecg32833	SB
ecg32834	SB
ecg32835	SB
ecg32836	SB
ecg32837	SB
ecg32838	SB
ecg32839	SB
ecg32840	LVH,SB
ecg32841	SB
ecg32842	SB
ecg32843	SB
ecg32844	TWC,SB
ecg32845	SB
ecg32846	SB
ecg32847	SB
ecg32848	SB
ecg32849	SB
ecg32850	SB
ecg32851	SB
ecg32852	SB
ecg32853	SB
ecg32854	SB
ecg32855	AQW,STTU,TWO,SB,TWC
ecg32856	SB
ecg32857	AQW,SB
ecg32858	SB
ecg32859	SB
ecg32860	SB
ecg32861	SB
ecg32862	SB
ecg32863	SB
ecg32864	STC,SB,QTIE
ecg32865	SB
ecg32866	STC,SB,LVH
ecg32867	SB
ecg32868	SB
ecg32869	SB
ecg32870	SB
ecg32871	TWC,SB
ecg32872	TWC,SB
ecg32873	TWC,SB
ecg32874	LVH,SB
ecg32875	SB
ecg32876	SB
ecg32877	SB
ecg32878	PRIE,SB
ecg32879	TWC,SB,LVH
ecg32880	SB
ecg32881	SB
ecg32882	TWC,SB,TWO
ecg32883	TWC,SB,LVH
ecg32884	SB
ecg32885	SB
ecg32886	SB
ecg32887	SB
ecg32888	LVH,SB
ecg32889	STDD,SB,STC,TWO
ecg32890	SB
ecg32891	SB
ecg32892	SB
ecg32893	SB
ecg32894	SB
ecg32895	SB
ecg32896	SB
ecg32897	TWC,SB,RWC
ecg32898	SB
ecg32899	SB
ecg32900	SB
ecg32901	SB
ecg32902	SB
ecg32903	SB
ecg32904	SB
ecg32905	STC,SB,QTIE,LVH
ecg32906	STTU,TPW,QTIE,STDD,TWO,SB,STC
ecg32907	SB
ecg32908	SB
ecg32909	SB
ecg32910	SB
ecg32911	SB
ecg32912	SB
ecg32913	SB
ecg32914	SB
ecg32915	SB
ecg32916	TWC,SB
ecg32917	SB
ecg32918	STTU,SB,QTIE,TWO
ecg32919	SB
ecg32920	TWC,SB,TWO
ecg32921	SB
ecg32922	SB
ecg32923	SB
ecg32924	SB
ecg32925	SB
ecg32926	SB
ecg32927	SB
ecg32928	SB
ecg32929	SB
ecg32930	SB
ecg32931	LVH,SB
ecg32932	SB
ecg32933	SB
ecg32934	SB
ecg32935	LVH,SB
ecg32936	SB
ecg32937	STC,SB
ecg32938	TWC,SB
ecg32939	TWC,SB,TWO
ecg32940	TWC,SB,LVH,STC
ecg32941	SB
ecg32942	SB
ecg32943	SB
ecg32944	LVH,SB
ecg32945	STC,SB
ecg32946	SB
ecg32947	SB
ecg32948	TWC,SB
ecg32949	TWC,SB
ecg32950	SB
ecg32951	SB
ecg32952	LVH,SB
ecg32953	AQW,SB,TWC,TWO
ecg32954	TWC,SB,LVH
ecg32955	SB
ecg32956	SB
ecg32957	SB
ecg32958	SB
ecg32959	SB
ecg32960	SB
ecg32961	SB
ecg32962	SB
ecg32963	SB
ecg32964	SB
ecg32965	SB
ecg32966	SB
ecg32967	TWC,SB
ecg32968	SB
ecg32969	SB
ecg32970	SB
ecg32971	SB
ecg32972	STC,SB
ecg32973	TWC,SB
ecg32974	LVH,SB
ecg32975	SB
ecg32976	SB
ecg32977	TWO,SB
ecg32978	TWO,SB
ecg32979	SB
ecg32980	TWC,SB,LVH
ecg32981	LVH,SB
ecg32982	AQW,SB,TWC
ecg32983	LVH,SB
ecg32984	SB
ecg32985	SB
ecg32986	SB
ecg32987	SB
ecg32988	TWC,SB,TWO
ecg32989	SB
ecg32990	LVH,SB
ecg32991	SB
ecg32992	SB
ecg32993	LVH,SB
ecg32994	SB
ecg32995	SB
ecg32996	SB,LVQRSAL
ecg32997	SB
ecg32998	AQW,STTU,TWO,SB,TWC
ecg32999	SB
ecg33000	SB
ecg33001	SB
ecg33002	SB
ecg33003	SB
ecg33004	SB
ecg33005	SB
ecg33006	SB
ecg33007	SB
ecg33008	SB
ecg33009	LVH,SB
ecg33010	TWC,SB
ecg33011	SB
ecg33012	SB
ecg33013	SB
ecg33014	SB
ecg33015	SB
ecg33016	SB
ecg33017	LVH,SB
ecg33018	SB
ecg33019	LVH,SB
ecg33020	SB
ecg33021	SB
ecg33022	SB
ecg33023	SB
ecg33024	SB
ecg33025	SB
ecg33026	SB
ecg33027	SB
ecg33028	STDD,LVH,TWO,SB,RWC,STC
ecg33029	SB,RWC
ecg33030	SB
ecg33031	SB
ecg33032	SB
ecg33033	SB
ecg33034	STC,SB
ecg33035	SB
ecg33036	SB
ecg33037	SB
ecg33038	LVH,SB
ecg33039	SB
ecg33040	SB
ecg33041	SB
ecg33042	SB
ecg33043	LVH,SB
ecg33044	SB
ecg33045	SB
ecg33046	STC,SB
ecg33047	SB
ecg33048	TWC,SB
ecg33049	SB
ecg33050	BBB,SB
ecg33051	SB
ecg33052	STC,SB,LVH
ecg33053	TWC,SB
ecg33054	SB
ecg33055	SB
ecg33056	AQW,STTU,TWO,SB,TWC
ecg33057	SB
ecg33058	SB,LVQRSAL
ecg33059	SB
ecg33060	STDD,SB
ecg33061	SB
ecg33062	STDD,SB,STC,TWO
ecg33063	STC,SB
ecg33064	TWC,SB,LVH
ecg33065	SB
ecg33066	SB
ecg33067	SB
ecg33068	SB
ecg33069	TWC,SB,LVH,TWO
ecg33070	SB,LVQRSAL
ecg33071	SB
ecg33072	SB
ecg33073	SB
ecg33074	SB,LVQRSAL
ecg33075	SB
ecg33076	SB
ecg33077	SB
ecg33078	SB
ecg33079	TWC,SB
ecg33080	STC,SB
ecg33081	SB
ecg33082	SB
ecg33083	SB
ecg33084	SB
ecg33085	SB
ecg33086	SB
ecg33087	SB
ecg33088	SB
ecg33089	SB
ecg33090	TWC,SB,LVH,TWO
ecg33091	SB
ecg33092	LVH,SB
ecg33093	SB
ecg33094	SB
ecg33095	SB
ecg33096	AQW,SB
ecg33097	SB
ecg33098	SB
ecg33099	SB
ecg33100	SB
ecg33101	SB
ecg33102	SB,LVQRSAL
ecg33103	TWC,SB
ecg33104	SB
ecg33105	SB,LVQRSAL
ecg33106	SB
ecg33107	SB
ecg33108	SB
ecg33109	SB
ecg33110	SB
ecg33111	SB
ecg33112	SB
ecg33113	SB
ecg33114	SB
ecg33115	SB
ecg33116	SB
ecg33117	SB
ecg33118	SB
ecg33119	SB
ecg33120	LVH,SB
ecg33121	TWC,SB,RWC,LVH
ecg33122	TWC,SB,RWC,LVH
ecg33123	LVH,SB
ecg33124	TWC,SB
ecg33125	SB
ecg33126	SB
ecg33127	SB
ecg33128	TWC,SB,LVH,TWO
ecg33129	SB
ecg33130	SB
ecg33131	SB
ecg33132	SB
ecg33133	SB
ecg33134	SB
ecg33135	SB
ecg33136	SB
ecg33137	SB
ecg33138	SB
ecg33139	SB
ecg33140	SB
ecg33141	SB
ecg33142	SB
ecg33143	SB
ecg33144	LVH,SB
ecg33145	SB
ecg33146	SB
ecg33147	TWC,SB
ecg33148	SB
ecg33149	SB,LVQRSAL
ecg33150	SB
ecg33151	SB,LVQRSAL
ecg33152	SB
ecg33153	LVH,SB
ecg33154	SB
ecg33155	LVH,SB
ecg33156	SB
ecg33157	SB
ecg33158	SB,LVQRSAL
ecg33159	STC,SB
ecg33160	SB
ecg33161	SB
ecg33162	SB
ecg33163	SB
ecg33164	SB,LVQRSAL
ecg33165	STC,SB
ecg33166	SB
ecg33167	SB
ecg33168	SB
ecg33169	TWC,SB
ecg33170	STC,SB
ecg33171	STC,SB
ecg33172	SB,RWC
ecg33173	SB,LVQRSAL
ecg33174	SB
ecg33175	SB
ecg33176	SB
ecg33177	SB
ecg33178	SB
ecg33179	SB
ecg33180	TWC,SB,TWO
ecg33181	LVH,SB
ecg33182	STC,SB
ecg33183	SB
ecg33184	SB
ecg33185	SB
ecg33186	SB
ecg33187	SB
ecg33188	SB
ecg33189	SB
ecg33190	STC,SB
ecg33191	SB
ecg33192	SB
ecg33193	SB
ecg33194	SB
ecg33195	SB
ecg33196	SB
ecg33197	SB,LVQRSAL
ecg33198	LVH,SB
ecg33199	SB,LVQRSAL
ecg33200	SB
ecg33201	SB
ecg33202	SB
ecg33203	LVH,SB
ecg33204	LVH,SB
ecg33205	SB
ecg33206	SB
ecg33207	SB
ecg33208	SB
ecg33209	SB
ecg33210	SB
ecg33211	SB
ecg33212	SB
ecg33213	SB
ecg33214	SB
ecg33215	SB
ecg33216	SB
ecg33217	STC,SB,LVH,TWO
ecg33218	LVH,SB
ecg33219	SB
ecg33220	SB
ecg33221	TWC,SB
ecg33222	TWC,SB
ecg33223	SB
ecg33224	SB
ecg33225	LVH,SB
ecg33226	SB
ecg33227	SB
ecg33228	SB
ecg33229	SB
ecg33230	LVH,SB
ecg33231	SB
ecg33232	SB
ecg33233	SB
ecg33234	SB
ecg33235	SB
ecg33236	LVH,SB
ecg33237	SB
ecg33238	LVH,SB
ecg33239	SB
ecg33240	SB
ecg33241	SB
ecg33242	SB
ecg33243	SB
ecg33244	SB
ecg33245	TWC,SB
ecg33246	SB
ecg33247	SB
ecg33248	SB,RWC
ecg33249	SB
ecg33250	STC,SB
ecg33251	SB
ecg33252	SB
ecg33253	SB
ecg33254	SB
ecg33255	SB
ecg33256	SB
ecg33257	LVH,SB
ecg33258	SB
ecg33259	LVH,SB
ecg33260	LVH,SB
ecg33261	SB
ecg33262	SB
ecg33263	SB
ecg33264	SB
ecg33265	SB
ecg33266	SB
ecg33267	SB
ecg33268	SB
ecg33269	SB
ecg33270	LVH,SB
ecg33271	SB
ecg33272	TWC,SB
ecg33273	SB
ecg33274	SB
ecg33275	LVH,SB
ecg33276	SB
ecg33277	SB
ecg33278	SB
ecg33279	TWC,SB,STTU,LVH
ecg33280	STC,SB,LVH
ecg33281	SB
ecg33282	SB
ecg33283	SB
ecg33284	SB
ecg33285	SB
ecg33286	SB
ecg33287	SB
ecg33288	LVH,SB
ecg33289	SB
ecg33290	SB
ecg33291	SB
ecg33292	TWC,SB,TWO
ecg33293	SB
ecg33294	SB
ecg33295	SB
ecg33296	TWC,SB
ecg33297	TWC,SB
ecg33298	TWC,SB,LVH
ecg33299	SB
ecg33300	SB
ecg33301	SB
ecg33302	SB
ecg33303	LVH,SB
ecg33304	SB
ecg33305	SB
ecg33306	TWC,SB
ecg33307	SB
ecg33308	SB
ecg33309	SB
ecg33310	SB
ecg33311	TWC,SB,LVH,TWO
ecg33312	SB
ecg33313	SB
ecg33314	SB
ecg33315	TWC,SB,TWO
ecg33316	SB
ecg33317	SB
ecg33318	SB
ecg33319	SB
ecg33320	LVH,SB
ecg33321	SB,PPW
ecg33322	SB
ecg33323	AQW,SB
ecg33324	SB
ecg33325	SB
ecg33326	SB
ecg33327	SB
ecg33328	SB
ecg33329	SB
ecg33330	SB
ecg33331	SB
ecg33332	LVH,SB
ecg33333	SB
ecg33334	SB
ecg33335	SB
ecg33336	SB
ecg33337	SB
ecg33338	SB
ecg33339	TWC,SB,LVH
ecg33340	TWC,SB,LVH
ecg33341	SB
ecg33342	SB
ecg33343	SB
ecg33344	SB
ecg33345	SB
ecg33346	SB
ecg33347	SB
ecg33348	LVH,SB
ecg33349	SB
ecg33350	LVH,SB
ecg33351	SB
ecg33352	SB
ecg33353	SB
ecg33354	SB
ecg33355	SB
ecg33356	SB
ecg33357	SB
ecg33358	TWC,SB,RWC,TWO
ecg33359	TWC,SB
ecg33360	SB
ecg33361	SB
ecg33362	SB
ecg33363	SB
ecg33364	SB
ecg33365	SB,LVQRSAL
ecg33366	SB
ecg33367	SB
ecg33368	SB
ecg33369	TWC,SB
ecg33370	LVH,SB
ecg33371	SB
ecg33372	LVH,SB
ecg33373	LVH,SB
ecg33374	SB
ecg33375	SB
ecg33376	SB
ecg33377	SB
ecg33378	TWC,SB
ecg33379	SB
ecg33380	SB
ecg33381	SB
ecg33382	SB
ecg33383	SB
ecg33384	LVH,SB
ecg33385	SB,LVQRSAL
ecg33386	STDD,SB,LVH,TWO
ecg33387	TWC,SB,LVH
ecg33388	SB
ecg33389	TWC,SB,LVH
ecg33390	TWO,SB
ecg33391	LVH,SB
ecg33392	SB
ecg33393	LVH,SB
ecg33394	STTU,SB
ecg33395	SB
ecg33396	TWC,SB
ecg33397	TWC,SB,LVH
ecg33398	AQW,SB,TWO
ecg33399	SB
ecg33400	SB
ecg33401	AQW,SB
ecg33402	SB
ecg33403	SB
ecg33404	SB
ecg33405	LVH,SB
ecg33406	SB
ecg33407	SB
ecg33408	AQW,STTU,STDD,TWO,SB,STC
ecg33409	TWC,SB,STTU,TWO
ecg33410	SB
ecg33411	SB
ecg33412	LVH,SB
ecg33413	SB
ecg33414	SB
ecg33415	SB
ecg33416	SB
ecg33417	AQW,SB
ecg33418	SB
ecg33419	SB
ecg33420	SB
ecg33421	SB
ecg33422	TWC,SB,STTU,LVH
ecg33423	SB
ecg33424	SB
ecg33425	TWC,SB
ecg33426	SB
ecg33427	TWC,SB
ecg33428	SB
ecg33429	SB
ecg33430	SB
ecg33431	SB
ecg33432	SB
ecg33433	SB
ecg33434	SB
ecg33435	SB
ecg33436	SB
ecg33437	SB
ecg33438	SB
ecg33439	SB
ecg33440	SB
ecg33441	SB
ecg33442	SB
ecg33443	TWC,SB
ecg33444	TWC,SB,TWO
ecg33445	TWC,SB,TWO
ecg33446	SB,RWC
ecg33447	SB
ecg33448	SB
ecg33449	SB
ecg33450	SB
ecg33451	LVH,SB
ecg33452	SB
ecg33453	SB
ecg33454	SB
ecg33455	SB
ecg33456	TWC,SB
ecg33457	SB
ecg33458	SB
ecg33459	SB
ecg33460	SB
ecg33461	STC,SB,LVH
ecg33462	STC,SB,LVH
ecg33463	SB
ecg33464	SB
ecg33465	SB
ecg33466	SB
ecg33467	SB
ecg33468	SB
ecg33469	TWC,SB,TWO
ecg33470	LVH,SB
ecg33471	SB
ecg33472	SB
ecg33473	SB
ecg33474	SB
ecg33475	TWC,SB,LVH,TWO
ecg33476	TWC,SB,TWO
ecg33477	SB
ecg33478	SB
ecg33479	SB
ecg33480	SB
ecg33481	SB
ecg33482	SB
ecg33483	TWC,SB,TWO
ecg33484	SB
ecg33485	SB
ecg33486	SB
ecg33487	SB
ecg33488	SB
ecg33489	SB
ecg33490	SB
ecg33491	SB
ecg33492	TWC,SB,TWO
ecg33493	SB
ecg33494	LVH,SB
ecg33495	SB
ecg33496	TWC,SB,RWC,TWO
ecg33497	SB
ecg33498	SB
ecg33499	TWC,SB,TWO
ecg33500	SB
ecg33501	SB
ecg33502	SB
ecg33503	LVH,SB
ecg33504	LVH,SB
ecg33505	SB
ecg33506	SB
ecg33507	LVH,SB
ecg33508	SB
ecg33509	LVH,SB
ecg33510	SB
ecg33511	TWC,SB
ecg33512	SB
ecg33513	SB
ecg33514	AQW,SB,TWO
ecg33515	AQW,STDD,TWO,SB,RWC,STC
ecg33516	SB
ecg33517	SB
ecg33518	SB
ecg33519	SB
ecg33520	SB
ecg33521	SB
ecg33522	SB
ecg33523	SB
ecg33524	SB
ecg33525	LVH,SB
ecg33526	SB
ecg33527	LVH,SB
ecg33528	SB
ecg33529	SB
ecg33530	SB
ecg33531	SB
ecg33532	SB
ecg33533	SB
ecg33534	SB
ecg33535	SB
ecg33536	SB
ecg33537	SB
ecg33538	SB
ecg33539	SB
ecg33540	SB
ecg33541	SB
ecg33542	SB
ecg33543	SB
ecg33544	SB
ecg33545	TWC,SB
ecg33546	SB
ecg33547	LVH,SB
ecg33548	SB
ecg33549	SB
ecg33550	LVH,SB
ecg33551	SB
ecg33552	SB
ecg33553	SB
ecg33554	TWC,SB
ecg33555	SB
ecg33556	LVH,SB
ecg33557	SB
ecg33558	SB
ecg33559	TWC,SB,RWC,LVH
ecg33560	TWO,LVH,STDD,SB,STC
ecg33561	AQW,SB,TWO
ecg33562	SB
ecg33563	SB
ecg33564	SB
ecg33565	TWC,SB,LVQRSAL,TWO
ecg33566	SB
ecg33567	SB
ecg33568	SB
ecg33569	SB
ecg33570	SB
ecg33571	AQW,SB
ecg33572	SB
ecg33573	SB
ecg33574	TWO,SB
ecg33575	SB
ecg33576	TWC,SB
ecg33577	TWC,SB
ecg33578	SB
ecg33579	SB
ecg33580	LVH,SB
ecg33581	SB
ecg33582	SB
ecg33583	SB
ecg33584	LVH,SB
ecg33585	TWO,LVH,STDD,SB,STC
ecg33586	LVH,SB
ecg33587	SB
ecg33588	TWC,SB
ecg33589	SB
ecg33590	TWC,SB
ecg33591	TWC,SB
ecg33592	SB
ecg33593	TWC,SB
ecg33594	SB
ecg33595	SB
ecg33596	SB
ecg33597	SB
ecg33598	SB
ecg33599	SB
ecg33600	SVPB,SB,VPB
ecg33601	SB
ecg33602	SB
ecg33603	SB
ecg33604	SB
ecg33605	SB
ecg33606	SB
ecg33607	SB
ecg33608	SB
ecg33609	SB
ecg33610	SB
ecg33611	SB
ecg33612	STC,SB,LVH
ecg33613	SB
ecg33614	SB
ecg33615	STTU,SB
ecg33616	BBB,SB
ecg33617	SB
ecg33618	SB
ecg33619	SB
ecg33620	LVH,SB
ecg33621	SB
ecg33622	LVH,SB
ecg33623	SB
ecg33624	SB
ecg33625	SB,LVQRSAL
ecg33626	SB
ecg33627	SB
ecg33628	SB
ecg33629	SB
ecg33630	SB
ecg33631	SB
ecg33632	SB
ecg33633	SB
ecg33634	SB
ecg33635	TWC,SB
ecg33636	SB
ecg33637	SB
ecg33638	SB,LVQRSAL
ecg33639	SB
ecg33640	SB
ecg33641	SB
ecg33642	SB
ecg33643	SB
ecg33644	SB,LVQRSAL
ecg33645	SB
ecg33646	SB
ecg33647	SB
ecg33648	TWC,SB,RWC,TWO
ecg33649	SB
ecg33650	SB
ecg33651	SB
ecg33652	SB
ecg33653	TWC,SB
ecg33654	STC,SB,LVH
ecg33655	SB
ecg33656	SB
ecg33657	SB
ecg33658	SB
ecg33659	SB
ecg33660	SB
ecg33661	LVH,SB
ecg33662	SB
ecg33663	SB
ecg33664	SB
ecg33665	STTU,SB,ERV
ecg33666	SB
ecg33667	SB
ecg33668	SB
ecg33669	SB
ecg33670	TWC,SB,LVH,TWO
ecg33671	LVH,SB
ecg33672	TWC,SB
ecg33673	SB
ecg33674	LVH,SB
ecg33675	TWC,SB,STTU
ecg33676	SB
ecg33677	SB
ecg33678	SB
ecg33679	LVH,SB
ecg33680	TWC,SB,LVH
ecg33681	SB
ecg33682	SB
ecg33683	LVH,SB
ecg33684	SB
ecg33685	LVH,SB
ecg33686	LVH,SB
ecg33687	SB
ecg33688	TWC,SB,TWO
ecg33689	LVH,SB
ecg33690	SB
ecg33691	SB
ecg33692	SB
ecg33693	SB
ecg33694	SB
ecg33695	SB
ecg33696	TWC,SB
ecg33697	TWC,SB
ecg33698	SB
ecg33699	SB
ecg33700	LVH,SB
ecg33701	SB
ecg33702	TWC,SB
ecg33703	TWC,SB
ecg33704	SB
ecg33705	SB
ecg33706	STC,SB,LVH
ecg33707	SB
ecg33708	SB
ecg33709	LVH,SB
ecg33710	SB
ecg33711	SB
ecg33712	SB
ecg33713	SB
ecg33714	SB
ecg33715	SB
ecg33716	SB
ecg33717	SB
ecg33718	SB
ecg33719	TWC,SB
ecg33720	LVH,SB
ecg33721	SB
ecg33722	SB
ecg33723	SB
ecg33724	SB
ecg33725	SB
ecg33726	SB
ecg33727	SB
ecg33728	SB
ecg33729	TWC,SB,LVH,TWO
ecg33730	SB
ecg33731	SB
ecg33732	SB
ecg33733	TWC,SB
ecg33734	SB
ecg33735	SB,RWC
ecg33736	TWO,SB,LVH
ecg33737	TWO,SB
ecg33738	AQW,SB,TWC,TWO
ecg33739	SB
ecg33740	TWC,SB
ecg33741	SB
ecg33742	SB
ecg33743	SB
ecg33744	SB
ecg33745	STC,SB,LVH
ecg33746	SB
ecg33747	SB
ecg33748	SB
ecg33749	SB
ecg33750	LVH,SB
ecg33751	SB
ecg33752	SB
ecg33753	SB
ecg33754	SB
ecg33755	TWC,SB
ecg33756	SB
ecg33757	TWC,SB,QTIE,TWO
ecg33758	SB
ecg33759	LVH,SB
ecg33760	SB
ecg33761	TWC,SB
ecg33762	SB
ecg33763	LVH,SB
ecg33764	SB
ecg33765	SB
ecg33766	TWC,SB
ecg33767	LVH,SB
ecg33768	LVH,SB
ecg33769	SB
ecg33770	SB
ecg33771	TWC,SB,RWC
ecg33772	TWC,SB
ecg33773	SB
ecg33774	SB
ecg33775	SB
ecg33776	SB
ecg33777	SB
ecg33778	SB
ecg33779	SB
ecg33780	SB
ecg33781	SB
ecg33782	TWO,SB,LVH
ecg33783	LVH,SB
ecg33784	SB
ecg33785	LVH,SB
ecg33786	SB
ecg33787	SB
ecg33788	TWC,SB,LVH
ecg33789	TWC,SB
ecg33790	TWC,SB
ecg33791	TWO,SB,STC,TWC
ecg33792	SB
ecg33793	SB
ecg33794	SB
ecg33795	SB
ecg33796	SB
ecg33797	SB
ecg33798	SB
ecg33799	SB
ecg33800	SB
ecg33801	SB
ecg33802	SB
ecg33803	SB
ecg33804	SB
ecg33805	TWC,SB,LVH
ecg33806	TWC,SB
ecg33807	TWC,SB
ecg33808	SB
ecg33809	TWC,SB
ecg33810	SB
ecg33811	SB
ecg33812	SB
ecg33813	SB
ecg33814	SB,LVQRSAL
ecg33815	SB,LVQRSAL
ecg33816	SB
ecg33817	SB
ecg33818	AQW,STTU,TWO,SB,TWC
ecg33819	SB
ecg33820	STC,SB
ecg33821	SB
ecg33822	SB
ecg33823	TWC,SB
ecg33824	SB
ecg33825	TWC,SB,TWO
ecg33826	SB
ecg33827	SB
ecg33828	TWO,SB,LVH
ecg33829	SB
ecg33830	SB
ecg33831	SB
ecg33832	SB
ecg33833	TWO,SB
ecg33834	LVH,SB
ecg33835	TWC,SB
ecg33836	SB
ecg33837	TWO,LVH,STDD,SB,STC
ecg33838	TWO,SB
ecg33839	LVH,SB
ecg33840	SB
ecg33841	SB
ecg33842	SB
ecg33843	STDD,SB,STC,TWO
ecg33844	SB
ecg33845	SB
ecg33846	STC,SB
ecg33847	SB
ecg33848	SB
ecg33849	SB
ecg33850	SB
ecg33851	SB
ecg33852	SB
ecg33853	SB
ecg33854	SB
ecg33855	LVH,SB
ecg33856	SB
ecg33857	SB
ecg33858	SB
ecg33859	TWC,SB
ecg33860	SB
ecg33861	SB
ecg33862	SB
ecg33863	STC,SB
ecg33864	SB
ecg33865	SB
ecg33866	TWO,SB
ecg33867	SB
ecg33868	STTU,SB,TWC
ecg33869	SB
ecg33870	SB
ecg33871	TWC,SB
ecg33872	SB
ecg33873	SB
ecg33874	LVH,SB
ecg33875	TWC,SB,TWO
ecg33876	SB,PPW
ecg33877	SB
ecg33878	LVH,SB
ecg33879	SB
ecg33880	SB
ecg33881	STTU,SB
ecg33882	SB
ecg33883	SB
ecg33884	SB
ecg33885	SB
ecg33886	SB
ecg33887	SB
ecg33888	SB
ecg33889	SB
ecg33890	SB
ecg33891	SB
ecg33892	SB,LVQRSAL
ecg33893	LVH,SB
ecg33894	SB
ecg33895	SB
ecg33896	TWO,LVH,STDD,SB,STC
ecg33897	SB
ecg33898	SB
ecg33899	SB
ecg33900	LVH,SB
ecg33901	SB
ecg33902	LVH,SB
ecg33903	SB
ecg33904	SB
ecg33905	SB
ecg33906	SB
ecg33907	SB
ecg33908	SB,LVQRSAL
ecg33909	SB
ecg33910	LVH,SB,SPRI
ecg33911	SB
ecg33912	SB
ecg33913	SB
ecg33914	SB
ecg33915	SB
ecg33916	SB
ecg33917	SB
ecg33918	SB
ecg33919	SB
ecg33920	SB
ecg33921	SB
ecg33922	SB
ecg33923	LVH,SB
ecg33924	LVH,SB
ecg33925	SB,RWC
ecg33926	SB
ecg33927	SB
ecg33928	SB
ecg33929	SB
ecg33930	SB
ecg33931	SB,LVQRSAL
ecg33932	SB
ecg33933	SB
ecg33934	SB
ecg33935	TWC,SB
ecg33936	STTU,SB
ecg33937	SB
ecg33938	SB
ecg33939	SB
ecg33940	SB
ecg33941	SB
ecg33942	SB
ecg33943	SB
ecg33944	STC,SB
ecg33945	SB
ecg33946	STTU,STDD,SB,RWC,STC
ecg33947	SB
ecg33948	STDD,SB,STC,TWO
ecg33949	SB
ecg33950	SB
ecg33951	SB
ecg33952	SB
ecg33953	SB
ecg33954	SB
ecg33955	SB
ecg33956	TWC,SB
ecg33957	SB
ecg33958	SB
ecg33959	SB
ecg33960	TWC,SB
ecg33961	TWC,SB
ecg33962	SB
ecg33963	SB
ecg33964	TWC,SB,TWO
ecg33965	LVH,SB
ecg33966	SB
ecg33967	TWO,LVH,STDD,SB,STC
ecg33968	TWC,SB
ecg33969	LVH,SB
ecg33970	LVH,SB
ecg33971	AQW,SB,LVH
ecg33972	SB
ecg33973	SB
ecg33974	TWC,SB
ecg33975	SB
ecg33976	LVH,SB
ecg33977	SB
ecg33978	SB
ecg33979	SB
ecg33980	SB
ecg33981	SB
ecg33982	STTU,SB
ecg33983	SB
ecg33984	SB
ecg33985	SB
ecg33986	STC,SB,LVH,TWO
ecg33987	SB
ecg33988	SB
ecg33989	SB
ecg33990	SB
ecg33991	TWC,SB
ecg33992	SB
ecg33993	SB
ecg33994	SB
ecg33995	SB,LVQRSAL
ecg33996	STTU,SB,ERV
ecg33997	TWC,SB
ecg33998	SB
ecg33999	SB
ecg34000	SB
ecg34001	AQW,SB,TWC,LVH
ecg34002	LVH,SB
ecg34003	TWC,SB
ecg34004	LVH,SB
ecg34005	SB
ecg34006	TWC,SB
ecg34007	TWC,SB,LVH,TWO
ecg34008	SB
ecg34009	SB
ecg34010	LVH,SB
ecg34011	SB
ecg34012	SB
ecg34013	SB
ecg34014	SB
ecg34015	TWC,SB
ecg34016	SB
ecg34017	TWO,LVQRSAL,SB,RWC,TWC
ecg34018	SB
ecg34019	STC,SB
ecg34020	LVH,SB
ecg34021	LVH,SB
ecg34022	SB
ecg34023	TWC,SB
ecg34024	TWC,SB
ecg34025	LVH,SB
ecg34026	SB
ecg34027	SB
ecg34028	SB
ecg34029	SB
ecg34030	SB
ecg34031	LVH,SB
ecg34032	SB
ecg34033	SB
ecg34034	SB
ecg34035	TWC,SB,LVH
ecg34036	SB
ecg34037	SB
ecg34038	SB
ecg34039	SB
ecg34040	SB
ecg34041	SB
ecg34042	SB
ecg34043	TWC,SB
ecg34044	SB
ecg34045	SB
ecg34046	STC,SB,LVH
ecg34047	SB
ecg34048	SB
ecg34049	SB
ecg34050	SB
ecg34051	TWC,SB
ecg34052	LVH,SB
ecg34053	SB
ecg34054	SB
ecg34055	SB
ecg34056	SB
ecg34057	SB
ecg34058	SB
ecg34059	STC,SB,LVH
ecg34060	SB
ecg34061	SB
ecg34062	SB
ecg34063	SB
ecg34064	SB
ecg34065	SB
ecg34066	SB
ecg34067	SB
ecg34068	TWC,SB,TWO
ecg34069	SB
ecg34070	SB
ecg34071	SB
ecg34072	SB
ecg34073	SB
ecg34074	SB
ecg34075	SB
ecg34076	SB
ecg34077	SB
ecg34078	TWC,SB,TWO
ecg34079	STDD,TWO,SB,LVH,STC
ecg34080	TWC,SB
ecg34081	SB
ecg34082	SB
ecg34083	TWC,SB
ecg34084	TWC,SB
ecg34085	SB
ecg34086	SB
ecg34087	SB
ecg34088	SB
ecg34089	SB
ecg34090	SB
ecg34091	SB
ecg34092	TWC,SB
ecg34093	SB
ecg34094	SB
ecg34095	SB
ecg34096	SB
ecg34097	SB
ecg34098	TWC,SB,TWO
ecg34099	SB
ecg34100	SB
ecg34101	STTU,LVH,TWO,SB,TWC
ecg34102	SB
ecg34103	SB
ecg34104	SB
ecg34105	STC,SB,LVH
ecg34106	SB
ecg34107	SB
ecg34108	TWC,SB,TWO
ecg34109	TWC,SB,TWO
ecg34110	LVH,SB
ecg34111	SB
ecg34112	SB
ecg34113	LVH,SB
ecg34114	SB
ecg34115	SB
ecg34116	STTU,LVH,TWO,SB,TWC
ecg34117	TWC,SB,LVH,TWO
ecg34118	TWC,SB,TWO
ecg34119	SB
ecg34120	SB
ecg34121	SB
ecg34122	SB
ecg34123	AQW,LVH,TWO,SB,TWC
ecg34124	AQW,SB,TWC,TWO
ecg34125	SB
ecg34126	SB
ecg34127	SB
ecg34128	SB
ecg34129	SB
ecg34130	SB
ecg34131	SB,SR,SA
ecg34132	SB,SA
ecg34133	SB,SA
ecg34134	SB,SA
ecg34135	SB,SA
ecg34136	SB,SA
ecg34137	STC,SB,SA
ecg34138	SB,SA
ecg34139	SB,SA
ecg34140	SB,SA
ecg34141	SB,SA
ecg34142	SB,SA
ecg34143	SB,SA
ecg34144	TWC,SB,SA,TWO
ecg34145	TWC,SB,SA
ecg34146	LVH,SB,SA
ecg34147	SB,SA
ecg34148	SB,SA
ecg34149	SB,SA
ecg34150	LVH,SB,SA
ecg34151	SB,SA
ecg34152	SB,SA
ecg34153	SB,SA
ecg34154	AQW,SB,SA
ecg34155	SB,SA
ecg34156	SB,SA
ecg34157	SB,SA
ecg34158	STC,SB,SA
ecg34159	SB,SA
ecg34160	AQW,SB,SA
ecg34161	LVH,SB,SA
ecg34162	SB,SA
ecg34163	SB,SA
ecg34164	SB,SA
ecg34165	SB,SA
ecg34166	SB,SA
ecg34167	SB,SA
ecg34168	SB,SA
ecg34169	SB,SA
ecg34170	SB,SA
ecg34171	TWC,SB,LVH,SA
ecg34172	SB,SA
ecg34173	SB,SA
ecg34174	SB,SA
ecg34175	SB,SA
ecg34176	SB,SA
ecg34177	LVH,SB,SA
ecg34178	SB,SA
ecg34179	SB,SA
ecg34180	SB,SA
ecg34181	SB,SA
ecg34182	SB,SA
ecg34183	SB,SA
ecg34184	STDD,TWO,SB,STC,SA
ecg34185	SB,SA
ecg34186	SB,SA
ecg34187	SB,SA
ecg34188	SB,SA
ecg34189	SB,SA
ecg34190	SB,SA
ecg34191	SB,SA
ecg34192	SB,SA
ecg34193	LVH,SB,SA
ecg34194	SB,SA
ecg34195	SB,SA
ecg34196	SB,SA
ecg34197	SB,SA
ecg34198	SB,SA
ecg34199	SB,SA
ecg34200	SB,SA
ecg34201	SB,LVQRSAL,SA
ecg34202	SB,SA
ecg34203	SB,SA
ecg34204	SB,SA
ecg34205	SB,SA
ecg34206	SB,SA
ecg34207	SB,SA
ecg34208	SB,SA
ecg34209	SB,SA
ecg34210	SB,SA
ecg34211	SB,SA
ecg34212	SB,SA
ecg34213	SB,SA
ecg34214	SB,SA
ecg34215	SB,SA
ecg34216	SB,SA
ecg34217	SB,SA
ecg34218	TWC,SB,SA
ecg34219	SB,SA
ecg34220	SB,SA
ecg34221	SB,SA
ecg34222	SB,SA
ecg34223	LVH,SB,SA
ecg34224	TWC,SB,LVH,SA
ecg34225	SB,SA
ecg34226	SB,SA
ecg34227	STC,SB,SA
ecg34228	LVH,SB,SA
ecg34229	SB,SA
ecg34230	SB,SA
ecg34231	SB,SA
ecg34232	SB,SA
ecg34233	SB,SA
ecg34234	SB,SA
ecg34235	SB,SA
ecg34236	SB,SA
ecg34237	SB,SA
ecg34238	SB,SA
ecg34239	STC,SB,SA
ecg34240	SB,SA
ecg34241	LVH,SB,SA
ecg34242	SB,SA
ecg34243	SB,SA
ecg34244	TWC,SB,SA
ecg34245	SB,SA
ecg34246	SB,SA
ecg34247	SB,SA
ecg34248	SB,SA
ecg34249	TWO,SB,SA
ecg34250	SB,SA
ecg34251	SB,SA
ecg34252	TWO,LAFB,SA
ecg34253	LAFB,SR,SA
ecg34254	LAFB,SR,SA
ecg34255	SR,SA
ecg34256	SR,SA
ecg34257	STC,SR,LVH,SA
ecg34258	LVH,SR,SA
ecg34259	SR,SA
ecg34260	SR,SA
ecg34261	LVH,SR,SA
ecg34262	SR,SA
ecg34263	SR,SA
ecg34264	STC,SR,SA
ecg34265	SR,SA
ecg34266	SR,SA
ecg34267	SR,SA
ecg34268	SR,SA
ecg34269	SR,SA
ecg34270	SR,SA
ecg34271	SR,SA
ecg34272	SR,SA
ecg34273	TWC,SR,SA
ecg34274	SR,SA
ecg34275	SR,SA
ecg34276	SR,SA,PPW
ecg34277	SR,SA
ecg34278	SR,SA
ecg34279	SR,SA
ecg34280	STC,SR,TPW,SA
ecg34281	SR,SA
ecg34282	SR,SA
ecg34283	SR,SA
ecg34284	TWC,SR,SA
ecg34285	SR,SA
ecg34286	SR,SA
ecg34287	SR,SA
ecg34288	SR,SA
ecg34289	SR,SA
ecg34290	SR,SA
ecg34291	SR,SA
ecg34292	SR,SA
ecg34293	SR,SA
ecg34294	SR,SA
ecg34295	SR,SA
ecg34296	SR,SA
ecg34297	SR,SA
ecg34298	SR,SA
ecg34299	TWO,PRIE,SR,TWC,SA
ecg34300	SR,SA
ecg34301	SR,SA
ecg34302	SR,SA
ecg34303	SR,SA
ecg34304	SR,SA
ecg34305	SR,SA
ecg34306	SR,SA
ecg34307	SR,SA
ecg34308	SR,SA
ecg34309	STC,SR,SA
ecg34310	TWC,SR,SA,TWO
ecg34311	SR,SA
ecg34312	SR,SA
ecg34313	SR,SA
ecg34314	SR,SA
ecg34315	AQW,SR,SA
ecg34316	STC,SR,SA
ecg34317	SR,SA
ecg34318	SR,SA
ecg34319	AQW,SR,SA
ecg34320	STDD,LVH,TWO,SR,STC,SA
ecg34321	SR,SA
ecg34322	SR,SA
ecg34323	SR,SA
ecg34324	SR,SA
ecg34325	SR,SA
ecg34326	SR,SA
ecg34327	SR,SA
ecg34328	TWC,SR,SA
ecg34329	SR,SA
ecg34330	SR,SA
ecg34331	SR,SA
ecg34332	SR,SA
ecg34333	SR,SA
ecg34334	SR,SA
ecg34335	SR,SA
ecg34336	SR,SA
ecg34337	SR,SA
ecg34338	SR,SA
ecg34339	SR,SA
ecg34340	SR,SA
ecg34341	SR,SA
ecg34342	SR,SA
ecg34343	SR,SA
ecg34344	TWC,SR,SA
ecg34345	SR,SA
ecg34346	TWC,SR,SA
ecg34347	SR,SA
ecg34348	SR,SA
ecg34349	SR,SA
ecg34350	SR,SA
ecg34351	SR,SA
ecg34352	SR,SA
ecg34353	SR,SA
ecg34354	SR,SA
ecg34355	SR,SA
ecg34356	TWC,SR,SA
ecg34357	LVH,SR,SA
ecg34358	STTU,SR,RWC,SA
ecg34359	SR,SA
ecg34360	SR,SA
ecg34361	SR,SA
ecg34362	TWO,LVH,SR,TWC,SA
ecg34363	SR,SA
ecg34364	SR,SA
ecg34365	SR,SA
ecg34366	SR,SA
ecg34367	SR,SA
ecg34368	SR,SA
ecg34369	SR,SA
ecg34370	SR,SA
ecg34371	SR,SA
ecg34372	SR,SA
ecg34373	SR,SA
ecg34374	SR,LVQRSAL,SA
ecg34375	SR,SA
ecg34376	SR,SA
ecg34377	SR,SA
ecg34378	SR,SA
ecg34379	SR,SA
ecg34380	SR,SA
ecg34381	SR,SA
ecg34382	SR,SA
ecg34383	SR,SA
ecg34384	SR,SA
ecg34385	TWC,SR,SA
ecg34386	LVH,SR,SA
ecg34387	SR,SA
ecg34388	SR,SA
ecg34389	SR,SA
ecg34390	STTU,SR,SA,TWO
ecg34391	SR,SA
ecg34392	SR,SA
ecg34393	SR,SA
ecg34394	SR,SA
ecg34395	SR,SA
ecg34396	SR,SA
ecg34397	SR,SA
ecg34398	SR,SA
ecg34399	SR,SA
ecg34400	SR,SA
ecg34401	SR,SA
ecg34402	TWC,SR,SA
ecg34403	SR,SA
ecg34404	SR,SA
ecg34405	SR,SA
ecg34406	SR,SA
ecg34407	SR,SA
ecg34408	SR,SA
ecg34409	SR,SA
ecg34410	SR,SA
ecg34411	SR,SA
ecg34412	SR,SA
ecg34413	SR,SA
ecg34414	SR,SA
ecg34415	SR,SA
ecg34416	SR,SA
ecg34417	SR,SA
ecg34418	SR,SA
ecg34419	SR,SA
ecg34420	SR,SA
ecg34421	SR,SA
ecg34422	SR,SA
ecg34423	SR,SA
ecg34424	SR,SA
ecg34425	SR,SA
ecg34426	SR,SA
ecg34427	TWC,SR,SA
ecg34428	SR,SA
ecg34429	SR,SA
ecg34430	SR,SA
ecg34431	STTU,SA,ERV
ecg34432	STTU,LVH,SA,ERV
ecg34433	STTU,SA,ERV
ecg34434	STC,SR,SA
ecg34435	SR,SA
ecg34436	WPW,SA
ecg34437	WPW,SA
ecg34438	WPW,SA
ecg34439	WPW,SA
ecg34440	WPW,SA
ecg34441	SA
ecg34442	SA
ecg34443	SA
ecg34444	SA
ecg34445	SA
ecg34446	SA
ecg34447	SA
ecg34448	SA
ecg34449	SA
ecg34450	SA
ecg34451	STC,SA
ecg34452	SA
ecg34453	SA
ecg34454	SA
ecg34455	SA
ecg34456	SA
ecg34457	SA
ecg34458	STDD,SA,LVQRSAL,TWO,STC
ecg34459	SA
ecg34460	SA
ecg34461	SA
ecg34462	SA
ecg34463	SA
ecg34464	SA
ecg34465	SA
ecg34466	SA
ecg34467	SA
ecg34468	AQW,SA
ecg34469	SA
ecg34470	SA
ecg34471	SA
ecg34472	SA
ecg34473	SA
ecg34474	SA
ecg34475	LVH,SA
ecg34476	LVH,SA
ecg34477	SA
ecg34478	SA
ecg34479	SA
ecg34480	TWC,SA
ecg34481	TWC,SA,TWO
ecg34482	SA
ecg34483	SA
ecg34484	SA
ecg34485	SA
ecg34486	TWC,LVH,SA
ecg34487	SA
ecg34488	SA
ecg34489	SA
ecg34490	SA
ecg34491	SA
ecg34492	SA
ecg34493	SA
ecg34494	SA
ecg34495	STC,SA
ecg34496	SA
ecg34497	SA
ecg34498	SA
ecg34499	SA
ecg34500	SA
ecg34501	SA
ecg34502	SA
ecg34503	SA
ecg34504	SA
ecg34505	SA
ecg34506	SA
ecg34507	SA
ecg34508	SA
ecg34509	SA
ecg34510	SA
ecg34511	SA
ecg34512	SA
ecg34513	SA
ecg34514	SA
ecg34515	SA
ecg34516	SA
ecg34517	SA
ecg34518	SA
ecg34519	SA
ecg34520	TWC,LVH,SA,STDD
ecg34521	SA
ecg34522	LVH,SA
ecg34523	SA
ecg34524	SA
ecg34525	SA
ecg34526	SA
ecg34527	SA
ecg34528	SA
ecg34529	SA
ecg34530	SA
ecg34531	LVH,SA
ecg34532	LVH,SA
ecg34533	SA
ecg34534	SA
ecg34535	SA
ecg34536	SA
ecg34537	SA
ecg34538	SA
ecg34539	SA
ecg34540	SA
ecg34541	SA
ecg34542	SA
ecg34543	SA
ecg34544	SA
ecg34545	SA
ecg34546	SA
ecg34547	SA
ecg34548	SA
ecg34549	STC,SA
ecg34550	SA
ecg34551	SA
ecg34552	SA
ecg34553	SA
ecg34554	STC,SA
ecg34555	SA
ecg34556	SA
ecg34557	SA
ecg34558	SA
ecg34559	SA
ecg34560	SA
ecg34561	TWC,SA
ecg34562	SA
ecg34563	SA
ecg34564	SA
ecg34565	SA
ecg34566	SA
ecg34567	STC,SA
ecg34568	SA
ecg34569	SA
ecg34570	SA
ecg34571	SA
ecg34572	SA
ecg34573	SA,LVQRSAL
ecg34574	SA
ecg34575	SA
ecg34576	SA
ecg34577	LVH,SA
ecg34578	TWC,LVH,SA
ecg34579	SA
ecg34580	SA
ecg34581	LVH,SA
ecg34582	SA
ecg34583	SA
ecg34584	SA
ecg34585	SA
ecg34586	SA
ecg34587	SA
ecg34588	SA
ecg34589	SA
ecg34590	SA
ecg34591	SA
ecg34592	SA
ecg34593	SA
ecg34594	SA
ecg34595	SA
ecg34596	SA
ecg34597	SA
ecg34598	SA
ecg34599	TWC,SA
ecg34600	SA
ecg34601	SA,LVQRSAL
ecg34602	SA
ecg34603	SA
ecg34604	SA
ecg34605	SA
ecg34606	SA
ecg34607	AQW,STTU,SA
ecg34608	TWC,SA,TWO
ecg34609	SA
ecg34610	SA
ecg34611	SA
ecg34612	SA
ecg34613	STC,SA
ecg34614	STC,SA
ecg34615	SA
ecg34616	SA
ecg34617	SA
ecg34618	SA
ecg34619	SA
ecg34620	SA
ecg34621	SA
ecg34622	SA
ecg34623	SA
ecg34624	SA
ecg34625	SA
ecg34626	SA
ecg34627	SA
ecg34628	SA
ecg34629	SA
ecg34630	SA
ecg34631	SA
ecg34632	SA
ecg34633	SA
ecg34634	SA
ecg34635	SA
ecg34636	SA
ecg34637	SA
ecg34638	LVH,SA
ecg34639	SA
ecg34640	SA
ecg34641	SA
ecg34642	SA
ecg34643	SA
ecg34644	SA
ecg34645	LVH,SA
ecg34646	SA
ecg34647	SA
ecg34648	SA
ecg34649	SA
ecg34650	SA,LVQRSAL
ecg34651	SA
ecg34652	STC,STDD,SA,TWO
ecg34653	SA
ecg34654	SA
ecg34655	SA
ecg34656	SA
ecg34657	SA
ecg34658	SA
ecg34659	SA
ecg34660	SA
ecg34661	SA
ecg34662	SA
ecg34663	SA
ecg34664	SA
ecg34665	SA
ecg34666	SA
ecg34667	SA
ecg34668	SA
ecg34669	TWC,SA
ecg34670	SA
ecg34671	SA
ecg34672	TWC,SA,TWO
ecg34673	SA
ecg34674	SA
ecg34675	SA
ecg34676	SA
ecg34677	SA
ecg34678	SA
ecg34679	SA
ecg34680	LVH,SA
ecg34681	SA
ecg34682	SA
ecg34683	SA
ecg34684	SA
ecg34685	SA
ecg34686	SA
ecg34687	SA
ecg34688	SA
ecg34689	TWC,SA
ecg34690	SA
ecg34691	SA
ecg34692	SA
ecg34693	SA
ecg34694	SA
ecg34695	SA
ecg34696	SA
ecg34697	LVH,SA
ecg34698	SA
ecg34699	SA
ecg34700	SA
ecg34701	SA
ecg34702	SA
ecg34703	SA
ecg34704	TWC,SA
ecg34705	SA
ecg34706	SA
ecg34707	SA
ecg34708	SA
ecg34709	SA
ecg34710	STC,SA
ecg34711	SA
ecg34712	SA
ecg34713	SA
ecg34714	SA
ecg34715	TWC,SA
ecg34716	SA
ecg34717	SA
ecg34718	SA
ecg34719	SA
ecg34720	SA
ecg34721	SA
ecg34722	SA
ecg34723	SA
ecg34724	SA
ecg34725	SA
ecg34726	SA
ecg34727	SA
ecg34728	SA
ecg34729	SA
ecg34730	SA
ecg34731	SA,SPRI
ecg34732	SA
ecg34733	SA
ecg34734	SA
ecg34735	SA
ecg34736	SA
ecg34737	SA
ecg34738	STC,SA
ecg34739	LVH,SA
ecg34740	SA
ecg34741	SA
ecg34742	SA
ecg34743	SA
ecg34744	SA
ecg34745	TWC,SA
ecg34746	SA
ecg34747	TWC,SA
ecg34748	SA
ecg34749	SA
ecg34750	SA
ecg34751	SA
ecg34752	SA
ecg34753	SA
ecg34754	SA
ecg34755	SA
ecg34756	SA
ecg34757	SA
ecg34758	SA
ecg34759	SA
ecg34760	SA
ecg34761	SA
ecg34762	SA
ecg34763	SA
ecg34764	SA
ecg34765	SA
ecg34766	SA
ecg34767	SA
ecg34768	SA
ecg34769	SA
ecg34770	TWC,SA
ecg34771	SA
ecg34772	SA
ecg34773	SA
ecg34774	SA
ecg34775	SA,LVQRSAL
ecg34776	SA
ecg34777	AQW,SA
ecg34778	SA,RWC
ecg34779	TWC,LVH,SA
ecg34780	SA
ecg34781	SA
ecg34782	SA
ecg34783	SA
ecg34784	SA
ecg34785	SA
ecg34786	SA
ecg34787	SA
ecg34788	SA
ecg34789	SA
ecg34790	SA
ecg34791	SA
ecg34792	SA
ecg34793	SA
ecg34794	SA
ecg34795	SA
ecg34796	SA
ecg34797	SA
ecg34798	SA,LVQRSAL
ecg34799	SA
ecg34800	SA
ecg34801	SA
ecg34802	TWC,SA,TWO
ecg34803	SA
ecg34804	SA
ecg34805	SA
ecg34806	SA
ecg34807	SA
ecg34808	SA
ecg34809	SA
ecg34810	STC,SA
ecg34811	SA
ecg34812	SA
ecg34813	SA
ecg34814	SA
ecg34815	TWC,SA
ecg34816	STC,STDD,SA,TWO
ecg34817	SA
ecg34818	SA,LVQRSAL
ecg34819	SA
ecg34820	STC,SA
ecg34821	SA
ecg34822	TWC,SA
ecg34823	SA
ecg34824	SA
ecg34825	SA
ecg34826	SA
ecg34827	SA
ecg34828	SA
ecg34829	SA
ecg34830	SA
ecg34831	SA
ecg34832	SA
ecg34833	SA
ecg34834	SA
ecg34835	SA
ecg34836	SA
ecg34837	SA
ecg34838	SA
ecg34839	SA
ecg34840	SA
ecg34841	SA
ecg34842	SA
ecg34843	SA
ecg34844	SA
ecg34845	SA
ecg34846	SA
ecg34847	SA
ecg34848	SA
ecg34849	SA
ecg34850	SA
ecg34851	SA
ecg34852	SA
ecg34853	SA
ecg34854	SA
ecg34855	SA
ecg34856	SA
ecg34857	TWC,SA
ecg34858	SA
ecg34859	UW,SA
ecg34860	SA
ecg34861	SA
ecg34862	TWC,SA
ecg34863	TWC,SA
ecg34864	SA
ecg34865	SA
ecg34866	SA
ecg34867	SA
ecg34868	SA
ecg34869	SA
ecg34870	SA
ecg34871	SA
ecg34872	SA
ecg34873	SA
ecg34874	SA
ecg34875	SA
ecg34876	SA
ecg34877	SA
ecg34878	SA
ecg34879	QTIE,SA
ecg34880	SA
ecg34881	SA
ecg34882	SA
ecg34883	SA
ecg34884	STDD,SA,TWO,LVH,STC
ecg34885	SA
ecg34886	SA
ecg34887	STC,SA
ecg34888	SA
ecg34889	SA
ecg34890	SA
ecg34891	STC,STDD,SA,TWO
ecg34892	SA
ecg34893	SA
ecg34894	SA
ecg34895	SA,SPRI
ecg34896	SA
ecg34897	SA
ecg34898	SA
ecg34899	SA
ecg34900	STC,SA
ecg34901	SA
ecg34902	SA
ecg34903	SA
ecg34904	LVH,SA
ecg34905	SA
ecg34906	SA
ecg34907	SA
ecg34908	SA
ecg34909	SA
ecg34910	LVH,SA
ecg34911	SA
ecg34912	SA
ecg34913	SA
ecg34914	SA
ecg34915	SA
ecg34916	SA
ecg34917	SA
ecg34918	SA
ecg34919	SA
ecg34920	SA
ecg34921	SA
ecg34922	SA
ecg34923	SA
ecg34924	SA
ecg34925	SA
ecg34926	SA
ecg34927	SA
ecg34928	SA
ecg34929	SA
ecg34930	SA
ecg34931	SA
ecg34932	SA
ecg34933	SA
ecg34934	SA
ecg34935	SA
ecg34936	STC,SA
ecg34937	SA
ecg34938	SA
ecg34939	SA
ecg34940	SA
ecg34941	SA
ecg34942	SA
ecg34943	SA
ecg34944	SA
ecg34945	SA
ecg34946	SA
ecg34947	SA
ecg34948	SA
ecg34949	SA
ecg34950	SA
ecg34951	SA
ecg34952	SA
ecg34953	SA
ecg34954	SA
ecg34955	STC,SA
ecg34956	SA
ecg34957	SA
ecg34958	SA
ecg34959	SA
ecg34960	SA
ecg34961	SA
ecg34962	SA
ecg34963	SA
ecg34964	TWC,PRIE,SA
ecg34965	SA
ecg34966	STC,SA
ecg34967	SA
ecg34968	SA
ecg34969	SA
ecg34970	STC,SA
ecg34971	SA
ecg34972	SA
ecg34973	SA
ecg34974	SA
ecg34975	SA
ecg34976	SA
ecg34977	SA
ecg34978	SA
ecg34979	SA
ecg34980	SA
ecg34981	SA
ecg34982	SA
ecg34983	LVH,SA
ecg34984	SA
ecg34985	SA
ecg34986	SA
ecg34987	AQW,SA
ecg34988	SA
ecg34989	SA
ecg34990	SA
ecg34991	SA
ecg34992	SA
ecg34993	SA
ecg34994	SA
ecg34995	SA
ecg34996	SA
ecg34997	SA
ecg34998	LVH,SA
ecg34999	SA
ecg35000	SA
ecg35001	SA
ecg35002	SA
ecg35003	SA
ecg35004	SA
ecg35005	SA
ecg35006	SA
ecg35007	SA
ecg35008	SA
ecg35009	SA
ecg35010	LVH,SA
ecg35011	SA
ecg35012	SA
ecg35013	SA
ecg35014	SA
ecg35015	TWC,LVH,SA
ecg35016	SA
ecg35017	SA
ecg35018	SA
ecg35019	LVH,SA
ecg35020	SA
ecg35021	SA
ecg35022	SA
ecg35023	LVH,SA
ecg35024	SA
ecg35025	SA
ecg35026	SA
ecg35027	LVH,SA
ecg35028	SA,LVQRSAL
ecg35029	SA
ecg35030	SA
ecg35031	SA
ecg35032	SA
ecg35033	SA
ecg35034	SA
ecg35035	SA
ecg35036	SA
ecg35037	SA
ecg35038	STC,STDD,SA
ecg35039	SA
ecg35040	SA
ecg35041	AQW,SA
ecg35042	SA
ecg35043	SA
ecg35044	SA
ecg35045	STC,SA
ecg35046	SA
ecg35047	SA
ecg35048	SA
ecg35049	SA
ecg35050	SA
ecg35051	SA
ecg35052	SA
ecg35053	SA
ecg35054	SA
ecg35055	SA
ecg35056	SA
ecg35057	SA
ecg35058	SA
ecg35059	SA
ecg35060	SA
ecg35061	SA
ecg35062	SA
ecg35063	SA
ecg35064	SA
ecg35065	SA
ecg35066	SA
ecg35067	SA
ecg35068	SA
ecg35069	SA
ecg35070	SA
ecg35071	SA
ecg35072	SA
ecg35073	SA
ecg35074	SA
ecg35075	SA
ecg35076	SA
ecg35077	SA
ecg35078	SA
ecg35079	SA
ecg35080	SA
ecg35081	LVH,SA
ecg35082	SA
ecg35083	SA
ecg35084	SA
ecg35085	SA
ecg35086	SA
ecg35087	SA
ecg35088	SA
ecg35089	SA
ecg35090	AQW,SA,TWO
ecg35091	SA
ecg35092	SA
ecg35093	SA
ecg35094	STC,STDD,SA,TWO
ecg35095	SA
ecg35096	SA
ecg35097	SA
ecg35098	SA
ecg35099	SA
ecg35100	SA
ecg35101	SA
ecg35102	SA
ecg35103	SA
ecg35104	STC,SA
ecg35105	SA
ecg35106	SA
ecg35107	SA
ecg35108	SA
ecg35109	SA
ecg35110	SA
ecg35111	SA
ecg35112	SA
ecg35113	SA
ecg35114	SA
ecg35115	SA
ecg35116	SA
ecg35117	SA
ecg35118	TWO,SA
ecg35119	SA
ecg35120	TWO,SA
ecg35121	SA
ecg35122	SA
ecg35123	TWC,SA
ecg35124	SA
ecg35125	SA
ecg35126	SA
ecg35127	SA
ecg35128	SA
ecg35129	SA
ecg35130	SA
ecg35131	SA
ecg35132	SA
ecg35133	SA
ecg35134	SA
ecg35135	SA
ecg35136	SA
ecg35137	SA
ecg35138	SA
ecg35139	TWC,SA
ecg35140	SA
ecg35141	TWC,SA
ecg35142	STC,UW,SA
ecg35143	SA
ecg35144	LVH,SA
ecg35145	SA
ecg35146	SA
ecg35147	SA
ecg35148	SA
ecg35149	SA
ecg35150	SA
ecg35151	RVH,SA
ecg35152	SA
ecg35153	SA
ecg35154	SA
ecg35155	SA
ecg35156	SA
ecg35157	SA
ecg35158	SA
ecg35159	SA
ecg35160	SA
ecg35161	SA
ecg35162	SA
ecg35163	SA
ecg35164	STTU,SA
ecg35165	SA
ecg35166	SA
ecg35167	SA
ecg35168	TWC,QTIE,SA,TWO
ecg35169	SA
ecg35170	SA
ecg35171	SA
ecg35172	SA
ecg35173	SA
ecg35174	SA
ecg35175	SA
ecg35176	STTU,LVH,SA
ecg35177	SA
ecg35178	SA
ecg35179	SA
ecg35180	SA
ecg35181	SA
ecg35182	SA
ecg35183	LVH,SA
ecg35184	SA
ecg35185	SA
ecg35186	SA
ecg35187	SA
ecg35188	SA
ecg35189	SA
ecg35190	SA
ecg35191	SA
ecg35192	SA
ecg35193	SA
ecg35194	SA
ecg35195	AQW,LVH,SA
ecg35196	SA
ecg35197	SA
ecg35198	SA
ecg35199	STTU,SA,ERV
ecg35200	TWC,SA
ecg35201	SA
ecg35202	SA
ecg35203	SA
ecg35204	SA
ecg35205	SA
ecg35206	SA
ecg35207	SA
ecg35208	SA
ecg35209	SA
ecg35210	STTU,TWC,SA
ecg35211	SA
ecg35212	SA
ecg35213	LVH,SA
ecg35214	SA
ecg35215	TWC,SA
ecg35216	SA
ecg35217	SA
ecg35218	SA
ecg35219	SA
ecg35220	SA
ecg35221	TWC,SA
ecg35222	SA
ecg35223	SA
ecg35224	SA
ecg35225	SA
ecg35226	SA,LVQRSAL
ecg35227	SA
ecg35228	SA
ecg35229	SA
ecg35230	SA
ecg35231	SA
ecg35232	SA
ecg35233	SA
ecg35234	SA
ecg35235	SA
ecg35236	LVH,SA
ecg35237	TWC,SA
ecg35238	SA
ecg35239	SA
ecg35240	SA
ecg35241	SA
ecg35242	SA
ecg35243	SA
ecg35244	SA
ecg35245	SA
ecg35246	SA
ecg35247	SA
ecg35248	SA
ecg35249	SA
ecg35250	SA
ecg35251	SA
ecg35252	SA
ecg35253	LVH,SA
ecg35254	SA
ecg35255	SA
ecg35256	SA
ecg35257	TWC,LVH,SA
ecg35258	LVH,SA
ecg35259	SA
ecg35260	SA
ecg35261	TWC,SA
ecg35262	SA
ecg35263	SA
ecg35264	LVH,SA
ecg35265	SA
ecg35266	SA
ecg35267	TWC,SA
ecg35268	SA
ecg35269	SA
ecg35270	SA
ecg35271	SA
ecg35272	SA
ecg35273	SA
ecg35274	SA
ecg35275	SA
ecg35276	SA
ecg35277	SA
ecg35278	SA
ecg35279	SA
ecg35280	SA
ecg35281	SA
ecg35282	SA
ecg35283	SA
ecg35284	SA
ecg35285	SA
ecg35286	SA
ecg35287	SA
ecg35288	SA
ecg35289	SA
ecg35290	LVH,SA
ecg35291	TWC,SA,TWO
ecg35292	UW,SA
ecg35293	SA
ecg35294	SA
ecg35295	SA
ecg35296	SA
ecg35297	SA
ecg35298	SA
ecg35299	SA
ecg35300	SA
ecg35301	SA,LVQRSAL
ecg35302	SA
ecg35303	SA
ecg35304	SA
ecg35305	SA
ecg35306	SA
ecg35307	SA
ecg35308	SA
ecg35309	SA
ecg35310	STC,SA
ecg35311	SA
ecg35312	SA
ecg35313	SA
ecg35314	LVH,SA
ecg35315	SA
ecg35316	SA
ecg35317	SA
ecg35318	SA,LVQRSAL
ecg35319	SA
ecg35320	SA
ecg35321	STDD,SA,TWO
ecg35322	SA
ecg35323	SA
ecg35324	SA
ecg35325	SA
ecg35326	AQW,SA,STDD,TWO,STC
ecg35327	SA
ecg35328	SA
ecg35329	SA
ecg35330	LVH,SA
ecg35331	SA
ecg35332	SA
ecg35333	SA
ecg35334	SA
ecg35335	SA
ecg35336	SA
ecg35337	SA
ecg35338	SA
ecg35339	SA
ecg35340	SA
ecg35341	SA
ecg35342	SA
ecg35343	SA
ecg35344	SA
ecg35345	SA
ecg35346	SA
ecg35347	SA
ecg35348	SA
ecg35349	SA
ecg35350	SA
ecg35351	SA
ecg35352	SA
ecg35353	SA
ecg35354	SA
ecg35355	SA
ecg35356	SA
ecg35357	SA
ecg35358	SA
ecg35359	SA
ecg35360	SA
ecg35361	SA
ecg35362	SA
ecg35363	TWC,SA,TWO
ecg35364	SA
ecg35365	LVH,SA
ecg35366	SA
ecg35367	SA
ecg35368	SA
ecg35369	SA
ecg35370	SA
ecg35371	SA
ecg35372	SA
ecg35373	SA
ecg35374	SA
ecg35375	SA
ecg35376	SA
ecg35377	SA
ecg35378	SA
ecg35379	SA
ecg35380	SA
ecg35381	SA
ecg35382	SA
ecg35383	TWC,SA,TWO
ecg35384	SA
ecg35385	SA
ecg35386	SA
ecg35387	SA
ecg35388	SA
ecg35389	SA
ecg35390	SA
ecg35391	SA
ecg35392	SA
ecg35393	SA
ecg35394	SA
ecg35395	TWC,SA
ecg35396	SA
ecg35397	STC,SA
ecg35398	TWC,LVH,SA
ecg35399	SA
ecg35400	SA
ecg35401	SA
ecg35402	SA
ecg35403	SA,LVQRSAL
ecg35404	SA
ecg35405	SA,LVQRSAL
ecg35406	SA
ecg35407	TWC,SA,TWO
ecg35408	SA
ecg35409	STC,SA
ecg35410	SA
ecg35411	SA
ecg35412	SA
ecg35413	SA
ecg35414	SA
ecg35415	SA
ecg35416	SA
ecg35417	SA
ecg35418	SA
ecg35419	SA
ecg35420	SA
ecg35421	SA
ecg35422	SA
ecg35423	SA
ecg35424	SA
ecg35425	SA
ecg35426	SA
ecg35427	SA
ecg35428	SA
ecg35429	SA
ecg35430	SA
ecg35431	SA
ecg35432	SA
ecg35433	SA
ecg35434	SA
ecg35435	SA
ecg35436	SA
ecg35437	SA
ecg35438	SA
ecg35439	SA
ecg35440	SA
ecg35441	SA
ecg35442	SA
ecg35443	SA
ecg35444	SA
ecg35445	SA
ecg35446	SA
ecg35447	SA
ecg35448	SA
ecg35449	SA
ecg35450	SA
ecg35451	SA
ecg35452	SA
ecg35453	SA,LVQRSAL
ecg35454	SA
ecg35455	SA
ecg35456	SA
ecg35457	SA,LVQRSAL
ecg35458	SA
ecg35459	SA
ecg35460	SA
ecg35461	SA
ecg35462	SA
ecg35463	SA
ecg35464	SA
ecg35465	SA
ecg35466	SA
ecg35467	TWC,SA,TWO
ecg35468	QTIE,SA
ecg35469	SA
ecg35470	SA
ecg35471	SA
ecg35472	SA
ecg35473	SA
ecg35474	SA
ecg35475	SA
ecg35476	SA
ecg35477	SA
ecg35478	SA
ecg35479	TWC,SA
ecg35480	SA
ecg35481	SA
ecg35482	SA
ecg35483	BBB,SA
ecg35484	TWC,LVQRSAL,SA
ecg35485	SA
ecg35486	SA
ecg35487	SA
ecg35488	SA
ecg35489	SA
ecg35490	SA
ecg35491	SA
ecg35492	SA
ecg35493	SA
ecg35494	SA
ecg35495	SA
ecg35496	SA
ecg35497	SA
ecg35498	SA
ecg35499	SA
ecg35500	SA
ecg35501	SA
ecg35502	SA
ecg35503	SA
ecg35504	SA
ecg35505	SA
ecg35506	SA
ecg35507	SA
ecg35508	SA
ecg35509	SA
ecg35510	SA
ecg35511	SA
ecg35512	SA
ecg35513	SA
ecg35514	SA
ecg35515	SA
ecg35516	SA
ecg35517	SA
ecg35518	SA
ecg35519	SA
ecg35520	SA
ecg35521	SA
ecg35522	SA
ecg35523	SA
ecg35524	SA
ecg35525	SA
ecg35526	SA
ecg35527	SA
ecg35528	SA
ecg35529	SA
ecg35530	SA
ecg35531	SA
ecg35532	SA
ecg35533	STTU,SA
ecg35534	LVH,SA
ecg35535	SA
ecg35536	SA
ecg35537	SA
ecg35538	SA
ecg35539	SA
ecg35540	SA
ecg35541	SA
ecg35542	SA
ecg35543	SA
ecg35544	SA
ecg35545	SA
ecg35546	SA
ecg35547	SA
ecg35548	SA
ecg35549	SA
ecg35550	SA
ecg35551	SA
ecg35552	SA
ecg35553	LVH,SA
ecg35554	LVH,SA
ecg35555	SA
ecg35556	LVH,SA
ecg35557	SA
ecg35558	SA
ecg35559	SA
ecg35560	TWC,SA,TWO
ecg35561	SA
ecg35562	SA
ecg35563	SA
ecg35564	SA
ecg35565	SA
ecg35566	SA
ecg35567	SA
ecg35568	SA
ecg35569	SA
ecg35570	SA
ecg35571	SA
ecg35572	TWC,SA
ecg35573	SA
ecg35574	SA
ecg35575	SA
ecg35576	SA
ecg35577	SA
ecg35578	SA
ecg35579	SA
ecg35580	SA
ecg35581	SA
ecg35582	SA
ecg35583	SA
ecg35584	SA
ecg35585	SA
ecg35586	LVH,SA
ecg35587	SA
ecg35588	SA
ecg35589	SA
ecg35590	SA
ecg35591	SA
ecg35592	SA
ecg35593	SA
ecg35594	SA
ecg35595	SA
ecg35596	SA
ecg35597	SA
ecg35598	SA
ecg35599	SA
ecg35600	TWC,SA,TWO
ecg35601	SA
ecg35602	SA
ecg35603	LVH,SA
ecg35604	SA
ecg35605	SA
ecg35606	SA
ecg35607	SA
ecg35608	SA
ecg35609	SA
ecg35610	SA
ecg35611	SA
ecg35612	SA
ecg35613	SA
ecg35614	SA
ecg35615	TWO,SA
ecg35616	SA
ecg35617	SA
ecg35618	SA
ecg35619	SA
ecg35620	SA
ecg35621	SA
ecg35622	SA
ecg35623	SA
ecg35624	SA
ecg35625	SA
ecg35626	LVH,SA
ecg35627	SA
ecg35628	SA
ecg35629	SA
ecg35630	AQW,SA,QTIE,LVQRSAL,TWC
ecg35631	SA
ecg35632	SA
ecg35633	SA
ecg35634	SA,LVQRSAL
ecg35635	SA
ecg35636	SA
ecg35637	SA
ecg35638	SA
ecg35639	SA
ecg35640	SA
ecg35641	SA
ecg35642	SA
ecg35643	SA
ecg35644	SA
ecg35645	SA
ecg35646	SA
ecg35647	SA
ecg35648	SA
ecg35649	SA
ecg35650	SA
ecg35651	SA
ecg35652	SA
ecg35653	SA
ecg35654	SA
ecg35655	SA
ecg35656	LVH,SA
ecg35657	SA
ecg35658	SA
ecg35659	SA
ecg35660	SA
ecg35661	SA
ecg35662	SA
ecg35663	SA
ecg35664	SA
ecg35665	SA
ecg35666	SA
ecg35667	SA
ecg35668	SA
ecg35669	SA
ecg35670	SA
ecg35671	SA
ecg35672	SA
ecg35673	SA
ecg35674	SA
ecg35675	SA
ecg35676	SA
ecg35677	SA
ecg35678	SA
ecg35679	SA
ecg35680	SA
ecg35681	SA
ecg35682	SA
ecg35683	SA
ecg35684	SA
ecg35685	SA
ecg35686	SA
ecg35687	SA
ecg35688	SA
ecg35689	SA
ecg35690	SA
ecg35691	SA
ecg35692	SA
ecg35693	SA
ecg35694	SA
ecg35695	SA
ecg35696	SA
ecg35697	SA
ecg35698	SA
ecg35699	SA
ecg35700	SA
ecg35701	SA
ecg35702	LVH,SA,PPW
ecg35703	SA
ecg35704	SA
ecg35705	SA
ecg35706	SA
ecg35707	SA
ecg35708	SA
ecg35709	SA
ecg35710	SA
ecg35711	SA
ecg35712	SA
ecg35713	SA
ecg35714	SA
ecg35715	SA
ecg35716	SA
ecg35717	TWC,SA,TWO
ecg35718	SA
ecg35719	SA
ecg35720	SA
ecg35721	SA
ecg35722	SA
ecg35723	SA
ecg35724	SA
ecg35725	SA
ecg35726	SA
ecg35727	SA
ecg35728	SA
ecg35729	TWC,SA,TWO
ecg35730	SA
ecg35731	TWC,SA
ecg35732	SA
ecg35733	SA
ecg35734	SA
ecg35735	SA
ecg35736	SA
ecg35737	SA
ecg35738	SA
ecg35739	SA
ecg35740	SA
ecg35741	SA
ecg35742	SA
ecg35743	SA
ecg35744	AQW,SA
ecg35745	SA
ecg35746	SA
ecg35747	SA
ecg35748	SA
ecg35749	SA
ecg35750	SA
ecg35751	SA
ecg35752	SA
ecg35753	SA,LVQRSAL
ecg35754	LVH,SA
ecg35755	SA
ecg35756	SA
ecg35757	SA,LVQRSAL
ecg35758	SA
ecg35759	TWC,SA
ecg35760	SA
ecg35761	SA
ecg35762	SA
ecg35763	STC,SA
ecg35764	LVH,SA
ecg35765	SA
ecg35766	LVH,SA
ecg35767	SA
ecg35768	SA
ecg35769	AQW,SR,LAFB,LVH
ecg35770	LAFB,SR
ecg35771	TWO,LAFB,SR,RWC,TWC
ecg35772	LAFB,SR
ecg35773	STTU,SR,LAFB,TWC
ecg35774	LAFB,SR
ecg35775	STTU,SR,LAFB
ecg35776	TWO,SR,LAFB
ecg35777	LAFB,SR
ecg35778	STTU,SR,ERV
ecg35779	ERV,SR
ecg35780	ERV,SR
ecg35781	STTU,SR,ERV
ecg35782	STTU,SR,LVH,ERV
ecg35783	STTU,SR,LVH,ERV
ecg35784	STTU,SR,ERV
ecg35785	STTU,SR,ERV
ecg35786	STTU,SR,ERV
ecg35787	ERV,SR
ecg35788	STTU,SR,LVH,ERV
ecg35789	STTU,SR,ERV
ecg35790	STTU,SR,ERV
ecg35791	STTU,SR,ERV
ecg35792	STTU,SR,ERV
ecg35793	STTU,SR,ERV
ecg35794	AQW,SR,STTU,ERV
ecg35795	STTU,SR,LVH,ERV
ecg35796	STTU,SR,ERV
ecg35797	AQW,SR,STTU,ERV
ecg35798	STTU,SR,ERV
ecg35799	STTU,SR,TWC,ERV
ecg35800	STTU,SR,ERV
ecg35801	STTU,SR,ERV
ecg35802	ERV,SR
ecg35803	ERV,SR
ecg35804	ERV,SR
ecg35805	ERV,SR
ecg35806	PVT,SR
ecg35807	AVD,SR,PVT
ecg35808	UW,SR,PVT
ecg35809	WPW,SR
ecg35810	STC,SR,WPW,LVH
ecg35811	WPW,SR
ecg35812	WPW,SR
ecg35813	WPW,SR
ecg35814	WPW,SR
ecg35815	WPW,SR
ecg35816	WPW,SR
ecg35817	SR
ecg35818	SR
ecg35819	SR
ecg35820	TWC,SR
ecg35821	SR
ecg35822	SR
ecg35823	SR,LVQRSAL
ecg35824	SR
ecg35825	SR
ecg35826	SR
ecg35827	SR
ecg35828	SR
ecg35829	SR
ecg35830	SR
ecg35831	SR
ecg35832	SR
ecg35833	SR
ecg35834	SR
ecg35835	SR
ecg35836	SR
ecg35837	SR
ecg35838	SR
ecg35839	STC,SR
ecg35840	SR
ecg35841	SR
ecg35842	SR
ecg35843	SR
ecg35844	SR
ecg35845	SR
ecg35846	STC,SR,LVH
ecg35847	STC,SR
ecg35848	TWC,SR
ecg35849	SR
ecg35850	SR
ecg35851	SR
ecg35852	SR
ecg35853	SR
ecg35854	SR
ecg35855	SR
ecg35856	SR
ecg35857	SR
ecg35858	SR
ecg35859	SR
ecg35860	SR
ecg35861	SR
ecg35862	SR
ecg35863	AQW,STDD,TWO,SR,STC
ecg35864	AQW,SR
ecg35865	SR
ecg35866	SR
ecg35867	SR
ecg35868	SR
ecg35869	SR
ecg35870	SR
ecg35871	SR
ecg35872	AQW,SR,STC
ecg35873	TWC,SR
ecg35874	SR
ecg35875	SR
ecg35876	SR
ecg35877	SR
ecg35878	SR
ecg35879	TWC,SR,TWO
ecg35880	SR
ecg35881	STC,SR,LVH
ecg35882	TWC,SR,LVH
ecg35883	SR
ecg35884	SR
ecg35885	SR
ecg35886	SR
ecg35887	SR,LVQRSAL
ecg35888	SR
ecg35889	SR
ecg35890	SR
ecg35891	LVH,SR
ecg35892	SR
ecg35893	SR
ecg35894	SR
ecg35895	SR
ecg35896	TWC,SR
ecg35897	STC,SR
ecg35898	SR
ecg35899	SR
ecg35900	STDD,TWO,SR,LVH,STC
ecg35901	SR
ecg35902	AQW,STTU,TWO,SR,TWC
ecg35903	SR
ecg35904	SR
ecg35905	LVH,SR
ecg35906	SR
ecg35907	SR
ecg35908	SR
ecg35909	STC,SR
ecg35910	SR
ecg35911	SR
ecg35912	SR
ecg35913	SR
ecg35914	LVH,SR
ecg35915	SR
ecg35916	SR
ecg35917	SR
ecg35918	SR
ecg35919	SR
ecg35920	SR
ecg35921	SR
ecg35922	SR
ecg35923	TWC,SR
ecg35924	SR
ecg35925	SR
ecg35926	TWC,SR
ecg35927	SR
ecg35928	STC,SR
ecg35929	SR
ecg35930	TWC,SR
ecg35931	STC,SR
ecg35932	STDD,TWO,SR,PPW,LVH,STC
ecg35933	SR
ecg35934	SR
ecg35935	SR
ecg35936	SR
ecg35937	TWC,SR
ecg35938	TWC,SR
ecg35939	SR
ecg35940	SR
ecg35941	SR
ecg35942	SR
ecg35943	SR
ecg35944	LVH,SR
ecg35945	SR
ecg35946	SR
ecg35947	SR
ecg35948	SR
ecg35949	SR
ecg35950	SR
ecg35951	SR
ecg35952	SR
ecg35953	SR
ecg35954	AQW,SR
ecg35955	STDD,LVH,TWO,SR,TWC,STC
ecg35956	SR
ecg35957	SR
ecg35958	SR
ecg35959	SR
ecg35960	SR
ecg35961	SR
ecg35962	SR
ecg35963	SR
ecg35964	SR
ecg35965	SR
ecg35966	SR
ecg35967	SR
ecg35968	AQW,SR,TWO
ecg35969	SR
ecg35970	SR
ecg35971	SR
ecg35972	SR
ecg35973	TWC,SR,TWO
ecg35974	SR
ecg35975	SR
ecg35976	SR
ecg35977	SR
ecg35978	STC,SR
ecg35979	SR
ecg35980	SR
ecg35981	SR
ecg35982	SR
ecg35983	TWC,SR
ecg35984	SR
ecg35985	SR
ecg35986	SR
ecg35987	SR
ecg35988	SR
ecg35989	TWC,SR
ecg35990	SR
ecg35991	SR
ecg35992	TWC,SR
ecg35993	SR
ecg35994	SR
ecg35995	SR
ecg35996	SR
ecg35997	SR
ecg35998	SR
ecg35999	SR
ecg36000	SR
ecg36001	SR
ecg36002	SR
ecg36003	TWC,SR
ecg36004	SR
ecg36005	SR
ecg36006	SR
ecg36007	SR
ecg36008	SR
ecg36009	SR
ecg36010	SR
ecg36011	SR
ecg36012	TWC,SR
ecg36013	SR
ecg36014	SR
ecg36015	SR
ecg36016	TWC,SR
ecg36017	STC,SR
ecg36018	SR
ecg36019	SR
ecg36020	SR
ecg36021	SR
ecg36022	TWC,SR
ecg36023	TWC,SR
ecg36024	SR
ecg36025	SR
ecg36026	STC,SR
ecg36027	SR
ecg36028	SR
ecg36029	SR
ecg36030	SR
ecg36031	SR
ecg36032	SR
ecg36033	SR
ecg36034	SR
ecg36035	SR
ecg36036	SR
ecg36037	TWC,SR
ecg36038	SR
ecg36039	STC,SR,LVH
ecg36040	LVH,SR
ecg36041	SR
ecg36042	TWC,SR
ecg36043	SR
ecg36044	TWC,SR
ecg36045	STC,SR
ecg36046	SR
ecg36047	SR
ecg36048	LVH,SR
ecg36049	SR
ecg36050	SR
ecg36051	SR
ecg36052	SR
ecg36053	SR
ecg36054	STC,SR
ecg36055	SR
ecg36056	LVH,SR
ecg36057	SR
ecg36058	SR
ecg36059	STC,SR
ecg36060	SR
ecg36061	TWC,SR
ecg36062	TWC,SR
ecg36063	UW,SR
ecg36064	SR
ecg36065	STDD,TWO,SR,LVH,STC
ecg36066	TWC,SR
ecg36067	SR
ecg36068	SR
ecg36069	SR
ecg36070	TWC,SR
ecg36071	TWO,SR,RWC,LVH
ecg36072	SR
ecg36073	SR
ecg36074	SR
ecg36075	SR
ecg36076	SR
ecg36077	SR
ecg36078	SR
ecg36079	SR
ecg36080	SR
ecg36081	TWO,SR
ecg36082	SR
ecg36083	SR
ecg36084	SR
ecg36085	SR
ecg36086	TWC,SR,TWO
ecg36087	SR
ecg36088	SR
ecg36089	SR
ecg36090	SR
ecg36091	SR
ecg36092	TWC,SR
ecg36093	SR
ecg36094	SR
ecg36095	SR
ecg36096	SR
ecg36097	SR
ecg36098	SR
ecg36099	SR
ecg36100	SR
ecg36101	STC,SR,SPRI
ecg36102	SR
ecg36103	TWC,SR
ecg36104	SR
ecg36105	SR
ecg36106	STDD,TWO,SR,RWC,STC,TWC
ecg36107	SR
ecg36108	SR
ecg36109	SR
ecg36110	TWC,SR
ecg36111	LVH,SR,RWC
ecg36112	SR
ecg36113	TWC,SR
ecg36114	SR
ecg36115	SR
ecg36116	SR
ecg36117	SR
ecg36118	SR
ecg36119	SR
ecg36120	SR
ecg36121	STC,SR
ecg36122	SR
ecg36123	SR
ecg36124	TWC,SR
ecg36125	STC,SR
ecg36126	SR
ecg36127	SR,TPW
ecg36128	SR
ecg36129	SR
ecg36130	SR
ecg36131	SR
ecg36132	STC,SR
ecg36133	SR
ecg36134	SR
ecg36135	SR
ecg36136	SR
ecg36137	SR
ecg36138	TWC,SR
ecg36139	SR
ecg36140	SR
ecg36141	SR
ecg36142	SR
ecg36143	SR
ecg36144	SR
ecg36145	SR
ecg36146	SR
ecg36147	LVH,SR
ecg36148	SR
ecg36149	TWC,SR
ecg36150	SR
ecg36151	SR
ecg36152	SR
ecg36153	SR
ecg36154	TWC,SR,LVH
ecg36155	SR
ecg36156	SR
ecg36157	TWC,SR,LVH,TWO
ecg36158	SR
ecg36159	SR
ecg36160	SR
ecg36161	SR
ecg36162	STC,SR
ecg36163	SR
ecg36164	SR
ecg36165	SR
ecg36166	SR
ecg36167	SR
ecg36168	TWC,SR
ecg36169	SR
ecg36170	TWC,SR,RWC
ecg36171	SR
ecg36172	SR
ecg36173	SR,RWC
ecg36174	SR
ecg36175	SR
ecg36176	SR
ecg36177	STDD,SR,STC,TWO
ecg36178	SR
ecg36179	SR
ecg36180	SR
ecg36181	SR
ecg36182	SR
ecg36183	SR
ecg36184	SR
ecg36185	SR
ecg36186	SR
ecg36187	TWC,SR
ecg36188	STC,SR
ecg36189	SR
ecg36190	SR
ecg36191	SR
ecg36192	SR
ecg36193	SR
ecg36194	TWC,SR,TWO
ecg36195	SR
ecg36196	SR
ecg36197	SR
ecg36198	TWC,SR,TWO
ecg36199	TWC,SR
ecg36200	SR
ecg36201	SR,RWC,TPW
ecg36202	SR
ecg36203	SR
ecg36204	STDD,TWO,SR,LVH,STC
ecg36205	SR
ecg36206	SR
ecg36207	SR
ecg36208	SR
ecg36209	SR
ecg36210	STC,SR,LVH
ecg36211	LVH,SR
ecg36212	SR
ecg36213	SR
ecg36214	SR
ecg36215	SR
ecg36216	SR
ecg36217	SR
ecg36218	SR
ecg36219	AQW,SR,TWO
ecg36220	SR
ecg36221	SR
ecg36222	SR
ecg36223	SR
ecg36224	SR
ecg36225	SR
ecg36226	SR
ecg36227	SR
ecg36228	STC,SR
ecg36229	SR
ecg36230	SR,LVQRSAL
ecg36231	SR
ecg36232	SR
ecg36233	SR
ecg36234	SR
ecg36235	SR
ecg36236	SR
ecg36237	SR
ecg36238	STC,SR
ecg36239	SR
ecg36240	SR
ecg36241	SR
ecg36242	SR
ecg36243	SR
ecg36244	SR
ecg36245	SR
ecg36246	SR
ecg36247	LVH,SR
ecg36248	SR
ecg36249	SR
ecg36250	TWC,SR
ecg36251	SR
ecg36252	SR
ecg36253	SR
ecg36254	SR
ecg36255	SR
ecg36256	SR
ecg36257	SR
ecg36258	SR
ecg36259	SR
ecg36260	SR
ecg36261	SR
ecg36262	SR
ecg36263	SR
ecg36264	SR
ecg36265	SR
ecg36266	SR
ecg36267	SR
ecg36268	SR
ecg36269	TWC,SR
ecg36270	SR
ecg36271	SR
ecg36272	SR
ecg36273	SR
ecg36274	LVH,SR
ecg36275	SR
ecg36276	SR
ecg36277	SR
ecg36278	SR
ecg36279	SR
ecg36280	SR
ecg36281	SR
ecg36282	SR
ecg36283	SR
ecg36284	SR
ecg36285	SR
ecg36286	SR
ecg36287	SR
ecg36288	SR
ecg36289	SR
ecg36290	SR
ecg36291	SR
ecg36292	SR
ecg36293	SR
ecg36294	SR
ecg36295	SR
ecg36296	SR
ecg36297	SR
ecg36298	SR
ecg36299	SR
ecg36300	SR
ecg36301	SR
ecg36302	SR
ecg36303	SR
ecg36304	SR
ecg36305	LVH,SR
ecg36306	SR
ecg36307	SR
ecg36308	SR
ecg36309	SR
ecg36310	SR
ecg36311	SR
ecg36312	SR
ecg36313	SR
ecg36314	SR
ecg36315	SR
ecg36316	SR
ecg36317	SR
ecg36318	SR
ecg36319	TWC,SR
ecg36320	SR
ecg36321	SR
ecg36322	SR
ecg36323	SR
ecg36324	SR
ecg36325	SR
ecg36326	SR
ecg36327	SR
ecg36328	SR
ecg36329	SR
ecg36330	SR
ecg36331	SR
ecg36332	STC,SR
ecg36333	SR
ecg36334	SR
ecg36335	STDD,SR
ecg36336	SR
ecg36337	SR
ecg36338	SR
ecg36339	SR
ecg36340	SR
ecg36341	SR
ecg36342	SR
ecg36343	STDD,SR,STC,TWO
ecg36344	SR
ecg36345	SR
ecg36346	SR
ecg36347	SR
ecg36348	SR
ecg36349	STDD,SR
ecg36350	SR
ecg36351	TWO,SR
ecg36352	LVH,SR
ecg36353	SR
ecg36354	TWC,SR,TWO
ecg36355	SR
ecg36356	SR
ecg36357	SR
ecg36358	SR
ecg36359	SR
ecg36360	SR
ecg36361	SR
ecg36362	SR
ecg36363	SR
ecg36364	SR
ecg36365	SR
ecg36366	SR
ecg36367	SR
ecg36368	SR
ecg36369	LVH,SR
ecg36370	SR
ecg36371	SR
ecg36372	SR
ecg36373	SR
ecg36374	SR
ecg36375	TWC,SR
ecg36376	SR
ecg36377	SR
ecg36378	SR
ecg36379	SR
ecg36380	SR
ecg36381	SR
ecg36382	TWC,SR,TWO
ecg36383	SR
ecg36384	SR
ecg36385	SR
ecg36386	SR
ecg36387	SR
ecg36388	SR
ecg36389	SR
ecg36390	SR
ecg36391	SR,RWC
ecg36392	SR
ecg36393	SR
ecg36394	SR
ecg36395	SR
ecg36396	TWO,SR
ecg36397	SR
ecg36398	SR,LVQRSAL
ecg36399	SR
ecg36400	SR
ecg36401	LVH,SR
ecg36402	SR
ecg36403	SR
ecg36404	SR
ecg36405	SR
ecg36406	SR
ecg36407	LVH,SR
ecg36408	SR
ecg36409	SR
ecg36410	SR
ecg36411	SR
ecg36412	SR
ecg36413	SR
ecg36414	SR
ecg36415	SR
ecg36416	SR
ecg36417	SR
ecg36418	SR
ecg36419	TWC,SR
ecg36420	TWC,SR
ecg36421	SR
ecg36422	SR
ecg36423	SR
ecg36424	LVH,SR
ecg36425	SR
ecg36426	SR
ecg36427	SR
ecg36428	SR
ecg36429	SR
ecg36430	SR
ecg36431	SR
ecg36432	SR
ecg36433	SR
ecg36434	SR
ecg36435	SR
ecg36436	SR
ecg36437	SR
ecg36438	SR
ecg36439	TWC,SR
ecg36440	SR
ecg36441	SR
ecg36442	SR
ecg36443	SR
ecg36444	SR
ecg36445	SR
ecg36446	SR
ecg36447	SR
ecg36448	TWC,SR
ecg36449	TWC,SR
ecg36450	SR
ecg36451	SR
ecg36452	SR
ecg36453	SR
ecg36454	SR
ecg36455	SR
ecg36456	SR
ecg36457	SR
ecg36458	SR
ecg36459	SR
ecg36460	SR
ecg36461	TWC,SR
ecg36462	SR
ecg36463	SR
ecg36464	LVH,SR
ecg36465	SR
ecg36466	SR
ecg36467	SR
ecg36468	SR
ecg36469	SR
ecg36470	SR,RWC
ecg36471	SR
ecg36472	SR
ecg36473	SR
ecg36474	SR
ecg36475	SR
ecg36476	SR
ecg36477	SR
ecg36478	SR
ecg36479	SR
ecg36480	SR
ecg36481	SR
ecg36482	TWC,SR
ecg36483	SR
ecg36484	SR
ecg36485	STDD,SR,STC,TWO
ecg36486	TWC,SR,LVH
ecg36487	SR
ecg36488	TWC,SR,LVH
ecg36489	SR
ecg36490	STDD,SR,STC,TWO
ecg36491	AQW,SR
ecg36492	SR
ecg36493	SR
ecg36494	SR
ecg36495	SR
ecg36496	SR
ecg36497	SR
ecg36498	SR
ecg36499	SR
ecg36500	SR
ecg36501	SR
ecg36502	STC,SR
ecg36503	SR
ecg36504	TWC,SR,TWO
ecg36505	SR
ecg36506	SR
ecg36507	SR
ecg36508	SR
ecg36509	SR
ecg36510	SR
ecg36511	SR
ecg36512	SR
ecg36513	SR
ecg36514	TWC,SR,TWO
ecg36515	SR
ecg36516	SR
ecg36517	SR
ecg36518	SR
ecg36519	SR
ecg36520	SR
ecg36521	SR
ecg36522	SR
ecg36523	SR
ecg36524	SR
ecg36525	SR
ecg36526	SR
ecg36527	SR
ecg36528	SR
ecg36529	SR
ecg36530	SR
ecg36531	SR
ecg36532	SR
ecg36533	SR
ecg36534	SR
ecg36535	SR
ecg36536	SR
ecg36537	SR
ecg36538	SR
ecg36539	SR
ecg36540	STC,SR
ecg36541	SR,PPW
ecg36542	STC,SR
ecg36543	LVH,SR
ecg36544	SR
ecg36545	SR
ecg36546	SR
ecg36547	SR
ecg36548	SR
ecg36549	SR
ecg36550	SR
ecg36551	SR
ecg36552	SR
ecg36553	SR
ecg36554	STC,SR
ecg36555	TWO,SR
ecg36556	SR
ecg36557	SR
ecg36558	SR
ecg36559	STDD,TWO,SR,LVH,STC
ecg36560	SR
ecg36561	SR
ecg36562	SR
ecg36563	STC,SR
ecg36564	SR
ecg36565	SR
ecg36566	LVH,SR
ecg36567	SR
ecg36568	STC,SR
ecg36569	SR
ecg36570	SR
ecg36571	STC,SR
ecg36572	SR
ecg36573	SR
ecg36574	TWC,SR
ecg36575	SR
ecg36576	SR
ecg36577	SR
ecg36578	SR
ecg36579	SR
ecg36580	SR
ecg36581	SR
ecg36582	SR
ecg36583	SR
ecg36584	SR
ecg36585	SR
ecg36586	SR
ecg36587	SR
ecg36588	SR
ecg36589	SR
ecg36590	SR
ecg36591	SR
ecg36592	SR
ecg36593	SR
ecg36594	SR
ecg36595	SR
ecg36596	TWC,SR
ecg36597	SR
ecg36598	SR
ecg36599	SR
ecg36600	SR
ecg36601	SR
ecg36602	SR
ecg36603	SR
ecg36604	SR
ecg36605	SR
ecg36606	SR
ecg36607	SR
ecg36608	SR
ecg36609	SR
ecg36610	SR
ecg36611	SR
ecg36612	SR
ecg36613	SR
ecg36614	SR
ecg36615	SR
ecg36616	STDD,SR,STC,TWO
ecg36617	SR
ecg36618	SR
ecg36619	SR
ecg36620	SR
ecg36621	SR
ecg36622	SR
ecg36623	SR
ecg36624	SR
ecg36625	SR
ecg36626	SR
ecg36627	SR
ecg36628	SR
ecg36629	SR
ecg36630	SR
ecg36631	SR
ecg36632	TWC,SR,QTIE
ecg36633	SR
ecg36634	SR
ecg36635	SR
ecg36636	SR
ecg36637	SR
ecg36638	SR
ecg36639	SR
ecg36640	SR
ecg36641	SR
ecg36642	SR
ecg36643	SR
ecg36644	SR
ecg36645	SR
ecg36646	SR
ecg36647	SR
ecg36648	SR
ecg36649	SR
ecg36650	TWC,SR
ecg36651	SR
ecg36652	SR
ecg36653	STDD,TWO,LAH,SR,RAH,LVH,STC
ecg36654	SR
ecg36655	SR
ecg36656	SR
ecg36657	SR
ecg36658	SR
ecg36659	SR
ecg36660	SR
ecg36661	TWC,SR,LVH
ecg36662	SR
ecg36663	SR
ecg36664	SR
ecg36665	SR
ecg36666	SR
ecg36667	SR
ecg36668	SR
ecg36669	SR
ecg36670	SR
ecg36671	SR
ecg36672	SR
ecg36673	SR
ecg36674	SR
ecg36675	SR
ecg36676	SR
ecg36677	SR
ecg36678	SR
ecg36679	TWC,SR
ecg36680	SR
ecg36681	SR
ecg36682	STC,SR
ecg36683	SR
ecg36684	SR
ecg36685	SR
ecg36686	SR
ecg36687	SR
ecg36688	SR
ecg36689	TWC,SR
ecg36690	SR
ecg36691	SR
ecg36692	SR
ecg36693	SR
ecg36694	SR
ecg36695	SR
ecg36696	TWC,SR
ecg36697	SR
ecg36698	SR
ecg36699	TWC,SR
ecg36700	SR
ecg36701	SR
ecg36702	SR
ecg36703	SR
ecg36704	SR
ecg36705	SR
ecg36706	SR
ecg36707	SR
ecg36708	SR
ecg36709	SR
ecg36710	SR
ecg36711	SR
ecg36712	SR
ecg36713	SR
ecg36714	SR
ecg36715	SR
ecg36716	SR
ecg36717	SR
ecg36718	SR
ecg36719	SR
ecg36720	SR
ecg36721	SR
ecg36722	SR
ecg36723	SR
ecg36724	SR
ecg36725	SR
ecg36726	LVH,SR
ecg36727	SR
ecg36728	TWC,SR
ecg36729	SR
ecg36730	SR
ecg36731	SR
ecg36732	SR
ecg36733	SR
ecg36734	SR
ecg36735	SR
ecg36736	SR
ecg36737	SR
ecg36738	TWC,SR
ecg36739	SR
ecg36740	SR
ecg36741	SR
ecg36742	SR
ecg36743	SR,RWC
ecg36744	TWC,SR
ecg36745	SR
ecg36746	SR
ecg36747	SR
ecg36748	SR
ecg36749	SR
ecg36750	TWO,SR
ecg36751	SR
ecg36752	SR
ecg36753	SR
ecg36754	SR
ecg36755	SR
ecg36756	SR
ecg36757	SR
ecg36758	LVH,SR
ecg36759	SR
ecg36760	SR
ecg36761	SR
ecg36762	SR
ecg36763	STC,SR
ecg36764	SR
ecg36765	SR
ecg36766	LVH,SR
ecg36767	TWC,SR
ecg36768	SR
ecg36769	TWC,SR
ecg36770	TWC,SR
ecg36771	SR
ecg36772	SR
ecg36773	SR
ecg36774	SR
ecg36775	STC,SR,LVH
ecg36776	SR
ecg36777	SR
ecg36778	STC,SR
ecg36779	TWO,SR
ecg36780	SR
ecg36781	LVH,SR
ecg36782	SR
ecg36783	SR
ecg36784	SR
ecg36785	SR
ecg36786	SR
ecg36787	SR
ecg36788	SR
ecg36789	SR
ecg36790	SR
ecg36791	SR
ecg36792	SR
ecg36793	SR
ecg36794	SR
ecg36795	LVH,SR
ecg36796	TWC,SR,LVH
ecg36797	LVH,SR
ecg36798	SR
ecg36799	SR
ecg36800	SR
ecg36801	SR
ecg36802	SR
ecg36803	SR
ecg36804	SR
ecg36805	SR
ecg36806	SR
ecg36807	STC,SR
ecg36808	SR
ecg36809	SR
ecg36810	STC,SR
ecg36811	TWC,SR
ecg36812	SR
ecg36813	SR
ecg36814	SR
ecg36815	SR
ecg36816	SR
ecg36817	SR
ecg36818	SR
ecg36819	TWC,SR
ecg36820	SR
ecg36821	SR
ecg36822	SR
ecg36823	SR
ecg36824	SR
ecg36825	SR
ecg36826	SR
ecg36827	SR
ecg36828	SR
ecg36829	SR
ecg36830	SR
ecg36831	SR,RWC
ecg36832	SR
ecg36833	SR
ecg36834	AQW,SR,TWC
ecg36835	SR
ecg36836	SR
ecg36837	SR
ecg36838	SR
ecg36839	SR
ecg36840	STC,SR
ecg36841	SR
ecg36842	SR
ecg36843	SR
ecg36844	SR
ecg36845	SR
ecg36846	SR
ecg36847	TWC,SR
ecg36848	SR
ecg36849	SR
ecg36850	SR
ecg36851	SR
ecg36852	SR
ecg36853	TWC,SR,LVH
ecg36854	SR
ecg36855	SR
ecg36856	SR
ecg36857	STC,SR
ecg36858	SR
ecg36859	SR
ecg36860	STC,SR,LVH
ecg36861	SR
ecg36862	SR
ecg36863	SR
ecg36864	SR
ecg36865	SR
ecg36866	SR
ecg36867	SR
ecg36868	SR
ecg36869	SR
ecg36870	SR
ecg36871	SR
ecg36872	STC,SR
ecg36873	SR
ecg36874	TWC,SR,LVH
ecg36875	SR
ecg36876	SR
ecg36877	SR
ecg36878	SR
ecg36879	SR
ecg36880	SR
ecg36881	SR
ecg36882	SR
ecg36883	SR
ecg36884	STC,SR,LVH
ecg36885	SR
ecg36886	SR
ecg36887	SR
ecg36888	LVH,SR
ecg36889	SR
ecg36890	SR
ecg36891	SR
ecg36892	LVH,SR
ecg36893	TWC,SR,LVH
ecg36894	TWC,SR
ecg36895	SR
ecg36896	TWC,SR
ecg36897	SR
ecg36898	SR
ecg36899	SR
ecg36900	SR
ecg36901	SR
ecg36902	SR
ecg36903	SR,LVQRSAL
ecg36904	SR
ecg36905	SR
ecg36906	LVH,SR
ecg36907	SR
ecg36908	SR
ecg36909	SR
ecg36910	SR
ecg36911	SR
ecg36912	SR
ecg36913	TWC,SR,STDD,LVH
ecg36914	SR
ecg36915	SR
ecg36916	TWC,SR
ecg36917	SR
ecg36918	SR
ecg36919	SR
ecg36920	SR
ecg36921	AQW,SR,STTU,TWO
ecg36922	SR
ecg36923	SR
ecg36924	SR
ecg36925	STC,SR
ecg36926	SR
ecg36927	SR
ecg36928	SR
ecg36929	SR
ecg36930	SR
ecg36931	SR
ecg36932	SR
ecg36933	SR
ecg36934	SR
ecg36935	SR
ecg36936	SR
ecg36937	SR
ecg36938	SR
ecg36939	SR
ecg36940	SR
ecg36941	SR
ecg36942	SR
ecg36943	SR
ecg36944	SR
ecg36945	TWC,SR
ecg36946	SR
ecg36947	SR
ecg36948	SR
ecg36949	SR
ecg36950	SR
ecg36951	SR
ecg36952	SR
ecg36953	SR
ecg36954	STC,SR
ecg36955	SR
ecg36956	LVH,SR
ecg36957	SR
ecg36958	SR
ecg36959	STC,SR
ecg36960	SR
ecg36961	SR
ecg36962	SR
ecg36963	LVH,SR
ecg36964	SR
ecg36965	SR
ecg36966	SR
ecg36967	TWC,SR
ecg36968	SR
ecg36969	SR
ecg36970	SR
ecg36971	SR
ecg36972	SR
ecg36973	STTU,SR,ERV
ecg36974	SR
ecg36975	SR
ecg36976	SR
ecg36977	STDD,SR,LVH,TWO
ecg36978	SR
ecg36979	STC,SR
ecg36980	SR
ecg36981	SR
ecg36982	SR
ecg36983	SR,TPW
ecg36984	SR
ecg36985	SR
ecg36986	SR
ecg36987	SR,LVQRSAL
ecg36988	SR
ecg36989	STC,SR
ecg36990	TWC,SR,LVH,TWO
ecg36991	SR
ecg36992	SR
ecg36993	SR
ecg36994	SR
ecg36995	SR
ecg36996	SR
ecg36997	SR
ecg36998	SR
ecg36999	SR
ecg37000	STC,SR
ecg37001	SR
ecg37002	SR
ecg37003	SR
ecg37004	SR
ecg37005	SR
ecg37006	STDD,TWO,SR,LVH,STC
ecg37007	STDD,TWO,SR,LVH,STC
ecg37008	SR
ecg37009	SR
ecg37010	SR
ecg37011	TWC,SR
ecg37012	SR
ecg37013	SR
ecg37014	SR
ecg37015	SR
ecg37016	SR
ecg37017	SR
ecg37018	SR
ecg37019	SR
ecg37020	SR
ecg37021	SR
ecg37022	SR
ecg37023	SR
ecg37024	SR
ecg37025	SR
ecg37026	SR
ecg37027	TWC,SR
ecg37028	SR
ecg37029	SR
ecg37030	SR
ecg37031	SR
ecg37032	SR
ecg37033	SR
ecg37034	TWC,SR
ecg37035	SR
ecg37036	SR
ecg37037	SR
ecg37038	SR
ecg37039	SR
ecg37040	SR
ecg37041	SR
ecg37042	SR
ecg37043	SR
ecg37044	STC,SR,LVH
ecg37045	SR
ecg37046	SR
ecg37047	SR
ecg37048	STC,SR
ecg37049	SR
ecg37050	SR
ecg37051	SR
ecg37052	LVH,SR
ecg37053	SR
ecg37054	SR
ecg37055	SR
ecg37056	SR
ecg37057	SR
ecg37058	SR
ecg37059	SR
ecg37060	SR
ecg37061	SR
ecg37062	SR
ecg37063	SR
ecg37064	SR
ecg37065	SR
ecg37066	SR
ecg37067	SR
ecg37068	SR
ecg37069	SR
ecg37070	SR
ecg37071	SR
ecg37072	SR
ecg37073	SR
ecg37074	SR
ecg37075	SR
ecg37076	LVH,SR,PPW
ecg37077	SR
ecg37078	SR
ecg37079	SR
ecg37080	SR
ecg37081	SR
ecg37082	SR
ecg37083	LVH,SR
ecg37084	SR
ecg37085	SR
ecg37086	SR
ecg37087	SR
ecg37088	SR
ecg37089	SR
ecg37090	SR
ecg37091	SR
ecg37092	SR
ecg37093	SR
ecg37094	SR
ecg37095	SR
ecg37096	SR
ecg37097	SR
ecg37098	SR
ecg37099	SR
ecg37100	SR
ecg37101	SR
ecg37102	STC,SR
ecg37103	STC,SR
ecg37104	SR
ecg37105	SR
ecg37106	SR
ecg37107	SR
ecg37108	SR
ecg37109	SR
ecg37110	SR
ecg37111	TWC,SR
ecg37112	SR
ecg37113	SR
ecg37114	SR
ecg37115	STC,SR,LVH
ecg37116	TWC,SR
ecg37117	TWC,SR
ecg37118	SR
ecg37119	SR
ecg37120	SR
ecg37121	STC,SR
ecg37122	SR
ecg37123	TWC,SR
ecg37124	SR
ecg37125	SR
ecg37126	SR
ecg37127	SR
ecg37128	SR
ecg37129	SR
ecg37130	SR
ecg37131	LVH,SR
ecg37132	SR
ecg37133	SR
ecg37134	SR
ecg37135	SR
ecg37136	TWC,SR,TWO
ecg37137	SR
ecg37138	SR
ecg37139	SR
ecg37140	SR
ecg37141	SR
ecg37142	SR
ecg37143	SR
ecg37144	SR
ecg37145	SR
ecg37146	SR
ecg37147	SR
ecg37148	SR
ecg37149	SR
ecg37150	SR
ecg37151	STC,SR
ecg37152	SR
ecg37153	SR
ecg37154	SR
ecg37155	SR
ecg37156	SR
ecg37157	SR
ecg37158	SR
ecg37159	SR
ecg37160	SR
ecg37161	SR
ecg37162	SR
ecg37163	SR
ecg37164	SR
ecg37165	SR
ecg37166	SR
ecg37167	SR
ecg37168	TWC,SR
ecg37169	SR
ecg37170	SR
ecg37171	SR
ecg37172	SR
ecg37173	SR
ecg37174	SR
ecg37175	SR
ecg37176	TWO,SR
ecg37177	SR
ecg37178	SR
ecg37179	SR
ecg37180	SR
ecg37181	SR
ecg37182	TWC,SR
ecg37183	SR
ecg37184	SR
ecg37185	SR
ecg37186	SR
ecg37187	SR
ecg37188	SR
ecg37189	SR
ecg37190	SR
ecg37191	SR
ecg37192	SR
ecg37193	SR
ecg37194	TWC,SR
ecg37195	SR
ecg37196	SR
ecg37197	SR
ecg37198	SR,LVQRSAL
ecg37199	TWC,SR
ecg37200	SR
ecg37201	SR
ecg37202	SR
ecg37203	SR
ecg37204	SR
ecg37205	SR
ecg37206	SR
ecg37207	SR
ecg37208	SR
ecg37209	SR
ecg37210	STC,SR
ecg37211	SR
ecg37212	SR
ecg37213	SR
ecg37214	SR
ecg37215	SR
ecg37216	SR
ecg37217	SR
ecg37218	SR
ecg37219	SR
ecg37220	SR
ecg37221	SR
ecg37222	SR
ecg37223	SR
ecg37224	SR
ecg37225	SR
ecg37226	SR
ecg37227	SR
ecg37228	SR
ecg37229	SR
ecg37230	STC,SR
ecg37231	SR
ecg37232	TWC,SR
ecg37233	SR
ecg37234	SR
ecg37235	SR
ecg37236	SR
ecg37237	SR
ecg37238	SR
ecg37239	SR
ecg37240	TWC,SR
ecg37241	SR
ecg37242	LVH,SR
ecg37243	SR
ecg37244	SR
ecg37245	TWC,SR,LVH
ecg37246	SR
ecg37247	SR
ecg37248	SR
ecg37249	SR
ecg37250	SR
ecg37251	SR
ecg37252	SR
ecg37253	SR
ecg37254	SR
ecg37255	SR
ecg37256	SR
ecg37257	STC,SR
ecg37258	SR
ecg37259	SR
ecg37260	SR
ecg37261	LVH,SR
ecg37262	TWC,SR,TWO
ecg37263	SR
ecg37264	SR
ecg37265	LVH,SR
ecg37266	SR
ecg37267	SR
ecg37268	SR
ecg37269	SR
ecg37270	SR
ecg37271	SR
ecg37272	SR
ecg37273	SR
ecg37274	SR
ecg37275	SR
ecg37276	TWC,SR
ecg37277	SR
ecg37278	SR
ecg37279	SR
ecg37280	SR
ecg37281	SR
ecg37282	SR
ecg37283	SR
ecg37284	SR
ecg37285	SR
ecg37286	SR
ecg37287	AQW,SR,TWC
ecg37288	TWC,SR
ecg37289	SR
ecg37290	LVH,SR
ecg37291	SR
ecg37292	SR
ecg37293	STDD,SR,STC,TWO
ecg37294	SR
ecg37295	SR
ecg37296	SR
ecg37297	SR
ecg37298	SR
ecg37299	TWC,SR
ecg37300	SR
ecg37301	SR
ecg37302	SR
ecg37303	SR
ecg37304	SR
ecg37305	SR
ecg37306	SR
ecg37307	SR
ecg37308	SR
ecg37309	SR
ecg37310	SR
ecg37311	SR
ecg37312	SR
ecg37313	TWC,SR
ecg37314	LVH,SR
ecg37315	SR
ecg37316	SR
ecg37317	SR
ecg37318	SR
ecg37319	SR
ecg37320	LVH,SR
ecg37321	SR
ecg37322	SR
ecg37323	SR
ecg37324	AQW,SR
ecg37325	SR
ecg37326	SR
ecg37327	SR
ecg37328	SR
ecg37329	SR
ecg37330	SR
ecg37331	SR
ecg37332	STC,SR,LVH
ecg37333	SR
ecg37334	SR
ecg37335	SR
ecg37336	SR
ecg37337	SR
ecg37338	SR
ecg37339	SR
ecg37340	SR
ecg37341	SR
ecg37342	TWC,SR
ecg37343	SR
ecg37344	SR
ecg37345	SR
ecg37346	SR
ecg37347	SR
ecg37348	SR,LVQRSAL
ecg37349	SR
ecg37350	STC,SR
ecg37351	SR
ecg37352	SR
ecg37353	SR
ecg37354	SR
ecg37355	TWC,SR,LVH
ecg37356	AQW,SR,TWC,TWO
ecg37357	TWC,SR
ecg37358	SR
ecg37359	SR
ecg37360	SR
ecg37361	SR
ecg37362	STTU,SR,LVH
ecg37363	STTU,SR,LVH
ecg37364	SR
ecg37365	SR
ecg37366	SR
ecg37367	SR
ecg37368	SR
ecg37369	SR
ecg37370	SR
ecg37371	SR
ecg37372	SR
ecg37373	SR
ecg37374	SR
ecg37375	SR
ecg37376	SR
ecg37377	SR
ecg37378	SR
ecg37379	SR
ecg37380	SR
ecg37381	SR
ecg37382	SR
ecg37383	SR
ecg37384	SR
ecg37385	SR
ecg37386	SR
ecg37387	SR
ecg37388	SR
ecg37389	SR
ecg37390	SR
ecg37391	SR
ecg37392	AQW,SR,STTU
ecg37393	SR
ecg37394	SR
ecg37395	SR
ecg37396	SR
ecg37397	TWC,SR
ecg37398	SR
ecg37399	STC,SR
ecg37400	SR
ecg37401	SR
ecg37402	SR
ecg37403	SR
ecg37404	SR
ecg37405	TWO,SR
ecg37406	TWO,SR
ecg37407	SR
ecg37408	SR
ecg37409	SR
ecg37410	SR
ecg37411	SR
ecg37412	SR
ecg37413	SR
ecg37414	SR
ecg37415	SR
ecg37416	SR
ecg37417	SR
ecg37418	SR
ecg37419	TWC,SR,LVQRSAL
ecg37420	SR
ecg37421	SR
ecg37422	TWC,SR,LVH
ecg37423	TWC,SR,LVH
ecg37424	SR
ecg37425	SR
ecg37426	SR
ecg37427	STC,SR,LVH
ecg37428	SR
ecg37429	SR
ecg37430	SR
ecg37431	SR
ecg37432	SR
ecg37433	SR
ecg37434	SR
ecg37435	SR
ecg37436	SR
ecg37437	SR
ecg37438	SR
ecg37439	LVH,SR
ecg37440	SR
ecg37441	SR
ecg37442	STC,SR
ecg37443	SR
ecg37444	SR
ecg37445	SR
ecg37446	SR
ecg37447	SR
ecg37448	SR
ecg37449	TWC,SR,LVH,TWO
ecg37450	SR
ecg37451	SR
ecg37452	STDD,SR,STC,TWO
ecg37453	SR
ecg37454	SR
ecg37455	SR
ecg37456	SR
ecg37457	SR
ecg37458	SR
ecg37459	SR
ecg37460	SR
ecg37461	AQW,SR,TWC,TWO
ecg37462	SR
ecg37463	SR
ecg37464	SR
ecg37465	SR
ecg37466	SR
ecg37467	SR
ecg37468	STC,SR
ecg37469	SR
ecg37470	SR
ecg37471	AQW,STTU,TPW,TWO,SR
ecg37472	STC,SR,LVH
ecg37473	LVH,SR
ecg37474	SR
ecg37475	STC,SR,LVH,STDD
ecg37476	SR
ecg37477	SR
ecg37478	SR
ecg37479	SR
ecg37480	TWC,SR,LVH
ecg37481	SR
ecg37482	SR
ecg37483	SR
ecg37484	SR
ecg37485	SR
ecg37486	SR
ecg37487	SR
ecg37488	SR
ecg37489	SR
ecg37490	AQW,STTU,TWO,SR,TWC
ecg37491	TWC,SR,LVH
ecg37492	SR
ecg37493	SR
ecg37494	SR
ecg37495	SR
ecg37496	SR
ecg37497	SR
ecg37498	STC,SR
ecg37499	SR
ecg37500	TWC,SR,TWO
ecg37501	SR
ecg37502	SR
ecg37503	STC,SR
ecg37504	TWO,SR
ecg37505	STC,SR
ecg37506	SR
ecg37507	SR
ecg37508	SR
ecg37509	STC,SR
ecg37510	SR
ecg37511	SR
ecg37512	SR
ecg37513	SR
ecg37514	SR
ecg37515	SR
ecg37516	SR
ecg37517	SR
ecg37518	SR
ecg37519	SR
ecg37520	SR
ecg37521	SR
ecg37522	SR
ecg37523	SR
ecg37524	SR
ecg37525	SR
ecg37526	SR
ecg37527	TWC,SR,STDD,STC
ecg37528	SR
ecg37529	SR
ecg37530	SR
ecg37531	SR
ecg37532	LVH,SR
ecg37533	SR
ecg37534	SR
ecg37535	SR
ecg37536	SR
ecg37537	SR
ecg37538	SR
ecg37539	SR
ecg37540	SR
ecg37541	SR
ecg37542	SR
ecg37543	SR
ecg37544	SR
ecg37545	SR
ecg37546	SR
ecg37547	SR
ecg37548	SR
ecg37549	TWC,SR,UW
ecg37550	SR
ecg37551	SR
ecg37552	SR
ecg37553	SR
ecg37554	SR
ecg37555	TWC,SR
ecg37556	SR
ecg37557	STC,SR
ecg37558	TWO,SR,LVH
ecg37559	SR
ecg37560	TWC,SR,LVH
ecg37561	SR
ecg37562	SR
ecg37563	SR
ecg37564	SR
ecg37565	SR
ecg37566	TWC,SR
ecg37567	SR
ecg37568	SR
ecg37569	SR
ecg37570	SR,TPW
ecg37571	SR
ecg37572	SR
ecg37573	SR
ecg37574	SR
ecg37575	SR
ecg37576	SR
ecg37577	SR
ecg37578	SR
ecg37579	SR
ecg37580	SR
ecg37581	SR
ecg37582	SR
ecg37583	SR
ecg37584	SR
ecg37585	TWC,SR
ecg37586	LVH,SR
ecg37587	SR
ecg37588	SR
ecg37589	SR
ecg37590	SR
ecg37591	SR
ecg37592	SR
ecg37593	SR
ecg37594	SR
ecg37595	TWO,SR,LVQRSAL
ecg37596	SR
ecg37597	SR
ecg37598	SR
ecg37599	SR
ecg37600	SR
ecg37601	SR
ecg37602	SR
ecg37603	TWC,SR,QTIE,TWO
ecg37604	SR
ecg37605	SR
ecg37606	SR
ecg37607	SR
ecg37608	SR
ecg37609	SR
ecg37610	SR
ecg37611	SR
ecg37612	SR
ecg37613	STC,SR
ecg37614	SR
ecg37615	SR
ecg37616	SR
ecg37617	SR
ecg37618	TWC,SR,TWO
ecg37619	SR
ecg37620	SR
ecg37621	SR
ecg37622	SR
ecg37623	LVH,SR
ecg37624	TWC,SR,TWO
ecg37625	TWC,SR,TWO
ecg37626	SR
ecg37627	SR
ecg37628	STC,SR,LVH
ecg37629	TWC,SR
ecg37630	TWC,SR
ecg37631	STC,SR
ecg37632	SR
ecg37633	SR
ecg37634	STC,SR,LVH
ecg37635	SR
ecg37636	SR
ecg37637	SR
ecg37638	SR
ecg37639	LVH,SR,PPW
ecg37640	LVH,SR
ecg37641	TWC,SR,LVH
ecg37642	STC,SR
ecg37643	AQW,SR,STC
ecg37644	AQW,SR,STC
ecg37645	SR
ecg37646	STDD,SR,RWC,TWO
ecg37647	STDD,SR,RWC,TWO
ecg37648	TWO,SR
ecg37649	SR
ecg37650	TWC,SR
ecg37651	TWC,SR
ecg37652	SR
ecg37653	SR
ecg37654	TWC,SR
ecg37655	SR
ecg37656	LVH,SR
ecg37657	LVH,SR
ecg37658	LVH,SR
ecg37659	STDD,SR,TWO
ecg37660	AQW,SR,TPW
ecg37661	SR
ecg37662	AQW,SR,TWO
ecg37663	LVH,SR
ecg37664	TWC,SR,TWO
ecg37665	SR
ecg37666	TWC,SR,TWO
ecg37667	TWC,SR
ecg37668	TWC,SR
ecg37669	SR
ecg37670	SR
ecg37671	STC,SR,LVH
ecg37672	TWC,SR
ecg37673	AQW,SR,STTU,LVQRSAL
ecg37674	SR
ecg37675	SR
ecg37676	TWC,SR
ecg37677	SR
ecg37678	SR
ecg37679	SR
ecg37680	STC,SR,LVH
ecg37681	STTU,SR
ecg37682	SR
ecg37683	LVH,SR
ecg37684	SR
ecg37685	TWC,SR,TPW
ecg37686	LVH,SR
ecg37687	STC,SR,LVH
ecg37688	STC,SR
ecg37689	TWC,SR,LVH
ecg37690	SR
ecg37691	SR
ecg37692	SR
ecg37693	TWC,SR,TWO
ecg37694	SR
ecg37695	SR
ecg37696	STC,SR
ecg37697	TWC,SR,LVH
ecg37698	LVH,SR
ecg37699	SR
ecg37700	STC,SR
ecg37701	STC,SR
ecg37702	STC,SR,LVH
ecg37703	STC,SR
ecg37704	SR
ecg37705	SR
ecg37706	SR
ecg37707	SR
ecg37708	AQW,SR
ecg37709	LVH,SR
ecg37710	SR
ecg37711	SR
ecg37712	TWC,SR,STDD,STC
ecg37713	SR
ecg37714	SR
ecg37715	STC,SR
ecg37716	TWC,SR,LVH
ecg37717	TWC,RVH,TPW,SR,RAH
ecg37718	STC,SR,LVH
ecg37719	SR
ecg37720	TWC,SR,STDD
ecg37721	SR,RWC
ecg37722	AQW,SR,LVH,STC
ecg37723	STC,SR
ecg37724	LVH,SR
ecg37725	STDD,SR,TWO
ecg37726	STC,SR
ecg37727	LVH,SR
ecg37728	SR
ecg37729	TWC,SR
ecg37730	TWC,SR
ecg37731	STC,SR
ecg37732	SR
ecg37733	SR
ecg37734	TWC,SR,LVH
ecg37735	SR
ecg37736	STC,SR
ecg37737	TWC,SR,TWO
ecg37738	TWC,SR,TWO
ecg37739	SR
ecg37740	TWO,SR
ecg37741	TWO,LVH,STDD,SR,STC
ecg37742	SR
ecg37743	STC,SR
ecg37744	TWC,SR
ecg37745	STC,SR,LVH
ecg37746	SR
ecg37747	STC,SR
ecg37748	TWC,SR
ecg37749	SR
ecg37750	SR
ecg37751	TWC,SR,TWO
ecg37752	STTU,SR
ecg37753	TWC,SR,TWO
ecg37754	SR
ecg37755	SR
ecg37756	STC,SR
ecg37757	SR
ecg37758	SR
ecg37759	TWC,SR
ecg37760	SR
ecg37761	SR
ecg37762	SR
ecg37763	LVH,SR
ecg37764	SR
ecg37765	STC,SR,RWC,LVH
ecg37766	SR
ecg37767	SR
ecg37768	SR
ecg37769	SR
ecg37770	STC,SR
ecg37771	SR
ecg37772	SR
ecg37773	SR
ecg37774	SR
ecg37775	SR
ecg37776	SR
ecg37777	SR
ecg37778	SR
ecg37779	SR
ecg37780	SR
ecg37781	SR
ecg37782	SR
ecg37783	SR
ecg37784	SR
ecg37785	SR
ecg37786	SR
ecg37787	SR
ecg37788	SR
ecg37789	SR
ecg37790	SR
ecg37791	SR
ecg37792	SR
ecg37793	SR
ecg37794	SR
ecg37795	SR
ecg37796	STC,SR
ecg37797	SR
ecg37798	SR
ecg37799	STC,SR
ecg37800	SR
ecg37801	SR
ecg37802	SR
ecg37803	SR
ecg37804	SR
ecg37805	SR
ecg37806	SR
ecg37807	SR
ecg37808	SR
ecg37809	SR
ecg37810	SR
ecg37811	SR
ecg37812	SR
ecg37813	SR
ecg37814	SR
ecg37815	SR
ecg37816	SR
ecg37817	SR
ecg37818	SR
ecg37819	SR,PPW
ecg37820	SR
ecg37821	SR
ecg37822	SR
ecg37823	SR
ecg37824	SR
ecg37825	SR
ecg37826	SR
ecg37827	SR
ecg37828	SR
ecg37829	SR
ecg37830	SR
ecg37831	LVH,SR
ecg37832	SR
ecg37833	SR
ecg37834	SR
ecg37835	SR
ecg37836	SR
ecg37837	SR
ecg37838	SR
ecg37839	SR
ecg37840	SR
ecg37841	SR
ecg37842	SR
ecg37843	SR
ecg37844	SR
ecg37845	SR
ecg37846	SR
ecg37847	SR
ecg37848	SR
ecg37849	SR
ecg37850	SR
ecg37851	SR
ecg37852	SR,LVQRSAL
ecg37853	SR
ecg37854	SR
ecg37855	SR
ecg37856	SR
ecg37857	SR
ecg37858	SR
ecg37859	SR
ecg37860	SR
ecg37861	SR
ecg37862	SR
ecg37863	SR
ecg37864	STC,SR
ecg37865	SR
ecg37866	SR
ecg37867	SR
ecg37868	SR
ecg37869	SR
ecg37870	SR
ecg37871	SR
ecg37872	SR
ecg37873	SR
ecg37874	SR
ecg37875	SR
ecg37876	SR
ecg37877	TWC,SR
ecg37878	SR
ecg37879	SR
ecg37880	SR,PPW
ecg37881	SR
ecg37882	SR
ecg37883	SR
ecg37884	SR
ecg37885	SR
ecg37886	SR
ecg37887	SR
ecg37888	SR
ecg37889	SR
ecg37890	SR
ecg37891	SR
ecg37892	SR
ecg37893	SR
ecg37894	SR
ecg37895	SR
ecg37896	SR
ecg37897	SR
ecg37898	SR
ecg37899	SR
ecg37900	SR
ecg37901	SR
ecg37902	SR
ecg37903	SR
ecg37904	SR
ecg37905	SR
ecg37906	SR
ecg37907	SR
ecg37908	SR
ecg37909	SR
ecg37910	SR
ecg37911	SR
ecg37912	SR
ecg37913	SR
ecg37914	SR
ecg37915	SR
ecg37916	SR
ecg37917	TWC,SR
ecg37918	SR
ecg37919	SR
ecg37920	SR
ecg37921	SR
ecg37922	SR
ecg37923	SR
ecg37924	SR
ecg37925	SR
ecg37926	SR
ecg37927	SR
ecg37928	SR
ecg37929	SR
ecg37930	SR
ecg37931	SR
ecg37932	SR
ecg37933	SR
ecg37934	SR
ecg37935	SR
ecg37936	SR
ecg37937	SR
ecg37938	SR
ecg37939	SR
ecg37940	SR
ecg37941	SR
ecg37942	SR
ecg37943	SR
ecg37944	SR
ecg37945	SR
ecg37946	SR
ecg37947	SR
ecg37948	SR
ecg37949	SR
ecg37950	SR
ecg37951	SR
ecg37952	SR
ecg37953	SR
ecg37954	SR
ecg37955	SR
ecg37956	SR
ecg37957	STC,SR
ecg37958	SR
ecg37959	SR
ecg37960	SR
ecg37961	TWC,SR
ecg37962	SR
ecg37963	SR
ecg37964	TWC,SR
ecg37965	SR
ecg37966	SR
ecg37967	TWC,SR
ecg37968	SR
ecg37969	SR
ecg37970	SR
ecg37971	SR
ecg37972	SR
ecg37973	SR
ecg37974	SR
ecg37975	SR
ecg37976	SR
ecg37977	SR
ecg37978	SR
ecg37979	SR
ecg37980	SR
ecg37981	SR
ecg37982	TWC,SR
ecg37983	SR
ecg37984	SR
ecg37985	LVH,SR
ecg37986	SR
ecg37987	SR
ecg37988	SR
ecg37989	SR
ecg37990	SR
ecg37991	SR
ecg37992	SR
ecg37993	SR
ecg37994	SR
ecg37995	SR
ecg37996	SR
ecg37997	SR
ecg37998	SR
ecg37999	SR
ecg38000	SR
ecg38001	SR
ecg38002	SR
ecg38003	SR
ecg38004	SR
ecg38005	SR
ecg38006	SR
ecg38007	SR
ecg38008	SR
ecg38009	SR
ecg38010	SR
ecg38011	STC,SR
ecg38012	LVH,SR
ecg38013	SR
ecg38014	SR
ecg38015	SR
ecg38016	SR
ecg38017	SR
ecg38018	SR
ecg38019	SR
ecg38020	SR
ecg38021	SR
ecg38022	SR
ecg38023	SR
ecg38024	SR
ecg38025	SR
ecg38026	SR
ecg38027	SR
ecg38028	SR
ecg38029	SR
ecg38030	SR
ecg38031	SR
ecg38032	SR
ecg38033	SR
ecg38034	SR
ecg38035	SR
ecg38036	SR
ecg38037	SR
ecg38038	SR
ecg38039	SR
ecg38040	SR
ecg38041	SR
ecg38042	SR
ecg38043	SR
ecg38044	SR
ecg38045	SR
ecg38046	SR
ecg38047	SR
ecg38048	SR
ecg38049	SR
ecg38050	TWC,SR
ecg38051	SR
ecg38052	SR
ecg38053	SR
ecg38054	SR
ecg38055	SR
ecg38056	SR
ecg38057	SR
ecg38058	SR
ecg38059	SR
ecg38060	SR
ecg38061	STC,SR
ecg38062	TWC,SR
ecg38063	SR
ecg38064	SR
ecg38065	SR
ecg38066	SR
ecg38067	SR
ecg38068	TWC,SR
ecg38069	TWC,SR
ecg38070	SR
ecg38071	SR
ecg38072	SR
ecg38073	SR
ecg38074	SR
ecg38075	SR
ecg38076	SR
ecg38077	SR
ecg38078	SR
ecg38079	SR
ecg38080	SR
ecg38081	SR
ecg38082	SR
ecg38083	SR,LVQRSAL
ecg38084	SR
ecg38085	SR
ecg38086	SR
ecg38087	SR
ecg38088	SR
ecg38089	SR
ecg38090	SR
ecg38091	SR
ecg38092	SR
ecg38093	SR
ecg38094	SR
ecg38095	SR
ecg38096	SR
ecg38097	SR
ecg38098	SR
ecg38099	SR
ecg38100	SR
ecg38101	SR
ecg38102	AQW,SR
ecg38103	SR
ecg38104	SR
ecg38105	SR
ecg38106	SR
ecg38107	SR
ecg38108	SR
ecg38109	SR
ecg38110	SR
ecg38111	SR
ecg38112	SR
ecg38113	SR
ecg38114	SR
ecg38115	SR
ecg38116	SR
ecg38117	SR
ecg38118	SR
ecg38119	SR
ecg38120	SR
ecg38121	TWC,SR
ecg38122	SR
ecg38123	SR
ecg38124	STC,SR
ecg38125	SR
ecg38126	SR
ecg38127	SR
ecg38128	SR
ecg38129	SR
ecg38130	SR
ecg38131	SR
ecg38132	SR
ecg38133	SR
ecg38134	SR
ecg38135	SR
ecg38136	SR
ecg38137	SR
ecg38138	SR
ecg38139	SR
ecg38140	STC,SR
ecg38141	SR
ecg38142	SR
ecg38143	SR
ecg38144	TWC,SR
ecg38145	SR
ecg38146	SR
ecg38147	SR
ecg38148	SR
ecg38149	SR
ecg38150	SR
ecg38151	SR
ecg38152	SR
ecg38153	SR
ecg38154	SR
ecg38155	SR
ecg38156	SR
ecg38157	SR
ecg38158	SR
ecg38159	SR
ecg38160	SR
ecg38161	SR
ecg38162	SR
ecg38163	SR
ecg38164	SR
ecg38165	SR
ecg38166	SR
ecg38167	SR
ecg38168	TWO,SR
ecg38169	SR
ecg38170	SR
ecg38171	SR
ecg38172	SR
ecg38173	SR
ecg38174	STC,SR
ecg38175	SR
ecg38176	SR
ecg38177	SR
ecg38178	SR
ecg38179	SR
ecg38180	SR
ecg38181	SR
ecg38182	SR
ecg38183	SR
ecg38184	SR
ecg38185	SR
ecg38186	SR
ecg38187	SR
ecg38188	SR
ecg38189	SR
ecg38190	SR
ecg38191	SR
ecg38192	SR
ecg38193	SR
ecg38194	STC,SR
ecg38195	SR
ecg38196	SR
ecg38197	SR
ecg38198	SR
ecg38199	SR
ecg38200	SR
ecg38201	TWC,SR
ecg38202	SR
ecg38203	SR
ecg38204	SR
ecg38205	SR
ecg38206	SR
ecg38207	SR
ecg38208	SR
ecg38209	SR
ecg38210	SR,RWC
ecg38211	SR
ecg38212	SR
ecg38213	SR
ecg38214	SR
ecg38215	SR
ecg38216	SR
ecg38217	TWC,SR
ecg38218	SR
ecg38219	SR
ecg38220	SR
ecg38221	SR
ecg38222	SR
ecg38223	SR
ecg38224	SR
ecg38225	SR
ecg38226	SR
ecg38227	SR
ecg38228	SR
ecg38229	TWC,SR
ecg38230	SR
ecg38231	SR
ecg38232	SR
ecg38233	SR
ecg38234	SR
ecg38235	SR
ecg38236	SR
ecg38237	SR
ecg38238	SR
ecg38239	SR
ecg38240	SR
ecg38241	SR
ecg38242	SR
ecg38243	SR
ecg38244	SR
ecg38245	SR
ecg38246	SR
ecg38247	SR
ecg38248	SR
ecg38249	TWC,SR
ecg38250	TWC,SR,RWC
ecg38251	TWC,SR
ecg38252	SR
ecg38253	SR
ecg38254	SR
ecg38255	SR
ecg38256	SR
ecg38257	SR
ecg38258	SR
ecg38259	SR
ecg38260	SR
ecg38261	SR
ecg38262	SR
ecg38263	SR
ecg38264	SR
ecg38265	SR
ecg38266	SR
ecg38267	SR
ecg38268	SR
ecg38269	SR
ecg38270	SR
ecg38271	SR
ecg38272	SR
ecg38273	SR
ecg38274	LVH,SR
ecg38275	SR
ecg38276	SR
ecg38277	SR
ecg38278	SR
ecg38279	SR
ecg38280	SR
ecg38281	SR
ecg38282	STC,SR
ecg38283	SR
ecg38284	SR
ecg38285	SR
ecg38286	SR
ecg38287	STC,SR
ecg38288	SR
ecg38289	SR
ecg38290	SR
ecg38291	SR
ecg38292	STTU,SR
ecg38293	SR
ecg38294	SR
ecg38295	SR
ecg38296	SR
ecg38297	SR
ecg38298	STC,SR
ecg38299	SR
ecg38300	SR
ecg38301	SR
ecg38302	SR
ecg38303	SR
ecg38304	SR
ecg38305	SR
ecg38306	SR
ecg38307	SR
ecg38308	SR
ecg38309	SR
ecg38310	SR
ecg38311	SR
ecg38312	SR
ecg38313	SR
ecg38314	SR
ecg38315	SR
ecg38316	SR
ecg38317	SR
ecg38318	SR
ecg38319	SR
ecg38320	SR
ecg38321	SR
ecg38322	SR
ecg38323	SR
ecg38324	SR
ecg38325	SR,LVQRSAL
ecg38326	SR
ecg38327	SR
ecg38328	SR
ecg38329	SR
ecg38330	SR
ecg38331	SR
ecg38332	SR
ecg38333	SR
ecg38334	SR
ecg38335	SR
ecg38336	STC,SR,UW
ecg38337	SR
ecg38338	SR
ecg38339	SR
ecg38340	SR
ecg38341	SR
ecg38342	AQW,SR,RWC
ecg38343	SR
ecg38344	SR
ecg38345	TWC,SR
ecg38346	SR
ecg38347	SR
ecg38348	LVH,SR
ecg38349	TWC,SR,TWO
ecg38350	TWC,SR,STTU,TWO
ecg38351	SR
ecg38352	SR,LVQRSAL
ecg38353	AQW,SR,TWO
ecg38354	LVH,SR
ecg38355	AQW,SR,LVH
ecg38356	TWC,SR
ecg38357	TWO,SR,LVH
ecg38358	STC,SR
ecg38359	STC,SR,LVH,TWO
ecg38360	SR
ecg38361	TWC,SR
ecg38362	SR
ecg38363	SR
ecg38364	LVH,SR
ecg38365	TWC,SR
ecg38366	SR
ecg38367	TWC,SR
ecg38368	STC,SR,LVH
ecg38369	STC,SR
ecg38370	SR
ecg38371	SR,LVQRSAL
ecg38372	STDD,SR,STC,TWO
ecg38373	TWC,SR
ecg38374	TWC,SR
ecg38375	SR,LVQRSAL
ecg38376	SR
ecg38377	TWC,SR,TWO
ecg38378	TWC,SR
ecg38379	LVH,SR
ecg38380	SR
ecg38381	TWC,SR
ecg38382	TWC,SR,LVH
ecg38383	AQW,SR,TWC,TWO
ecg38384	TWO,SR
ecg38385	TWC,SR
ecg38386	LVH,SR
ecg38387	SR,LVQRSAL
ecg38388	SR
ecg38389	TWC,SR
ecg38390	TWC,SR
ecg38391	SR
ecg38392	STC,SR
ecg38393	TWC,SR
ecg38394	SR
ecg38395	TWC,SR
ecg38396	TWC,SR
ecg38397	TWC,SR,TWO
ecg38398	SR
ecg38399	STC,SR
ecg38400	TWC,SR,STTU,TWO
ecg38401	SR
ecg38402	SR
ecg38403	SR
ecg38404	SR
ecg38405	TWC,SR
ecg38406	TWO,SR
ecg38407	STC,SR
ecg38408	TWC,SR
ecg38409	LVH,SR
ecg38410	LVH,SR
ecg38411	SR
ecg38412	TWO,SR
ecg38413	SR
ecg38414	STTU,SR,STC
ecg38415	SR
ecg38416	TWC,SR,TWO
ecg38417	SR
ecg38418	SR
ecg38419	SR
ecg38420	SR
ecg38421	TWC,SR
ecg38422	TWC,SR
ecg38423	LVH,SR
ecg38424	STC,SR
ecg38425	SR
ecg38426	TWC,SR
ecg38427	STC,SR
ecg38428	LVH,SR
ecg38429	STC,SR,LVH
ecg38430	SR
ecg38431	SR
ecg38432	AQW,STDD,TWO,SR,STC
ecg38433	SR
ecg38434	LVH,SR
ecg38435	LVH,SR
ecg38436	LVH,SR
ecg38437	SR
ecg38438	SR,LVQRSAL
ecg38439	TWC,SR,TWO
ecg38440	TWC,SR
ecg38441	SR
ecg38442	SR
ecg38443	TWC,SR
ecg38444	SR
ecg38445	SR
ecg38446	TWC,SR
ecg38447	SR
ecg38448	STDD,SR,STC,TWO
ecg38449	TWC,SR,RWC,LVH
ecg38450	LVH,SR
ecg38451	SR
ecg38452	TWC,SR,LVH
ecg38453	AQW,SR
ecg38454	AQW,SR,TWO
ecg38455	SR
ecg38456	TWC,SR,TWO
ecg38457	SR
ecg38458	TWO,SR,LVH
ecg38459	STDD,SR,LVH,TWO
ecg38460	SR
ecg38461	AQW,SR
ecg38462	LVH,SR
ecg38463	AQW,STDD,TWO,SR,STC
ecg38464	SR
ecg38465	LVH,SR
ecg38466	TWC,SR
ecg38467	SR
ecg38468	SR
ecg38469	STC,SR,LVH
ecg38470	SR
ecg38471	STC,SR,LVH
ecg38472	TWC,SR
ecg38473	SR
ecg38474	TWC,SR,TWO
ecg38475	LVH,SR
ecg38476	SR
ecg38477	AQW,SR
ecg38478	SR
ecg38479	SR
ecg38480	TWC,SR
ecg38481	TWC,SR
ecg38482	TWC,SR
ecg38483	SR
ecg38484	LVH,SR
ecg38485	STC,SR
ecg38486	SR
ecg38487	TWC,RAH,SR,LVH
ecg38488	STC,SR,LVH
ecg38489	SR
ecg38490	SR
ecg38491	SR
ecg38492	SR
ecg38493	SR
ecg38494	TWC,SR
ecg38495	STC,SR
ecg38496	SR
ecg38497	STC,SR
ecg38498	SR
ecg38499	TWC,SR,LVH
ecg38500	TWC,SR,TWO
ecg38501	SR
ecg38502	SR
ecg38503	TWC,SR
ecg38504	TWC,SR
ecg38505	SR
ecg38506	SR,RWC
ecg38507	SR
ecg38508	SR
ecg38509	SR
ecg38510	AQW,SR,STC
ecg38511	LVH,SR
ecg38512	SR
ecg38513	TWC,SR
ecg38514	LVH,SR
ecg38515	SR
ecg38516	STC,SR
ecg38517	LVH,SR
ecg38518	LVH,SR
ecg38519	TWC,SR
ecg38520	LVH,SR
ecg38521	SR
ecg38522	SR
ecg38523	SR,RWC
ecg38524	SR
ecg38525	SR
ecg38526	SR
ecg38527	SR
ecg38528	SR
ecg38529	SR
ecg38530	TWC,SR
ecg38531	SR
ecg38532	TWC,SR
ecg38533	SR
ecg38534	STC,SR
ecg38535	TWC,SR
ecg38536	TWC,SR
ecg38537	SR
ecg38538	SR
ecg38539	SR
ecg38540	TWC,SR
ecg38541	TWC,SR
ecg38542	SR
ecg38543	SR
ecg38544	SR
ecg38545	SR
ecg38546	TWC,SR,TWO
ecg38547	TWC,SR
ecg38548	SR
ecg38549	AQW,SR
ecg38550	TWC,SR,TWO
ecg38551	SR
ecg38552	LVH,SR
ecg38553	SR
ecg38554	TWC,SR,LVH
ecg38555	LVH,SR
ecg38556	LVH,SR
ecg38557	AQW,SR,TWC
ecg38558	SR
ecg38559	TWO,SR
ecg38560	SR
ecg38561	SR
ecg38562	TWC,SR,TWO
ecg38563	TWC,SR
ecg38564	TWC,SR,LVH
ecg38565	SR
ecg38566	STC,SR,LVH
ecg38567	SR
ecg38568	AQW,SR,STC
ecg38569	TWC,SR,LVH,TWO
ecg38570	SR
ecg38571	SR
ecg38572	SR
ecg38573	TWC,SR,TWO
ecg38574	TWO,SR
ecg38575	STTU,SR
ecg38576	SR
ecg38577	SR
ecg38578	AQW,SR
ecg38579	TWC,SR,TWO
ecg38580	TWC,SR
ecg38581	TWC,SR
ecg38582	AQW,SR,TWC
ecg38583	SR
ecg38584	TWC,SR
ecg38585	TWO,SR,LVH
ecg38586	TWO,SR
ecg38587	TWO,SR
ecg38588	STDD,SR,TWO
ecg38589	SR
ecg38590	SR
ecg38591	TWC,SR,QTIE
ecg38592	SR
ecg38593	SR,TPW
ecg38594	SR
ecg38595	AQW,STTU,QTIE,TWO,SR,TWC
ecg38596	SR
ecg38597	TWO,SR
ecg38598	SR
ecg38599	STDD,TWO,SR,LVH,STC
ecg38600	STC,SR,LVH
ecg38601	TWC,SR
ecg38602	SR
ecg38603	AQW,SR,STC
ecg38604	SR
ecg38605	SR
ecg38606	SR
ecg38607	SR,LVQRSAL
ecg38608	TWO,SR
ecg38609	SR
ecg38610	TWO,SR
ecg38611	SR
ecg38612	SR
ecg38613	TWC,SR,STDD
ecg38614	SR
ecg38615	TWC,SR,LVQRSAL
ecg38616	STTU,LVQRSAL,TWO,SR,RWC
ecg38617	SR
ecg38618	TWC,SR
ecg38619	STTU,SR,LVH
ecg38620	SR
ecg38621	TWC,SR
ecg38622	TWC,SR
ecg38623	TWC,SR,LVH
ecg38624	STC,SR,LVH
ecg38625	AQW,STTU,TWO,SR,TWC
ecg38626	AQW,STTU,TWO,SR,TWC
ecg38627	AQW,SR,TWO
ecg38628	TWO,SR
ecg38629	SR
ecg38630	LVH,SR
ecg38631	LVH,SR
ecg38632	SR
ecg38633	SR
ecg38634	TWO,SR
ecg38635	SR
ecg38636	SR
ecg38637	TWC,SR
ecg38638	QTIE,SR,LVH
ecg38639	LVH,SR
ecg38640	SR
ecg38641	SR
ecg38642	TWC,SR
ecg38643	LVH,SR
ecg38644	SR
ecg38645	SR
ecg38646	SR
ecg38647	SR
ecg38648	LVH,SR
ecg38649	TWC,SR,LVQRSAL
ecg38650	TWC,SR
ecg38651	SR
ecg38652	STC,SR
ecg38653	SR
ecg38654	SR
ecg38655	SR
ecg38656	STC,SR
ecg38657	AQW,SR
ecg38658	AQW,SR,TWC,TWO
ecg38659	SR
ecg38660	SR
ecg38661	SR
ecg38662	SR
ecg38663	TWC,SR
ecg38664	SR
ecg38665	TWO,SR
ecg38666	TWO,SR
ecg38667	SR
ecg38668	SR
ecg38669	STC,SR
ecg38670	TWC,SR,LVH,TWO
ecg38671	SR
ecg38672	STC,SR
ecg38673	TWC,SR,TWO
ecg38674	SR
ecg38675	STC,SR
ecg38676	LVH,SR
ecg38677	SR
ecg38678	SR
ecg38679	SR
ecg38680	TWC,SR
ecg38681	TWC,SR,TWO
ecg38682	TWC,SR
ecg38683	SR
ecg38684	SR
ecg38685	TWC,SR
ecg38686	STDD,TPW,TWO,SR,RWC,STC
ecg38687	SR
ecg38688	SR
ecg38689	TWO,SR,LVH
ecg38690	SR
ecg38691	TWC,SR,LVH
ecg38692	SR
ecg38693	TWO,SR,LVH
ecg38694	STC,SR,RWC
ecg38695	STC,SR,LVH
ecg38696	LVH,SR
ecg38697	SR
ecg38698	STTU,SR,SPRI
ecg38699	SR
ecg38700	SR
ecg38701	LVH,SR
ecg38702	SR
ecg38703	TWC,SR,TWO
ecg38704	SR
ecg38705	SR
ecg38706	SR
ecg38707	STC,SR
ecg38708	SR
ecg38709	SR
ecg38710	SR
ecg38711	SR
ecg38712	SR
ecg38713	LVH,SR
ecg38714	TWC,SR,LVH,TWO
ecg38715	SR,LVQRSAL
ecg38716	SR
ecg38717	TWO,SR
ecg38718	SR
ecg38719	SR
ecg38720	TWC,SR,LVH
ecg38721	STC,SR
ecg38722	STC,SR
ecg38723	AQW,SR
ecg38724	STC,SR
ecg38725	TWC,SR,TWO
ecg38726	SR
ecg38727	TWC,SR
ecg38728	LVH,SR
ecg38729	STC,SR,LVH
ecg38730	LVH,SR
ecg38731	LVH,SR
ecg38732	LVH,SR
ecg38733	STC,SR
ecg38734	SR
ecg38735	TWC,SR,STTU,TWO
ecg38736	STC,SR
ecg38737	SR
ecg38738	STC,SR
ecg38739	SR
ecg38740	STC,SR
ecg38741	AQW,SR,TWC
ecg38742	LVH,SR
ecg38743	SR
ecg38744	TWC,SR,LVH
ecg38745	TWC,SR
ecg38746	STDD,TWO,SR,LVH,STC
ecg38747	LVH,SR
ecg38748	TWC,SR
ecg38749	TWC,SR
ecg38750	TWC,SR,LVH
ecg38751	SR
ecg38752	SR
ecg38753	SR
ecg38754	TWC,SR,TWO
ecg38755	STDD,LVQRSAL,TWO,SR,STC
ecg38756	TWC,SR,TWO
ecg38757	SR
ecg38758	SR
ecg38759	SR
ecg38760	SR
ecg38761	TWC,SR
ecg38762	STC,SR,LVH
ecg38763	SR
ecg38764	SR
ecg38765	SR
ecg38766	TWO,SR
ecg38767	TWC,SR
ecg38768	TWC,SR
ecg38769	STTU,SR,ERV
ecg38770	TWC,SR
ecg38771	STC,SR
ecg38772	TWC,SR
ecg38773	PRIE,SR
ecg38774	SR
ecg38775	LVH,SR
ecg38776	SR
ecg38777	SR
ecg38778	SR
ecg38779	SR
ecg38780	SR
ecg38781	TWC,SR
ecg38782	TWC,SR
ecg38783	SR,LVQRSAL
ecg38784	LVH,SR
ecg38785	SR
ecg38786	SR
ecg38787	TWC,SR
ecg38788	SR
ecg38789	LVH,SR
ecg38790	SR
ecg38791	STC,SR
ecg38792	STDD,SR,STC,TWO
ecg38793	STC,SR
ecg38794	SR
ecg38795	SR
ecg38796	STDD,TWO,SR,RAH,STC
ecg38797	SR
ecg38798	STC,SR
ecg38799	LVH,SR
ecg38800	SR
ecg38801	STC,SR
ecg38802	AQW,SR,TWC
ecg38803	SR
ecg38804	TWC,SR
ecg38805	TWC,SR
ecg38806	STTU,SR
ecg38807	TWC,SR
ecg38808	SR
ecg38809	SR
ecg38810	TWC,SR
ecg38811	TWC,SR
ecg38812	SR
ecg38813	AQW,LVQRSAL,TWO,SR,TWC
ecg38814	SR
ecg38815	SR
ecg38816	TWC,SR,TWO
ecg38817	STDD,TWO,SR,LVH,STC
ecg38818	LVH,SR
ecg38819	SR,LVQRSAL
ecg38820	SR
ecg38821	SR
ecg38822	SR
ecg38823	SR
ecg38824	SR
ecg38825	TWC,SR,LVQRSAL
ecg38826	SR
ecg38827	SR
ecg38828	SR
ecg38829	SR
ecg38830	SR
ecg38831	TWC,SR
ecg38832	SR
ecg38833	SR
ecg38834	SR
ecg38835	SR
ecg38836	TWC,SR,LVQRSAL
ecg38837	SR
ecg38838	TWC,SR
ecg38839	AQW,SR
ecg38840	SR
ecg38841	SR
ecg38842	SR
ecg38843	SR
ecg38844	SR
ecg38845	SR
ecg38846	SR
ecg38847	SR
ecg38848	SR
ecg38849	SR
ecg38850	SR
ecg38851	SR
ecg38852	SR
ecg38853	SR
ecg38854	SR
ecg38855	SR
ecg38856	SR
ecg38857	SR
ecg38858	SR
ecg38859	SR
ecg38860	SR
ecg38861	SR
ecg38862	SR
ecg38863	SR
ecg38864	SR
ecg38865	SR
ecg38866	SR
ecg38867	SR
ecg38868	SR
ecg38869	SR
ecg38870	SR
ecg38871	SR
ecg38872	SR
ecg38873	STC,SR
ecg38874	SR
ecg38875	SR
ecg38876	SR
ecg38877	SR
ecg38878	SR
ecg38879	SR
ecg38880	SR
ecg38881	SR
ecg38882	SR
ecg38883	SR
ecg38884	SR
ecg38885	SR
ecg38886	SR
ecg38887	SR,LVQRSAL
ecg38888	SR
ecg38889	SR
ecg38890	SR
ecg38891	SR
ecg38892	SR,LVQRSAL
ecg38893	SR
ecg38894	SR
ecg38895	SR
ecg38896	SR
ecg38897	SR
ecg38898	SR
ecg38899	SR
ecg38900	SR
ecg38901	LVH,SR
ecg38902	SR
ecg38903	SR
ecg38904	SR
ecg38905	SR
ecg38906	SR
ecg38907	SR
ecg38908	SR
ecg38909	SR
ecg38910	SR
ecg38911	SR
ecg38912	SR
ecg38913	SR
ecg38914	SR
ecg38915	SR
ecg38916	SR
ecg38917	SR
ecg38918	SR
ecg38919	SR
ecg38920	SR
ecg38921	SR
ecg38922	SR
ecg38923	SR
ecg38924	SR
ecg38925	SR
ecg38926	STC,SR,LVH
ecg38927	SR
ecg38928	SR
ecg38929	SR
ecg38930	SR
ecg38931	SR
ecg38932	SR
ecg38933	SR
ecg38934	SR
ecg38935	SR
ecg38936	SR
ecg38937	SR
ecg38938	SR
ecg38939	SR
ecg38940	SR
ecg38941	SR
ecg38942	SR
ecg38943	SR
ecg38944	SR
ecg38945	SR
ecg38946	TWC,SR
ecg38947	SR
ecg38948	SR
ecg38949	SR,RWC
ecg38950	SR
ecg38951	SR
ecg38952	SR
ecg38953	SR
ecg38954	SR
ecg38955	SR
ecg38956	SR
ecg38957	SR
ecg38958	SR
ecg38959	SR
ecg38960	SR
ecg38961	SR
ecg38962	SR
ecg38963	SR
ecg38964	SR
ecg38965	SR
ecg38966	SR
ecg38967	SR
ecg38968	SR
ecg38969	SR
ecg38970	SR
ecg38971	SR
ecg38972	SR
ecg38973	STC,SR
ecg38974	SR
ecg38975	SR
ecg38976	SR
ecg38977	SR
ecg38978	SR
ecg38979	SR
ecg38980	SR
ecg38981	SR
ecg38982	SR
ecg38983	SR
ecg38984	SR
ecg38985	STC,SR
ecg38986	SR
ecg38987	SR
ecg38988	TWC,SR
ecg38989	SR
ecg38990	SR
ecg38991	SR
ecg38992	SR
ecg38993	SR
ecg38994	SR
ecg38995	SR,LVQRSAL
ecg38996	SR
ecg38997	SR
ecg38998	SR
ecg38999	SR
ecg39000	SR
ecg39001	SR
ecg39002	SR
ecg39003	SR
ecg39004	SR
ecg39005	SR
ecg39006	LVH,SR
ecg39007	SR
ecg39008	SR
ecg39009	SR
ecg39010	SR
ecg39011	SR
ecg39012	SR
ecg39013	SR
ecg39014	SR
ecg39015	SR
ecg39016	SR,LVQRSAL
ecg39017	SR
ecg39018	SR
ecg39019	SR
ecg39020	TWC,SR,LVQRSAL
ecg39021	SR
ecg39022	LVH,SR
ecg39023	SR
ecg39024	SR
ecg39025	SR
ecg39026	SR
ecg39027	SR
ecg39028	SR
ecg39029	SR
ecg39030	SR
ecg39031	SR
ecg39032	SR
ecg39033	SR
ecg39034	SR
ecg39035	SR
ecg39036	SR
ecg39037	SR
ecg39038	SR,RWC
ecg39039	SR
ecg39040	SR
ecg39041	SR
ecg39042	SR
ecg39043	SR
ecg39044	SR
ecg39045	SR
ecg39046	SR
ecg39047	SR
ecg39048	SR
ecg39049	SR
ecg39050	SR
ecg39051	SR
ecg39052	SR
ecg39053	SR
ecg39054	SR
ecg39055	SR
ecg39056	SR
ecg39057	SR
ecg39058	SR
ecg39059	SR
ecg39060	SR
ecg39061	SR
ecg39062	SR
ecg39063	SR
ecg39064	SR
ecg39065	SR
ecg39066	SR
ecg39067	SR
ecg39068	SR
ecg39069	SR
ecg39070	AQW,SR
ecg39071	SR
ecg39072	SR
ecg39073	SR
ecg39074	SR
ecg39075	SR
ecg39076	SR
ecg39077	TWC,SR
ecg39078	SR
ecg39079	SR
ecg39080	SR
ecg39081	SR
ecg39082	SR
ecg39083	SR
ecg39084	SR
ecg39085	SR
ecg39086	SR
ecg39087	SR
ecg39088	SR
ecg39089	SR
ecg39090	SR
ecg39091	SR
ecg39092	SR
ecg39093	SR
ecg39094	SR
ecg39095	SR
ecg39096	SR
ecg39097	SR
ecg39098	SR
ecg39099	TWC,SR
ecg39100	SR
ecg39101	SR
ecg39102	SR
ecg39103	SR
ecg39104	STC,SR
ecg39105	TWC,SR
ecg39106	SR
ecg39107	SR
ecg39108	SR
ecg39109	SR
ecg39110	SR
ecg39111	SR
ecg39112	SR
ecg39113	SR
ecg39114	SR
ecg39115	SR
ecg39116	SR
ecg39117	SR
ecg39118	SR
ecg39119	SR
ecg39120	SR
ecg39121	SR
ecg39122	SR
ecg39123	SR
ecg39124	SR
ecg39125	SR
ecg39126	SR
ecg39127	STTU,SR
ecg39128	SR
ecg39129	SR
ecg39130	SR
ecg39131	SR
ecg39132	SR
ecg39133	SR
ecg39134	SR
ecg39135	SR
ecg39136	SR
ecg39137	SR
ecg39138	SR
ecg39139	SR
ecg39140	SR
ecg39141	SR
ecg39142	SR
ecg39143	SR
ecg39144	SR
ecg39145	SR
ecg39146	SR
ecg39147	SR
ecg39148	SR
ecg39149	SR
ecg39150	SR
ecg39151	SR
ecg39152	SR
ecg39153	SR
ecg39154	SR
ecg39155	SR
ecg39156	SR
ecg39157	SR
ecg39158	SR
ecg39159	SR
ecg39160	SR
ecg39161	SR
ecg39162	SR
ecg39163	SR
ecg39164	SR
ecg39165	SR
ecg39166	SR
ecg39167	SR
ecg39168	SR
ecg39169	SR
ecg39170	SR
ecg39171	SR
ecg39172	SR
ecg39173	SR
ecg39174	SR
ecg39175	SR
ecg39176	SR
ecg39177	SR
ecg39178	SR
ecg39179	SR
ecg39180	SR
ecg39181	SR
ecg39182	SR
ecg39183	SR
ecg39184	SR
ecg39185	SR
ecg39186	SR
ecg39187	SR
ecg39188	SR
ecg39189	SR
ecg39190	SR
ecg39191	SR
ecg39192	SR
ecg39193	SR
ecg39194	SR
ecg39195	SR
ecg39196	SR
ecg39197	SR
ecg39198	SR
ecg39199	SR
ecg39200	SR
ecg39201	SR
ecg39202	SR
ecg39203	SR
ecg39204	SR
ecg39205	SR
ecg39206	SR
ecg39207	SR
ecg39208	SR
ecg39209	SR
ecg39210	SR
ecg39211	SR
ecg39212	SR
ecg39213	SR
ecg39214	SR
ecg39215	SR
ecg39216	SR
ecg39217	SR
ecg39218	SR
ecg39219	TWC,SR
ecg39220	SR
ecg39221	SR
ecg39222	SR
ecg39223	SR
ecg39224	SR
ecg39225	SR
ecg39226	SR,LVQRSAL
ecg39227	SR
ecg39228	SR
ecg39229	LVH,SR
ecg39230	SR
ecg39231	SR
ecg39232	SR
ecg39233	SR
ecg39234	SR
ecg39235	SR
ecg39236	SR
ecg39237	SR
ecg39238	SR
ecg39239	SR
ecg39240	SR
ecg39241	SR
ecg39242	SR
ecg39243	SR
ecg39244	SR
ecg39245	SR
ecg39246	SR
ecg39247	SR
ecg39248	LVH,SR
ecg39249	SR
ecg39250	SR
ecg39251	SR
ecg39252	SR
ecg39253	SR
ecg39254	SR
ecg39255	SR
ecg39256	SR
ecg39257	SR
ecg39258	SR
ecg39259	SR
ecg39260	SR
ecg39261	SR
ecg39262	SR
ecg39263	SR
ecg39264	SR
ecg39265	SR
ecg39266	SR
ecg39267	SR
ecg39268	SR
ecg39269	SR
ecg39270	SR
ecg39271	SR
ecg39272	SR
ecg39273	SR
ecg39274	SR
ecg39275	SR
ecg39276	SR
ecg39277	SR
ecg39278	SR
ecg39279	SR
ecg39280	SR
ecg39281	SR
ecg39282	SR
ecg39283	SR
ecg39284	SR
ecg39285	SR
ecg39286	SR
ecg39287	SR
ecg39288	SR
ecg39289	SR
ecg39290	SR
ecg39291	SR
ecg39292	SR
ecg39293	SR
ecg39294	SR
ecg39295	SR
ecg39296	SR
ecg39297	SR
ecg39298	SR
ecg39299	SR
ecg39300	SR
ecg39301	SR
ecg39302	SR
ecg39303	SR
ecg39304	SR
ecg39305	SR
ecg39306	SR
ecg39307	SR
ecg39308	SR
ecg39309	SR
ecg39310	SR
ecg39311	SR
ecg39312	SR
ecg39313	SR
ecg39314	SR
ecg39315	SR
ecg39316	SR
ecg39317	SR
ecg39318	SR
ecg39319	SR
ecg39320	SR
ecg39321	SR
ecg39322	SR
ecg39323	SR
ecg39324	SR
ecg39325	SR
ecg39326	SR
ecg39327	SR
ecg39328	SR
ecg39329	SR
ecg39330	SR
ecg39331	SR
ecg39332	SR
ecg39333	SR
ecg39334	SR
ecg39335	SR
ecg39336	SR
ecg39337	SR
ecg39338	SR
ecg39339	SR
ecg39340	SR
ecg39341	SR
ecg39342	SR
ecg39343	SR
ecg39344	SR
ecg39345	SR
ecg39346	SR
ecg39347	SR
ecg39348	SR
ecg39349	SR
ecg39350	SR
ecg39351	SR
ecg39352	SR
ecg39353	SR
ecg39354	STC,SR
ecg39355	SR
ecg39356	SR
ecg39357	SR
ecg39358	SR
ecg39359	SR
ecg39360	SR
ecg39361	SR
ecg39362	SR
ecg39363	SR
ecg39364	SR
ecg39365	SR
ecg39366	SR
ecg39367	SR
ecg39368	SR
ecg39369	SR
ecg39370	SR
ecg39371	SR
ecg39372	SR
ecg39373	SR
ecg39374	SR
ecg39375	SR
ecg39376	SR
ecg39377	SR
ecg39378	SR
ecg39379	SR
ecg39380	SR
ecg39381	SR
ecg39382	SR
ecg39383	SR
ecg39384	SR
ecg39385	SR
ecg39386	SR
ecg39387	SR
ecg39388	SR
ecg39389	SR
ecg39390	SR
ecg39391	SR
ecg39392	SR
ecg39393	SR
ecg39394	SR
ecg39395	SR
ecg39396	SR
ecg39397	SR
ecg39398	SR
ecg39399	SR
ecg39400	SR
ecg39401	SR
ecg39402	SR
ecg39403	SR
ecg39404	SR
ecg39405	SR
ecg39406	SR
ecg39407	SR
ecg39408	SR
ecg39409	SR
ecg39410	SR
ecg39411	SR
ecg39412	STC,SR
ecg39413	SR
ecg39414	SR
ecg39415	SR
ecg39416	SR
ecg39417	SR
ecg39418	SR
ecg39419	SR
ecg39420	SR
ecg39421	SR
ecg39422	SR
ecg39423	SR
ecg39424	SR
ecg39425	SR
ecg39426	SR
ecg39427	SR
ecg39428	SR
ecg39429	SR
ecg39430	SR
ecg39431	SR
ecg39432	SR
ecg39433	SR
ecg39434	SR
ecg39435	SR
ecg39436	STC,SR
ecg39437	SR
ecg39438	STC,SR
ecg39439	SR
ecg39440	SR
ecg39441	TWC,SR
ecg39442	SR
ecg39443	SR
ecg39444	SR
ecg39445	SR
ecg39446	SR
ecg39447	SR
ecg39448	SR
ecg39449	SR
ecg39450	TWC,SR
ecg39451	SR
ecg39452	SR
ecg39453	SR
ecg39454	SR
ecg39455	SR
ecg39456	SR
ecg39457	SR
ecg39458	SR
ecg39459	SR
ecg39460	SR
ecg39461	SR
ecg39462	SR
ecg39463	SR
ecg39464	SR
ecg39465	SR
ecg39466	SR
ecg39467	SR
ecg39468	SR
ecg39469	SR
ecg39470	SR
ecg39471	SR
ecg39472	SR
ecg39473	SR
ecg39474	SR
ecg39475	SR
ecg39476	SR
ecg39477	SR
ecg39478	SR
ecg39479	SR,LVQRSAL
ecg39480	SR
ecg39481	SR
ecg39482	SR
ecg39483	SR
ecg39484	SR
ecg39485	SR
ecg39486	SR
ecg39487	SR
ecg39488	SR
ecg39489	SR
ecg39490	SR
ecg39491	SR
ecg39492	SR
ecg39493	SR
ecg39494	SR
ecg39495	SR
ecg39496	SR
ecg39497	SR
ecg39498	SR
ecg39499	SR
ecg39500	SR
ecg39501	SR
ecg39502	SR
ecg39503	SR
ecg39504	SR
ecg39505	SR
ecg39506	SR
ecg39507	SR
ecg39508	SR
ecg39509	SR
ecg39510	SR
ecg39511	SR
ecg39512	SR,LVQRSAL
ecg39513	SR
ecg39514	SR
ecg39515	SR
ecg39516	SR
ecg39517	SR
ecg39518	SR
ecg39519	SR
ecg39520	SR
ecg39521	SR
ecg39522	SR
ecg39523	SR
ecg39524	SR
ecg39525	SR
ecg39526	SR
ecg39527	SR
ecg39528	SR
ecg39529	SR
ecg39530	TWC,SR
ecg39531	SR
ecg39532	SR
ecg39533	SR
ecg39534	SR
ecg39535	SR
ecg39536	SR
ecg39537	SR
ecg39538	TWC,SR
ecg39539	SR
ecg39540	SR
ecg39541	SR
ecg39542	SR
ecg39543	SR
ecg39544	SR
ecg39545	SR
ecg39546	SR
ecg39547	SR
ecg39548	SR
ecg39549	SR
ecg39550	SR
ecg39551	SR
ecg39552	SR
ecg39553	SR
ecg39554	SR
ecg39555	SR
ecg39556	SR
ecg39557	SR
ecg39558	SR
ecg39559	SR
ecg39560	SR
ecg39561	SR
ecg39562	SR
ecg39563	SR
ecg39564	SR
ecg39565	SR
ecg39566	SR
ecg39567	SR
ecg39568	SR
ecg39569	SR
ecg39570	SR
ecg39571	SR
ecg39572	SR
ecg39573	SR
ecg39574	SR
ecg39575	SR
ecg39576	SR
ecg39577	SR
ecg39578	SR
ecg39579	SR
ecg39580	SR
ecg39581	SR
ecg39582	TWC,SR
ecg39583	SR
ecg39584	SR
ecg39585	SR
ecg39586	SR
ecg39587	SR
ecg39588	SR
ecg39589	SR
ecg39590	SR
ecg39591	SR
ecg39592	SR
ecg39593	SR
ecg39594	SR
ecg39595	SR
ecg39596	SR
ecg39597	SR
ecg39598	SR
ecg39599	SR
ecg39600	SR
ecg39601	SR
ecg39602	SR
ecg39603	SR
ecg39604	SR
ecg39605	SR
ecg39606	SR
ecg39607	SR
ecg39608	SR
ecg39609	SR
ecg39610	SR
ecg39611	SR
ecg39612	SR
ecg39613	SR
ecg39614	SR
ecg39615	SR
ecg39616	SR
ecg39617	SR
ecg39618	SR
ecg39619	TWC,SR
ecg39620	TWC,SR
ecg39621	SR
ecg39622	SR
ecg39623	SR
ecg39624	SR
ecg39625	SR
ecg39626	SR
ecg39627	SR
ecg39628	SR
ecg39629	SR
ecg39630	SR
ecg39631	SR
ecg39632	SR
ecg39633	SR
ecg39634	SR
ecg39635	SR
ecg39636	LVH,SR
ecg39637	SR
ecg39638	SR
ecg39639	SR
ecg39640	SR
ecg39641	SR
ecg39642	SR
ecg39643	SR
ecg39644	SR
ecg39645	SR
ecg39646	SR
ecg39647	SR
ecg39648	SR
ecg39649	SR
ecg39650	SR
ecg39651	SR
ecg39652	SR
ecg39653	SR
ecg39654	SR
ecg39655	SR
ecg39656	SR
ecg39657	SR
ecg39658	SR
ecg39659	SR,LVQRSAL
ecg39660	SR,LVQRSAL
ecg39661	SR
ecg39662	SR,LVQRSAL
ecg39663	SR
ecg39664	SR
ecg39665	SR
ecg39666	SR
ecg39667	SR
ecg39668	SR
ecg39669	SR
ecg39670	SR
ecg39671	SR
ecg39672	SR
ecg39673	SR
ecg39674	SR
ecg39675	SR
ecg39676	SR
ecg39677	SR
ecg39678	TWC,SR
ecg39679	SR
ecg39680	SR
ecg39681	SR
ecg39682	SR
ecg39683	SR
ecg39684	SR
ecg39685	SR
ecg39686	SR
ecg39687	SR
ecg39688	SR
ecg39689	SR
ecg39690	LVH,SR
ecg39691	SR
ecg39692	SR
ecg39693	SR
ecg39694	SR
ecg39695	SR
ecg39696	SR
ecg39697	SR
ecg39698	SR
ecg39699	SR
ecg39700	SR
ecg39701	SR
ecg39702	SR
ecg39703	SR
ecg39704	SR
ecg39705	SR
ecg39706	SR
ecg39707	SR
ecg39708	SR
ecg39709	SR
ecg39710	SR
ecg39711	SR
ecg39712	SR
ecg39713	SR
ecg39714	SR
ecg39715	SR
ecg39716	SR
ecg39717	SR
ecg39718	SR
ecg39719	LVH,SR
ecg39720	SR
ecg39721	SR
ecg39722	SR
ecg39723	SR
ecg39724	SR
ecg39725	SR
ecg39726	SR
ecg39727	SR
ecg39728	SR
ecg39729	SR,LVQRSAL
ecg39730	SR
ecg39731	SR
ecg39732	SR
ecg39733	SR
ecg39734	SR
ecg39735	SR
ecg39736	SR
ecg39737	SR
ecg39738	SR
ecg39739	SR
ecg39740	SR
ecg39741	SR
ecg39742	SR
ecg39743	SR
ecg39744	SR
ecg39745	SR
ecg39746	SR
ecg39747	SR
ecg39748	SR
ecg39749	SR
ecg39750	LVH,SR
ecg39751	SR
ecg39752	SR
ecg39753	SR
ecg39754	SR
ecg39755	SR
ecg39756	SR
ecg39757	SR
ecg39758	SR
ecg39759	SR
ecg39760	SR
ecg39761	SR
ecg39762	SR
ecg39763	SR
ecg39764	SR
ecg39765	SR
ecg39766	SR
ecg39767	SR
ecg39768	SR
ecg39769	LVH,SR
ecg39770	SR
ecg39771	SR
ecg39772	SR
ecg39773	SR
ecg39774	SR
ecg39775	SR
ecg39776	SR
ecg39777	SR
ecg39778	SR
ecg39779	SR
ecg39780	SR
ecg39781	SR
ecg39782	SR
ecg39783	SR
ecg39784	SR
ecg39785	SR
ecg39786	SR
ecg39787	SR
ecg39788	SR
ecg39789	SR
ecg39790	SR
ecg39791	SR
ecg39792	SR
ecg39793	SR
ecg39794	SR
ecg39795	SR
ecg39796	SR
ecg39797	SR
ecg39798	SR
ecg39799	SR
ecg39800	SR
ecg39801	SR
ecg39802	SR
ecg39803	SR
ecg39804	SR
ecg39805	SR
ecg39806	SR
ecg39807	SR
ecg39808	SR
ecg39809	SR
ecg39810	SR
ecg39811	SR
ecg39812	SR
ecg39813	SR
ecg39814	SR
ecg39815	SR
ecg39816	SR
ecg39817	SR
ecg39818	SR
ecg39819	SR
ecg39820	SR
ecg39821	SR
ecg39822	SR
ecg39823	SR
ecg39824	SR
ecg39825	SR
ecg39826	SR
ecg39827	SR
ecg39828	SR
ecg39829	SR
ecg39830	SR
ecg39831	SR
ecg39832	SR
ecg39833	SR
ecg39834	SR
ecg39835	SR
ecg39836	SR
ecg39837	SR
ecg39838	SR
ecg39839	SR,LVQRSAL
ecg39840	SR
ecg39841	SR
ecg39842	SR
ecg39843	SR
ecg39844	SR
ecg39845	SR
ecg39846	SR
ecg39847	TWC,SR
ecg39848	SR
ecg39849	SR
ecg39850	SR
ecg39851	TWC,SR
ecg39852	SR
ecg39853	SR
ecg39854	SR
ecg39855	SR
ecg39856	SR
ecg39857	SR
ecg39858	SR
ecg39859	SR
ecg39860	SR
ecg39861	SR
ecg39862	SR
ecg39863	SR
ecg39864	SR
ecg39865	SR
ecg39866	SR
ecg39867	SR
ecg39868	SR
ecg39869	SR
ecg39870	SR
ecg39871	SR
ecg39872	SR
ecg39873	SR
ecg39874	SR
ecg39875	SR
ecg39876	SR
ecg39877	SR
ecg39878	SR
ecg39879	SR
ecg39880	SR
ecg39881	SR
ecg39882	SR
ecg39883	SR
ecg39884	SR
ecg39885	SR
ecg39886	SR
ecg39887	SR
ecg39888	SR
ecg39889	SR
ecg39890	SR
ecg39891	SR
ecg39892	STC,SR,LVQRSAL
ecg39893	SR
ecg39894	SR
ecg39895	SR
ecg39896	SR
ecg39897	SR
ecg39898	SR
ecg39899	SR
ecg39900	SR
ecg39901	SR
ecg39902	SR
ecg39903	SR
ecg39904	SR
ecg39905	SR
ecg39906	SR
ecg39907	SR
ecg39908	SR
ecg39909	SR
ecg39910	SR
ecg39911	SR
ecg39912	SR
ecg39913	SR
ecg39914	SR
ecg39915	SR
ecg39916	SR
ecg39917	SR
ecg39918	SR
ecg39919	SR
ecg39920	SR
ecg39921	SR
ecg39922	SR
ecg39923	SR
ecg39924	SR
ecg39925	SR
ecg39926	SR
ecg39927	SR
ecg39928	SR
ecg39929	SR
ecg39930	SR
ecg39931	SR
ecg39932	SR
ecg39933	SR
ecg39934	SR
ecg39935	SR
ecg39936	SR
ecg39937	SR
ecg39938	SR
ecg39939	SR
ecg39940	SR
ecg39941	SR,LVQRSAL
ecg39942	TWC,SR
ecg39943	SR
ecg39944	SR
ecg39945	SR
ecg39946	SR
ecg39947	SR
ecg39948	SR
ecg39949	SR
ecg39950	SR
ecg39951	SR
ecg39952	SR
ecg39953	SR
ecg39954	SR
ecg39955	SR
ecg39956	SR
ecg39957	SR
ecg39958	SR
ecg39959	SR
ecg39960	SR
ecg39961	SR
ecg39962	SR
ecg39963	STC,SR
ecg39964	SR
ecg39965	SR
ecg39966	SR
ecg39967	SR
ecg39968	SR
ecg39969	SR
ecg39970	SR
ecg39971	SR
ecg39972	SR
ecg39973	SR
ecg39974	SR
ecg39975	SR
ecg39976	SR
ecg39977	SR
ecg39978	TWC,SR
ecg39979	SR
ecg39980	SR
ecg39981	SR
ecg39982	SR
ecg39983	SR
ecg39984	SR
ecg39985	SR
ecg39986	SR
ecg39987	SR
ecg39988	SR
ecg39989	SR
ecg39990	SR
ecg39991	SR
ecg39992	SR
ecg39993	SR
ecg39994	SR
ecg39995	SR
ecg39996	SR
ecg39997	SR
ecg39998	SR
ecg39999	SR
ecg40000	SR
ecg40001	SR
ecg40002	SR
ecg40003	SR
ecg40004	SR
ecg40005	SR
ecg40006	SR
ecg40007	SR
ecg40008	SR
ecg40009	SR
ecg40010	SR
ecg40011	SR
ecg40012	SR
ecg40013	SR
ecg40014	SR
ecg40015	SR
ecg40016	SR
ecg40017	SR
ecg40018	SR
ecg40019	SR
ecg40020	SR
ecg40021	SR
ecg40022	SR
ecg40023	SR
ecg40024	SR
ecg40025	SR
ecg40026	SR
ecg40027	LVH,SR
ecg40028	SR
ecg40029	SR
ecg40030	SR
ecg40031	SR
ecg40032	TWC,SR
ecg40033	STC,SR
ecg40034	SR
ecg40035	SR
ecg40036	SR
ecg40037	SR
ecg40038	SR
ecg40039	SR
ecg40040	SR
ecg40041	SR
ecg40042	SR
ecg40043	SR
ecg40044	SR
ecg40045	SR
ecg40046	SR
ecg40047	SR
ecg40048	SR
ecg40049	SR
ecg40050	SR
ecg40051	SR
ecg40052	SR
ecg40053	SR
ecg40054	SR
ecg40055	SR
ecg40056	SR
ecg40057	SR
ecg40058	SR
ecg40059	SR
ecg40060	TWC,SR
ecg40061	SR
ecg40062	SR
ecg40063	SR
ecg40064	SR
ecg40065	SR
ecg40066	SR
ecg40067	SR
ecg40068	SR
ecg40069	SR
ecg40070	SR
ecg40071	SR
ecg40072	SR
ecg40073	SR
ecg40074	SR
ecg40075	SR
ecg40076	SR
ecg40077	SR
ecg40078	SR
ecg40079	SR
ecg40080	SR
ecg40081	SR
ecg40082	SR
ecg40083	SR
ecg40084	SR
ecg40085	SR
ecg40086	SR
ecg40087	SR,LVQRSAL
ecg40088	SR
ecg40089	SR
ecg40090	LVH,SR
ecg40091	SR
ecg40092	SR
ecg40093	SR
ecg40094	SR
ecg40095	SR
ecg40096	SR
ecg40097	SR
ecg40098	SR
ecg40099	SR
ecg40100	SR
ecg40101	SR
ecg40102	SR
ecg40103	SR
ecg40104	SR
ecg40105	SR
ecg40106	SR
ecg40107	STC,SR,RWC
ecg40108	SR
ecg40109	SR
ecg40110	SR
ecg40111	SR
ecg40112	SR
ecg40113	SR
ecg40114	SR
ecg40115	SR
ecg40116	SR
ecg40117	SR
ecg40118	SR
ecg40119	SR
ecg40120	SR
ecg40121	SR
ecg40122	SR
ecg40123	SR
ecg40124	SR
ecg40125	SR
ecg40126	SR
ecg40127	SR,LVQRSAL
ecg40128	SR
ecg40129	SR
ecg40130	SR
ecg40131	SR
ecg40132	SR
ecg40133	SR
ecg40134	SR
ecg40135	SR
ecg40136	SR
ecg40137	SR
ecg40138	SR
ecg40139	SR
ecg40140	SR
ecg40141	SR
ecg40142	SR
ecg40143	SR
ecg40144	SR
ecg40145	SR
ecg40146	SR
ecg40147	SR
ecg40148	STTU,SR
ecg40149	SR
ecg40150	SR
ecg40151	SR
ecg40152	SR
ecg40153	SR
ecg40154	SR
ecg40155	SR
ecg40156	SR
ecg40157	SR
ecg40158	SR
ecg40159	SR
ecg40160	SR
ecg40161	SR
ecg40162	SR
ecg40163	TWC,SR
ecg40164	TWC,SR
ecg40165	SR
ecg40166	SR
ecg40167	SR
ecg40168	SR
ecg40169	SR
ecg40170	TWO,SR
ecg40171	SR
ecg40172	SR
ecg40173	SR
ecg40174	SR
ecg40175	SR
ecg40176	SR
ecg40177	SR
ecg40178	SR
ecg40179	SR
ecg40180	SR
ecg40181	SR
ecg40182	SR
ecg40183	SR
ecg40184	SR
ecg40185	SR
ecg40186	SR
ecg40187	SR
ecg40188	SR
ecg40189	SR
ecg40190	SR
ecg40191	SR
ecg40192	SR
ecg40193	SR
ecg40194	SR
ecg40195	SR
ecg40196	SR
ecg40197	SR
ecg40198	SR
ecg40199	SR
ecg40200	LVH,SR
ecg40201	SR
ecg40202	SR
ecg40203	SR
ecg40204	SR
ecg40205	SR
ecg40206	SR
ecg40207	SR
ecg40208	SR
ecg40209	AQW,SR
ecg40210	SR
ecg40211	SR
ecg40212	TWC,SR
ecg40213	SR
ecg40214	SR
ecg40215	SR
ecg40216	AQW,SR
ecg40217	AQW,SR
ecg40218	SR
ecg40219	SR
ecg40220	SR
ecg40221	SR
ecg40222	SR
ecg40223	SR
ecg40224	SR
ecg40225	SR
ecg40226	SR
ecg40227	SR
ecg40228	SR
ecg40229	SR
ecg40230	SR
ecg40231	SR
ecg40232	SR
ecg40233	SR
ecg40234	SR
ecg40235	SR
ecg40236	SR
ecg40237	SR
ecg40238	SR
ecg40239	TWC,SR
ecg40240	SR
ecg40241	SR,LVQRSAL
ecg40242	SR
ecg40243	SR
ecg40244	SR
ecg40245	SR
ecg40246	SR
ecg40247	SR
ecg40248	SR
ecg40249	SR
ecg40250	SR
ecg40251	SR
ecg40252	TWC,SR
ecg40253	SR
ecg40254	SR
ecg40255	SR
ecg40256	LVH,SR
ecg40257	SR
ecg40258	SR
ecg40259	SR
ecg40260	SR
ecg40261	SR
ecg40262	SR
ecg40263	SR
ecg40264	SR
ecg40265	STC,SR
ecg40266	SR
ecg40267	SR
ecg40268	SR
ecg40269	SR
ecg40270	SR
ecg40271	SR
ecg40272	SR
ecg40273	SR
ecg40274	SR
ecg40275	SR
ecg40276	TWC,SR
ecg40277	SR
ecg40278	SR
ecg40279	SR
ecg40280	SR
ecg40281	SR
ecg40282	SR
ecg40283	SR
ecg40284	SR
ecg40285	SR
ecg40286	SR
ecg40287	TWC,SR,LVH
ecg40288	SR
ecg40289	SR
ecg40290	SR
ecg40291	SR
ecg40292	SR
ecg40293	TWC,SR
ecg40294	SR
ecg40295	SR
ecg40296	SR
ecg40297	SR
ecg40298	SR
ecg40299	SR
ecg40300	SR
ecg40301	SR
ecg40302	TWC,SR
ecg40303	SR
ecg40304	SR
ecg40305	SR
ecg40306	SR
ecg40307	STC,SR
ecg40308	SR
ecg40309	SR
ecg40310	SR
ecg40311	SR
ecg40312	SR
ecg40313	SR
ecg40314	SR
ecg40315	SR
ecg40316	SR
ecg40317	SR
ecg40318	SR
ecg40319	SR
ecg40320	SR
ecg40321	SR
ecg40322	SR
ecg40323	AQW,SR
ecg40324	SR
ecg40325	SR
ecg40326	STC,SR
ecg40327	SR
ecg40328	SR
ecg40329	SR
ecg40330	SR
ecg40331	SR
ecg40332	LVH,SR
ecg40333	TWC,SR
ecg40334	SR
ecg40335	SR
ecg40336	SR
ecg40337	SR
ecg40338	SR
ecg40339	SR
ecg40340	SR
ecg40341	SR
ecg40342	STC,SR
ecg40343	SR
ecg40344	SR
ecg40345	SR
ecg40346	SR
ecg40347	SR
ecg40348	SR
ecg40349	SR
ecg40350	SR
ecg40351	SR
ecg40352	SR
ecg40353	SR
ecg40354	SR
ecg40355	SR
ecg40356	LVH,SR
ecg40357	SR
ecg40358	SR
ecg40359	SR
ecg40360	TWC,SR
ecg40361	SR
ecg40362	TWC,SR
ecg40363	SR
ecg40364	STTU,SR
ecg40365	SR
ecg40366	TWC,SR
ecg40367	SR
ecg40368	SR
ecg40369	SR
ecg40370	SR
ecg40371	SR
ecg40372	SR
ecg40373	TWO,LVH,STDD,SR,STC
ecg40374	SR
ecg40375	SR,RWC
ecg40376	SR
ecg40377	TWC,SR,TWO
ecg40378	SR
ecg40379	LVH,SR
ecg40380	SR
ecg40381	SR
ecg40382	SR
ecg40383	SR
ecg40384	SR
ecg40385	SR
ecg40386	SR
ecg40387	SR
ecg40388	SR
ecg40389	SR
ecg40390	SR
ecg40391	SR
ecg40392	SR
ecg40393	SR
ecg40394	TWC,SR
ecg40395	SR
ecg40396	SR
ecg40397	SR
ecg40398	SR
ecg40399	SR
ecg40400	SR
ecg40401	SR
ecg40402	SR
ecg40403	SR
ecg40404	SR
ecg40405	SR
ecg40406	SR
ecg40407	SR
ecg40408	SR
ecg40409	SR
ecg40410	SR
ecg40411	SR
ecg40412	SR
ecg40413	SR
ecg40414	SR
ecg40415	SR
ecg40416	SR
ecg40417	SR
ecg40418	SR
ecg40419	SR
ecg40420	SR
ecg40421	SR
ecg40422	SR
ecg40423	SR
ecg40424	SR
ecg40425	SR
ecg40426	SR
ecg40427	SR
ecg40428	SR
ecg40429	SR
ecg40430	SR
ecg40431	SR
ecg40432	SR
ecg40433	SR
ecg40434	SR
ecg40435	SR
ecg40436	SR
ecg40437	SR
ecg40438	TWC,SR
ecg40439	SR
ecg40440	SR
ecg40441	SR
ecg40442	SR
ecg40443	SR
ecg40444	SR
ecg40445	SR
ecg40446	SR
ecg40447	SR
ecg40448	SR
ecg40449	SR
ecg40450	SR
ecg40451	SR
ecg40452	SR
ecg40453	SR
ecg40454	SR
ecg40455	SR
ecg40456	SR
ecg40457	SR
ecg40458	TWC,SR
ecg40459	SR
ecg40460	SR
ecg40461	SR
ecg40462	SR
ecg40463	TWC,SR
ecg40464	SR
ecg40465	LVH,SR
ecg40466	SR
ecg40467	SR
ecg40468	SR
ecg40469	SR
ecg40470	SR
ecg40471	SR
ecg40472	SR
ecg40473	SR
ecg40474	SR
ecg40475	SR
ecg40476	SR
ecg40477	SR
ecg40478	SR
ecg40479	SR
ecg40480	SR
ecg40481	SR
ecg40482	SR
ecg40483	LVH,SR
ecg40484	SR
ecg40485	SR
ecg40486	SR
ecg40487	SR
ecg40488	SR
ecg40489	SR
ecg40490	SR
ecg40491	SR
ecg40492	SR
ecg40493	SR
ecg40494	SR
ecg40495	SR
ecg40496	SR
ecg40497	SR
ecg40498	SR
ecg40499	SR
ecg40500	SR
ecg40501	SR
ecg40502	SR
ecg40503	SR
ecg40504	AQW,SR
ecg40505	SR
ecg40506	SR
ecg40507	SR
ecg40508	SR
ecg40509	SR
ecg40510	SR
ecg40511	SR
ecg40512	TWC,SR
ecg40513	TWC,SR
ecg40514	TWC,SR
ecg40515	SR
ecg40516	SR
ecg40517	SR
ecg40518	SR
ecg40519	SR
ecg40520	SR
ecg40521	SR
ecg40522	SR
ecg40523	SR
ecg40524	SR
ecg40525	SR
ecg40526	SR
ecg40527	SR
ecg40528	SR
ecg40529	SR
ecg40530	SR
ecg40531	SR
ecg40532	SR
ecg40533	SR
ecg40534	SR
ecg40535	SR
ecg40536	SR
ecg40537	SR
ecg40538	TWC,SR
ecg40539	SR
ecg40540	SR
ecg40541	SR
ecg40542	SR
ecg40543	SR
ecg40544	SR
ecg40545	SR
ecg40546	SR
ecg40547	SR
ecg40548	SR
ecg40549	SR
ecg40550	SR
ecg40551	SR
ecg40552	SR
ecg40553	SR
ecg40554	SR
ecg40555	SR
ecg40556	SR
ecg40557	SR
ecg40558	SR
ecg40559	SR
ecg40560	SR
ecg40561	SR
ecg40562	SR
ecg40563	SR
ecg40564	SR
ecg40565	SR
ecg40566	SR
ecg40567	SR
ecg40568	SR
ecg40569	SR
ecg40570	SR
ecg40571	TWC,SR
ecg40572	SR
ecg40573	SR
ecg40574	SR
ecg40575	SR
ecg40576	SR
ecg40577	SR
ecg40578	SR
ecg40579	TWC,SR
ecg40580	SR
ecg40581	SR
ecg40582	SR
ecg40583	SR
ecg40584	SR
ecg40585	SR
ecg40586	SR
ecg40587	SR
ecg40588	SR
ecg40589	SR
ecg40590	SR
ecg40591	SR
ecg40592	SR
ecg40593	TWC,SR
ecg40594	SR
ecg40595	SR
ecg40596	SR
ecg40597	SR
ecg40598	SR
ecg40599	SR
ecg40600	SR
ecg40601	SR
ecg40602	SR
ecg40603	SR
ecg40604	SR
ecg40605	SR
ecg40606	SR
ecg40607	SR
ecg40608	SR,LVQRSAL
ecg40609	SR
ecg40610	SR
ecg40611	LVH,SR
ecg40612	SR
ecg40613	SR
ecg40614	SR
ecg40615	SR
ecg40616	SR
ecg40617	SR
ecg40618	SR
ecg40619	SR
ecg40620	LVH,SR
ecg40621	SR
ecg40622	STC,SR
ecg40623	SR,LVQRSAL
ecg40624	SR
ecg40625	SR
ecg40626	SR
ecg40627	SR
ecg40628	STC,SR
ecg40629	SR
ecg40630	SR
ecg40631	SR
ecg40632	SR
ecg40633	SR
ecg40634	SR
ecg40635	SR
ecg40636	SR
ecg40637	SR
ecg40638	SR
ecg40639	TWC,SR
ecg40640	SR
ecg40641	SR
ecg40642	SR
ecg40643	SR
ecg40644	SR
ecg40645	SR
ecg40646	SR
ecg40647	SR
ecg40648	SR
ecg40649	TWC,SR
ecg40650	SR
ecg40651	SR
ecg40652	STTU,SR
ecg40653	SR
ecg40654	SR
ecg40655	SR
ecg40656	SR
ecg40657	SR
ecg40658	SR
ecg40659	SR
ecg40660	SR
ecg40661	AQW,SR
ecg40662	SR
ecg40663	SR
ecg40664	SR
ecg40665	SR
ecg40666	SR
ecg40667	SR
ecg40668	SR
ecg40669	SR
ecg40670	SR
ecg40671	STC,SR
ecg40672	SR
ecg40673	SR
ecg40674	SR
ecg40675	SR
ecg40676	SR
ecg40677	SR
ecg40678	SR
ecg40679	SR
ecg40680	SR
ecg40681	SR
ecg40682	SR
ecg40683	SR
ecg40684	SR
ecg40685	SR
ecg40686	SR
ecg40687	SR
ecg40688	SR
ecg40689	SR
ecg40690	SR
ecg40691	LVH,SR
ecg40692	SR
ecg40693	SR
ecg40694	TWC,SR
ecg40695	SR
ecg40696	SR
ecg40697	TWC,SR
ecg40698	SR
ecg40699	SR
ecg40700	SR
ecg40701	SR
ecg40702	SR
ecg40703	SR
ecg40704	SR
ecg40705	SR
ecg40706	SR
ecg40707	SR
ecg40708	SR
ecg40709	SR
ecg40710	SR
ecg40711	SR
ecg40712	SR
ecg40713	SR
ecg40714	SR
ecg40715	SR
ecg40716	SR
ecg40717	SR
ecg40718	SR
ecg40719	SR
ecg40720	SR
ecg40721	SR
ecg40722	SR
ecg40723	STC,SR
ecg40724	SR
ecg40725	SR
ecg40726	SR
ecg40727	SR
ecg40728	STC,SR
ecg40729	SR
ecg40730	SR
ecg40731	SR
ecg40732	SR
ecg40733	SR
ecg40734	SR
ecg40735	SR
ecg40736	SR
ecg40737	SR
ecg40738	SR
ecg40739	SR
ecg40740	SR
ecg40741	SR
ecg40742	SR
ecg40743	SR
ecg40744	SR
ecg40745	SR
ecg40746	SR
ecg40747	SR
ecg40748	SR
ecg40749	SR
ecg40750	SR
ecg40751	SR
ecg40752	SR
ecg40753	SR
ecg40754	SR
ecg40755	SR
ecg40756	SR
ecg40757	SR
ecg40758	SR
ecg40759	SR
ecg40760	SR
ecg40761	SR
ecg40762	SR
ecg40763	SR
ecg40764	SR
ecg40765	SR
ecg40766	SR
ecg40767	SR
ecg40768	SR
ecg40769	SR
ecg40770	SR
ecg40771	SR
ecg40772	SR
ecg40773	SR
ecg40774	SR
ecg40775	SR
ecg40776	SR
ecg40777	SR
ecg40778	SR
ecg40779	SR
ecg40780	SR
ecg40781	SR
ecg40782	SR
ecg40783	SR
ecg40784	SR
ecg40785	SR
ecg40786	SR
ecg40787	SR
ecg40788	SR
ecg40789	SR
ecg40790	SR
ecg40791	SR
ecg40792	SR
ecg40793	SR
ecg40794	SR
ecg40795	SR
ecg40796	SR
ecg40797	SR
ecg40798	SR
ecg40799	SR
ecg40800	SR
ecg40801	SR
ecg40802	SR
ecg40803	SR
ecg40804	SR
ecg40805	SR
ecg40806	SR
ecg40807	SR
ecg40808	SR
ecg40809	SR
ecg40810	SR
ecg40811	SR
ecg40812	SR
ecg40813	SR
ecg40814	SR
ecg40815	SR
ecg40816	SR
ecg40817	SR
ecg40818	SR
ecg40819	SR
ecg40820	SR
ecg40821	SR
ecg40822	SR
ecg40823	TWC,SR
ecg40824	SR
ecg40825	SR
ecg40826	SR
ecg40827	SR
ecg40828	SR
ecg40829	SR
ecg40830	SR
ecg40831	SR
ecg40832	SR
ecg40833	SR
ecg40834	SR
ecg40835	SR
ecg40836	SR
ecg40837	SR
ecg40838	SR
ecg40839	SR
ecg40840	SR
ecg40841	SR
ecg40842	SR
ecg40843	SR
ecg40844	SR
ecg40845	SR
ecg40846	SR
ecg40847	SR
ecg40848	SR
ecg40849	SR
ecg40850	SR
ecg40851	SR
ecg40852	SR
ecg40853	SR
ecg40854	SR
ecg40855	SR
ecg40856	SR
ecg40857	SR
ecg40858	SR
ecg40859	LVH,SR
ecg40860	SR
ecg40861	SR
ecg40862	LVH,SR
ecg40863	SR
ecg40864	SR
ecg40865	SR
ecg40866	SR
ecg40867	SR
ecg40868	SR
ecg40869	SR
ecg40870	SR
ecg40871	SR
ecg40872	SR
ecg40873	SR
ecg40874	SR
ecg40875	SR
ecg40876	SR
ecg40877	SR
ecg40878	SR
ecg40879	SR
ecg40880	SR
ecg40881	SR
ecg40882	SR
ecg40883	TWC,SR
ecg40884	SR
ecg40885	SR
ecg40886	SR
ecg40887	SR
ecg40888	SR
ecg40889	SR
ecg40890	SR
ecg40891	SR
ecg40892	SR
ecg40893	SR
ecg40894	SR
ecg40895	SR
ecg40896	SR
ecg40897	SR
ecg40898	SR
ecg40899	SR
ecg40900	SR
ecg40901	SR
ecg40902	SR
ecg40903	SR
ecg40904	SR
ecg40905	SR
ecg40906	SR
ecg40907	SR
ecg40908	SR
ecg40909	SR
ecg40910	SR
ecg40911	SR
ecg40912	SR
ecg40913	SR
ecg40914	SR
ecg40915	SR
ecg40916	SR
ecg40917	SR
ecg40918	SR
ecg40919	SR
ecg40920	TWC,SR
ecg40921	SR
ecg40922	SR
ecg40923	SR
ecg40924	SR
ecg40925	SR
ecg40926	SR
ecg40927	SR
ecg40928	SR
ecg40929	TWC,SR
ecg40930	SR
ecg40931	SR
ecg40932	SR
ecg40933	SR
ecg40934	SR
ecg40935	SR
ecg40936	LVH,SR
ecg40937	SR
ecg40938	SR
ecg40939	SR
ecg40940	SR
ecg40941	SR
ecg40942	SR
ecg40943	SR
ecg40944	SR
ecg40945	SR
ecg40946	SR
ecg40947	SR
ecg40948	SR
ecg40949	SR
ecg40950	SR
ecg40951	SR
ecg40952	SR
ecg40953	SR
ecg40954	SR
ecg40955	SR
ecg40956	SR
ecg40957	SR
ecg40958	SR
ecg40959	SR
ecg40960	SR
ecg40961	SR
ecg40962	SR
ecg40963	SR
ecg40964	SR
ecg40965	SR
ecg40966	SR
ecg40967	SR
ecg40968	SR
ecg40969	SR
ecg40970	SR
ecg40971	SR
ecg40972	SR
ecg40973	SR
ecg40974	SR
ecg40975	SR
ecg40976	SR
ecg40977	SR
ecg40978	SR
ecg40979	SR
ecg40980	SR
ecg40981	SR
ecg40982	SR
ecg40983	SR
ecg40984	SR
ecg40985	SR
ecg40986	SR
ecg40987	SR,LVQRSAL
ecg40988	SR
ecg40989	SR
ecg40990	SR
ecg40991	SR
ecg40992	SR
ecg40993	SR
ecg40994	SR
ecg40995	SR
ecg40996	SR
ecg40997	SR
ecg40998	SR
ecg40999	SR
ecg41000	SR
ecg41001	SR
ecg41002	SR
ecg41003	SR
ecg41004	SR
ecg41005	SR
ecg41006	SR
ecg41007	SR
ecg41008	SR
ecg41009	SR
ecg41010	SR
ecg41011	SR
ecg41012	SR
ecg41013	SR
ecg41014	SR
ecg41015	SR
ecg41016	SR
ecg41017	SR
ecg41018	SR
ecg41019	SR
ecg41020	SR
ecg41021	SR
ecg41022	SR
ecg41023	SR,LVQRSAL
ecg41024	SR
ecg41025	SR
ecg41026	SR
ecg41027	SR
ecg41028	SR
ecg41029	SR
ecg41030	SR
ecg41031	SR
ecg41032	SR
ecg41033	SR
ecg41034	SR
ecg41035	SR
ecg41036	SR
ecg41037	SR
ecg41038	SR
ecg41039	SR
ecg41040	SR
ecg41041	SR
ecg41042	SR
ecg41043	SR
ecg41044	SR
ecg41045	SR
ecg41046	SR
ecg41047	SR
ecg41048	SR
ecg41049	SR
ecg41050	SR
ecg41051	SR
ecg41052	SR
ecg41053	TWC,SR
ecg41054	SR
ecg41055	TWC,SR
ecg41056	SR
ecg41057	SR
ecg41058	SR
ecg41059	SR
ecg41060	SR
ecg41061	SR
ecg41062	SR
ecg41063	SR
ecg41064	SR
ecg41065	SR
ecg41066	SR
ecg41067	SR
ecg41068	SR
ecg41069	SR
ecg41070	SR
ecg41071	SR
ecg41072	TWC,SR
ecg41073	SR
ecg41074	SR
ecg41075	SR
ecg41076	SR
ecg41077	SR
ecg41078	SR
ecg41079	SR
ecg41080	SR
ecg41081	SR
ecg41082	SR
ecg41083	SR
ecg41084	SR
ecg41085	SR
ecg41086	SR
ecg41087	SR
ecg41088	SR
ecg41089	SR
ecg41090	SR
ecg41091	SR
ecg41092	SR
ecg41093	SR
ecg41094	SR
ecg41095	SR
ecg41096	SR
ecg41097	SR
ecg41098	TWC,SR
ecg41099	SR
ecg41100	SR
ecg41101	SR
ecg41102	SR
ecg41103	SR
ecg41104	SR
ecg41105	SR
ecg41106	SR
ecg41107	SR
ecg41108	SR
ecg41109	SR
ecg41110	TWC,SR
ecg41111	SR
ecg41112	SR
ecg41113	SR
ecg41114	SR
ecg41115	SR
ecg41116	SR
ecg41117	SR
ecg41118	SR
ecg41119	SR
ecg41120	SR
ecg41121	SR
ecg41122	SR
ecg41123	SR
ecg41124	SR
ecg41125	SR
ecg41126	SR
ecg41127	SR
ecg41128	SR
ecg41129	SR
ecg41130	SR
ecg41131	SR
ecg41132	SR
ecg41133	SR
ecg41134	SR
ecg41135	SR
ecg41136	LAFB,ST,LVH
ecg41137	AQW,ST,LAFB
ecg41138	LAFB,RWC,ST,LVQRSAL
ecg41139	TWO,ST,LAFB
ecg41140	AQW,ST,LAFB
ecg41141	LAFB,ST,PPW
ecg41142	TWC,ST,LAFB
ecg41143	STDD,LAFB,BBB,ST,TWO,STC
ecg41144	LAFB,ST
ecg41145	LAFB,ST
ecg41146	TWC,LAFB,ST,RWC
ecg41147	TWO,LAFB,ST,RWC,TWC,LVH
ecg41148	AQW,ST,LAFB,STC
ecg41149	LAFB,ST
ecg41150	STTU,ST,LAFB
ecg41151	AQW,STTU,LAFB,ST,TWC
ecg41152	LAFB,ST
ecg41153	TWC,ST,LAFB
ecg41154	STC,ST,LAFB
ecg41155	TWC,RWC,ST,LAFB
ecg41156	STTU,ST,LAFB,BRUG
ecg41157	STTU,ST,ERV
ecg41158	STTU,ST,ERV
ecg41159	ERV,ST
ecg41160	STTU,ST,ERV
ecg41161	STTU,ST,ERV
ecg41162	STTU,ST,ERV
ecg41163	STC,AVD,ST,PVT
ecg41164	STC,AVD,ST,PVT
ecg41165	STC,ST,PVT
ecg41166	STDD,AVD,PVT,ST,TWO
ecg41167	PVT,ST
ecg41168	AQW,PVT,ST,STC
ecg41169	PVT,ST
ecg41170	WPW,ST
ecg41171	STC,ST,WPW
ecg41172	WPW,ST,LVH
ecg41173	WPW,ST
ecg41174	WPW,ST
ecg41175	WPW,ST
ecg41176	STC,TPW,ST
ecg41177	ST
ecg41178	ST
ecg41179	ST
ecg41180	STC,ST
ecg41181	ST
ecg41182	STTU,ST,LVQRSAL,STDD,STC
ecg41183	TWO,ST
ecg41184	ST
ecg41185	ST
ecg41186	ST
ecg41187	ST,TPW
ecg41188	ST
ecg41189	STC,ST,LVH,STDD
ecg41190	ST,LVQRSAL
ecg41191	TWC,ST
ecg41192	TWO,ST
ecg41193	ST
ecg41194	ST
ecg41195	STC,ST
ecg41196	STC,ST,LVH
ecg41197	ST
ecg41198	STC,ST,LVH
ecg41199	ST
ecg41200	TWC,ST
ecg41201	TWC,ST
ecg41202	ST
ecg41203	ST
ecg41204	STC,ST
ecg41205	ST
ecg41206	ST
ecg41207	ST
ecg41208	STDD,ST,STC
ecg41209	ST
ecg41210	ST
ecg41211	TWC,ST
ecg41212	ST
ecg41213	ST
ecg41214	ST,LVQRSAL
ecg41215	ST
ecg41216	ST
ecg41217	ST
ecg41218	ST
ecg41219	TWC,ST
ecg41220	ST
ecg41221	ST
ecg41222	ST
ecg41223	STDD,ST
ecg41224	ST
ecg41225	ST
ecg41226	STC,ST
ecg41227	ST
ecg41228	ST
ecg41229	STC,ST,LVH
ecg41230	STC,ST
ecg41231	STTU,ST
ecg41232	STC,ST
ecg41233	ST
ecg41234	ST,TPW
ecg41235	ST
ecg41236	STC,ST
ecg41237	ST
ecg41238	ST
ecg41239	ST
ecg41240	ST,PPW
ecg41241	ST
ecg41242	ST
ecg41243	ST
ecg41244	ST
ecg41245	RVH,ST
ecg41246	ST
ecg41247	ST
ecg41248	ST
ecg41249	ST
ecg41250	ST
ecg41251	STC,ST,LVH
ecg41252	TWC,ST
ecg41253	TWO,ST
ecg41254	TWO,ST
ecg41255	ST
ecg41256	ST
ecg41257	ST
ecg41258	ST
ecg41259	TWO,RVH,ST,TPW
ecg41260	ST
ecg41261	STC,ST
ecg41262	STC,ST
ecg41263	ST
ecg41264	STC,ST
ecg41265	ST
ecg41266	TWC,ST
ecg41267	TWO,ST
ecg41268	ST
ecg41269	ST
ecg41270	TWC,ST,TWO
ecg41271	STC,ST
ecg41272	STC,ST
ecg41273	TWC,ST
ecg41274	ST
ecg41275	ST,TPW
ecg41276	ST
ecg41277	ST
ecg41278	ST
ecg41279	AQW,STTU,ST
ecg41280	ST
ecg41281	ST
ecg41282	STC,ST
ecg41283	TWC,ST
ecg41284	ST
ecg41285	TWC,RWC,ST
ecg41286	ST
ecg41287	ST
ecg41288	STC,ST
ecg41289	TWC,ST
ecg41290	STC,ST
ecg41291	ST
ecg41292	TWO,ST,LVH,STDD,STC
ecg41293	LVH,ST,TPW
ecg41294	ST
ecg41295	STC,ST
ecg41296	LVH,ST
ecg41297	ST
ecg41298	ST
ecg41299	STC,ST,LVH
ecg41300	STC,ST,LVH
ecg41301	ST
ecg41302	ST
ecg41303	ST
ecg41304	ST
ecg41305	ST
ecg41306	ST
ecg41307	ST
ecg41308	ST
ecg41309	STC,ST
ecg41310	TWC,ST,STDD,STC
ecg41311	ST
ecg41312	ST
ecg41313	TWC,ST
ecg41314	ST
ecg41315	RVH,RWC,ST,LVQRSAL
ecg41316	STC,ST
ecg41317	ST
ecg41318	ST
ecg41319	ST
ecg41320	ST,TPW
ecg41321	ST
ecg41322	STC,ST
ecg41323	ST
ecg41324	TWC,RWC,ST,PWC
ecg41325	ST
ecg41326	ST
ecg41327	TWC,ST
ecg41328	TWC,ST,TWO
ecg41329	ST
ecg41330	ST
ecg41331	STC,ST
ecg41332	ST
ecg41333	STC,ST,LVH
ecg41334	ST
ecg41335	ST
ecg41336	ST
ecg41337	ST
ecg41338	ST
ecg41339	ST
ecg41340	ST,LVQRSAL
ecg41341	LVH,ST
ecg41342	ST
ecg41343	LVH,ST
ecg41344	ST
ecg41345	ST
ecg41346	ST
ecg41347	ST
ecg41348	ST
ecg41349	TWC,ST,TWO
ecg41350	ST
ecg41351	ST
ecg41352	ST
ecg41353	ST
ecg41354	ST
ecg41355	STDD,ST,TWO
ecg41356	AQW,TWC,ST
ecg41357	STDD,ST,TWO,LVH,STC
ecg41358	STC,ST
ecg41359	ST
ecg41360	ST
ecg41361	ST
ecg41362	ST
ecg41363	STC,ST
ecg41364	LVH,ST
ecg41365	ST
ecg41366	TWC,ST
ecg41367	ST
ecg41368	ST
ecg41369	ST
ecg41370	STC,ST,LVH
ecg41371	STC,ST
ecg41372	ST
ecg41373	ST
ecg41374	ST
ecg41375	ST,LVQRSAL
ecg41376	ST
ecg41377	STC,ST
ecg41378	ST
ecg41379	STC,ST
ecg41380	RVH,ST,TPW
ecg41381	ST
ecg41382	TWC,ST
ecg41383	ST
ecg41384	ST
ecg41385	ST
ecg41386	ST
ecg41387	ST
ecg41388	ST
ecg41389	ST
ecg41390	ST
ecg41391	ST
ecg41392	STC,ST
ecg41393	STC,ST
ecg41394	STC,ST
ecg41395	ST
ecg41396	ST
ecg41397	ST
ecg41398	ST
ecg41399	ST
ecg41400	ST
ecg41401	ST
ecg41402	STC,ST
ecg41403	STC,ST
ecg41404	STC,ST,LVH
ecg41405	STC,ST
ecg41406	STC,ST
ecg41407	ST
ecg41408	ST
ecg41409	STC,TPW,ST
ecg41410	TWC,ST,STDD,STC
ecg41411	ST
ecg41412	ST
ecg41413	ST
ecg41414	STC,ST
ecg41415	ST
ecg41416	ST
ecg41417	ST,LVQRSAL
ecg41418	STTU,ST,LVQRSAL
ecg41419	STTU,ST,LVQRSAL
ecg41420	TWC,ST,LVQRSAL,TWO
ecg41421	ST
ecg41422	ST
ecg41423	TWC,ST
ecg41424	ST
ecg41425	TWC,ST
ecg41426	ST
ecg41427	ST
ecg41428	TWC,ST
ecg41429	ST
ecg41430	TWC,ST,LVH
ecg41431	LVH,ST
ecg41432	ST,RWC
ecg41433	STDD,ST,STC,TWO
ecg41434	ST
ecg41435	ST
ecg41436	ST
ecg41437	ST
ecg41438	ST
ecg41439	ST,TPW
ecg41440	ST,TPW
ecg41441	ST
ecg41442	STC,ST
ecg41443	STC,ST
ecg41444	ST
ecg41445	TWO,ST,LVH
ecg41446	ST
ecg41447	STC,ST,LVH
ecg41448	ST
ecg41449	ST
ecg41450	ST
ecg41451	ST
ecg41452	ST
ecg41453	ST
ecg41454	TWC,ST
ecg41455	STC,ST
ecg41456	ST
ecg41457	LVH,ST
ecg41458	ST
ecg41459	ST
ecg41460	ST
ecg41461	ST
ecg41462	ST
ecg41463	STC,ST
ecg41464	ST
ecg41465	TWC,ST
ecg41466	TWC,ST
ecg41467	ST
ecg41468	ST
ecg41469	ST
ecg41470	ST
ecg41471	STC,ST
ecg41472	TWC,ST
ecg41473	ST
ecg41474	ST,TPW
ecg41475	ST
ecg41476	ST
ecg41477	STC,ST
ecg41478	ST,TPW
ecg41479	STC,ST
ecg41480	ST
ecg41481	STC,ST
ecg41482	ST
ecg41483	ST
ecg41484	STC,ST
ecg41485	ST
ecg41486	ST
ecg41487	STC,ST
ecg41488	ST
ecg41489	ST
ecg41490	ST
ecg41491	ST
ecg41492	ST
ecg41493	ST
ecg41494	ST
ecg41495	TWO,ST
ecg41496	ST
ecg41497	ST
ecg41498	ST
ecg41499	ST
ecg41500	ST
ecg41501	ST
ecg41502	ST
ecg41503	ST
ecg41504	TWC,ST,LVH,TWO
ecg41505	LVH,ST
ecg41506	LVH,ST,TPW
ecg41507	ST
ecg41508	ST
ecg41509	STC,ST
ecg41510	ST
ecg41511	ST
ecg41512	TWC,ST
ecg41513	ST
ecg41514	TWO,ST
ecg41515	RVH,TPW,ST,RWC,RAH
ecg41516	STC,ST
ecg41517	ST
ecg41518	TWC,ST
ecg41519	STC,ST
ecg41520	ST
ecg41521	STC,ST
ecg41522	ST,TPW
ecg41523	ST
ecg41524	ST
ecg41525	TWC,ST
ecg41526	ST
ecg41527	ST
ecg41528	ST
ecg41529	ST
ecg41530	ST
ecg41531	STC,ST
ecg41532	ST
ecg41533	ST
ecg41534	ST
ecg41535	STC,ST
ecg41536	ST
ecg41537	ST
ecg41538	TWC,ST
ecg41539	ST
ecg41540	STC,ST
ecg41541	ST
ecg41542	ST,TPW
ecg41543	TWC,ST
ecg41544	ST
ecg41545	ST
ecg41546	ST
ecg41547	ST
ecg41548	AQW,TWC,ST
ecg41549	ST
ecg41550	ST
ecg41551	ST
ecg41552	TWC,ST
ecg41553	ST
ecg41554	LVH,ST
ecg41555	ST
ecg41556	TWC,ST,LVQRSAL
ecg41557	TWC,ST,LVQRSAL
ecg41558	TWC,ST
ecg41559	LVH,ST
ecg41560	STC,ST
ecg41561	LVH,ST,PPW
ecg41562	STC,ST
ecg41563	ST
ecg41564	STC,ST
ecg41565	ST
ecg41566	ST
ecg41567	ST
ecg41568	ST
ecg41569	ST
ecg41570	STDD,ST,STC,TWO
ecg41571	ST
ecg41572	ST
ecg41573	ST
ecg41574	STC,ST
ecg41575	ST
ecg41576	AQW,ST,LVQRSAL
ecg41577	ST
ecg41578	ST
ecg41579	ST
ecg41580	TWC,ST
ecg41581	STC,ST
ecg41582	ST
ecg41583	ST
ecg41584	ST
ecg41585	ST
ecg41586	ST
ecg41587	ST
ecg41588	LVH,ST
ecg41589	ST
ecg41590	STDD,ST,TWO,LVH,STC
ecg41591	ST
ecg41592	ST
ecg41593	STC,ST
ecg41594	ST
ecg41595	AQW,STTU,ST,TWO
ecg41596	TWO,ST
ecg41597	STC,ST
ecg41598	ST
ecg41599	TWC,ST
ecg41600	ST
ecg41601	TWC,ST
ecg41602	ST
ecg41603	ST
ecg41604	STC,ST
ecg41605	ST
ecg41606	ST
ecg41607	ST
ecg41608	ST
ecg41609	TWC,ST
ecg41610	ST
ecg41611	STC,ST
ecg41612	ST
ecg41613	STC,ST
ecg41614	LVH,ST
ecg41615	ST
ecg41616	ST
ecg41617	TWC,ST
ecg41618	STC,ST
ecg41619	ST,PPW
ecg41620	ST
ecg41621	TWC,ST
ecg41622	TWC,ST
ecg41623	ST
ecg41624	RVH,ST
ecg41625	ST
ecg41626	STC,ST
ecg41627	TWC,ST
ecg41628	ST
ecg41629	ST,LVQRSAL
ecg41630	ST
ecg41631	ST
ecg41632	TWC,ST,TWO
ecg41633	ST
ecg41634	ST
ecg41635	ST
ecg41636	ST
ecg41637	ST
ecg41638	ST,LVQRSAL
ecg41639	ST
ecg41640	PRIE,ST
ecg41641	ST,TPW
ecg41642	ST
ecg41643	ST
ecg41644	ST
ecg41645	ST
ecg41646	ST
ecg41647	ST
ecg41648	ST
ecg41649	STTU,ST
ecg41650	STC,ST
ecg41651	ST
ecg41652	TWC,ST,TPW
ecg41653	ST
ecg41654	STC,ST
ecg41655	TWC,ST,TWO
ecg41656	ST
ecg41657	STDD,ST,STC
ecg41658	TWC,ST,LVH,TPW
ecg41659	ST
ecg41660	TWC,ST
ecg41661	ST
ecg41662	ST
ecg41663	ST
ecg41664	ST
ecg41665	TWC,ST
ecg41666	ST
ecg41667	TWC,ST
ecg41668	ST
ecg41669	ST
ecg41670	STTU,ST
ecg41671	STC,ST
ecg41672	ST
ecg41673	ST
ecg41674	LVH,ST
ecg41675	ST
ecg41676	ST
ecg41677	ST
ecg41678	ST
ecg41679	STC,ST
ecg41680	ST
ecg41681	ST
ecg41682	ST
ecg41683	TWC,ST
ecg41684	TWC,ST,TPW
ecg41685	ST
ecg41686	ST
ecg41687	STC,ST,LVH,PWC
ecg41688	ST
ecg41689	STDD,ST,TWO,STC,TWC
ecg41690	STDD,ST,TWO,STC,TWC
ecg41691	ST
ecg41692	ST
ecg41693	ST
ecg41694	STTU,RWC,ST
ecg41695	STC,ST
ecg41696	ST
ecg41697	ST
ecg41698	ST
ecg41699	ST
ecg41700	LVH,ST
ecg41701	STDD,ST
ecg41702	STDD,ST,STC
ecg41703	STC,ST
ecg41704	ST
ecg41705	TWC,ST
ecg41706	TWC,ST
ecg41707	ST,PPW
ecg41708	STC,ST
ecg41709	ST,LVQRSAL,TPW
ecg41710	STC,ST
ecg41711	ST
ecg41712	ST
ecg41713	STC,ST,LVH
ecg41714	ST
ecg41715	TWC,ST
ecg41716	STC,ST
ecg41717	ST
ecg41718	ST
ecg41719	TWO,ST
ecg41720	ST
ecg41721	STC,ST,LVH
ecg41722	ST
ecg41723	LVH,ST
ecg41724	STC,ST,LVH
ecg41725	TWC,ST,LVH
ecg41726	TWC,ST
ecg41727	ST
ecg41728	TWC,ST
ecg41729	TWC,ST
ecg41730	ST
ecg41731	ST,TPW
ecg41732	ST
ecg41733	ST
ecg41734	ST
ecg41735	TWC,ST
ecg41736	ST
ecg41737	ST
ecg41738	STC,RWC,ST,LVQRSAL
ecg41739	ST
ecg41740	ST,TPW
ecg41741	ST
ecg41742	ST,LVQRSAL
ecg41743	ST
ecg41744	ST
ecg41745	LVH,ST
ecg41746	TWC,ST
ecg41747	ST
ecg41748	LVH,ST
ecg41749	STC,ST
ecg41750	TWO,ST
ecg41751	STC,ST
ecg41752	TWC,ST
ecg41753	STC,ST
ecg41754	ST
ecg41755	ST
ecg41756	STTU,ST,ERV
ecg41757	ST
ecg41758	LVH,ST
ecg41759	ST
ecg41760	ST,LVQRSAL
ecg41761	ST
ecg41762	ST
ecg41763	TWO,ST,LVH
ecg41764	ST
ecg41765	ST
ecg41766	STC,ST
ecg41767	ST
ecg41768	RVH,ST
ecg41769	ST
ecg41770	TWC,ST
ecg41771	STC,ST,LVH
ecg41772	ST
ecg41773	STC,ST,PWC
ecg41774	ST
ecg41775	TWC,ST,LVH,TWO
ecg41776	STC,ST
ecg41777	STDD,ST,STC
ecg41778	LVH,ST
ecg41779	ST
ecg41780	TWC,ST,LVH
ecg41781	TWC,ST
ecg41782	ST
ecg41783	ST
ecg41784	TWC,ST
ecg41785	ST
ecg41786	ST
ecg41787	ST
ecg41788	ST
ecg41789	ST
ecg41790	TWC,ST
ecg41791	ST
ecg41792	TWC,ST
ecg41793	TWC,ST,STDD
ecg41794	ST
ecg41795	STDD,ST,STC,TWO
ecg41796	ST
ecg41797	ST
ecg41798	ST
ecg41799	ST
ecg41800	STC,ST
ecg41801	ST,LVQRSAL
ecg41802	ST
ecg41803	STC,ST
ecg41804	ST
ecg41805	ST
ecg41806	ST
ecg41807	AQW,STTU,RWC,ST
ecg41808	ST
ecg41809	ST
ecg41810	ST
ecg41811	STDD,ST,STC,TWO
ecg41812	ST
ecg41813	ST
ecg41814	ST
ecg41815	STC,ST,LVH,PWC
ecg41816	STC,ST
ecg41817	ST
ecg41818	ST
ecg41819	ST
ecg41820	ST
ecg41821	ST,TPW
ecg41822	ST,TPW
ecg41823	ST,TPW
ecg41824	STC,QTIE,ST
ecg41825	TWC,ST
ecg41826	STTU,ST
ecg41827	ST
ecg41828	ST
ecg41829	STC,ST
ecg41830	ST
ecg41831	ST
ecg41832	STC,ST
ecg41833	ST
ecg41834	ST
ecg41835	TWC,ST
ecg41836	STDD,ST,STC,TWO
ecg41837	ST,LVQRSAL
ecg41838	STDD,ST,STC,TWO
ecg41839	STC,ST
ecg41840	STDD,ST,STC,PPW
ecg41841	AQW,ST,STDD,TWO,PPW,STC
ecg41842	STDD,ST,STC
ecg41843	STC,ST
ecg41844	ST
ecg41845	ST
ecg41846	LVH,ST
ecg41847	STC,ST
ecg41848	STDD,ST,TWO,LVH,STC
ecg41849	STC,ST
ecg41850	ST
ecg41851	ST
ecg41852	ST
ecg41853	ST
ecg41854	STC,ST
ecg41855	ST
ecg41856	ST
ecg41857	ST
ecg41858	ST
ecg41859	TWC,ST
ecg41860	TWC,ST
ecg41861	ST
ecg41862	AQW,ST,TWO,TWC,STC
ecg41863	TWC,ST
ecg41864	ST
ecg41865	ST
ecg41866	TWC,ST,LVH
ecg41867	ST
ecg41868	STC,ST
ecg41869	ST
ecg41870	ST
ecg41871	TWC,ST,TWO
ecg41872	ST
ecg41873	STC,ST
ecg41874	ST
ecg41875	ST
ecg41876	ST
ecg41877	ST
ecg41878	ST
ecg41879	TWC,ST
ecg41880	ST
ecg41881	ST
ecg41882	TWO,ST,LVQRSAL
ecg41883	TWC,ST
ecg41884	ST
ecg41885	ST
ecg41886	ST
ecg41887	LVH,ST
ecg41888	ST,LVQRSAL
ecg41889	ST
ecg41890	ST
ecg41891	TWC,ST
ecg41892	ST
ecg41893	ST
ecg41894	STC,ST
ecg41895	ST
ecg41896	ST
ecg41897	RVH,ST,TPW
ecg41898	ST
ecg41899	STC,ST
ecg41900	TWC,ST
ecg41901	ST,LVQRSAL
ecg41902	ST
ecg41903	ST
ecg41904	STC,ST
ecg41905	ST
ecg41906	AQW,RWC,TWC,ST
ecg41907	ST,PPW
ecg41908	ST,LVQRSAL
ecg41909	STC,ST
ecg41910	ST
ecg41911	STC,ST
ecg41912	STTU,ST,STDD,STC
ecg41913	STC,ST
ecg41914	ST
ecg41915	ST
ecg41916	STC,ST,LVH
ecg41917	STDD,ST,STC
ecg41918	ST
ecg41919	STC,ST
ecg41920	ST
ecg41921	TWC,ST
ecg41922	STC,ST
ecg41923	STC,ST,LVH
ecg41924	ST
ecg41925	ST
ecg41926	ST
ecg41927	AQW,STTU,TWC,ST
ecg41928	STC,ST
ecg41929	ST
ecg41930	TWC,ST
ecg41931	STC,ST
ecg41932	STC,ST
ecg41933	ST
ecg41934	TWC,ST
ecg41935	ST
ecg41936	ST
ecg41937	STC,ST
ecg41938	TWC,ST,PPW
ecg41939	ST
ecg41940	TWC,ST
ecg41941	ST
ecg41942	ST
ecg41943	TWC,ST
ecg41944	STDD,ST,STC,TWO
ecg41945	ST
ecg41946	ST
ecg41947	WPW,ST
ecg41948	STC,ST
ecg41949	ST
ecg41950	ST
ecg41951	STC,ST
ecg41952	ST
ecg41953	ST
ecg41954	ST
ecg41955	LVH,ST
ecg41956	ST
ecg41957	ST
ecg41958	ST
ecg41959	ST
ecg41960	ST
ecg41961	ST
ecg41962	STDD,ST,TWO,LVH,STC
ecg41963	TWC,ST,LVH
ecg41964	ST
ecg41965	TWC,ST,STDD,STC
ecg41966	TWC,ST
ecg41967	ST
ecg41968	TWC,ST
ecg41969	STC,ST,LVH
ecg41970	ST,LVQRSAL
ecg41971	ST
ecg41972	ST,PPW
ecg41973	ST
ecg41974	ST
ecg41975	ST
ecg41976	ST
ecg41977	ST
ecg41978	AQW,TWC,ST
ecg41979	STC,ST
ecg41980	ST
ecg41981	ST
ecg41982	ST
ecg41983	TWC,ST
ecg41984	ST
ecg41985	ST
ecg41986	TWC,ST,STC,TWO
ecg41987	ST
ecg41988	TWC,ST
ecg41989	ST
ecg41990	STC,RWC,ST,LVH
ecg41991	ST
ecg41992	LVH,ST
ecg41993	STC,RWC,ST
ecg41994	TWO,ST,LVH,STDD,STC
ecg41995	RVH,ST
ecg41996	ST
ecg41997	ST
ecg41998	STDD,ST,STC
ecg41999	ST
ecg42000	ST
ecg42001	STC,ST,LVH
ecg42002	ST
ecg42003	STC,ST
ecg42004	STC,ST
ecg42005	ST
ecg42006	ST
ecg42007	ST
ecg42008	TWC,ST
ecg42009	STC,ST,PWC
ecg42010	TWC,ST
ecg42011	ST,TPW
ecg42012	STC,QTIE,ST
ecg42013	TWO,ST
ecg42014	ST
ecg42015	ST
ecg42016	ST
ecg42017	TWC,ST
ecg42018	STC,ST,LVH
ecg42019	STC,ST,LVH
ecg42020	STC,ST
ecg42021	ST
ecg42022	STC,ST
ecg42023	ST
ecg42024	TWC,ST
ecg42025	ST
ecg42026	STC,ST
ecg42027	ST
ecg42028	ST
ecg42029	STC,ST
ecg42030	ST,TPW
ecg42031	ST
ecg42032	ST
ecg42033	ST
ecg42034	TWC,ST
ecg42035	ST
ecg42036	STC,ST
ecg42037	ST
ecg42038	ST,TPW
ecg42039	TWC,ST,PWC,RWC,LVH
ecg42040	TWC,ST
ecg42041	ST
ecg42042	STC,ST
ecg42043	TWC,ST,TWO
ecg42044	ST
ecg42045	ST
ecg42046	ST,TPW
ecg42047	STC,ST
ecg42048	STC,ST
ecg42049	ST
ecg42050	ST,LVQRSAL
ecg42051	ST
ecg42052	ST
ecg42053	STDD,ST,STC,TWO
ecg42054	ST
ecg42055	STDD,ST,STC,TWO
ecg42056	LVH,ST
ecg42057	TWC,ST,LVH
ecg42058	TWC,ST,LVH,TWO
ecg42059	ST
ecg42060	STC,ST
ecg42061	ST
ecg42062	ST
ecg42063	ST
ecg42064	TWC,ST
ecg42065	ST
ecg42066	LVH,ST
ecg42067	ST
ecg42068	TWC,ST
ecg42069	STC,ST
ecg42070	ST
ecg42071	ST,RWC
ecg42072	ST
ecg42073	ST
ecg42074	ST
ecg42075	STC,ST
ecg42076	ST
ecg42077	ST
ecg42078	ST
ecg42079	STC,ST
ecg42080	STC,ST
ecg42081	ST,LVQRSAL
ecg42082	STDD,ST,TWO,RWC,PPW,LVH,STC
ecg42083	STTU,ST,TWO,RWC,TWC,PPW,LVH
ecg42084	TWO,ST,LVH,RWC,TWC,PPW
ecg42085	ST
ecg42086	ST
ecg42087	ST
ecg42088	ST
ecg42089	ST
ecg42090	STC,ST
ecg42091	ST
ecg42092	ST
ecg42093	TWO,ST
ecg42094	ST
ecg42095	ST
ecg42096	ST
ecg42097	ST
ecg42098	TWC,ST
ecg42099	STC,ST
ecg42100	LVH,ST
ecg42101	STC,ST
ecg42102	ST,LVQRSAL
ecg42103	ST
ecg42104	ST
ecg42105	ST
ecg42106	ST
ecg42107	ST
ecg42108	TWC,QTIE,ST,TWO
ecg42109	STC,ST,LVH
ecg42110	ST
ecg42111	ST
ecg42112	ST
ecg42113	ST
ecg42114	ST
ecg42115	ST
ecg42116	ST
ecg42117	TWC,ST
ecg42118	ST
ecg42119	STC,ST
ecg42120	ST
ecg42121	ST
ecg42122	STC,ST
ecg42123	ST
ecg42124	ST
ecg42125	TWC,ST
ecg42126	ST
ecg42127	ST
ecg42128	ST
ecg42129	ST
ecg42130	ST
ecg42131	ST
ecg42132	ST,LVQRSAL
ecg42133	STC,ST
ecg42134	ST
ecg42135	STC,ST
ecg42136	STC,ST,LVH,PPW
ecg42137	STC,ST,LVH,PPW
ecg42138	ST
ecg42139	STC,ST
ecg42140	TWC,ST
ecg42141	ST
ecg42142	ST
ecg42143	STC,ST
ecg42144	ST,TPW
ecg42145	ST
ecg42146	TWC,ST
ecg42147	ST
ecg42148	ST
ecg42149	STDD,SVPB,VPB,ST,LVH,TWO,STC
ecg42150	ST
ecg42151	STC,ST
ecg42152	ST
ecg42153	ST
ecg42154	ST
ecg42155	ST
ecg42156	AQW,STTU,TWC,ST
ecg42157	STTU,ST,STDD,STC
ecg42158	STTU,ST,STDD,TWC,STC
ecg42159	ST,LVQRSAL
ecg42160	AQW,ST
ecg42161	AQW,ST
ecg42162	ST
ecg42163	ST
ecg42164	ST,TPW
ecg42165	ST
ecg42166	ST
ecg42167	ST
ecg42168	ST
ecg42169	ST
ecg42170	STC,ST
ecg42171	ST
ecg42172	ST
ecg42173	TWC,ST
ecg42174	ST
ecg42175	ST
ecg42176	ST
ecg42177	ST
ecg42178	ST
ecg42179	TWO,ST,TPW
ecg42180	ST
ecg42181	ST
ecg42182	ST
ecg42183	ST
ecg42184	ST
ecg42185	STC,ST
ecg42186	ST
ecg42187	ST
ecg42188	ST
ecg42189	ST
ecg42190	ST
ecg42191	ST
ecg42192	ST
ecg42193	ST
ecg42194	TWC,ST
ecg42195	LVH,ST
ecg42196	STDD,ST,STC
ecg42197	ST
ecg42198	STC,ST,LVH
ecg42199	ST
ecg42200	LVH,ST,TPW
ecg42201	ST
ecg42202	TWC,ST,LVH
ecg42203	ST
ecg42204	ST
ecg42205	STC,ST,LVH
ecg42206	LVH,ST
ecg42207	STC,ST
ecg42208	AQW,TWC,ST
ecg42209	ST
ecg42210	TWC,ST
ecg42211	ST
ecg42212	LVH,ST
ecg42213	TWC,ST
ecg42214	STC,ST
ecg42215	ST
ecg42216	ST
ecg42217	ST
ecg42218	ST
ecg42219	ST
ecg42220	ST
ecg42221	ST,TPW
ecg42222	ST
ecg42223	ST
ecg42224	TWC,ST,LVH,TWO
ecg42225	STC,ST
ecg42226	ST,LVQRSAL
ecg42227	STC,ST
ecg42228	ST
ecg42229	ST
ecg42230	TWC,RAH,RVH,ST
ecg42231	TWC,RVH,ST,LVQRSAL
ecg42232	ST
ecg42233	ST,LVQRSAL
ecg42234	TWC,ST
ecg42235	ST,RWC
ecg42236	TWC,ST
ecg42237	ST
ecg42238	STC,ST,LVH
ecg42239	LVH,ST
ecg42240	ST
ecg42241	TWC,ST,LVH
ecg42242	ST
ecg42243	ST
ecg42244	STTU,TWC,ST,TWO
ecg42245	ST
ecg42246	STC,ST
ecg42247	ST
ecg42248	ST
ecg42249	ST
ecg42250	ST
ecg42251	ST
ecg42252	LVH,ST
ecg42253	ST
ecg42254	ST,RWC
ecg42255	STC,ST,LVH
ecg42256	TWC,SVT,ST,LVH
ecg42257	STC,ST
ecg42258	ST
ecg42259	ST
ecg42260	ST
ecg42261	STC,ST
ecg42262	ST
ecg42263	ST,RWC
ecg42264	ST
ecg42265	STC,ST
ecg42266	ST
ecg42267	ST
ecg42268	STC,TPW,ST,LVH
ecg42269	ST
ecg42270	ST
ecg42271	ST
ecg42272	STC,ST
ecg42273	ST
ecg42274	ST
ecg42275	ST
ecg42276	STDD,ST,TPW
ecg42277	ST
ecg42278	TWC,ST,TWO
ecg42279	STC,ST
ecg42280	ST
ecg42281	ST,RWC
ecg42282	ST
ecg42283	ST,LVQRSAL
ecg42284	STDD,ST
ecg42285	STC,ST
ecg42286	ST
ecg42287	ST
ecg42288	AQW,TWC,ST,LVH
ecg42289	ST
ecg42290	ST
ecg42291	AQW,ST,TPW,PWC
ecg42292	TWC,ST
ecg42293	STC,ST
ecg42294	STC,ST
ecg42295	ST
ecg42296	STC,ST
ecg42297	ST
ecg42298	ST,TPW
ecg42299	LVH,ST
ecg42300	STDD,ST,TWO,PPW,LVH,STC
ecg42301	ST
ecg42302	ST
ecg42303	ST
ecg42304	ST
ecg42305	ST
ecg42306	ST
ecg42307	TWC,ST
ecg42308	ST
ecg42309	TWC,ST
ecg42310	AQW,ST,TWO
ecg42311	ST
ecg42312	ST
ecg42313	TWC,ST
ecg42314	ST
ecg42315	ST
ecg42316	STC,TPW,RWC,ST
ecg42317	TWC,ST
ecg42318	ST
ecg42319	STC,TPW,ST,LVH
ecg42320	ST
ecg42321	ST
ecg42322	ST
ecg42323	ST
ecg42324	ST
ecg42325	TWC,ST
ecg42326	ST
ecg42327	STC,ST
ecg42328	ST
ecg42329	ST
ecg42330	ST,TPW
ecg42331	STC,ST,LVH
ecg42332	STC,ST
ecg42333	ST
ecg42334	ST
ecg42335	ST
ecg42336	AQW,TWC,ST
ecg42337	AQW,ST
ecg42338	ST
ecg42339	ST,PPW
ecg42340	TWC,ST,LVQRSAL,TWO
ecg42341	ST
ecg42342	ST
ecg42343	ST
ecg42344	ST
ecg42345	STC,ST
ecg42346	STDD,ST,LVQRSAL,STC
ecg42347	STC,ST,LVQRSAL
ecg42348	ST
ecg42349	ST
ecg42350	ST
ecg42351	ST
ecg42352	STC,ST
ecg42353	ST
ecg42354	LVH,ST
ecg42355	ST
ecg42356	TWC,ST,LVH,SPRI
ecg42357	ST,TPW
ecg42358	ST
ecg42359	ST
ecg42360	STDD,ST,STC
ecg42361	ST
ecg42362	STC,ST
ecg42363	STC,ST
ecg42364	STC,ST,LVH
ecg42365	STC,ST
ecg42366	ST,PPW
ecg42367	ST
ecg42368	ST
ecg42369	ST
ecg42370	TWC,ST,TWO
ecg42371	STC,ST
ecg42372	ST
ecg42373	ST
ecg42374	ST,LVQRSAL
ecg42375	ST
ecg42376	STC,ST
ecg42377	ST
ecg42378	ST
ecg42379	ST
ecg42380	ST
ecg42381	ST
ecg42382	ST
ecg42383	TWC,ST
ecg42384	ST
ecg42385	ST
ecg42386	STC,ST,LVH
ecg42387	TWC,ST
ecg42388	ST
ecg42389	TWC,ST,LVQRSAL,TWO
ecg42390	ST
ecg42391	STC,ST
ecg42392	TWC,ST
ecg42393	ST,LVQRSAL
ecg42394	ST
ecg42395	ST
ecg42396	LVH,ST
ecg42397	TWC,ST
ecg42398	ST
ecg42399	ST
ecg42400	ST
ecg42401	ST
ecg42402	STC,ST
ecg42403	AQW,ST,STDD,TWO,PPW,LVH,STC
ecg42404	TWC,ST,STDD,STC
ecg42405	AQW,ST
ecg42406	AQW,ST,LVQRSAL
ecg42407	AQW,ST,LVQRSAL,TWO
ecg42408	STTU,TWC,ST
ecg42409	STTU,TWC,ST
ecg42410	TWC,ST,TWO
ecg42411	STTU,ST
ecg42412	STTU,ST
ecg42413	LVH,ST
ecg42414	STC,TPW,ST
ecg42415	ST
ecg42416	TWC,ST
ecg42417	ST
ecg42418	ST
ecg42419	ST
ecg42420	ST
ecg42421	STDD,ST,STC,TWO
ecg42422	STC,ST
ecg42423	STDD,ST,TWO,LVH,STC
ecg42424	STC,TPW,ST
ecg42425	ST
ecg42426	ST
ecg42427	LVH,ST
ecg42428	ST
ecg42429	AQW,ST
ecg42430	STC,ST
ecg42431	STC,ST
ecg42432	ST
ecg42433	ST
ecg42434	ST
ecg42435	TWC,ST,LVH
ecg42436	ST
ecg42437	STC,ST
ecg42438	TWC,ST
ecg42439	ST
ecg42440	ST
ecg42441	ST
ecg42442	ST
ecg42443	ST
ecg42444	ST
ecg42445	STC,QTIE,ST,LVH
ecg42446	RAH,ST,LVH,TPW
ecg42447	QTIE,ST,LVH
ecg42448	LVH,ST
ecg42449	RWC,ST,LVQRSAL
ecg42450	ST
ecg42451	LVH,ST
ecg42452	STC,ST
ecg42453	STDD,ST,STC,TWO
ecg42454	ST
ecg42455	TWO,ST
ecg42456	ST,TPW
ecg42457	ST
ecg42458	TWC,ST,TWO
ecg42459	ST
ecg42460	ST
ecg42461	ST,PWC
ecg42462	ST
ecg42463	TWC,ST,LVH
ecg42464	ST
ecg42465	ST,TPW
ecg42466	ST
ecg42467	ST
ecg42468	ST
ecg42469	ST
ecg42470	ST
ecg42471	TWC,ST,STDD,STC
ecg42472	STC,ST
ecg42473	ST
ecg42474	ST
ecg42475	ST
ecg42476	ST
ecg42477	LVH,ST
ecg42478	TWC,ST,STDD,STC
ecg42479	ST
ecg42480	STC,TPW,ST
ecg42481	ST
ecg42482	ST
ecg42483	TWC,ST,STC
ecg42484	ST
ecg42485	STTU,ST,LVH
ecg42486	ST
ecg42487	STC,ST
ecg42488	ST
ecg42489	RWC,ST
ecg42490	ST
ecg42491	ST
ecg42492	AQW,ST
ecg42493	STC,ST
ecg42494	ST
ecg42495	ST
ecg42496	ST
ecg42497	ST
ecg42498	STC,TPW,ST
ecg42499	TWC,ST
ecg42500	ST
ecg42501	ST,PPW
ecg42502	ST
ecg42503	ST,RWC
ecg42504	TWC,ST
ecg42505	ST
ecg42506	ST
ecg42507	ST
ecg42508	TWC,ST,LVH
ecg42509	AQW,ST,STDD,TWC,STC
ecg42510	ST
ecg42511	ST
ecg42512	ST
ecg42513	ST,TPW
ecg42514	TWC,RWC,ST
ecg42515	ST
ecg42516	STDD,ST,TWO,LVH,STC
ecg42517	ST
ecg42518	STC,ST
ecg42519	ST
ecg42520	TWC,ST,LVH
ecg42521	TWC,ST
ecg42522	ST
ecg42523	ST
ecg42524	ST
ecg42525	ST,LVQRSAL
ecg42526	ST
ecg42527	ST
ecg42528	ST
ecg42529	ST
ecg42530	TWC,ST,TWO
ecg42531	ST
ecg42532	TWC,ST
ecg42533	ST
ecg42534	ST
ecg42535	ST
ecg42536	ST
ecg42537	ST
ecg42538	LVH,RWC,ST
ecg42539	LVH,ST
ecg42540	TWC,ST,TWO
ecg42541	ST
ecg42542	ST
ecg42543	ST
ecg42544	TWC,ST
ecg42545	ST
ecg42546	STDD,ST,LVH,TWO,PPW,STC
ecg42547	STC,ST
ecg42548	ST
ecg42549	ST,LVQRSAL
ecg42550	ST
ecg42551	ST
ecg42552	ST
ecg42553	ST
ecg42554	STC,ST,LVH
ecg42555	ST
ecg42556	ST
ecg42557	ST
ecg42558	ST
ecg42559	ST,TPW
ecg42560	ST
ecg42561	ST
ecg42562	ST
ecg42563	ST
ecg42564	ST
ecg42565	ST
ecg42566	ST
ecg42567	STC,ST
ecg42568	ST
ecg42569	ST
ecg42570	ST
ecg42571	ST
ecg42572	ST
ecg42573	ST
ecg42574	ST
ecg42575	STC,ST
ecg42576	ST
ecg42577	ST
ecg42578	ST
ecg42579	ST
ecg42580	ST
ecg42581	TWC,ST
ecg42582	ST
ecg42583	ST
ecg42584	STC,ST,LVQRSAL
ecg42585	STC,ST
ecg42586	ST
ecg42587	ST
ecg42588	STC,ST,LVH,PPW
ecg42589	ST
ecg42590	ST
ecg42591	ST
ecg42592	ST
ecg42593	ST
ecg42594	ST
ecg42595	ST
ecg42596	STC,ST
ecg42597	TWC,ST
ecg42598	TWC,ST
ecg42599	ST
ecg42600	ST
ecg42601	STC,ST
ecg42602	LVH,ST
ecg42603	TWC,ST
ecg42604	STC,ST
ecg42605	STDD,ST,TWO,LVH,STC
ecg42606	ST
ecg42607	STC,ST
ecg42608	STTU,ST
ecg42609	TWC,ST,LVQRSAL
ecg42610	STC,QTIE,ST
ecg42611	TWC,ST,LVH
ecg42612	STC,ST,LVH
ecg42613	LVH,ST,PWC
ecg42614	STDD,ST,TWO,RWC,LVH,STC
ecg42615	STC,TPW,ST
ecg42616	LVH,ST
ecg42617	ST
ecg42618	STC,ST
ecg42619	TWC,ST
ecg42620	ST
ecg42621	STC,ST
ecg42622	ST
ecg42623	STC,TPW,ST,LVH
ecg42624	ST
ecg42625	ST
ecg42626	STC,ST
ecg42627	ST
ecg42628	STC,ST
ecg42629	ST
ecg42630	ST
ecg42631	RVH,ST,RAH,LAH
ecg42632	STDD,ST,TWO
ecg42633	ST
ecg42634	TWC,ST
ecg42635	TWC,ST
ecg42636	ST
ecg42637	TWC,ST
ecg42638	STDD,ST,STC,TWO
ecg42639	ST
ecg42640	ST
ecg42641	ST
ecg42642	ST,TPW
ecg42643	TWC,ST
ecg42644	ST
ecg42645	ST
ecg42646	STC,ST
ecg42647	ST
ecg42648	ST
ecg42649	ST
ecg42650	STC,ST
ecg42651	AQW,ST
ecg42652	STTU,ST,STC
ecg42653	ST
ecg42654	TWC,ST
ecg42655	ST
ecg42656	ST
ecg42657	TWO,ST
ecg42658	ST
ecg42659	ST
ecg42660	AQW,STTU,ST,LVQRSAL,STDD
ecg42661	ST
ecg42662	MI_ANT,STTU,MI_LAT,ST,LVQRSAL,TWO,AQW,TWC
ecg42663	ST
ecg42664	STC,ST,LVH
ecg42665	STDD,ST
ecg42666	TWC,ST,LVH
ecg42667	STDD,ST
ecg42668	LVH,ST
ecg42669	ST
ecg42670	ST
ecg42671	ST
ecg42672	ST
ecg42673	TWC,ST
ecg42674	TWO,ST
ecg42675	TWC,ST,STDD
ecg42676	ST
ecg42677	TWC,ST
ecg42678	STDD,ST,STC,TWO
ecg42679	ST
ecg42680	ST
ecg42681	ST
ecg42682	ST
ecg42683	ST
ecg42684	ST
ecg42685	STC,ST
ecg42686	TWC,ST
ecg42687	STTU,ST,STDD,TWO,STC
ecg42688	ST
ecg42689	ST
ecg42690	STDD,ST,STC,TWO
ecg42691	ST
ecg42692	RVH,ST
ecg42693	ST
ecg42694	STC,ST,LVH
ecg42695	STC,ST,LVH
ecg42696	ST
ecg42697	ST
ecg42698	ST
ecg42699	ST
ecg42700	ST
ecg42701	ST
ecg42702	ST
ecg42703	ST
ecg42704	ST
ecg42705	ST
ecg42706	STC,ST
ecg42707	TWC,UW,TPW,ST
ecg42708	TWO,ST
ecg42709	STC,ST
ecg42710	ST
ecg42711	TWC,ST
ecg42712	ST
ecg42713	ST
ecg42714	ST
ecg42715	ST
ecg42716	TWC,ST,TPW
ecg42717	ST
ecg42718	STC,ST
ecg42719	ST
ecg42720	STC,ST
ecg42721	STC,ST,LVH
ecg42722	ST
ecg42723	STC,ST
ecg42724	ST
ecg42725	UW,ST
ecg42726	ST
ecg42727	STDD,ST
ecg42728	TWC,ST
ecg42729	ST
ecg42730	STC,RWC,ST,LVH
ecg42731	ST
ecg42732	STC,ST
ecg42733	ST
ecg42734	LVH,ST
ecg42735	LVH,ST
ecg42736	ST
ecg42737	ST
ecg42738	ST
ecg42739	ST
ecg42740	TWC,ST,LVH
ecg42741	ST
ecg42742	ST
ecg42743	ST
ecg42744	TWO,ST,LVH
ecg42745	ST
ecg42746	ST
ecg42747	ST
ecg42748	ST,PPW
ecg42749	STC,ST
ecg42750	ST
ecg42751	ST
ecg42752	ST
ecg42753	ST
ecg42754	ST
ecg42755	TWC,ST
ecg42756	ST
ecg42757	ST
ecg42758	ST
ecg42759	STC,ST
ecg42760	ST
ecg42761	TWC,ST,STDD,STC
ecg42762	ST
ecg42763	ST
ecg42764	ST,LVQRSAL
ecg42765	ST
ecg42766	ST
ecg42767	STDD,ST,TWO,LVH,STC
ecg42768	STC,ST
ecg42769	ST
ecg42770	ST,LVQRSAL
ecg42771	TWC,ST
ecg42772	ST
ecg42773	ST
ecg42774	TWC,ST
ecg42775	ST
ecg42776	ST
ecg42777	ST
ecg42778	LVH,ST
ecg42779	STDD,TPW,ST,TWO,LVH,STC
ecg42780	STC,ST
ecg42781	TWC,ST
ecg42782	TWC,ST
ecg42783	ST
ecg42784	ST
ecg42785	STC,ST
ecg42786	ST
ecg42787	STC,ST,PPW
ecg42788	STC,ST
ecg42789	ST
ecg42790	ST
ecg42791	TWC,ST,TWO
ecg42792	ST
ecg42793	ST
ecg42794	TWC,ST
ecg42795	ST
ecg42796	ST
ecg42797	STC,ST
ecg42798	ST
ecg42799	ST
ecg42800	STC,ST
ecg42801	ST
ecg42802	STC,ST,LVH
ecg42803	STC,ST
ecg42804	ST
ecg42805	ST
ecg42806	ST
ecg42807	ST
ecg42808	ST
ecg42809	ST
ecg42810	ST
ecg42811	ST
ecg42812	STC,ST,LVH
ecg42813	ST
ecg42814	ST
ecg42815	TWC,ST,STDD,STC
ecg42816	TWC,ST
ecg42817	LVH,ST
ecg42818	TWC,ST
ecg42819	STTU,ST,STDD,TWO
ecg42820	ST
ecg42821	ST
ecg42822	STC,ST
ecg42823	STC,ST
ecg42824	STDD,ST,STC,TWO
ecg42825	ST
ecg42826	TWC,ST,TWO
ecg42827	TWC,ST,TWO
ecg42828	STC,ST
ecg42829	LVH,ST
ecg42830	ST
ecg42831	TWO,ST
ecg42832	ST
ecg42833	STDD,ST,TWO
ecg42834	ST
ecg42835	STC,ST,LVH,PPW
ecg42836	ST
ecg42837	STC,ST
ecg42838	STC,ST
ecg42839	ST
ecg42840	STC,ST
ecg42841	TWC,ST,TPW
ecg42842	TWC,ST
ecg42843	ST
ecg42844	STC,ST,LVH
ecg42845	TWO,ST
ecg42846	ST
ecg42847	ST
ecg42848	ST
ecg42849	STDD,ST,STC,TWO
ecg42850	ST
ecg42851	ST
ecg42852	STTU,ST
ecg42853	TWC,ST,LVH
ecg42854	STC,ST,LVQRSAL
ecg42855	STC,ST,LVH
ecg42856	STC,ST,LVH
ecg42857	ST
ecg42858	ST
ecg42859	STTU,QTIE,ST,STDD
ecg42860	ST
ecg42861	ST
ecg42862	ST
ecg42863	ST
ecg42864	TWC,ST
ecg42865	STC,ST
ecg42866	ST
ecg42867	ST
ecg42868	ST
ecg42869	ST
ecg42870	ST
ecg42871	STC,ST,LVH
ecg42872	ST
ecg42873	STC,ST
ecg42874	ST
ecg42875	ST
ecg42876	STTU,TWC,ST
ecg42877	STC,ST
ecg42878	STC,QTIE,ST
ecg42879	ST
ecg42880	ST
ecg42881	ST
ecg42882	TWC,ST
ecg42883	ST
ecg42884	TWC,ST,TWO
ecg42885	ST
ecg42886	ST
ecg42887	LVH,ST
ecg42888	ST,TPW
ecg42889	ST
ecg42890	TWO,ST
ecg42891	ST
ecg42892	STC,ST
ecg42893	ST
ecg42894	STC,ST
ecg42895	AQW,ST
ecg42896	LVH,ST
ecg42897	STC,ST
ecg42898	ST
ecg42899	ST
ecg42900	TWC,ST,LVH
ecg42901	ST
ecg42902	ST
ecg42903	ST
ecg42904	TWC,ST
ecg42905	TWC,ST
ecg42906	ST
ecg42907	ST
ecg42908	TWC,ST,LVH
ecg42909	ST
ecg42910	TWC,ST
ecg42911	ST
ecg42912	ST
ecg42913	ST
ecg42914	ST
ecg42915	ST
ecg42916	ST
ecg42917	ST
ecg42918	ST
ecg42919	ST
ecg42920	ST
ecg42921	ST
ecg42922	STC,ST
ecg42923	TWC,ST,LVH
ecg42924	STC,ST
ecg42925	ST
ecg42926	STDD,ST,STC,TWO
ecg42927	ST
ecg42928	ST
ecg42929	ST
ecg42930	STC,ST,LVH
ecg42931	ST
ecg42932	ST
ecg42933	STC,PRIE,ST,LVH
ecg42934	ST
ecg42935	ST
ecg42936	ST
ecg42937	ST
ecg42938	ST
ecg42939	ST
ecg42940	ST
ecg42941	ST
ecg42942	STC,ST,LVH
ecg42943	TWC,ST
ecg42944	ST
ecg42945	STC,ST
ecg42946	TWC,ST
ecg42947	ST
ecg42948	STDD,ST
ecg42949	ST
ecg42950	ST
ecg42951	TWO,ST,LVH,STDD,STC
ecg42952	TWC,ST
ecg42953	TWC,ST
ecg42954	ST
ecg42955	LVH,ST
ecg42956	ST
ecg42957	ST
ecg42958	TWC,ST
ecg42959	ST
ecg42960	AQW,TWC,ST
ecg42961	ST
ecg42962	ST
ecg42963	STC,ST
ecg42964	ST
ecg42965	ST
ecg42966	ST,TPW
ecg42967	ST
ecg42968	ST
ecg42969	STC,ST
ecg42970	TWC,ST,TWO
ecg42971	ST
ecg42972	ST
ecg42973	AQW,TWC,ST
ecg42974	STC,ST
ecg42975	ST
ecg42976	ST
ecg42977	ST
ecg42978	ST
ecg42979	STDD,ST,STC,TWO
ecg42980	ST
ecg42981	ST
ecg42982	ST
ecg42983	ST
ecg42984	LVH,ST
ecg42985	ST
ecg42986	TWC,ST
ecg42987	ST
ecg42988	ST
ecg42989	ST,TPW
ecg42990	ST
ecg42991	ST
ecg42992	ST
ecg42993	ST
ecg42994	STC,ST
ecg42995	ST
ecg42996	STC,ST
ecg42997	ST
ecg42998	ST
ecg42999	TWO,ST,LVH,STDD,STC
ecg43000	STDD,ST,TWO
ecg43001	TWO,ST,LVH,STDD,STC
ecg43002	ST
ecg43003	STC,ST
ecg43004	ST
ecg43005	ST
ecg43006	ST
ecg43007	TWC,ST,LVQRSAL,TWO
ecg43008	ST
ecg43009	ST
ecg43010	ST
ecg43011	ST
ecg43012	STDD,ST,LVH,TWO
ecg43013	STTU,ST
ecg43014	ST,RWC,LVQRSAL
ecg43015	STC,ST
ecg43016	ST
ecg43017	ST
ecg43018	ST
ecg43019	ST
ecg43020	ST
ecg43021	STC,ST
ecg43022	STDD,ST
ecg43023	ST
ecg43024	ST
ecg43025	ST,TPW
ecg43026	LVH,ST
ecg43027	TWC,ST,LVH
ecg43028	TWC,ST
ecg43029	TWC,ST
ecg43030	STC,ST,LVH
ecg43031	ST
ecg43032	ST
ecg43033	RAH,ST,LVH,TPW
ecg43034	ST
ecg43035	ST
ecg43036	LVH,ST
ecg43037	ST
ecg43038	TWC,ST,TWO
ecg43039	ST
ecg43040	ST
ecg43041	ST
ecg43042	ST
ecg43043	STC,ST
ecg43044	ST
ecg43045	STC,ST
ecg43046	ST
ecg43047	ST
ecg43048	ST
ecg43049	ST
ecg43050	ST
ecg43051	TWC,ST
ecg43052	ST
ecg43053	ST
ecg43054	ST
ecg43055	ST
ecg43056	ST
ecg43057	ST,LVQRSAL
ecg43058	ST
ecg43059	ST
ecg43060	ST
ecg43061	ST
ecg43062	ST
ecg43063	ST,LVQRSAL,TPW
ecg43064	ST,LVQRSAL,TPW,PPW
ecg43065	ST
ecg43066	TWC,ST,TPW
ecg43067	ST
ecg43068	ST
ecg43069	STC,ST,LVH
ecg43070	ST
ecg43071	ST
ecg43072	STC,ST
ecg43073	ST
ecg43074	STC,ST
ecg43075	ST
ecg43076	STC,ST,LVH
ecg43077	STC,QTIE,ST,LVH
ecg43078	ST
ecg43079	ST
ecg43080	ST
ecg43081	STC,ST,LVH
ecg43082	ST
ecg43083	STC,ST,LVH
ecg43084	ST
ecg43085	ST
ecg43086	STC,ST
ecg43087	ST
ecg43088	ST
ecg43089	ST
ecg43090	ST
ecg43091	ST
ecg43092	ST
ecg43093	ST
ecg43094	ST,TPW
ecg43095	LVH,ST
ecg43096	STC,ST
ecg43097	STC,ST
ecg43098	STDD,ST,TWO
ecg43099	ST
ecg43100	ST
ecg43101	ST
ecg43102	STC,ST
ecg43103	TWC,ST,LVQRSAL
ecg43104	TWC,ST
ecg43105	TWC,ST
ecg43106	STDD,ST
ecg43107	TWC,ST,LVQRSAL
ecg43108	ST
ecg43109	TWC,ST,TWO
ecg43110	ST
ecg43111	TWO,ST
ecg43112	ST
ecg43113	ST
ecg43114	ST
ecg43115	STC,ST,LVQRSAL
ecg43116	ST
ecg43117	TWC,ST,LVQRSAL,TWO
ecg43118	ST
ecg43119	ST
ecg43120	ST
ecg43121	STC,ST
ecg43122	TWC,ST,LVH
ecg43123	STC,TPW,ST,LVH
ecg43124	STC,TPW,ST,LVH,RAH
ecg43125	STC,ST,LVH
ecg43126	ST
ecg43127	STC,ST
ecg43128	ST
ecg43129	ST
ecg43130	STC,ST
ecg43131	ST
ecg43132	ST
ecg43133	ST
ecg43134	ST
ecg43135	ST
ecg43136	ST
ecg43137	ST
ecg43138	ST
ecg43139	ST
ecg43140	ST
ecg43141	TWC,ST,TPW,TWO
ecg43142	ST
ecg43143	ST
ecg43144	TWO,ST,LVH,STDD,STC
ecg43145	ST
ecg43146	ST
ecg43147	ST
ecg43148	ST
ecg43149	ST
ecg43150	ST
ecg43151	LVH,ST
ecg43152	RAH,ST,TPW
ecg43153	ST
ecg43154	ST
ecg43155	ST
ecg43156	TWC,ST,LVH
ecg43157	ST
ecg43158	ST
ecg43159	ST
ecg43160	TWC,ST
ecg43161	STC,ST
ecg43162	ST
ecg43163	ST
ecg43164	ST
ecg43165	STC,TPW,ST
ecg43166	ST
ecg43167	ST
ecg43168	ST
ecg43169	ST
ecg43170	LVH,ST
ecg43171	ST
ecg43172	STC,TPW,ST
ecg43173	ST
ecg43174	ST,LVQRSAL
ecg43175	ST
ecg43176	STTU,ST,BRUG
ecg43177	STTU,TWC,ST,STC
ecg43178	TWC,ST
ecg43179	AQW,ST,STC
ecg43180	ST
ecg43181	ST
ecg43182	TWC,ST
ecg43183	TWO,ST
ecg43184	ST
ecg43185	ST
ecg43186	ST
ecg43187	ST
ecg43188	ST
ecg43189	ST
ecg43190	TWC,ST
ecg43191	ST
ecg43192	ST
ecg43193	ST
ecg43194	STDD,ST,STC
ecg43195	ST
ecg43196	ST
ecg43197	STTU,ST
ecg43198	ST,LVQRSAL
ecg43199	ST
ecg43200	ST
ecg43201	LVH,ST
ecg43202	TWO,ST
ecg43203	ST
ecg43204	ST
ecg43205	STDD,ST,TWO,LVH,STC
ecg43206	LVH,ST
ecg43207	ST
ecg43208	AQW,STTU,TWC,ST
ecg43209	ST
ecg43210	TWC,ST
ecg43211	TWC,ST
ecg43212	ST
ecg43213	ST
ecg43214	ST
ecg43215	ST
ecg43216	ST
ecg43217	ST
ecg43218	LVH,ST
ecg43219	ST
ecg43220	ST
ecg43221	ST,LVQRSAL
ecg43222	ST
ecg43223	STDD,ST,TWO
ecg43224	TWO,ST
ecg43225	LVH,ST
ecg43226	ST,TPW
ecg43227	STC,ST
ecg43228	ST
ecg43229	ST
ecg43230	ST
ecg43231	ST
ecg43232	STC,ST,LVH,PPW
ecg43233	TWO,ST
ecg43234	ST
ecg43235	ST
ecg43236	TWC,ST
ecg43237	ST
ecg43238	STC,ST
ecg43239	ST
ecg43240	ST
ecg43241	STC,ST
ecg43242	ST
ecg43243	ST
ecg43244	STDD,ST,STC,TWO
ecg43245	ST
ecg43246	STC,ST
ecg43247	STC,ST
ecg43248	ST
ecg43249	LVH,ST,PPW
ecg43250	AQW,ST
ecg43251	ST
ecg43252	TWC,ST
ecg43253	STC,ST
ecg43254	TWO,ST
ecg43255	STC,TPW,ST
ecg43256	AQW,ST,STDD,LVH,STC
ecg43257	LVH,ST
ecg43258	ST
ecg43259	ST
ecg43260	ST
ecg43261	STC,ST
ecg43262	TWC,ST
ecg43263	TWC,ST
ecg43264	TWC,ST
ecg43265	STC,ST
ecg43266	TWC,ST
ecg43267	ST
ecg43268	ST
ecg43269	LVH,ST
ecg43270	ST
ecg43271	TWC,ST
ecg43272	TWO,ST,LVH,STDD,STC
ecg43273	ST
ecg43274	LVH,ST
ecg43275	ST
ecg43276	STC,ST
ecg43277	ST
ecg43278	TWC,ST
ecg43279	ST
ecg43280	ST
ecg43281	LVH,ST
ecg43282	STDD,ST,STC,TWO
ecg43283	STC,ST
ecg43284	ST
ecg43285	TWC,ST
ecg43286	ST
ecg43287	STC,ST
ecg43288	STC,ST
ecg43289	AQW,RVH,TPW,ST,STC
ecg43290	STC,RVH,ST,PWC,RWC
ecg43291	ST
ecg43292	STC,ST
ecg43293	ST,PPW
ecg43294	ST
ecg43295	ST
ecg43296	STC,ST
ecg43297	STC,ST
ecg43298	ST
ecg43299	ST
ecg43300	ST
ecg43301	TWO,ST,LVH,STDD,STC
ecg43302	STC,ST
ecg43303	STDD,ST
ecg43304	STC,ST
ecg43305	TWC,ST
ecg43306	TWO,ST
ecg43307	ST
ecg43308	ST
ecg43309	TWC,ST,TWO
ecg43310	ST
ecg43311	TWC,ST,LVH
ecg43312	TWC,ST,STDD,STC
ecg43313	STC,ST
ecg43314	ST
ecg43315	STC,ST,LVH
ecg43316	STTU,ST
ecg43317	ST
ecg43318	ST
ecg43319	ST
ecg43320	STC,ST
ecg43321	ST
ecg43322	STC,ST,LVH
ecg43323	STC,ST
ecg43324	STC,ST
ecg43325	STC,ST
ecg43326	TWC,RVH,RWC,ST
ecg43327	ST
ecg43328	ST
ecg43329	ST
ecg43330	ST
ecg43331	ST
ecg43332	ST
ecg43333	ST
ecg43334	ST
ecg43335	ST
ecg43336	ST
ecg43337	ST
ecg43338	ST
ecg43339	ST
ecg43340	STC,ST
ecg43341	ST
ecg43342	STDD,ST,STC,SPRI
ecg43343	STC,ST
ecg43344	STDD,ST,STC,TWO
ecg43345	ST
ecg43346	STDD,ST,TWO,STC,TWC
ecg43347	TWC,ST
ecg43348	STDD,ST,STC,TWO
ecg43349	ST
ecg43350	ST
ecg43351	ST
ecg43352	ST
ecg43353	STC,ST
ecg43354	STC,ST,LVH,PWC
ecg43355	STC,ST
ecg43356	ST
ecg43357	STC,ST
ecg43358	STC,ST
ecg43359	ST
ecg43360	ST
ecg43361	ST
ecg43362	TWC,ST
ecg43363	ST
ecg43364	ST
ecg43365	LVH,ST
ecg43366	STC,ST
ecg43367	ST,LVQRSAL
ecg43368	ST
ecg43369	ST
ecg43370	ST
ecg43371	ST
ecg43372	TWC,ST
ecg43373	ST,TPW
ecg43374	TWC,RWC,ST
ecg43375	ST
ecg43376	STDD,SPRI,QTIE,ST,TWO,STC
ecg43377	STC,ST
ecg43378	ST,LVQRSAL
ecg43379	STC,ST
ecg43380	STDD,ST,STC,TWO
ecg43381	LVH,ST
ecg43382	ST
ecg43383	ST
ecg43384	STC,ST,LVH
ecg43385	ST
ecg43386	STDD,ST,LVQRSAL,TWO,STC
ecg43387	ST
ecg43388	TWC,ST
ecg43389	ST
ecg43390	ST
ecg43391	ST
ecg43392	ST
ecg43393	ST,LVQRSAL
ecg43394	ST
ecg43395	ST
ecg43396	STC,ST
ecg43397	STC,ST,LVQRSAL
ecg43398	ST
ecg43399	ST
ecg43400	STDD,ST,LVH,PWC
ecg43401	ST
ecg43402	ST
ecg43403	ST
ecg43404	STC,ST
ecg43405	STC,ST
ecg43406	STC,ST
ecg43407	ST
ecg43408	ST,LVQRSAL
ecg43409	ST
ecg43410	ST
ecg43411	ST,LVQRSAL
ecg43412	ST
ecg43413	ST
ecg43414	ST
ecg43415	ST,LVQRSAL
ecg43416	ST
ecg43417	STC,ST
ecg43418	STDD,ST,STC,TWO
ecg43419	STDD,ST,STC,TWO
ecg43420	ST
ecg43421	ST
ecg43422	ST
ecg43423	TWC,ST,STDD,STC
ecg43424	TWC,ST
ecg43425	ST
ecg43426	ST
ecg43427	STC,ST
ecg43428	TWC,ST
ecg43429	ST
ecg43430	ST
ecg43431	ST
ecg43432	STDD,ST,TWO,LVH,STC
ecg43433	STC,ST,LVH
ecg43434	ST
ecg43435	ST
ecg43436	TWC,ST
ecg43437	ST
ecg43438	ST
ecg43439	STC,TPW,ST
ecg43440	ST
ecg43441	TWC,ST
ecg43442	STDD,ST,STC
ecg43443	ST
ecg43444	ST,TPW
ecg43445	ST
ecg43446	ST
ecg43447	LVH,ST
ecg43448	ST
ecg43449	ST
ecg43450	ST
ecg43451	TWO,ST,TPW
ecg43452	STC,ST
ecg43453	ST
ecg43454	ST
ecg43455	STC,ST
ecg43456	ST
ecg43457	STC,ST
ecg43458	TWO,ST
ecg43459	ST
ecg43460	ST
ecg43461	ST
ecg43462	TWC,ST
ecg43463	ST
ecg43464	STC,ST
ecg43465	ST
ecg43466	ST
ecg43467	ST
ecg43468	ST
ecg43469	TWC,ST
ecg43470	TWC,ST
ecg43471	TWC,ST,TWO
ecg43472	ST
ecg43473	TWC,ST
ecg43474	STC,ST
ecg43475	ST
ecg43476	ST
ecg43477	AQW,ST,LVH,STC
ecg43478	ST
ecg43479	TWC,ST
ecg43480	ST
ecg43481	ST
ecg43482	ST,PPW
ecg43483	TWO,ST
ecg43484	STTU,ST,STDD,TWO,STC
ecg43485	TWC,ST,STDD
ecg43486	TWO,ST
ecg43487	ST
ecg43488	ST
ecg43489	STDD,ST,STC,TWO
ecg43490	STC,ST
ecg43491	STC,ST
ecg43492	ST
ecg43493	ST
ecg43494	ST
ecg43495	ST
ecg43496	TWC,ST
ecg43497	ST
ecg43498	ST
ecg43499	ST
ecg43500	ST
ecg43501	ST
ecg43502	STC,QTIE,ST
ecg43503	STC,TPW,ST,LVH
ecg43504	STC,ST
ecg43505	TWC,ST
ecg43506	ST
ecg43507	ST
ecg43508	STC,ST
ecg43509	STC,ST
ecg43510	STC,ST
ecg43511	LVH,ST
ecg43512	ST
ecg43513	ST
ecg43514	ST
ecg43515	STC,ST
ecg43516	ST
ecg43517	ST
ecg43518	ST
ecg43519	ST
ecg43520	ST
ecg43521	LVH,ST
ecg43522	ST,LVQRSAL
ecg43523	TWC,ST
ecg43524	STC,ST
ecg43525	STDD,ST,STC,TWO
ecg43526	ST
ecg43527	ST
ecg43528	ST
ecg43529	STC,ST
ecg43530	STC,ST
ecg43531	ST
ecg43532	ST,TPW
ecg43533	TWC,ST,TWO
ecg43534	LVH,ST
ecg43535	ST
ecg43536	TWC,ST
ecg43537	ST
ecg43538	ST
ecg43539	TWC,ST
ecg43540	TWC,ST,LVH,PWC
ecg43541	STC,ST
ecg43542	TWC,ST
ecg43543	ST
ecg43544	ST
ecg43545	ST
ecg43546	STC,ST
ecg43547	LVH,ST
ecg43548	ST
ecg43549	TWC,ST
ecg43550	ST
ecg43551	STC,ST
ecg43552	ST
ecg43553	ST
ecg43554	ST
ecg43555	TWC,ST
ecg43556	TWC,ST,LVH,TWO
ecg43557	ST
ecg43558	ST
ecg43559	TWC,ST
ecg43560	STC,ST
ecg43561	ST
ecg43562	STC,ST
ecg43563	AQW,STTU,ST,STC
ecg43564	ST
ecg43565	MI,STTU,MI_LAT,AMI,ST,TWO,AQW,TWC
ecg43566	AQW,STTU,ST,TWO,TWC
ecg43567	ST
ecg43568	ST
ecg43569	ST
ecg43570	ST
ecg43571	ST
ecg43572	ST
ecg43573	ST
ecg43574	ST
ecg43575	STTU,ST,STDD
ecg43576	ST
ecg43577	TWO,ST
ecg43578	ST
ecg43579	TWC,ST
ecg43580	ST
ecg43581	STC,ST
ecg43582	STC,ST
ecg43583	ST
ecg43584	ST
ecg43585	ST
ecg43586	ST
ecg43587	ST
ecg43588	ST,LVQRSAL
ecg43589	STC,ST
ecg43590	ST
ecg43591	ST
ecg43592	ST
ecg43593	ST
ecg43594	ST
ecg43595	ST
ecg43596	ST
ecg43597	STC,ST
ecg43598	ST
ecg43599	ST
ecg43600	ST
ecg43601	ST
ecg43602	TWC,ST
ecg43603	ST
ecg43604	ST
ecg43605	ST
ecg43606	ST
ecg43607	ST
ecg43608	ST
ecg43609	ST
ecg43610	ST
ecg43611	STC,ST
ecg43612	ST
ecg43613	ST
ecg43614	TWC,ST,LVH
ecg43615	ST
ecg43616	STTU,ST,STDD
ecg43617	ST
ecg43618	ST
ecg43619	ST
ecg43620	ST
ecg43621	STTU,ST,STDD,TWC,STC
ecg43622	STTU,ST,STC
ecg43623	ST
ecg43624	ST
ecg43625	ST
ecg43626	ST,LVQRSAL
ecg43627	TWC,ST
ecg43628	ST
ecg43629	ST
ecg43630	ST
ecg43631	STC,ST
ecg43632	ST
ecg43633	STC,ST,LVH,PWC
ecg43634	ST
ecg43635	ST
ecg43636	TWC,ST
ecg43637	ST
ecg43638	ST
ecg43639	ST,LVQRSAL
ecg43640	ST
ecg43641	ST
ecg43642	STC,RWC,ST,PPW
ecg43643	TWC,ST,TWO
ecg43644	ST
ecg43645	STC,ST
ecg43646	TWC,ST
ecg43647	ST
ecg43648	ST
ecg43649	STC,ST
ecg43650	ST
ecg43651	ST
ecg43652	STC,RWC,ST,LVH
ecg43653	ST
ecg43654	STC,ST
ecg43655	STC,ST
ecg43656	ST
ecg43657	ST
ecg43658	AQW,ST,LVQRSAL,STC
ecg43659	STDD,ST,STC,TWO
ecg43660	STC,ST
ecg43661	STC,ST,LVH
ecg43662	LVH,ST,TPW
ecg43663	ST
ecg43664	STDD,ST,STC,TWO
ecg43665	TWC,ST
ecg43666	STDD,ST,TWO,PPW,LVH,STC
ecg43667	ST
ecg43668	TWC,ST
ecg43669	ST
ecg43670	ST
ecg43671	ST
ecg43672	TWC,ST,TWO
ecg43673	ST
ecg43674	TWC,ST
ecg43675	ST
ecg43676	ST
ecg43677	ST
ecg43678	ST
ecg43679	ST
ecg43680	STC,QTIE,ST,LVH
ecg43681	ST,LVQRSAL
ecg43682	ST
ecg43683	STC,ST
ecg43684	ST
ecg43685	ST
ecg43686	ST
ecg43687	ST
ecg43688	TWC,ST,TWO
ecg43689	ST
ecg43690	ST
ecg43691	ST
ecg43692	ST
ecg43693	ST
ecg43694	ST
ecg43695	TWC,ST,LVQRSAL,TPW
ecg43696	TWC,ST
ecg43697	ST
ecg43698	STC,ST
ecg43699	STC,ST
ecg43700	ST
ecg43701	ST
ecg43702	ST
ecg43703	ST
ecg43704	ST
ecg43705	TWC,ST
ecg43706	ST
ecg43707	ST
ecg43708	ST
ecg43709	ST,LVQRSAL
ecg43710	ST
ecg43711	STC,TPW,ST
ecg43712	ST
ecg43713	ST
ecg43714	ST
ecg43715	ST
ecg43716	ST
ecg43717	STC,ST
ecg43718	QTIE,ST,PPW
ecg43719	TWC,ST
ecg43720	ST
ecg43721	ST
ecg43722	ST
ecg43723	ST
ecg43724	ST
ecg43725	ST
ecg43726	TWC,ST
ecg43727	ST
ecg43728	ST,TPW
ecg43729	STC,ST
ecg43730	ST,TPW
ecg43731	ST
ecg43732	ST
ecg43733	ST
ecg43734	LVH,ST
ecg43735	ST
ecg43736	TWC,ST
ecg43737	ST
ecg43738	STC,ST,SPRI
ecg43739	ST,RWC
ecg43740	TWC,ST
ecg43741	ST
ecg43742	ST,TPW
ecg43743	ST
ecg43744	ST
ecg43745	ST
ecg43746	ST
ecg43747	ST
ecg43748	ST
ecg43749	ST
ecg43750	ST
ecg43751	ST
ecg43752	TWC,ST
ecg43753	STC,RVH,ST,LAH,RAH
ecg43754	ST
ecg43755	ST
ecg43756	ST
ecg43757	ST
ecg43758	STC,ST
ecg43759	STC,ST
ecg43760	LVH,ST
ecg43761	ST
ecg43762	STC,ST
ecg43763	ST
ecg43764	ST
ecg43765	ST
ecg43766	ST
ecg43767	ST
ecg43768	ST
ecg43769	ST
ecg43770	STC,PRIE,RWC,ST
ecg43771	ST
ecg43772	TWC,ST,PPW
ecg43773	ST
ecg43774	ST
ecg43775	ST
ecg43776	ST
ecg43777	ST
ecg43778	ST
ecg43779	AQW,STTU,ST,LVQRSAL
ecg43780	ST
ecg43781	STC,ST,LVH
ecg43782	ST,LVQRSAL
ecg43783	LVH,ST
ecg43784	ST
ecg43785	ST
ecg43786	ST
ecg43787	TPW,ST
ecg43788	ST
ecg43789	ST
ecg43790	ST
ecg43791	ST
ecg43792	ST
ecg43793	ST
ecg43794	ST
ecg43795	ST
ecg43796	ST
ecg43797	ST
ecg43798	ST
ecg43799	ST
ecg43800	ST
ecg43801	ST
ecg43802	ST
ecg43803	ST
ecg43804	ST
ecg43805	AQW,ST,LVQRSAL
ecg43806	ST
ecg43807	TWC,ST
ecg43808	STC,ST,LVH
ecg43809	TWC,RAH,ST,TPW
ecg43810	ST,LVQRSAL
ecg43811	ST
ecg43812	ST
ecg43813	TWC,ST
ecg43814	ST
ecg43815	ST
ecg43816	TWC,ST
ecg43817	TWC,ST
ecg43818	TWC,ST
ecg43819	ST
ecg43820	ST
ecg43821	TWC,ST
ecg43822	ST
ecg43823	ST
ecg43824	ST
ecg43825	ST
ecg43826	STC,ST
ecg43827	ST
ecg43828	TWC,ST,LVH
ecg43829	STC,ST,LVH
ecg43830	ST
ecg43831	TWC,ST
ecg43832	ST
ecg43833	ST
ecg43834	ST
ecg43835	ST
ecg43836	ST
ecg43837	ST
ecg43838	STC,ST
ecg43839	TWC,ST
ecg43840	ST
ecg43841	ST
ecg43842	TWC,ST
ecg43843	TWC,ST,TWO
ecg43844	ST
ecg43845	ST
ecg43846	ST
ecg43847	ST
ecg43848	ST
ecg43849	ST
ecg43850	ST
ecg43851	ST
ecg43852	ST
ecg43853	ST
ecg43854	ST
ecg43855	ST
ecg43856	ST
ecg43857	ST
ecg43858	ST
ecg43859	ST
ecg43860	ST,LVQRSAL
ecg43861	ST
ecg43862	ST,RWC
ecg43863	STTU,ST
ecg43864	ST
ecg43865	ST
ecg43866	ST
ecg43867	ST
ecg43868	ST
ecg43869	ST
ecg43870	LVH,ST
ecg43871	STC,ST
ecg43872	ST
ecg43873	TWC,ST
ecg43874	ST
ecg43875	TWC,ST
ecg43876	ST
ecg43877	ST
ecg43878	ST
ecg43879	ST
ecg43880	TWC,ST,TWO
ecg43881	ST
ecg43882	ST
ecg43883	TWC,ST,TWO
ecg43884	ST
ecg43885	ST
ecg43886	ST
ecg43887	ST
ecg43888	ST
ecg43889	ST
ecg43890	ST
ecg43891	ST
ecg43892	ST
ecg43893	TWC,ST,STDD
ecg43894	ST
ecg43895	ST,TPW
ecg43896	ST
ecg43897	LVH,ST
ecg43898	ST
ecg43899	TWC,ST
ecg43900	ST
ecg43901	STC,ST,LVH
ecg43902	ST
ecg43903	ST
ecg43904	ST
ecg43905	AQW,ST,LVQRSAL,TWO,TWC
ecg43906	AQW,STTU,ST,TWO,TWC
ecg43907	ST
ecg43908	ST
ecg43909	ST
ecg43910	ST
ecg43911	ST
ecg43912	STC,ST,LVH
ecg43913	ST
ecg43914	ST
ecg43915	STC,ST
ecg43916	ST
ecg43917	ST
ecg43918	TWC,ST
ecg43919	ST,LVQRSAL
ecg43920	TWC,ST,LVH
ecg43921	ST
ecg43922	ST
ecg43923	ST
ecg43924	STC,ST
ecg43925	ST
ecg43926	STC,ST
ecg43927	ST
ecg43928	TWC,ST,STDD
ecg43929	ST
ecg43930	ST
ecg43931	ST
ecg43932	ST
ecg43933	TWC,ST
ecg43934	ST
ecg43935	ST
ecg43936	ST
ecg43937	TWC,ST
ecg43938	STC,ST
ecg43939	ST
ecg43940	ST
ecg43941	TWC,ST
ecg43942	TWC,ST,LVH
ecg43943	ST
ecg43944	ST
ecg43945	ST
ecg43946	ST
ecg43947	TWC,ST
ecg43948	ST,LVQRSAL
ecg43949	ST,TPW
ecg43950	ST
ecg43951	TWO,ST
ecg43952	TWC,RWC,ST
ecg43953	STC,ST,LVQRSAL
ecg43954	STDD,ST,TWO,LVH,STC
ecg43955	ST
ecg43956	ST,TPW
ecg43957	ST
ecg43958	ST
ecg43959	TWC,ST
ecg43960	STC,ST
ecg43961	ST
ecg43962	ST
ecg43963	ST
ecg43964	ST
ecg43965	STC,ST
ecg43966	ST
ecg43967	ST
ecg43968	ST
ecg43969	ST
ecg43970	ST
ecg43971	ST
ecg43972	ST
ecg43973	TWO,ST,LVH,STDD,STC
ecg43974	ST
ecg43975	ST
ecg43976	ST
ecg43977	ST,LVQRSAL
ecg43978	ST
ecg43979	TWC,ST
ecg43980	TWC,ST
ecg43981	ST
ecg43982	ST
ecg43983	ST
ecg43984	TWC,ST
ecg43985	ST,LVQRSAL
ecg43986	STC,RWC,ST
ecg43987	ST
ecg43988	STC,ST,LVH
ecg43989	ST
ecg43990	ST
ecg43991	TWC,ST
ecg43992	ST
ecg43993	ST
ecg43994	TWO,ST
ecg43995	ST
ecg43996	ST
ecg43997	TWC,ST,LVQRSAL,TWO
ecg43998	ST
ecg43999	ST
ecg44000	ST
ecg44001	ST
ecg44002	ST,LVQRSAL
ecg44003	ST
ecg44004	STDD,ST,STC
ecg44005	ST
ecg44006	ST
ecg44007	TWC,ST,TWO
ecg44008	ST
ecg44009	ST
ecg44010	ST
ecg44011	ST
ecg44012	ST
ecg44013	LVH,ST
ecg44014	ST
ecg44015	ST
ecg44016	ST
ecg44017	ST
ecg44018	STC,ST,LVH
ecg44019	ST
ecg44020	TWC,ST,LVQRSAL,TWO
ecg44021	ST
ecg44022	TWC,ST
ecg44023	TWC,ST
ecg44024	TWC,ST
ecg44025	ST
ecg44026	ST
ecg44027	ST
ecg44028	ST
ecg44029	ST
ecg44030	ST
ecg44031	ST
ecg44032	STC,ST
ecg44033	ST
ecg44034	ST
ecg44035	ST
ecg44036	ST
ecg44037	ST
ecg44038	ST,LVQRSAL
ecg44039	ST
ecg44040	TWO,ST
ecg44041	TWC,ST
ecg44042	ST
ecg44043	ST
ecg44044	ST
ecg44045	ST
ecg44046	TWC,ST
ecg44047	ST
ecg44048	ST
ecg44049	ST
ecg44050	STC,ST
ecg44051	ST
ecg44052	ST
ecg44053	ST
ecg44054	ST
ecg44055	ST
ecg44056	STDD,ST,STC,TWO
ecg44057	STDD,ST,STC,TWO
ecg44058	ST
ecg44059	ST
ecg44060	ST
ecg44061	LVH,ST
ecg44062	ST
ecg44063	STC,ST,TWO
ecg44064	ST
ecg44065	TWC,ST,TWO
ecg44066	ST
ecg44067	ST
ecg44068	AQW,ST
ecg44069	ST
ecg44070	STC,ST
ecg44071	TWC,ST,TWO
ecg44072	ST
ecg44073	STC,ST
ecg44074	ST
ecg44075	ST
ecg44076	ST
ecg44077	ST
ecg44078	ST
ecg44079	ST
ecg44080	ST
ecg44081	STDD,ST,STC,TWO
ecg44082	ST
ecg44083	STTU,ST
ecg44084	ST
ecg44085	STDD,ST,STC,TWO
ecg44086	STDD,ST,STC
ecg44087	ST
ecg44088	TWO,ST
ecg44089	TWC,ST
ecg44090	TWC,ST
ecg44091	ST
ecg44092	ST
ecg44093	ST
ecg44094	TWC,ST
ecg44095	ST
ecg44096	ST
ecg44097	ST
ecg44098	TWC,ST
ecg44099	ST
ecg44100	ST
ecg44101	ST
ecg44102	TWO,ST,LVH,STDD,STC
ecg44103	ST
ecg44104	ST
ecg44105	ST
ecg44106	TWC,ST
ecg44107	TWC,ST
ecg44108	TWC,ST,LVQRSAL
ecg44109	ST
ecg44110	ST
ecg44111	ST
ecg44112	STC,ST,LVH
ecg44113	ST
ecg44114	ST
ecg44115	ST
ecg44116	ST
ecg44117	LVH,ST
ecg44118	ST
ecg44119	ST
ecg44120	ST
ecg44121	TWO,ST,LVH,STDD,STC
ecg44122	ST
ecg44123	ST
ecg44124	ST
ecg44125	STDD,ST,STC,TWO
ecg44126	STC,ST
ecg44127	ST
ecg44128	ST
ecg44129	ST
ecg44130	TWC,ST
ecg44131	ST
ecg44132	ST
ecg44133	ST
ecg44134	TWC,ST,TWO
ecg44135	TWC,ST
ecg44136	STC,ST
ecg44137	TWC,ST
ecg44138	ST
ecg44139	ST
ecg44140	ST
ecg44141	STC,ST
ecg44142	ST
ecg44143	ST
ecg44144	ST
ecg44145	ST,TPW
ecg44146	TWC,ST
ecg44147	ST
ecg44148	ST
ecg44149	ST
ecg44150	ST
ecg44151	ST,LVQRSAL
ecg44152	ST
ecg44153	ST
ecg44154	TWC,ST
ecg44155	ST
ecg44156	ST
ecg44157	TWC,ST
ecg44158	ST
ecg44159	STC,ST
ecg44160	TWC,ST
ecg44161	ST
ecg44162	TWO,ST
ecg44163	ST
ecg44164	ST
ecg44165	ST
ecg44166	ST
ecg44167	ST,LVQRSAL
ecg44168	ST
ecg44169	ST
ecg44170	ST
ecg44171	TWC,ST,TWO
ecg44172	STC,ST
ecg44173	TWC,ST,TWO
ecg44174	ST
ecg44175	ST
ecg44176	ST
ecg44177	ST
ecg44178	ST
ecg44179	ST
ecg44180	ST
ecg44181	SVPB,VPB,ST
ecg44182	ST
ecg44183	ST
ecg44184	ST
ecg44185	ST
ecg44186	STC,ST
ecg44187	ST
ecg44188	ST
ecg44189	ST
ecg44190	TWC,ST,LVQRSAL
ecg44191	STDD,ST,TWO,TWC,LVH,STC
ecg44192	ST
ecg44193	ST
ecg44194	ST
ecg44195	ST
ecg44196	ST
ecg44197	TWC,ST,STDD,STC
ecg44198	ST,LVQRSAL
ecg44199	TWC,ST,STDD,STC
ecg44200	ST
ecg44201	ST
ecg44202	ST
ecg44203	STC,ST,LVH
ecg44204	ST
ecg44205	ST
ecg44206	ST
ecg44207	ST
ecg44208	ST
ecg44209	ST
ecg44210	TWC,ST,TWO
ecg44211	STC,ST,LVQRSAL
ecg44212	ST
ecg44213	TWC,ST
ecg44214	ST
ecg44215	TWC,ST,LVH
ecg44216	TWC,ST
ecg44217	TWC,ST,LVH
ecg44218	TWO,ST,LVH
ecg44219	TWO,ST,LVQRSAL
ecg44220	TWC,ST,TWO
ecg44221	TWC,ST
ecg44222	ST
ecg44223	ST
ecg44224	ST
ecg44225	ST
ecg44226	ST
ecg44227	ST
ecg44228	ST
ecg44229	TWO,ST
ecg44230	ST
ecg44231	TWO,RWC,ST,LVQRSAL
ecg44232	ST
ecg44233	ST
ecg44234	ST
ecg44235	TWO,ST
ecg44236	ST
ecg44237	ST
ecg44238	TWC,ST,LVH,TWO
ecg44239	ST
ecg44240	ST
ecg44241	ST
ecg44242	ST
ecg44243	ST
ecg44244	TWC,ST
ecg44245	ST
ecg44246	ST
ecg44247	TWC,ST
ecg44248	ST
ecg44249	ST
ecg44250	ST
ecg44251	ST
ecg44252	AQW,ST,TWO,TWC,PPW
ecg44253	ST,TPW
ecg44254	ST
ecg44255	ST
ecg44256	ST
ecg44257	ST
ecg44258	ST
ecg44259	ST
ecg44260	STDD,ST,TWO,LVH,STC
ecg44261	STC,ST
ecg44262	TWC,ST
ecg44263	ST
ecg44264	ST
ecg44265	ST
ecg44266	TWC,ST
ecg44267	ST
ecg44268	TWC,ST,TWO
ecg44269	ST
ecg44270	ST
ecg44271	TWC,ST
ecg44272	ST
ecg44273	ST
ecg44274	TWC,ST
ecg44275	ST
ecg44276	ST
ecg44277	STC,ST
ecg44278	LVH,ST
ecg44279	ST
ecg44280	LVH,ST
ecg44281	ST
ecg44282	ST
ecg44283	ST
ecg44284	ST,LVQRSAL
ecg44285	ST
ecg44286	ST
ecg44287	ST
ecg44288	ST
ecg44289	ST
ecg44290	ST
ecg44291	ST
ecg44292	ST
ecg44293	ST
ecg44294	ST
ecg44295	ST
ecg44296	ST
ecg44297	ST
ecg44298	LVH,ST
ecg44299	ST
ecg44300	ST
ecg44301	ST
ecg44302	ST
ecg44303	ST
ecg44304	ST
ecg44305	TWC,ST
ecg44306	ST
ecg44307	ST
ecg44308	STC,ST
ecg44309	TWC,ST
ecg44310	ST,RWC
ecg44311	ST
ecg44312	TWO,ST,LVH
ecg44313	ST
ecg44314	LVH,ST
ecg44315	TWC,ST
ecg44316	ST
ecg44317	ST
ecg44318	ST
ecg44319	ST
ecg44320	ST
ecg44321	ST
ecg44322	TWC,ST
ecg44323	ST
ecg44324	ST
ecg44325	ST
ecg44326	LVH,ST
ecg44327	ST
ecg44328	ST
ecg44329	ST,RWC,LVQRSAL
ecg44330	ST
ecg44331	ST
ecg44332	ST
ecg44333	ST
ecg44334	STC,RVH,TPW,ST,RAH
ecg44335	STC,RVH,TPW,ST,RAH
ecg44336	ST
ecg44337	ST
ecg44338	ST
ecg44339	ST
ecg44340	ST
ecg44341	ST
ecg44342	AQW,RVH,TPW,ST,TWC,RAH
ecg44343	ST
ecg44344	ST
ecg44345	ST
ecg44346	ST,LVQRSAL
ecg44347	ST
ecg44348	ST
ecg44349	ST
ecg44350	ST
ecg44351	ST
ecg44352	TWC,ST
ecg44353	ST
ecg44354	ST
ecg44355	ST
ecg44356	LVH,ST
ecg44357	ST
ecg44358	STC,ST
ecg44359	TWC,ST,LVQRSAL
ecg44360	TWC,ST
ecg44361	TWO,ST,LVH,STDD,STC
ecg44362	ST
ecg44363	ST
ecg44364	ST
ecg44365	TWO,ST
ecg44366	ST
ecg44367	STTU,ST,STDD,STC
ecg44368	STC,ST,LVH
ecg44369	TWC,ST,LVH,TWO
ecg44370	TWC,ST
ecg44371	TWO,ST
ecg44372	ST
ecg44373	STC,ST
ecg44374	ST
ecg44375	ST
ecg44376	LVH,ST
ecg44377	STC,ST,LVH
ecg44378	TWC,ST
ecg44379	STC,ST
ecg44380	ST
ecg44381	ST
ecg44382	ST
ecg44383	ST
ecg44384	TWC,ST,LVQRSAL
ecg44385	ST,TPW
ecg44386	ST
ecg44387	ST,TPW
ecg44388	TWC,ST
ecg44389	TWC,ST,TPW
ecg44390	ST
ecg44391	ST
ecg44392	ST
ecg44393	ST
ecg44394	ST
ecg44395	ST
ecg44396	TWC,ST
ecg44397	ST
ecg44398	TWC,ST
ecg44399	TWC,ST
ecg44400	STC,ST
ecg44401	ST
ecg44402	ST
ecg44403	ST
ecg44404	ST
ecg44405	ST
ecg44406	ST
ecg44407	AQW,STTU,TWC,ST
ecg44408	ST
ecg44409	ST
ecg44410	ST
ecg44411	ST
ecg44412	ST
ecg44413	ST
ecg44414	TWO,ST
ecg44415	LVH,ST
ecg44416	AQW,STTU,ST
ecg44417	ST
ecg44418	ST,LVQRSAL
ecg44419	ST
ecg44420	ST
ecg44421	ST
ecg44422	TWC,ST,TWO
ecg44423	ST
ecg44424	ST
ecg44425	ST
ecg44426	ST
ecg44427	ST,RWC
ecg44428	ST
ecg44429	ST
ecg44430	TWC,ST
ecg44431	ST
ecg44432	STDD,ST,PWC,TWO,RWC,STC
ecg44433	ST
ecg44434	ST
ecg44435	AQW,TWC,ST,LVQRSAL
ecg44436	ST
ecg44437	TWC,ST
ecg44438	TWC,ST
ecg44439	TWC,ST
ecg44440	ST
ecg44441	ST
ecg44442	ST
ecg44443	ST
ecg44444	ST
ecg44445	ST
ecg44446	ST
ecg44447	TWC,ST,TWO
ecg44448	ST
ecg44449	ST
ecg44450	ST
ecg44451	ST
ecg44452	ST
ecg44453	ST
ecg44454	ST
ecg44455	ST
ecg44456	ST
ecg44457	ST
ecg44458	ST
ecg44459	STTU,ST
ecg44460	TWC,ST
ecg44461	ST
ecg44462	ST
ecg44463	ST
ecg44464	ST
ecg44465	STC,ST
ecg44466	ST
ecg44467	ST
ecg44468	ST
ecg44469	ST
ecg44470	ST
ecg44471	ST
ecg44472	TWC,ST
ecg44473	STTU,RVH,TPW,ST,TWO,LAH,RAH,LVH
ecg44474	ST
ecg44475	ST
ecg44476	ST
ecg44477	ST
ecg44478	ST
ecg44479	ST
ecg44480	ST
ecg44481	ST
ecg44482	TWC,ST,LVQRSAL
ecg44483	ST
ecg44484	TWC,ST
ecg44485	ST
ecg44486	ST
ecg44487	ST
ecg44488	STC,ST,LVH
ecg44489	ST
ecg44490	ST
ecg44491	ST
ecg44492	ST
ecg44493	ST
ecg44494	ST
ecg44495	LVH,ST
ecg44496	ST
ecg44497	ST
ecg44498	ST
ecg44499	ST,LVQRSAL
ecg44500	ST
ecg44501	ST
ecg44502	ST
ecg44503	ST
ecg44504	ST
ecg44505	TWC,ST
ecg44506	ST,LVQRSAL
ecg44507	AQW,ST,LVQRSAL,TWO,RWC,TWC
ecg44508	ST
ecg44509	ST
ecg44510	ST
ecg44511	ST
ecg44512	TWC,ST
ecg44513	ST
ecg44514	ST
ecg44515	ST
ecg44516	ST
ecg44517	ST
ecg44518	ST
ecg44519	ST
ecg44520	ST
ecg44521	ST
ecg44522	ST
ecg44523	ST
ecg44524	STC,ST,LVH
ecg44525	STC,ST
ecg44526	ST
ecg44527	LVH,ST
ecg44528	ST
ecg44529	ST
ecg44530	TWC,ST
ecg44531	ST
ecg44532	ST
ecg44533	ST
ecg44534	ST
ecg44535	STC,ST
ecg44536	TWC,ST
ecg44537	ST
ecg44538	TWO,ST
ecg44539	ST
ecg44540	ST
ecg44541	ST
ecg44542	ST
ecg44543	ST
ecg44544	ST
ecg44545	STTU,ST,STDD
ecg44546	ST
ecg44547	ST
ecg44548	ST
ecg44549	TWC,ST
ecg44550	TWC,RWC,ST,TWO
ecg44551	ST
ecg44552	TWC,ST
ecg44553	STC,ST
ecg44554	ST
ecg44555	ST
ecg44556	ST
ecg44557	STDD,ST,STC,TWO
ecg44558	STC,ST,LVH
ecg44559	TWC,ST
ecg44560	ST
ecg44561	ST
ecg44562	ST
ecg44563	ST
ecg44564	STDD,ST,LVH,TWO
ecg44565	ST
ecg44566	ST
ecg44567	ST
ecg44568	ST
ecg44569	ST
ecg44570	ST
ecg44571	ST
ecg44572	ST
ecg44573	ST
ecg44574	ST
ecg44575	ST
ecg44576	ST
ecg44577	ST
ecg44578	ST
ecg44579	TWO,ST
ecg44580	ST
ecg44581	ST
ecg44582	ST
ecg44583	ST
ecg44584	ST
ecg44585	ST
ecg44586	ST
ecg44587	ST,RWC
ecg44588	TWC,ST
ecg44589	ST
ecg44590	ST
ecg44591	ST
ecg44592	ST
ecg44593	ST
ecg44594	ST
ecg44595	ST
ecg44596	ST,PWC
ecg44597	ST
ecg44598	ST
ecg44599	ST
ecg44600	TWC,ST
ecg44601	ST
ecg44602	ST
ecg44603	ST
ecg44604	ST
ecg44605	ST
ecg44606	ST
ecg44607	ST
ecg44608	ST
ecg44609	ST
ecg44610	ST
ecg44611	STC,ST
ecg44612	ST
ecg44613	ST
ecg44614	ST
ecg44615	TWC,ST
ecg44616	ST
ecg44617	TWC,ST
ecg44618	ST
ecg44619	ST,LVQRSAL
ecg44620	ST
ecg44621	ST
ecg44622	TWC,ST
ecg44623	LVH,ST,LVQRSAL
ecg44624	TWC,ST,TWO
ecg44625	ST
ecg44626	ST
ecg44627	ST
ecg44628	ST
ecg44629	ST
ecg44630	ST
ecg44631	TWC,ST,LVH
ecg44632	TWC,ST,TWO
ecg44633	ST
ecg44634	ST
ecg44635	TWC,ST
ecg44636	TWC,ST,TPW
ecg44637	TWC,ST
ecg44638	ST
ecg44639	TWC,ST
ecg44640	ST
ecg44641	ST
ecg44642	ST
ecg44643	ST
ecg44644	ST
ecg44645	STC,ST
ecg44646	STC,ST
ecg44647	ST
ecg44648	ST
ecg44649	STC,ST
ecg44650	STC,ST,LVQRSAL
ecg44651	ST
ecg44652	ST
ecg44653	ST
ecg44654	ST
ecg44655	ST
ecg44656	ST
ecg44657	ST
ecg44658	STC,ST
ecg44659	ST
ecg44660	ST
ecg44661	ST
ecg44662	ST
ecg44663	ST
ecg44664	ST
ecg44665	STC,ST
ecg44666	ST
ecg44667	STC,ST
ecg44668	ST
ecg44669	ST
ecg44670	ST
ecg44671	STC,ST
ecg44672	ST
ecg44673	TWC,ST
ecg44674	ST
ecg44675	ST
ecg44676	LVH,ST
ecg44677	ST
ecg44678	ST
ecg44679	ST
ecg44680	ST
ecg44681	ST
ecg44682	ST
ecg44683	STTU,ST,LVQRSAL
ecg44684	STTU,LVQRSAL,TWC,ST
ecg44685	ST
ecg44686	TWC,ST
ecg44687	ST
ecg44688	ST
ecg44689	ST
ecg44690	ST
ecg44691	ST
ecg44692	TWC,ST
ecg44693	ST
ecg44694	ST
ecg44695	ST
ecg44696	ST
ecg44697	ST
ecg44698	TWC,RWC,ST,TWO
ecg44699	ST
ecg44700	LVH,ST
ecg44701	ST
ecg44702	ST
ecg44703	ST
ecg44704	ST
ecg44705	ST
ecg44706	ST
ecg44707	TWC,ST
ecg44708	ST
ecg44709	LVH,ST
ecg44710	TWC,ST,LVQRSAL
ecg44711	TWC,ST
ecg44712	ST
ecg44713	ST
ecg44714	ST
ecg44715	ST
ecg44716	ST
ecg44717	ST
ecg44718	ST
ecg44719	ST
ecg44720	ST
ecg44721	STC,ST
ecg44722	ST
ecg44723	ST
ecg44724	STC,ST,LVH
ecg44725	STC,ST
ecg44726	ST
ecg44727	STDD,ST,STC,TWO
ecg44728	ST
ecg44729	ST
ecg44730	TWC,ST
ecg44731	ST
ecg44732	STC,ST
ecg44733	ST,RWC,LVQRSAL
ecg44734	RVH,ST
ecg44735	ST
ecg44736	ST
ecg44737	ST
ecg44738	ST
ecg44739	ST
ecg44740	STDD,ST,TWO,PPW,STC
ecg44741	ST
ecg44742	TWC,ST
ecg44743	ST,LVQRSAL
ecg44744	STDD,ST,STC,TWO
ecg44745	STC,ST
ecg44746	ST
ecg44747	ST
ecg44748	STC,ST
ecg44749	ST
ecg44750	ST
ecg44751	ST
ecg44752	ST
ecg44753	ST
ecg44754	ST
ecg44755	ST
ecg44756	ST,RWC
ecg44757	TWC,ST
ecg44758	TWC,RWC,ST,LVH
ecg44759	ST
ecg44760	ST
ecg44761	ST
ecg44762	TWO,ST
ecg44763	ST
ecg44764	ST
ecg44765	STC,TPW,ST
ecg44766	ST
ecg44767	ST
ecg44768	ST
ecg44769	ST
ecg44770	ST
ecg44771	ST
ecg44772	TWC,ST
ecg44773	ST
ecg44774	ST
ecg44775	ST
ecg44776	ST
ecg44777	ST
ecg44778	ST
ecg44779	TWC,ST,PWC
ecg44780	ST
ecg44781	ST
ecg44782	STDD,ST,STC,TWO
ecg44783	STDD,ST,LVQRSAL,TWO,STC
ecg44784	TWO,ST,LVH,STDD,STC
ecg44785	STTU,TPW,ST,LVQRSAL,STDD,TWC
ecg44786	ST
ecg44787	ST
ecg44788	ST
ecg44789	ST
ecg44790	ST
ecg44791	ST
ecg44792	AQW,ST
ecg44793	TWO,ST,LVH
ecg44794	ST
ecg44795	ST
ecg44796	TWC,ST,LVQRSAL
ecg44797	ST
ecg44798	LVH,ST
ecg44799	ST
ecg44800	ST
ecg44801	STC,ST
ecg44802	ST
ecg44803	AQW,ST
ecg44804	ST
ecg44805	STDD,ST,TWO,RWC,STC
ecg44806	STC,ST
ecg44807	ST
ecg44808	AQW,ST
ecg44809	ST
ecg44810	ST
ecg44811	ST
ecg44812	ST
ecg44813	ST,LVQRSAL
ecg44814	TWC,ST
ecg44815	ST
ecg44816	ST
ecg44817	ST,RWC
ecg44818	ST
ecg44819	TWC,ST,LVH
ecg44820	ST
ecg44821	ST
ecg44822	ST
ecg44823	TWC,ST
ecg44824	STC,ST
ecg44825	ST
ecg44826	STC,ST
ecg44827	STDD,ST,TWO,LVH,STC
ecg44828	ST
ecg44829	ST
ecg44830	STTU,ST
ecg44831	TWC,ST,TWO
ecg44832	STC,ST,LVH
ecg44833	ST
ecg44834	TWC,ST
ecg44835	ST
ecg44836	ST
ecg44837	TWC,RWC,ST
ecg44838	ST
ecg44839	TWC,ST
ecg44840	TWC,ST
ecg44841	ST
ecg44842	ST
ecg44843	ST
ecg44844	ST
ecg44845	ST
ecg44846	ST
ecg44847	ST
ecg44848	LVH,ST
ecg44849	ST,LVQRSAL
ecg44850	ST
ecg44851	ST
ecg44852	ST
ecg44853	TWO,ST,LVH
ecg44854	TWC,ST,LVH
ecg44855	TWC,ST
ecg44856	ST
ecg44857	ST
ecg44858	TWO,ST,LVH,STDD,STC
ecg44859	ST
ecg44860	TWC,ST,LVH
ecg44861	ST
ecg44862	TWC,ST
ecg44863	TWC,ST
ecg44864	TWC,ST,STDD,STC
ecg44865	ST
ecg44866	ST,LVQRSAL
ecg44867	ST
ecg44868	ST
ecg44869	TWO,ST
ecg44870	STTU,ST,TWC
ecg44871	STC,ST,LVQRSAL
ecg44872	TWC,ST,TWO
ecg44873	ST
ecg44874	LVH,ST
ecg44875	ST
ecg44876	ST
ecg44877	ST
ecg44878	STC,ST
ecg44879	AQW,STTU,ST,TWO,TWC
ecg44880	ST
ecg44881	ST
ecg44882	ST
ecg44883	ST
ecg44884	STDD,ST,LVQRSAL,TWO,STC
ecg44885	LVH,ST
ecg44886	STDD,ST,STC,TWO
ecg44887	TWO,ST,LVH,RWC,TWC
ecg44888	ST
ecg44889	STC,ST
ecg44890	ST
ecg44891	ST
ecg44892	ST
ecg44893	ST
ecg44894	TWC,ST
ecg44895	STC,ST
ecg44896	ST
ecg44897	TWC,ST
ecg44898	ST
ecg44899	STC,ST
ecg44900	TWC,ST
ecg44901	TWO,ST,LVH,STDD,STC
ecg44902	ST
ecg44903	TWC,ST,LVH
ecg44904	ST
ecg44905	ST
ecg44906	ST
ecg44907	ST
ecg44908	ST
ecg44909	ST
ecg44910	TWC,ST
ecg44911	ST
ecg44912	ST,LVQRSAL
ecg44913	STC,ST,LVH
ecg44914	TWC,ST
ecg44915	ST
ecg44916	ST
ecg44917	TWC,ST
ecg44918	ST
ecg44919	ST
ecg44920	ST
ecg44921	ST
ecg44922	STC,ST
ecg44923	AQW,STTU,ST,STDD,STC
ecg44924	ST
ecg44925	ST
ecg44926	TWC,ST
ecg44927	ST
ecg44928	TWO,PRIE,ST,TWC,STC
ecg44929	ST
ecg44930	ST
ecg44931	ST
ecg44932	STC,ST
ecg44933	ST
ecg44934	ST
ecg44935	ST,LVQRSAL
ecg44936	ST
ecg44937	STC,ST,LVH
ecg44938	STDD,ST,STC,TWO
ecg44939	ST
ecg44940	STC,ST
ecg44941	ST
ecg44942	ST
ecg44943	ST
ecg44944	ST
ecg44945	ST
ecg44946	ST
ecg44947	ST
ecg44948	ST
ecg44949	STC,ST
ecg44950	ST
ecg44951	ST
ecg44952	ST
ecg44953	TWC,ST
ecg44954	ST
ecg44955	ST
ecg44956	ST,TPW
ecg44957	STC,PRIE,RWC,ST
ecg44958	TWC,ST,TWO
ecg44959	ST
ecg44960	ST
ecg44961	ST
ecg44962	ST
ecg44963	ST
ecg44964	ST
ecg44965	ST
ecg44966	ST
ecg44967	ST
ecg44968	ST
ecg44969	ST
ecg44970	ST
ecg44971	ST
ecg44972	ST
ecg44973	TWC,ST
ecg44974	TWC,ST
ecg44975	ST
ecg44976	ST
ecg44977	STC,ST
ecg44978	ST
ecg44979	ST
ecg44980	ST
ecg44981	ST
ecg44982	ST
ecg44983	ST
ecg44984	ST
ecg44985	ST,TPW
ecg44986	STC,ST
ecg44987	ST
ecg44988	ST
ecg44989	TWC,ST
ecg44990	ST
ecg44991	ST
ecg44992	LVH,ST
ecg44993	ST
ecg44994	LVH,ST
ecg44995	ST
ecg44996	ST,LVQRSAL
ecg44997	ST
ecg44998	ST
ecg44999	ST,LVQRSAL
ecg45000	ST
ecg45001	TWC,ST,SA
ecg45002	ST,SA
ecg45003	ST,SA
ecg45004	TWC,ST,SA
ecg45005	ST,SA
ecg45006	CLBBB,SVT
ecg45007	SVT,ST
ecg45008	WPW,AVRT,SVT,PVT
ecg45009	IDC,SVT,PVT
ecg45010	TWC,SVT,STC
ecg45011	TWC,SVT,LVQRSAL,STC
ecg45012	TWC,RVH,SVT,STC
ecg45013	STC,SVT
ecg45014	TWC,SVT,STC
ecg45015	STC,SVT
ecg45016	MI,SVT,MI_LAT,STC
ecg45017	MI,SVT,MI_LAT,STC
ecg45018	MI,SVT,MI_LAT,STC
ecg45019	AQW,SVT,LVQRSAL,STC
ecg45020	MI,MI_LAT,SVT,STC
ecg45021	SVT
ecg45022	TWC,SVT
ecg45023	SVT
ecg45024	SVT
ecg45025	SVT
ecg45026	PVT
ecg45027	WPW,SVT
ecg45028	WPW,IDC,SVT
ecg45029	SVT
ecg45030	SVT
ecg45031	SVT
ecg45032	SVT,LVH
ecg45033	STC,SVT
ecg45034	STTU,SVT,STDD
ecg45035	STDD,TWO,TWC,SVT,STC
ecg45036	SVT
ecg45037	STC,SVT
ecg45038	STC,SVT
ecg45039	STC,SVT
ecg45040	STC,SVT
ecg45041	VER,AIVR
ecg45042	VER
ecg45043	VER
ecg45044	VER
ecg45045	VER
ecg45046	VER
ecg45047	VER
ecg45048	VER
ecg45049	VER
ecg45050	VER
ecg45051	VER
ecg45052	VER
ecg45053	VER
ecg45054	VER
ecg45055	VER
ecg45056	VER
ecg45057	VER
ecg45058	VER
ecg45059	VER
ecg45060	VER
ecg45061	VER
ecg45062	VER
ecg45063	VER
ecg45064	VER
ecg45065	VER
ecg45066	VER
ecg45067	VER
ecg45068	VER
ecg45069	VER
ecg45070	VER
ecg45071	VER
ecg45072	VER
ecg45073	VER
ecg45074	VER
ecg45075	VER
ecg45076	VER
ecg45077	VER
ecg45078	VER
ecg45079	VER
ecg45080	VER
ecg45081	VER
ecg45082	VER
ecg45083	VEB
ecg45084	VER
ecg45085	VER
ecg45086	VER
ecg45087	VER
ecg45088	VER
ecg45089	VER
ecg45090	AVRT,VER
ecg45091	AIVR,VER
ecg45092	VER
ecg45093	VEB
ecg45094	EAT
ecg45095	AIVR,VER
ecg45096	VFL,VFIB
ecg45097	VFIB
ecg45098	VFIB
ecg45099	VFIB
ecg45100	APACE,VFIB
ecg45101	STC,LVH,VFIB
ecg45102	VFIB
ecg45103	VFIB
ecg45104	VFIB
ecg45105	VFIB
ecg45106	VFIB
ecg45107	VFIB
ecg45108	VFIB
ecg45109	VFIB
ecg45110	VFIB
ecg45111	VFIB
ecg45112	VFIB
ecg45113	VFIB
ecg45114	VFIB
ecg45115	VFIB
ecg45116	VFIB
ecg45117	VFIB
ecg45118	VFIB
ecg45119	VFIB
ecg45120	VFIB
ecg45121	VFIB
ecg45122	VFIB
ecg45123	VFIB
ecg45124	VFIB
ecg45125	VFIB
ecg45126	VFIB
ecg45127	VFIB
ecg45128	VFIB
ecg45129	VFIB
ecg45130	VFIB
ecg45131	VFIB
ecg45132	VFIB
ecg45133	VFIB
ecg45134	VFIB
ecg45135	VFIB
ecg45136	VFIB
ecg45137	VFIB
ecg45138	VFIB
ecg45139	VFIB
ecg45140	VFIB
ecg45141	VFIB
ecg45142	VFIB
ecg45143	VFIB
ecg45144	VFIB
ecg45145	VFIB
ecg45146	VFIB
ecg45147	VFIB
ecg45148	VFIB
ecg45149	VFIB
ecg45150	VFIB
ecg45151	VFIB
ecg45152	VFIB
ecg45153	VFL
ecg45154	VFL
ecg45155	VFL
ecg45156	VFL
ecg45157	VFL
ecg45158	VER
ecg45159	STTU,AIVR,VER,STDD
ecg45160	AIVR,VER
ecg45161	VER
ecg45162	AVRT,AIVR,VER
ecg45163	STC,AIVR,VER,LVQRSAL,PVT
ecg45164	PVT
ecg45165	PVT
ecg45166	PVT
ecg45167	STC,PVT
ecg45168	PVT
ecg45169	STC,PVT
ecg45170	PVT
ecg45171	PVT
ecg45172	PVT
ecg45173	PVT
ecg45174	PVT
ecg45175	PVT
ecg45176	PVT
ecg45177	PVT
ecg45178	PVT
ecg45179	PVT
ecg45180	PVT
ecg45181	PVT
ecg45182	PVT
ecg45183	PVT
ecg45184	PVT
ecg45185	PVT
ecg45186	PVT
ecg45187	PVT
ecg45188	PVT
ecg45189	PVT
ecg45190	PVT
ecg45191	PVT
ecg45192	PVT
ecg45193	PVT
ecg45194	PVT
ecg45195	STTU,STDD,PVT
ecg45196	PVT
ecg45197	PVT
ecg45198	STTU,AVRT,PVT,STDD,TWO,STC
ecg45199	PVT
ecg45200	PVT
ecg45201	PVT
ecg45202	PVT
ecg45203	PVT
ecg45204	PVT
ecg45205	AVRT,PVT
ecg45206	ARHY
