pathology:2abblock1
group:conduction
title:2° AV Block Mobitz ? aVF CD3
name:Атриовентрикулярная блокада 2 степени (блокада Мобитца I типа)
leads:12

lead:I
count:3536
points:1024,1024,1024,1024,1025,1025,1026,1026,1027,1028,1028,1029,1030,1031,1032,1033,1035,1036,1037,1039,1040,1041,1043,1044,1046,1047,1048,1050,1051,1053,1054,1056,1057,1058,1059,1061,1062,1063,1064,1065,1066,1066,1067,1068,1068,1069,1069,1070,1070,1070,1070,1070,1070,1070,1069,1069,1068,1068,1067,1066,1066,1065,1064,1063,1062,1061,1059,1058,1057,1056,1054,1053,1051,1050,1048,1047,1046,1044,1043,1041,1040,1039,1037,1036,1035,1033,1032,1031,1030,1029,1028,1028,1027,1026,1026,1025,1025,1024,1024,1024,1024,1024,1024,1024,1024,1024,1024,1024,1024,1024,1024,1024,1024,1024,1024,1024,1024,1024,1024,1024,1024,1024,1024,1024,1024,1024,1024,1024,1024,1024,1024,1024,1024,1024,1024,1024,1024,1024,1024,1024,1024,1024,1024,1024,1024,1024,1024,1024,1024,1024,1024,1024,1024,1024,1024,1024,1024,1023,1023,1023,1023,1022,1022,1022,1021,1021,1020,1020,1019,1018,1018,1017,1016,1014,1014,1014,1013,1013,1012,1011,1009,1008,1006,1004,1002,1000,998,1007,1015,1024,1033,1041,1050,1058,1067,1075,1084,1092,1101,1109,1118,1126,1135,1143,1152,1161,1169,1178,1186,1195,1203,1212,1220,1229,1237,1254,1254,1243,1232,1221,1210,1199,1188,1177,1167,1157,1147,1137,1128,1119,1111,1102,1095,1087,1080,1074,1068,1063,1058,1054,1050,1047,1044,1042,1041,1039,1039,1038,1037,1036,1035,1034,1033,1033,1032,1031,1030,1030,1029,1029,1028,1028,1027,1027,1027,1026,1026,1026,1025,1025,1025,1025,1025,1025,1024,1024,1024,1024,1024,1024,1024,1024,1024,1024,1024,1024,1024,1024,1024,1024,1024,1024,1024,1024,1024,1024,1024,1024,1024,1024,1024,1024,1024,1024,1024,1024,1024,1024,1024,1024,1024,1024,1024,1024,1024,1024,1024,1024,1024,1024,1024,1024,1024,1024,1024,1024,1024,1024,1024,1024,1024,1024,1024,1024,1024,1024,1024,1024,1024,1024,1024,1024,1024,1024,1024,1024,1024,1024,1025,1025,1025,1025,1026,1026,1026,1027,1027,1028,1028,1029,1029,1030,1030,1031,1032,1032,1033,1034,1034,1035,1036,1037,1038,1039,1039,1040,1041,1042,1043,1044,1045,1046,1047,1048,1049,1050,1051,1052,1053,1054,1055,1056,1057,1058,1059,1060,1061,1062,1064,1065,1066,1067,1068,1069,1070,1070,1071,1072,1073,1074,1075,1076,1077,1078,1078,1079,1080,1081,1082,1082,1083,1084,1084,1085,1085,1086,1086,1087,1087,1088,1088,1089,1089,1089,1090,1090,1090,1090,1090,1090,1090,1091,1091,1091,1090,1090,1090,1090,1090,1090,1090,1089,1089,1089,1088,1088,1087,1087,1086,1086,1085,1085,1084,1084,1083,1082,1082,1081,1080,1079,1078,1078,1077,1076,1075,1074,1073,1072,1071,1070,1070,1069,1068,1067,1066,1065,1064,1062,1061,1060,1059,1058,1057,1056,1055,1054,1053,1052,1051,1050,1049,1048,1047,1046,1045,1044,1043,1042,1041,1040,1039,1039,1038,1037,1036,1035,1034,1034,1033,1032,1032,1031,1030,1030,1029,1029,1028,1028,1027,1027,1026,1026,1026,1025,1025,1025,1025,1024,1024,1024,1024,1024,1024,1024,1024,1024,1024,1024,1024,1024,1024,1024,1024,1024,1024,1024,1024,1024,1024,1024,1024,1024,1024,1024,1024,1024,1024,1024,1024,1024,1024,1024,1024,1024,1024,1024,1024,1024,1024,1024,1024,1024,1024,1024,1024,1024,1024,1024,1024,1024,1024,1024,1024,1024,1024,1024,1024,1024,1024,1024,1024,1024,1024,1024,1024,1024,1024,1024,1024,1024,1024,1024,1024,1024,1024,1024,1024,1024,1024,1024,1024,1024,1024,1024,1024,1024,1024,1024,1024,1024,1024,1024,1024,1024,1024,1024,1024,1024,1024,1024,1024,1024,1024,1024,1024,1024,1024,1024,1024,1024,1024,1024,1024,1024,1024,1024,1024,1024,1024,1024,1024,1024,1024,1024,1024,1024,1024,1024,1024,1024,1024,1024,1024,1024,1024,1024,1024,1024,1024,1024,1024,1024,1024,1024,1024,1024,1024,1024,1024,1024,1024,1024,1024,1024,1024,1024,1024,1024,1024,1024,1024,1024,1024,1024,1024,1024,1024,1024,1024,1024,1024,1024,1024,1024,1024,1024,1024,1024,1024,1024,1024,1024,1024,1024,1024,1024,1024,1024,1024,1024,1024,1024,1024,1024,1024,1024,1024,1024,1024,1024,1024,1024,1024,1024,1024,1024,1024,1024,1025,1025,1026,1026,1027,1028,1028,1029,1030,1031,1032,1033,1035,1036,1037,1039,1040,1041,1043,1044,1046,1047,1048,1050,1051,1053,1054,1056,1057,1058,1059,1061,1062,1063,1064,1065,1066,1066,1067,1068,1068,1069,1069,1070,1070,1070,1070,1070,1070,1070,1069,1069,1068,1068,1067,1066,1066,1065,1064,1063,1062,1061,1059,1058,1057,1056,1054,1053,1051,1050,1048,1047,1046,1044,1043,1041,1040,1039,1037,1036,1035,1033,1032,1031,1030,1029,1028,1028,1027,1026,1026,1025,1025,1024,1024,1024,1024,1024,1024,1023,1023,1023,1023,1022,1022,1022,1022,1021,1021,1021,1021,1021,1020,1020,1020,1020,1020,1019,1019,1019,1019,1019,1018,1018,1018,1018,1018,1017,1017,1017,1017,1017,1017,1016,1016,1016,1016,1016,1016,1016,1015,1015,1015,1015,1015,1015,1015,1015,1015,1014,1014,1014,1014,1014,1014,1014,1014,1014,1014,1014,1014,1014,1014,1014,1014,1014,1014,1014,1014,1014,1014,1014,1014,1014,1014,1014,1014,1014,1014,1014,1014,1014,1014,1014,1014,1014,1014,1014,1014,1014,1014,1014,1014,1014,1014,1014,1014,1014,1014,1014,1014,1014,1014,1014,1014,1014,1014,1014,1014,1014,1013,1013,1012,1011,1010,1009,1008,1007,1005,1003,1002,998,998,1007,1015,1024,1033,1041,1050,1058,1067,1075,1084,1092,1101,1109,1118,1126,1135,1143,1152,1161,1169,1178,1186,1195,1203,1212,1220,1229,1237,1246,1254,1243,1232,1221,1210,1199,1188,1177,1167,1157,1147,1137,1128,1119,1111,1102,1095,1087,1080,1074,1068,1063,1058,1054,1050,1047,1044,1042,1041,1040,1039,1038,1037,1036,1035,1034,1033,1033,1032,1031,1030,1030,1029,1029,1028,1028,1027,1027,1027,1026,1026,1026,1025,1025,1025,1025,1025,1025,1024,1024,1024,1024,1024,1024,1024,1024,1024,1024,1024,1024,1024,1024,1024,1024,1024,1024,1024,1024,1024,1024,1024,1024,1024,1024,1024,1024,1024,1024,1024,1024,1024,1024,1024,1024,1024,1024,1024,1024,1024,1024,1024,1024,1024,1024,1024,1024,1024,1024,1024,1024,1024,1024,1024,1024,1024,1024,1024,1024,1024,1024,1024,1024,1024,1024,1024,1024,1024,1024,1024,1024,1024,1024,1025,1025,1025,1025,1026,1026,1026,1027,1027,1028,1028,1029,1029,1030,1030,1031,1032,1032,1033,1034,1034,1035,1036,1037,1038,1039,1039,1040,1041,1042,1043,1044,1045,1046,1047,1048,1049,1050,1051,1052,1053,1054,1055,1056,1057,1058,1059,1060,1061,1062,1064,1065,1066,1067,1068,1069,1070,1070,1071,1072,1073,1074,1075,1076,1077,1078,1078,1079,1080,1081,1082,1082,1083,1084,1084,1085,1085,1086,1086,1087,1087,1088,1088,1089,1089,1089,1090,1090,1090,1090,1090,1090,1090,1091,1091,1091,1090,1090,1090,1090,1090,1090,1090,1089,1089,1089,1088,1088,1087,1087,1086,1086,1085,1085,1084,1084,1083,1082,1082,1081,1080,1079,1078,1078,1077,1076,1075,1074,1073,1072,1071,1070,1070,1069,1068,1067,1066,1065,1064,1062,1061,1060,1059,1058,1057,1056,1055,1054,1053,1052,1051,1050,1049,1048,1047,1046,1045,1044,1043,1042,1041,1040,1039,1039,1038,1037,1036,1035,1034,1034,1033,1032,1032,1031,1030,1030,1029,1029,1028,1028,1027,1027,1026,1026,1026,1025,1025,1025,1025,1024,1024,1024,1024,1024,1024,1024,1024,1024,1024,1024,1024,1024,1024,1024,1024,1024,1024,1024,1024,1024,1024,1024,1024,1024,1024,1024,1024,1024,1024,1024,1024,1024,1024,1024,1024,1024,1024,1024,1024,1024,1024,1024,1024,1024,1024,1024,1024,1024,1024,1024,1024,1024,1024,1024,1024,1024,1024,1024,1024,1024,1024,1024,1024,1024,1024,1024,1024,1024,1024,1024,1024,1024,1024,1024,1024,1024,1024,1024,1024,1024,1024,1024,1024,1024,1024,1024,1024,1024,1024,1024,1024,1024,1024,1024,1024,1024,1024,1024,1024,1024,1024,1024,1024,1024,1024,1024,1024,1024,1024,1024,1024,1024,1024,1024,1024,1024,1024,1024,1024,1024,1024,1024,1024,1024,1024,1024,1024,1024,1024,1024,1024,1024,1024,1024,1024,1024,1024,1024,1024,1024,1024,1024,1024,1024,1024,1024,1024,1024,1024,1024,1024,1024,1024,1024,1024,1024,1024,1024,1024,1024,1024,1024,1024,1024,1024,1024,1024,1024,1024,1024,1024,1024,1024,1024,1024,1024,1024,1024,1024,1024,1024,1024,1024,1024,1024,1024,1024,1024,1024,1024,1024,1024,1024,1024,1024,1024,1024,1024,1024,1024,1024,1024,1024,1024,1024,1024,1024,1024,1024,1024,1025,1025,1026,1026,1027,1028,1028,1029,1030,1031,1032,1033,1035,1036,1037,1039,1040,1041,1043,1044,1046,1047,1048,1050,1051,1053,1054,1056,1057,1058,1059,1061,1062,1063,1064,1065,1066,1066,1067,1068,1068,1069,1069,1070,1070,1070,1070,1070,1070,1070,1069,1069,1068,1068,1067,1066,1066,1065,1064,1063,1062,1061,1059,1058,1057,1056,1054,1053,1051,1050,1048,1047,1046,1044,1043,1041,1040,1039,1037,1036,1035,1033,1032,1031,1030,1029,1028,1028,1027,1026,1026,1025,1025,1024,1024,1024,1024,1024,1023,1023,1023,1023,1022,1022,1022,1021,1021,1021,1021,1020,1020,1020,1020,1019,1019,1019,1019,1018,1018,1018,1018,1017,1017,1017,1017,1017,1016,1016,1016,1016,1016,1015,1015,1015,1015,1015,1015,1015,1015,1014,1014,1014,1014,1014,1014,1014,1014,1014,1014,1014,1014,1014,1014,1014,1014,1014,1014,1014,1014,1014,1014,1014,1014,1014,1014,1014,1014,1014,1014,1014,1014,1014,1014,1014,1014,1014,1014,1014,1014,1014,1014,1014,1014,1014,1014,1014,1014,1014,1014,1014,1014,1014,1014,1014,1014,1014,1014,1014,1014,1014,1014,1014,1014,1014,1014,1014,1014,1014,1014,1014,1014,1014,1014,1014,1014,1014,1014,1014,1014,1014,1014,1014,1014,1014,1014,1014,1014,1014,1014,1014,1014,1014,1014,1014,1014,1014,1014,1014,1014,1014,1014,1014,1013,1013,1013,1013,1012,1012,1012,1011,1011,1010,1010,1009,1009,1008,1007,1007,1006,1005,1005,1004,1003,1002,1002,1001,1000,999,998,1007,1015,1024,1033,1041,1050,1058,1067,1075,1084,1092,1101,1109,1118,1126,1135,1143,1152,1161,1169,1178,1186,1195,1203,1212,1220,1229,1237,1246,1254,1243,1232,1221,1210,1199,1188,1177,1167,1157,1147,1137,1128,1119,1111,1102,1095,1087,1080,1074,1068,1063,1058,1054,1050,1047,1044,1042,1041,1039,1039,1038,1037,1036,1035,1034,1033,1033,1032,1031,1030,1030,1029,1029,1028,1028,1027,1027,1027,1026,1026,1026,1025,1025,1025,1025,1025,1025,1024,1024,1024,1024,1024,1024,1024,1024,1024,1024,1024,1024,1024,1024,1024,1024,1024,1024,1024,1024,1024,1024,1024,1024,1024,1024,1024,1024,1024,1024,1024,1024,1024,1024,1024,1024,1024,1024,1024,1024,1024,1024,1024,1024,1024,1024,1024,1024,1024,1024,1024,1024,1024,1024,1024,1024,1024,1024,1024,1024,1024,1024,1024,1024,1024,1024,1024,1024,1025,1025,1025,1025,1026,1026,1026,1027,1027,1028,1028,1029,1029,1030,1030,1031,1032,1032,1033,1034,1034,1035,1036,1037,1038,1039,1039,1040,1041,1042,1043,1044,1045,1046,1047,1048,1049,1050,1051,1052,1053,1054,1055,1056,1057,1058,1059,1060,1061,1062,1064,1065,1066,1067,1068,1069,1070,1070,1071,1072,1073,1074,1075,1076,1077,1078,1078,1079,1080,1081,1082,1082,1083,1084,1084,1085,1085,1086,1086,1087,1087,1088,1088,1089,1089,1089,1090,1090,1090,1090,1090,1090,1090,1091,1091,1091,1090,1090,1090,1090,1090,1090,1090,1089,1089,1089,1088,1088,1087,1087,1086,1086,1085,1085,1084,1084,1083,1082,1082,1081,1080,1079,1078,1078,1077,1076,1075,1074,1073,1072,1071,1070,1070,1069,1068,1067,1066,1065,1064,1062,1061,1060,1059,1058,1057,1056,1055,1054,1053,1052,1051,1050,1049,1048,1047,1046,1045,1044,1043,1042,1041,1040,1039,1039,1038,1037,1036,1035,1034,1034,1033,1032,1032,1031,1030,1030,1029,1029,1028,1028,1027,1027,1026,1026,1026,1025,1025,1025,1025,1024,1024,1024,1024,1024,1024,1024,1024,1024,1024,1024,1024,1024,1024,1024,1024,1024,1024,1024,1024,1024,1024,1024,1024,1024,1024,1024,1024,1024,1024,1024,1024,1024,1024,1024,1024,1024,1024,1024,1024,1024,1024,1024,1024,1024,1024,1024,1024,1024,1024,1024,1024,1024,1024,1024,1024,1024,1024,1024,1024,1024,1024,1024,1024,1024,1024,1024,1024,1024,1024,1024,1024,1024,1024,1024,1024,1024,1024,1024,1024,1024,1024,1024,1024,1024,1024,1024,1024,1024,1024,1024,1024,1024,1024,1024,1024,1024,1024,1024,1024,1024,1024,1024,1024,1024,1024,1024,1024,1024,1024,1024,1024,1024,1024,1024,1024,1024,1024,1024,1024,1024,1024,1024,1024,1024,1024,1024,1024,1024,1024,1024,1024,1024,1024,1024,1024,1024,1024,1024,1024,1024,1024,1024,1024,1024,1024,1024,1024,1024,1024,1024,1024,1024,1024,1024,1024,1024,1024,1024,1024,1024,1024,1024,1024,1024,1024,1024,1024,1024,1024,1024,1024,1024,1024,1024,1024,1024,1024,1024,1024,1024,1024,1024,1024,1024,1024,1024,1024,1024,1024,1024,1024,1024,1024,1024,1024,1024,1024,1024,1024,1024,1024,1024,1024,1024,1024,1024,1024,1024,1024,1024,1025,1025,1026,1026,1027,1028,1028,1029,1030,1031,1032,1033,1035,1036,1037,1039,1040,1041,1043,1044,1046,1047,1048,1050,1051,1053,1054,1056,1057,1058,1059,1061,1062,1063,1064,1065,1066,1066,1067,1068,1068,1069,1069,1070,1070,1070,1070,1070,1070,1070,1069,1069,1068,1068,1067,1066,1066,1065,1064,1063,1062,1061,1059,1058,1057,1056,1054,1053,1051,1050,1048,1047,1046,1044,1043,1041,1040,1039,1037,1036,1035,1033,1032,1031,1030,1029,1028,1028,1027,1026,1026,1025,1025,1024,1024,1024,1024,1024,1024,1024,1024,1023,1023,1023,1023,1023,1023,1023,1023,1023,1023,1022,1022,1022,1022,1022,1022,1022,1022,1022,1021,1021,1021,1021,1021,1021,1021,1021,1021,1021,1020,1020,1020,1020,1020,1020,1020,1020,1020,1020,1019,1019,1019,1019,1019,1019,1019,1019,1019,1019,1019,1018,1018,1018,1018,1018,1018,1018,1018,1018,1018,1018,1017,1017,1017,1017,1017,1017,1017,1017,1017,1017,1017,1017,1017,1016,1016,1016,1016,1016,1016,1016,1016,1016,1016,1016,1016,1016,1016,1016,1015,1015,1015,1015,1015,1015,1015,1015,1015,1015,1015,1015,1015,1015,1015,1015,1015,1015,1015,1015,1014,1014,1014,1014,1014,1014,1014,1014,1014,1014,1014,1014,1014,1014,1014,1014,1014,1014,1014,1014,1014,1014,1014,1014,1014,1014,1014,1014,1014,1014,1014,1014,1014,1014,1014,1014,1014,1014,1014,1014,1014,1014,1014,1014,1014,1014,1014,1014,1014,1014,1014,1014,1014,1014,1014,1014,1014,1014,1014,1014,1014,1014,1014,1014,1014,1014,1014,1014,1014,1014,1014,1014,1014,1014,1014,1014,1014,1014,1014,1014,1014,1014,1014,1014,1014,1014,1013,1013,1013,1013,1012,1012,1012,1011,1011,1010,1010,1009,1009,1008,1007,1007,1006,1005,1005,1004,1003,1002,1002,1001,1000,998,998,1007,1015,1024,1033,1041,1050,1058,1067,1075,1084,1092,1101,1109,1118,1126,1135,1143,1152,1161,1169,1178,1186,1195,1203,1212,1220,1229,1237,1246,1254,1243,1232,1221,1210,1199,1188,1177,1167,1157,1147,1137,1128,1119,1111,1102,1095,1087,1080,1074,1068,1063,1058,1054,1050,1047,1044,1042,1041,1039,1039,1038,1037,1036,1035,1034,1033,1033,1032,1031,1030,1030,1029,1029,1028,1028,1027,1027,1027,1026,1026,1026,1025,1025,1025,1025,1025,1025,1024,1024,1024,1024,1024,1024,1024,1024,1024,1024,1024,1024,1024,1024,1024,1024,1024,1024,1024,1024,1024,1024,1024,1024,1024,1024,1024,1024,1024,1024,1024,1024,1024,1024,1024,1024,1024,1024,1024,1024,1024,1024,1024,1024,1024,1024,1024,1024,1024,1024,1024,1024,1024,1024,1024,1024,1024,1024,1024,1024,1024,1024,1024,1024,1024,1024,1024,1024,1024,1024,1024,1024,1025,1025,1025,1025,1026,1026,1026,1027,1027,1028,1028,1029,1029,1030,1030,1031,1032,1032,1033,1034,1034,1035,1036,1037,1038,1039,1039,1040,1041,1042,1043,1044,1045,1046,1047,1048,1049,1050,1051,1052,1053,1054,1055,1056,1057,1058,1059,1060,1061,1062,1064,1065,1066,1067,1068,1069,1070,1070,1071,1072,1073,1074,1075,1076,1077,1078,1078,1079,1080,1081,1082,1082,1083,1084,1084,1085,1085,1086,1086,1087,1087,1088,1088,1089,1089,1089,1090,1090,1090,1090,1090,1090,1090,1091,1091,1091,1090,1090,1090,1090,1090,1090,1090,1089,1089,1089,1088,1088,1087,1087,1086,1086,1085,1085,1084,1084,1083,1082,1082,1081,1080,1079,1078,1078,1077,1076,1075,1074,1073,1072,1071,1070,1070,1069,1068,1067,1066,1065,1064,1062,1061,1060,1059,1058,1057,1056,1055,1054,1053,1052,1051,1050,1049,1048,1047,1046,1045,1044,1043,1042,1041,1040,1039,1039,1038,1037,1036,1035,1034,1034,1033,1032,1032,1031,1030,1030,1029,1029,1028,1028,1027,1027,1026,1026,1026,1025,1025,1025,1025,1024,1024,1024,1024,1024,1024,1024,1024,1024,1024,1024,1024,1024,1024,1024,1024,1024,1024,1024,1024,1024,1024,1024,1024,1024,1024,1024,1024,1024,1024,1024,1024,1024,1024,1024,1024,1024,1024,1024,1024,1024,1024,1024,1024,1024,1024,1024,1024,1024,1024,1024,1024,1024,1024,1024,1024,1024,1024,1024,1024,1024,1024,1024,1024,1024,1024,1024,1024,1024,1024,1024,1024,1024,1024,1024,1024,1024,1024,1024,1024,1024,1024,1024,1024,1024,1024,1024,1024,1024,1024,1024,1024,1024,1024,1024,1024,1024,1024,1024,1024,1024,1024,1024,1024,1024,1024,1024,1024,1024,1024,1024,1024,1024,1024,1024,1024,1024,1024,1024,1024,1024,1024,1024,1024,1024,1024,1024,1024,1024,1024,1024,1024,1024,1024,1024,1024,1024,1024,1024,1024,1024,1024,1024,1024,1024,1024,1024,1024,1024,1024,1024,1024,1024,1024,1024,1024,1024,1024,1024,1024,1024,1024,1024,1024,1024,1024,1024,1024,1024,1024,1024,1024,1024,1024,1024,1024,1024,1024,1024,1024,1024,1024,1024,1024,1024,1024,1024,1024,1024,1024,1024,1024,1024,1024,1024,1024,1024,1024,1024,1024,1024,1024,1024,1024,1024,1024,1024,1024,1024,1024,1025,1025,1026,1026,1027,1028,1029,1030,1032,1033,1034,1036,1038,1039,1041,1043,1045,1047,1049,1051,1053,1055,1057,1059,1061,1064,1066,1068,1070,1071,1073,1075,1077,1078,1080,1082,1083,1084,1085,1086,1087,1088,1089,1090,1090,1090,1090,1091,1090,1090,1090,1090,1089,1088,1087,1086,1085,1084,1083,1082,1080,1078,1077,1075,1073,1071,1070,1068,1066,1064,1061,1059,1057,1055,1053,1051,1049,1047,1045,1043,1041,1039,1038,1036,1034,1033,1032,1030,1029,1028,1027,1026,1026,1025,1025,1024,1024,1024,1024,1024,1024,1024,1024,1024,1024,1024,1024,1024,1024,1024,1024,1024,1024,1024,1024,1024,1024,1024,1024,1024,1024,1024,1024,1024,1024,1024,1024,1024,1024,1024,1024,1024,1024,1024,1024,1024,1024,1024,1024,1024,1024,1024,1024,1024,1024,1024,1024,1024,1024,1024,1024,1024,1024,1024,1024,1024,1024,1024,1024,1024,1024,1024,1024,1024,1024,1024,1024,1024,1024,1024,1024,1024,1024,1024,1024,1024,1024,1024,1024,1024,1024,1024,1024,1024,1024,1024,1024,1024,1024,1024,1024,1024,1024,1024,1024,1024,1024,1024,1024,1024,1024,1024,1024,1024,1024,1024,1024,1024,1024,1024,1024,1024,1024,1024,1024,1024,1024,1024,1024,1024,1024,1024,1024,1024,1024,1024,1024,1024,1024,1024,1024,1024,1024,1024,1024,1024,1024,1024,1024,1024,1024,1024,1024,1024,1024,1024,1024,1024,1024,1024,1024,1024,1024,1024,1024,1024,1024,1024,1024,1024,1024,1024,1024,1024,1024,1024,1024,1024,1024,1024,1024,1024,1024,1024,1024,1024,1024,1024,1024,1024,1024,1024,1024,1024,1024,1024,1024,1024,1024,1024,1024,1024,1024,1024,1024,1024,1024,1024,1024

lead:II
count:3536
points:1024,1024,1024,1025,1025,1026,1027,1028,1029,1030,1032,1033,1035,1037,1039,1041,1043,1045,1048,1050,1052,1055,1057,1060,1062,1065,1068,1070,1073,1075,1078,1080,1082,1085,1087,1089,1091,1093,1095,1097,1098,1100,1101,1102,1103,1104,1105,1105,1106,1106,1106,1106,1106,1105,1105,1104,1103,1102,1101,1100,1098,1097,1095,1093,1091,1089,1087,1085,1082,1080,1078,1075,1073,1070,1068,1065,1062,1060,1057,1055,1052,1050,1048,1045,1043,1041,1039,1037,1035,1033,1032,1030,1029,1028,1027,1026,1025,1025,1024,1024,1024,1023,1023,1022,1022,1021,1021,1020,1020,1019,1019,1018,1018,1017,1017,1016,1016,1016,1015,1015,1014,1014,1014,1013,1013,1012,1012,1012,1011,1011,1011,1011,1010,1010,1010,1010,1010,1009,1009,1009,1009,1009,1009,1009,1009,1009,1009,1009,1009,1009,1008,1008,1008,1008,1008,1008,1008,1007,1007,1007,1007,1006,1006,1005,1005,1005,1004,1003,1003,1002,1001,1000,999,993,993,993,992,990,988,984,980,976,971,964,958,950,942,944,949,958,971,986,1005,1027,1051,1078,1107,1138,1170,1204,1238,1272,1307,1341,1374,1407,1437,1466,1493,1518,1539,1558,1574,1586,1595,1603,1603,1574,1545,1516,1488,1459,1432,1404,1378,1352,1326,1301,1278,1255,1233,1212,1192,1173,1155,1139,1124,1110,1097,1086,1077,1068,1062,1056,1053,1050,1050,1047,1045,1043,1041,1039,1038,1036,1035,1033,1032,1031,1029,1028,1027,1026,1026,1025,1024,1023,1023,1022,1022,1021,1021,1021,1020,1020,1020,1020,1019,1019,1019,1019,1019,1019,1019,1019,1019,1019,1019,1019,1020,1020,1020,1021,1021,1021,1022,1022,1023,1023,1023,1024,1024,1024,1025,1025,1025,1026,1026,1027,1027,1027,1028,1028,1028,1029,1029,1029,1030,1030,1031,1031,1031,1032,1032,1032,1033,1033,1034,1034,1034,1035,1035,1035,1036,1036,1036,1037,1037,1038,1038,1038,1039,1039,1039,1039,1039,1040,1040,1040,1040,1041,1041,1041,1042,1042,1043,1043,1044,1045,1045,1046,1047,1048,1049,1050,1051,1052,1053,1054,1055,1056,1057,1058,1059,1061,1062,1063,1065,1066,1067,1069,1070,1072,1073,1074,1076,1077,1079,1080,1082,1083,1085,1086,1088,1090,1091,1093,1094,1096,1097,1099,1100,1102,1103,1104,1106,1107,1109,1110,1111,1113,1114,1115,1117,1118,1119,1120,1121,1122,1123,1124,1125,1126,1127,1128,1129,1130,1131,1131,1132,1133,1133,1134,1134,1135,1135,1135,1136,1136,1136,1136,1137,1137,1137,1137,1137,1136,1136,1136,1136,1135,1135,1134,1134,1133,1133,1132,1131,1131,1130,1129,1128,1127,1126,1125,1124,1123,1121,1120,1119,1118,1116,1115,1113,1112,1110,1109,1107,1106,1104,1103,1101,1099,1098,1096,1094,1093,1091,1089,1087,1086,1084,1082,1080,1079,1077,1075,1073,1072,1070,1068,1066,1065,1063,1061,1060,1058,1056,1055,1053,1052,1050,1049,1047,1046,1044,1043,1042,1040,1039,1038,1037,1036,1035,1034,1033,1032,1031,1030,1029,1029,1028,1027,1027,1026,1026,1025,1025,1025,1024,1024,1024,1024,1024,1024,1024,1024,1024,1024,1024,1024,1024,1024,1024,1024,1024,1024,1024,1024,1024,1024,1024,1024,1024,1024,1024,1024,1024,1024,1024,1024,1024,1024,1024,1024,1024,1024,1024,1024,1024,1024,1024,1024,1024,1024,1024,1024,1024,1024,1024,1024,1024,1024,1024,1024,1024,1024,1024,1024,1024,1024,1024,1024,1024,1024,1024,1024,1024,1024,1024,1024,1024,1024,1024,1024,1024,1024,1024,1024,1024,1024,1024,1024,1024,1024,1024,1024,1024,1024,1024,1024,1024,1024,1024,1024,1024,1024,1024,1024,1024,1024,1024,1024,1024,1024,1024,1024,1024,1024,1024,1024,1024,1024,1024,1024,1024,1024,1024,1024,1024,1024,1024,1024,1024,1024,1024,1024,1024,1024,1024,1024,1024,1024,1024,1024,1024,1024,1024,1024,1024,1024,1024,1024,1024,1024,1024,1024,1024,1024,1024,1024,1024,1024,1024,1024,1024,1024,1024,1024,1024,1024,1024,1024,1024,1024,1024,1024,1024,1024,1024,1024,1024,1024,1024,1024,1024,1024,1024,1024,1024,1024,1024,1024,1024,1024,1024,1024,1024,1024,1024,1024,1024,1024,1024,1024,1024,1024,1024,1024,1024,1024,1024,1024,1024,1024,1024,1024,1024,1025,1025,1026,1027,1028,1029,1030,1032,1033,1035,1037,1039,1041,1043,1045,1048,1050,1052,1055,1057,1060,1062,1065,1068,1070,1073,1075,1078,1080,1082,1085,1087,1089,1091,1093,1095,1097,1098,1100,1101,1102,1103,1104,1105,1105,1106,1106,1106,1106,1106,1105,1105,1104,1103,1102,1101,1100,1098,1097,1095,1093,1091,1089,1087,1085,1082,1080,1078,1075,1073,1070,1068,1065,1062,1060,1057,1055,1052,1050,1048,1045,1043,1041,1039,1037,1035,1033,1032,1030,1029,1028,1027,1026,1025,1025,1024,1024,1024,1024,1023,1023,1023,1022,1022,1022,1021,1021,1021,1020,1020,1020,1019,1019,1019,1018,1018,1018,1017,1017,1017,1016,1016,1016,1016,1015,1015,1015,1014,1014,1014,1014,1013,1013,1013,1013,1012,1012,1012,1012,1012,1011,1011,1011,1011,1011,1010,1010,1010,1010,1010,1010,1010,1010,1009,1009,1009,1009,1009,1009,1009,1009,1009,1009,1009,1009,1009,1009,1009,1009,1009,1009,1009,1009,1008,1008,1008,1008,1008,1008,1008,1008,1008,1008,1007,1007,1007,1007,1007,1007,1006,1006,1006,1006,1005,1005,1005,1004,1004,1004,1003,1003,1002,1002,1001,1001,1000,999,998,997,993,993,992,991,989,987,984,980,977,972,967,962,956,942,942,944,949,958,971,986,1005,1027,1051,1078,1107,1138,1170,1204,1238,1272,1307,1341,1374,1407,1437,1466,1493,1518,1539,1558,1574,1586,1595,1601,1603,1574,1545,1516,1488,1459,1432,1404,1378,1352,1326,1301,1278,1255,1233,1212,1192,1173,1155,1139,1124,1110,1097,1086,1077,1068,1062,1056,1053,1050,1050,1048,1047,1046,1045,1044,1042,1041,1040,1039,1038,1037,1036,1035,1034,1033,1032,1031,1030,1029,1028,1027,1026,1025,1025,1024,1023,1023,1022,1022,1021,1021,1020,1020,1020,1019,1019,1019,1019,1019,1019,1019,1020,1020,1020,1021,1021,1021,1022,1022,1023,1023,1023,1024,1024,1024,1025,1025,1025,1026,1026,1027,1027,1027,1028,1028,1028,1029,1029,1029,1030,1030,1031,1031,1031,1032,1032,1032,1033,1033,1034,1034,1034,1035,1035,1035,1036,1036,1036,1037,1037,1038,1038,1038,1039,1039,1039,1039,1039,1040,1040,1040,1040,1041,1041,1041,1042,1042,1043,1043,1044,1045,1045,1046,1047,1048,1049,1050,1051,1052,1053,1054,1055,1056,1057,1058,1059,1061,1062,1063,1065,1066,1067,1069,1070,1072,1073,1074,1076,1077,1079,1080,1082,1083,1085,1086,1088,1090,1091,1093,1094,1096,1097,1099,1100,1102,1103,1104,1106,1107,1109,1110,1111,1113,1114,1115,1117,1118,1119,1120,1121,1122,1123,1124,1125,1126,1127,1128,1129,1130,1131,1131,1132,1133,1133,1134,1134,1135,1135,1135,1136,1136,1136,1136,1137,1137,1137,1137,1137,1136,1136,1136,1136,1135,1135,1134,1134,1133,1133,1132,1131,1131,1130,1129,1128,1127,1126,1125,1124,1123,1121,1120,1119,1118,1116,1115,1113,1112,1110,1109,1107,1106,1104,1103,1101,1099,1098,1096,1094,1093,1091,1089,1087,1086,1084,1082,1080,1079,1077,1075,1073,1072,1070,1068,1066,1065,1063,1061,1060,1058,1056,1055,1053,1052,1050,1049,1047,1046,1044,1043,1042,1040,1039,1038,1037,1036,1035,1034,1033,1032,1031,1030,1029,1029,1028,1027,1027,1026,1026,1025,1025,1025,1024,1024,1024,1024,1024,1024,1024,1024,1024,1024,1024,1024,1024,1024,1024,1024,1024,1024,1024,1024,1024,1024,1024,1024,1024,1024,1024,1024,1024,1024,1024,1024,1024,1024,1024,1024,1024,1024,1024,1024,1024,1024,1024,1024,1024,1024,1024,1024,1024,1024,1024,1024,1024,1024,1024,1024,1024,1024,1024,1024,1024,1024,1024,1024,1024,1024,1024,1024,1024,1024,1024,1024,1024,1024,1024,1024,1024,1024,1024,1024,1024,1024,1024,1024,1024,1024,1024,1024,1024,1024,1024,1024,1024,1024,1024,1024,1024,1024,1024,1024,1024,1024,1024,1024,1024,1024,1024,1024,1024,1024,1024,1024,1024,1024,1024,1024,1024,1024,1024,1024,1024,1024,1024,1024,1024,1024,1024,1024,1024,1024,1024,1024,1024,1024,1024,1024,1024,1024,1024,1024,1024,1024,1024,1024,1024,1024,1024,1024,1024,1024,1024,1024,1024,1024,1024,1024,1024,1024,1024,1024,1024,1024,1024,1024,1024,1024,1024,1024,1024,1024,1024,1024,1024,1024,1024,1024,1024,1024,1024,1024,1024,1024,1024,1024,1024,1024,1024,1024,1024,1024,1024,1024,1024,1024,1024,1024,1024,1024,1024,1024,1024,1024,1024,1024,1024,1024,1024,1024,1024,1025,1025,1026,1027,1028,1029,1030,1032,1033,1035,1037,1039,1041,1043,1045,1048,1050,1052,1055,1057,1060,1062,1065,1068,1070,1073,1075,1078,1080,1082,1085,1087,1089,1091,1093,1095,1097,1098,1100,1101,1102,1103,1104,1105,1105,1106,1106,1106,1106,1106,1105,1105,1104,1103,1102,1101,1100,1098,1097,1095,1093,1091,1089,1087,1085,1082,1080,1078,1075,1073,1070,1068,1065,1062,1060,1057,1055,1052,1050,1048,1045,1043,1041,1039,1037,1035,1033,1032,1030,1029,1028,1027,1026,1025,1025,1024,1024,1024,1024,1023,1023,1022,1022,1021,1021,1021,1020,1020,1019,1019,1019,1018,1018,1017,1017,1017,1016,1016,1015,1015,1015,1014,1014,1014,1013,1013,1013,1013,1012,1012,1012,1011,1011,1011,1011,1011,1010,1010,1010,1010,1010,1010,1009,1009,1009,1009,1009,1009,1009,1009,1009,1009,1009,1009,1009,1009,1009,1009,1009,1009,1009,1009,1009,1009,1009,1008,1008,1008,1008,1008,1008,1008,1008,1008,1008,1008,1008,1008,1008,1008,1008,1008,1008,1008,1008,1008,1007,1007,1007,1007,1007,1007,1007,1007,1007,1007,1007,1006,1006,1006,1006,1006,1006,1006,1006,1006,1005,1005,1005,1005,1005,1005,1004,1004,1004,1004,1004,1004,1003,1003,1003,1003,1002,1002,1002,1002,1001,1001,1001,1000,1000,1000,999,999,998,998,997,997,996,993,993,993,993,992,992,991,990,990,989,988,986,985,984,982,980,979,977,975,973,971,968,966,963,961,958,955,952,949,945,942,944,949,958,971,986,1005,1027,1051,1078,1107,1138,1170,1204,1238,1272,1307,1341,1374,1407,1437,1466,1493,1518,1539,1558,1574,1586,1595,1601,1603,1574,1545,1516,1488,1459,1432,1404,1378,1352,1326,1301,1278,1255,1233,1212,1192,1173,1155,1139,1124,1110,1097,1086,1077,1068,1062,1056,1053,1050,1050,1047,1045,1043,1041,1039,1038,1036,1035,1033,1032,1031,1029,1028,1027,1026,1026,1025,1024,1023,1023,1022,1022,1021,1021,1021,1020,1020,1020,1020,1019,1019,1019,1019,1019,1019,1019,1019,1019,1019,1019,1019,1020,1020,1021,1021,1021,1022,1022,1023,1023,1023,1024,1024,1025,1025,1025,1026,1026,1027,1027,1027,1028,1028,1029,1029,1030,1030,1030,1031,1031,1032,1032,1032,1033,1033,1034,1034,1034,1035,1035,1036,1036,1036,1037,1037,1038,1038,1039,1039,1039,1039,1039,1040,1040,1040,1040,1041,1041,1041,1042,1042,1043,1043,1044,1045,1045,1046,1047,1048,1049,1050,1051,1052,1053,1054,1055,1056,1057,1058,1059,1061,1062,1063,1065,1066,1067,1069,1070,1072,1073,1074,1076,1077,1079,1080,1082,1083,1085,1086,1088,1090,1091,1093,1094,1096,1097,1099,1100,1102,1103,1104,1106,1107,1109,1110,1111,1113,1114,1115,1117,1118,1119,1120,1121,1122,1123,1124,1125,1126,1127,1128,1129,1130,1131,1131,1132,1133,1133,1134,1134,1135,1135,1135,1136,1136,1136,1136,1137,1137,1137,1137,1137,1136,1136,1136,1136,1135,1135,1134,1134,1133,1133,1132,1131,1131,1130,1129,1128,1127,1126,1125,1124,1123,1121,1120,1119,1118,1116,1115,1113,1112,1110,1109,1107,1106,1104,1103,1101,1099,1098,1096,1094,1093,1091,1089,1087,1086,1084,1082,1080,1079,1077,1075,1073,1072,1070,1068,1066,1065,1063,1061,1060,1058,1056,1055,1053,1052,1050,1049,1047,1046,1044,1043,1042,1040,1039,1038,1037,1036,1035,1034,1033,1032,1031,1030,1029,1029,1028,1027,1027,1026,1026,1025,1025,1025,1024,1024,1024,1024,1024,1024,1024,1024,1024,1024,1024,1024,1024,1024,1024,1024,1024,1024,1024,1024,1024,1024,1024,1024,1024,1024,1024,1024,1024,1024,1024,1024,1024,1024,1024,1024,1024,1024,1024,1024,1024,1024,1024,1024,1024,1024,1024,1024,1024,1024,1024,1024,1024,1024,1024,1024,1024,1024,1024,1024,1024,1024,1024,1024,1024,1024,1024,1024,1024,1024,1024,1024,1024,1024,1024,1024,1024,1024,1024,1024,1024,1024,1024,1024,1024,1024,1024,1024,1024,1024,1024,1024,1024,1024,1024,1024,1024,1024,1024,1024,1024,1024,1024,1024,1024,1024,1024,1024,1024,1024,1024,1024,1024,1024,1024,1024,1024,1024,1024,1024,1024,1024,1024,1024,1024,1024,1024,1024,1024,1024,1024,1024,1024,1024,1024,1024,1024,1024,1024,1024,1024,1024,1024,1024,1024,1024,1024,1024,1024,1024,1024,1024,1024,1024,1024,1024,1024,1024,1024,1024,1024,1024,1024,1024,1024,1024,1024,1024,1024,1024,1024,1024,1024,1024,1024,1024,1024,1024,1024,1024,1024,1024,1024,1024,1024,1024,1024,1024,1024,1024,1024,1024,1024,1024,1024,1024,1024,1024,1024,1024,1024,1024,1024,1024,1024,1024,1024,1024,1024,1025,1025,1026,1027,1028,1029,1030,1032,1033,1035,1037,1039,1041,1043,1045,1048,1050,1052,1055,1057,1060,1062,1065,1068,1070,1073,1075,1078,1080,1082,1085,1087,1089,1091,1093,1095,1097,1098,1100,1101,1102,1103,1104,1105,1105,1106,1106,1106,1106,1106,1105,1105,1104,1103,1102,1101,1100,1098,1097,1095,1093,1091,1089,1087,1085,1082,1080,1078,1075,1073,1070,1068,1065,1062,1060,1057,1055,1052,1050,1048,1045,1043,1041,1039,1037,1035,1033,1032,1030,1029,1028,1027,1026,1025,1025,1024,1024,1024,1024,1024,1024,1023,1023,1023,1023,1023,1023,1022,1022,1022,1022,1022,1022,1021,1021,1021,1021,1021,1021,1020,1020,1020,1020,1020,1020,1020,1019,1019,1019,1019,1019,1019,1018,1018,1018,1018,1018,1018,1018,1017,1017,1017,1017,1017,1017,1017,1016,1016,1016,1016,1016,1016,1016,1015,1015,1015,1015,1015,1015,1015,1015,1014,1014,1014,1014,1014,1014,1014,1014,1013,1013,1013,1013,1013,1013,1013,1013,1013,1012,1012,1012,1012,1012,1012,1012,1012,1012,1012,1011,1011,1011,1011,1011,1011,1011,1011,1011,1011,1011,1011,1010,1010,1010,1010,1010,1010,1010,1010,1010,1010,1010,1010,1010,1010,1010,1009,1009,1009,1009,1009,1009,1009,1009,1009,1009,1009,1009,1009,1009,1009,1009,1009,1009,1009,1009,1009,1009,1009,1009,1009,1009,1009,1009,1009,1009,1009,1009,1009,1009,1009,1009,1009,1009,1009,1008,1008,1008,1008,1008,1008,1008,1008,1008,1008,1008,1007,1007,1007,1007,1007,1007,1006,1006,1006,1006,1005,1005,1005,1005,1004,1004,1004,1003,1003,1002,1002,1001,1001,1000,1000,999,998,996,993,993,993,993,992,992,991,990,990,989,988,986,985,984,982,980,979,977,975,973,971,968,966,963,961,958,955,952,949,942,942,944,949,958,971,986,1005,1027,1051,1078,1107,1138,1170,1204,1238,1272,1307,1341,1374,1407,1437,1466,1493,1518,1539,1558,1574,1586,1595,1601,1603,1574,1545,1516,1488,1459,1432,1404,1378,1352,1326,1301,1278,1255,1233,1212,1192,1173,1155,1139,1124,1110,1097,1086,1077,1068,1062,1056,1053,1050,1050,1047,1045,1043,1041,1039,1038,1036,1035,1033,1032,1031,1029,1028,1027,1026,1026,1025,1024,1023,1023,1022,1022,1021,1021,1021,1020,1020,1020,1020,1019,1019,1019,1019,1019,1019,1019,1019,1019,1019,1019,1019,1020,1020,1020,1021,1021,1022,1022,1022,1023,1023,1023,1024,1024,1025,1025,1025,1026,1026,1026,1027,1027,1028,1028,1028,1029,1029,1029,1030,1030,1031,1031,1031,1032,1032,1033,1033,1033,1034,1034,1034,1035,1035,1036,1036,1036,1037,1037,1037,1038,1038,1039,1039,1039,1039,1039,1040,1040,1040,1040,1041,1041,1041,1042,1042,1043,1043,1044,1045,1045,1046,1047,1048,1049,1050,1051,1052,1053,1054,1055,1056,1057,1058,1059,1061,1062,1063,1065,1066,1067,1069,1070,1072,1073,1074,1076,1077,1079,1080,1082,1083,1085,1086,1088,1090,1091,1093,1094,1096,1097,1099,1100,1102,1103,1104,1106,1107,1109,1110,1111,1113,1114,1115,1117,1118,1119,1120,1121,1122,1123,1124,1125,1126,1127,1128,1129,1130,1131,1131,1132,1133,1133,1134,1134,1135,1135,1135,1136,1136,1136,1136,1137,1137,1137,1137,1137,1136,1136,1136,1136,1135,1135,1134,1134,1133,1133,1132,1131,1131,1130,1129,1128,1127,1126,1125,1124,1123,1121,1120,1119,1118,1116,1115,1113,1112,1110,1109,1107,1106,1104,1103,1101,1099,1098,1096,1094,1093,1091,1089,1087,1086,1084,1082,1080,1079,1077,1075,1073,1072,1070,1068,1066,1065,1063,1061,1060,1058,1056,1055,1053,1052,1050,1049,1047,1046,1044,1043,1042,1040,1039,1038,1037,1036,1035,1034,1033,1032,1031,1030,1029,1029,1028,1027,1027,1026,1026,1025,1025,1025,1024,1024,1024,1024,1024,1024,1024,1024,1024,1024,1024,1024,1024,1024,1024,1024,1024,1024,1024,1024,1024,1024,1024,1024,1024,1024,1024,1024,1024,1024,1024,1024,1024,1024,1024,1024,1024,1024,1024,1024,1024,1024,1024,1024,1024,1024,1024,1024,1024,1024,1024,1024,1024,1024,1024,1024,1024,1024,1024,1024,1024,1024,1024,1024,1024,1024,1024,1024,1024,1024,1024,1024,1024,1024,1024,1024,1024,1024,1024,1024,1024,1024,1024,1024,1024,1024,1024,1024,1024,1024,1024,1024,1024,1024,1024,1024,1024,1024,1024,1024,1024,1024,1024,1024,1024,1024,1024,1024,1024,1024,1024,1024,1024,1024,1024,1024,1024,1024,1024,1024,1024,1024,1024,1024,1024,1024,1024,1024,1024,1024,1024,1024,1024,1024,1024,1024,1024,1024,1024,1024,1024,1024,1024,1024,1024,1024,1024,1024,1024,1024,1024,1024,1024,1024,1024,1024,1024,1024,1024,1024,1024,1024,1024,1024,1024,1024,1024,1024,1024,1024,1024,1024,1024,1024,1024,1024,1024,1024,1024,1024,1024,1024,1024,1024,1024,1024,1024,1024,1024,1024,1024,1024,1024,1024,1024,1024,1024,1024,1024,1024,1024,1024,1024,1024,1024,1024,1024,1024,1024,1025,1025,1026,1027,1028,1029,1030,1032,1033,1035,1037,1039,1041,1043,1045,1048,1050,1052,1055,1057,1060,1062,1065,1068,1070,1073,1075,1078,1080,1082,1085,1087,1089,1091,1093,1095,1097,1098,1100,1101,1102,1103,1104,1105,1105,1106,1106,1106,1106,1106,1105,1105,1104,1103,1102,1101,1100,1098,1097,1095,1093,1091,1089,1087,1085,1082,1080,1078,1075,1073,1070,1068,1065,1062,1060,1057,1055,1052,1050,1048,1045,1043,1041,1039,1037,1035,1033,1032,1030,1029,1028,1027,1026,1025,1025,1024,1024,1024,1024,1024,1024,1024,1024,1024,1024,1024,1024,1024,1024,1024,1024,1024,1024,1024,1024,1024,1024,1024,1024,1024,1024,1024,1024,1024,1024,1024,1024,1024,1024,1024,1024,1024,1024,1024,1024,1024,1024,1024,1024,1024,1024,1024,1024,1024,1024,1024,1024,1024,1024,1024,1024,1024,1024,1024,1024,1024,1024,1024,1024,1024,1024,1024,1024,1024,1024,1024,1024,1024,1024,1024,1024,1024,1024,1024,1024,1024,1024,1024,1024,1024,1024,1024,1024,1024,1024,1024,1024,1024,1024,1024,1024,1024,1024,1024,1024,1024,1024,1024,1024,1024,1024,1024,1024,1024,1024,1024,1024,1024,1024,1024,1024,1024,1024,1024,1024,1024,1024,1024,1024,1024,1024,1024,1024,1024,1024,1024,1024,1024,1024,1024,1024,1024,1024,1024,1024,1024,1024,1024,1024,1024,1024,1024,1024,1024,1024,1024,1024,1024,1024,1024,1024,1024,1024,1024,1024,1024,1024,1024,1024,1024,1024,1024,1024,1024,1024,1024,1024,1024,1024,1024,1024,1024,1024,1024,1024,1024,1024,1024,1024,1024,1024,1024,1024,1024,1024,1024,1024,1024,1024,1024,1024,1024,1024,1024,1024,1024,1024,1024,1024

lead:III
count:3536
points:1024,1024,1024,1024,1025,1025,1025,1026,1026,1027,1027,1028,1029,1030,1030,1031,1032,1033,1034,1035,1036,1037,1039,1040,1041,1042,1043,1044,1045,1046,1047,1049,1050,1051,1052,1052,1053,1054,1055,1056,1056,1057,1058,1058,1059,1059,1059,1060,1060,1060,1060,1060,1060,1060,1059,1059,1059,1058,1058,1057,1056,1056,1055,1054,1053,1052,1052,1051,1050,1049,1047,1046,1045,1044,1043,1042,1041,1040,1039,1037,1036,1035,1034,1033,1032,1031,1030,1030,1029,1028,1027,1027,1026,1026,1025,1025,1025,1024,1024,1024,1024,1024,1023,1023,1023,1022,1022,1022,1021,1021,1021,1020,1020,1020,1019,1019,1019,1018,1018,1018,1018,1017,1017,1017,1017,1016,1016,1016,1016,1015,1015,1015,1015,1015,1015,1014,1014,1014,1014,1014,1014,1014,1014,1014,1014,1014,1014,1014,1014,1014,1014,1013,1013,1013,1013,1013,1012,1012,1012,1011,1011,1011,1010,1010,1009,1008,1008,1007,1006,1005,1004,1003,1001,993,993,993,991,988,984,980,975,971,966,963,960,958,957,971,985,999,1013,1027,1041,1055,1069,1083,1097,1111,1125,1139,1153,1167,1181,1195,1209,1223,1237,1251,1265,1279,1293,1307,1321,1335,1349,1377,1377,1359,1341,1324,1306,1288,1271,1254,1238,1222,1206,1190,1176,1161,1148,1135,1122,1111,1100,1090,1080,1072,1064,1057,1051,1046,1042,1038,1036,1034,1034,1032,1031,1029,1027,1026,1024,1023,1022,1021,1019,1018,1017,1017,1016,1015,1014,1014,1013,1012,1012,1011,1011,1011,1010,1010,1010,1010,1009,1009,1009,1009,1009,1009,1009,1009,1009,1009,1009,1009,1009,1009,1010,1010,1011,1011,1012,1012,1013,1014,1014,1015,1015,1016,1016,1017,1017,1018,1019,1019,1020,1020,1021,1021,1022,1022,1023,1023,1024,1025,1025,1026,1026,1027,1027,1028,1028,1029,1029,1030,1031,1031,1032,1032,1033,1033,1034,1034,1035,1036,1036,1037,1037,1038,1038,1039,1039,1039,1039,1039,1039,1040,1040,1040,1040,1040,1040,1040,1040,1041,1041,1041,1041,1041,1042,1042,1042,1043,1043,1043,1044,1044,1044,1045,1045,1045,1046,1046,1046,1047,1047,1048,1048,1049,1049,1050,1050,1050,1051,1051,1052,1052,1053,1053,1054,1054,1055,1055,1056,1056,1057,1057,1058,1058,1059,1059,1059,1060,1060,1061,1061,1062,1062,1063,1063,1063,1064,1064,1065,1065,1065,1066,1066,1066,1067,1067,1067,1067,1068,1068,1068,1068,1069,1069,1069,1069,1069,1069,1070,1070,1070,1070,1070,1070,1070,1070,1070,1070,1070,1070,1070,1070,1070,1070,1069,1069,1069,1069,1068,1068,1068,1068,1067,1067,1066,1066,1066,1065,1065,1064,1064,1063,1063,1062,1062,1061,1061,1060,1059,1059,1058,1058,1057,1056,1056,1055,1054,1053,1053,1052,1051,1051,1050,1049,1048,1048,1047,1046,1046,1045,1044,1043,1043,1042,1041,1041,1040,1039,1039,1038,1037,1037,1036,1035,1035,1034,1033,1033,1032,1032,1031,1031,1030,1030,1029,1029,1028,1028,1028,1027,1027,1027,1026,1026,1026,1025,1025,1025,1025,1025,1024,1024,1024,1024,1024,1024,1024,1024,1024,1024,1024,1024,1024,1024,1024,1024,1024,1024,1024,1024,1024,1024,1024,1024,1024,1024,1024,1024,1024,1024,1024,1024,1024,1024,1024,1024,1024,1024,1024,1024,1024,1024,1024,1024,1024,1024,1024,1024,1024,1024,1024,1024,1024,1024,1024,1024,1024,1024,1024,1024,1024,1024,1024,1024,1024,1024,1024,1024,1024,1024,1024,1024,1024,1024,1024,1024,1024,1024,1024,1024,1024,1024,1024,1024,1024,1024,1024,1024,1024,1024,1024,1024,1024,1024,1024,1024,1024,1024,1024,1024,1024,1024,1024,1024,1024,1024,1024,1024,1024,1024,1024,1024,1024,1024,1024,1024,1024,1024,1024,1024,1024,1024,1024,1024,1024,1024,1024,1024,1024,1024,1024,1024,1024,1024,1024,1024,1024,1024,1024,1024,1024,1024,1024,1024,1024,1024,1024,1024,1024,1024,1024,1024,1024,1024,1024,1024,1024,1024,1024,1024,1024,1024,1024,1024,1024,1024,1024,1024,1024,1024,1024,1024,1024,1024,1024,1024,1024,1024,1024,1024,1024,1024,1024,1024,1024,1024,1024,1024,1024,1024,1024,1024,1024,1024,1024,1024,1024,1024,1024,1024,1024,1024,1024,1024,1024,1024,1024,1024,1024,1024,1024,1024,1025,1025,1025,1026,1026,1027,1027,1028,1029,1030,1030,1031,1032,1033,1034,1035,1036,1037,1039,1040,1041,1042,1043,1044,1045,1046,1047,1049,1050,1051,1052,1052,1053,1054,1055,1056,1056,1057,1058,1058,1059,1059,1059,1060,1060,1060,1060,1060,1060,1060,1059,1059,1059,1058,1058,1057,1056,1056,1055,1054,1053,1052,1052,1051,1050,1049,1047,1046,1045,1044,1043,1042,1041,1040,1039,1037,1036,1035,1034,1033,1032,1031,1030,1030,1029,1028,1027,1027,1026,1026,1025,1025,1025,1024,1024,1024,1024,1024,1024,1023,1023,1023,1023,1022,1022,1022,1022,1021,1021,1021,1021,1021,1020,1020,1020,1020,1020,1019,1019,1019,1019,1019,1018,1018,1018,1018,1018,1017,1017,1017,1017,1017,1017,1016,1016,1016,1016,1016,1016,1016,1015,1015,1015,1015,1015,1015,1015,1015,1015,1014,1014,1014,1014,1014,1014,1014,1014,1014,1014,1014,1014,1014,1014,1014,1014,1014,1014,1014,1014,1014,1014,1014,1014,1013,1013,1013,1013,1013,1013,1013,1013,1012,1012,1012,1012,1012,1011,1011,1011,1010,1010,1010,1009,1009,1009,1008,1008,1007,1007,1006,1005,1005,1004,1003,1002,1001,1000,998,993,993,992,989,987,983,979,975,971,968,964,961,959,957,957,971,985,999,1013,1027,1041,1055,1069,1083,1097,1111,1125,1139,1153,1167,1181,1195,1209,1223,1237,1251,1265,1279,1293,1307,1321,1335,1349,1363,1377,1359,1341,1324,1306,1288,1271,1254,1238,1222,1206,1190,1176,1161,1148,1135,1122,1111,1100,1090,1080,1072,1064,1057,1051,1046,1042,1038,1036,1035,1034,1032,1031,1029,1027,1026,1024,1023,1022,1021,1019,1018,1017,1017,1016,1015,1014,1014,1013,1012,1012,1011,1011,1011,1010,1010,1010,1010,1009,1009,1009,1009,1009,1009,1009,1009,1009,1009,1009,1009,1009,1009,1010,1010,1011,1011,1012,1012,1013,1014,1014,1015,1015,1016,1016,1017,1017,1018,1019,1019,1020,1020,1021,1021,1022,1022,1023,1023,1024,1025,1025,1026,1026,1027,1027,1028,1028,1029,1029,1030,1031,1031,1032,1032,1033,1033,1034,1034,1035,1036,1036,1037,1037,1038,1038,1039,1039,1039,1039,1039,1039,1040,1040,1040,1040,1040,1040,1040,1040,1041,1041,1041,1041,1041,1042,1042,1042,1043,1043,1043,1044,1044,1044,1045,1045,1045,1046,1046,1046,1047,1047,1048,1048,1049,1049,1050,1050,1050,1051,1051,1052,1052,1053,1053,1054,1054,1055,1055,1056,1056,1057,1057,1058,1058,1059,1059,1059,1060,1060,1061,1061,1062,1062,1063,1063,1063,1064,1064,1065,1065,1065,1066,1066,1066,1067,1067,1067,1067,1068,1068,1068,1068,1069,1069,1069,1069,1069,1069,1070,1070,1070,1070,1070,1070,1070,1070,1070,1070,1070,1070,1070,1070,1070,1070,1069,1069,1069,1069,1068,1068,1068,1068,1067,1067,1066,1066,1066,1065,1065,1064,1064,1063,1063,1062,1062,1061,1061,1060,1059,1059,1058,1058,1057,1056,1056,1055,1054,1053,1053,1052,1051,1051,1050,1049,1048,1048,1047,1046,1046,1045,1044,1043,1043,1042,1041,1041,1040,1039,1039,1038,1037,1037,1036,1035,1035,1034,1033,1033,1032,1032,1031,1031,1030,1030,1029,1029,1028,1028,1028,1027,1027,1027,1026,1026,1026,1025,1025,1025,1025,1025,1024,1024,1024,1024,1024,1024,1024,1024,1024,1024,1024,1024,1024,1024,1024,1024,1024,1024,1024,1024,1024,1024,1024,1024,1024,1024,1024,1024,1024,1024,1024,1024,1024,1024,1024,1024,1024,1024,1024,1024,1024,1024,1024,1024,1024,1024,1024,1024,1024,1024,1024,1024,1024,1024,1024,1024,1024,1024,1024,1024,1024,1024,1024,1024,1024,1024,1024,1024,1024,1024,1024,1024,1024,1024,1024,1024,1024,1024,1024,1024,1024,1024,1024,1024,1024,1024,1024,1024,1024,1024,1024,1024,1024,1024,1024,1024,1024,1024,1024,1024,1024,1024,1024,1024,1024,1024,1024,1024,1024,1024,1024,1024,1024,1024,1024,1024,1024,1024,1024,1024,1024,1024,1024,1024,1024,1024,1024,1024,1024,1024,1024,1024,1024,1024,1024,1024,1024,1024,1024,1024,1024,1024,1024,1024,1024,1024,1024,1024,1024,1024,1024,1024,1024,1024,1024,1024,1024,1024,1024,1024,1024,1024,1024,1024,1024,1024,1024,1024,1024,1024,1024,1024,1024,1024,1024,1024,1024,1024,1024,1024,1024,1024,1024,1024,1024,1024,1024,1024,1024,1024,1024,1024,1024,1024,1024,1024,1024,1024,1024,1024,1024,1024,1024,1024,1024,1024,1024,1024,1024,1024,1024,1024,1025,1025,1025,1026,1026,1027,1027,1028,1029,1030,1030,1031,1032,1033,1034,1035,1036,1037,1039,1040,1041,1042,1043,1044,1045,1046,1047,1049,1050,1051,1052,1052,1053,1054,1055,1056,1056,1057,1058,1058,1059,1059,1059,1060,1060,1060,1060,1060,1060,1060,1059,1059,1059,1058,1058,1057,1056,1056,1055,1054,1053,1052,1052,1051,1050,1049,1047,1046,1045,1044,1043,1042,1041,1040,1039,1037,1036,1035,1034,1033,1032,1031,1030,1030,1029,1028,1027,1027,1026,1026,1025,1025,1025,1024,1024,1024,1024,1024,1023,1023,1023,1023,1022,1022,1022,1021,1021,1021,1021,1020,1020,1020,1020,1019,1019,1019,1019,1018,1018,1018,1018,1017,1017,1017,1017,1017,1016,1016,1016,1016,1016,1015,1015,1015,1015,1015,1015,1015,1015,1014,1014,1014,1014,1014,1014,1014,1014,1014,1014,1014,1014,1014,1014,1014,1014,1014,1014,1014,1014,1014,1014,1014,1014,1014,1014,1014,1014,1014,1014,1014,1014,1014,1014,1014,1014,1014,1014,1014,1014,1014,1013,1013,1013,1013,1013,1013,1013,1013,1013,1013,1013,1013,1013,1013,1013,1013,1013,1013,1013,1013,1013,1013,1013,1013,1013,1013,1013,1013,1013,1012,1012,1012,1012,1012,1012,1012,1012,1012,1012,1012,1012,1012,1012,1012,1011,1011,1011,1011,1011,1011,1011,1011,1011,1010,1010,1010,1010,1009,1009,1009,1008,1008,1008,1007,1006,1005,1004,1003,1002,1000,999,997,995,994,992,990,988,985,983,981,978,976,973,971,968,965,963,960,957,971,985,999,1013,1027,1041,1055,1069,1083,1097,1111,1125,1139,1153,1167,1181,1195,1209,1223,1237,1251,1265,1279,1293,1307,1321,1335,1349,1363,1377,1359,1341,1324,1306,1288,1271,1254,1238,1222,1206,1190,1176,1161,1148,1135,1122,1111,1100,1090,1080,1072,1064,1057,1051,1046,1042,1038,1036,1034,1034,1032,1031,1029,1027,1026,1024,1023,1022,1021,1019,1018,1017,1017,1016,1015,1014,1014,1013,1012,1012,1011,1011,1011,1010,1010,1010,1010,1009,1009,1009,1009,1009,1009,1009,1009,1009,1009,1009,1009,1009,1009,1010,1010,1011,1012,1012,1013,1014,1014,1015,1015,1016,1017,1017,1018,1018,1019,1020,1020,1021,1022,1022,1023,1023,1024,1025,1025,1026,1026,1027,1028,1028,1029,1030,1030,1031,1031,1032,1033,1033,1034,1034,1035,1036,1036,1037,1038,1038,1039,1039,1039,1039,1039,1039,1040,1040,1040,1040,1040,1040,1040,1040,1041,1041,1041,1041,1041,1042,1042,1042,1043,1043,1043,1044,1044,1044,1045,1045,1045,1046,1046,1046,1047,1047,1048,1048,1049,1049,1050,1050,1050,1051,1051,1052,1052,1053,1053,1054,1054,1055,1055,1056,1056,1057,1057,1058,1058,1059,1059,1059,1060,1060,1061,1061,1062,1062,1063,1063,1063,1064,1064,1065,1065,1065,1066,1066,1066,1067,1067,1067,1067,1068,1068,1068,1068,1069,1069,1069,1069,1069,1069,1070,1070,1070,1070,1070,1070,1070,1070,1070,1070,1070,1070,1070,1070,1070,1070,1069,1069,1069,1069,1068,1068,1068,1068,1067,1067,1066,1066,1066,1065,1065,1064,1064,1063,1063,1062,1062,1061,1061,1060,1059,1059,1058,1057,1057,1056,1056,1055,1054,1053,1053,1052,1051,1051,1050,1049,1048,1048,1047,1046,1046,1045,1044,1043,1043,1042,1041,1041,1040,1039,1039,1038,1037,1037,1036,1035,1035,1034,1033,1033,1032,1032,1031,1031,1030,1030,1029,1029,1028,1028,1028,1027,1027,1027,1026,1026,1026,1025,1025,1025,1025,1025,1024,1024,1024,1024,1024,1024,1024,1024,1024,1024,1024,1024,1024,1024,1024,1024,1024,1024,1024,1024,1024,1024,1024,1024,1024,1024,1024,1024,1024,1024,1024,1024,1024,1024,1024,1024,1024,1024,1024,1024,1024,1024,1024,1024,1024,1024,1024,1024,1024,1024,1024,1024,1024,1024,1024,1024,1024,1024,1024,1024,1024,1024,1024,1024,1024,1024,1024,1024,1024,1024,1024,1024,1024,1024,1024,1024,1024,1024,1024,1024,1024,1024,1024,1024,1024,1024,1024,1024,1024,1024,1024,1024,1024,1024,1024,1024,1024,1024,1024,1024,1024,1024,1024,1024,1024,1024,1024,1024,1024,1024,1024,1024,1024,1024,1024,1024,1024,1024,1024,1024,1024,1024,1024,1024,1024,1024,1024,1024,1024,1024,1024,1024,1024,1024,1024,1024,1024,1024,1024,1024,1024,1024,1024,1024,1024,1024,1024,1024,1024,1024,1024,1024,1024,1024,1024,1024,1024,1024,1024,1024,1024,1024,1024,1024,1024,1024,1024,1024,1024,1024,1024,1024,1024,1024,1024,1024,1024,1024,1024,1024,1024,1024,1024,1024,1024,1024,1024,1024,1024,1024,1024,1024,1024,1024,1024,1024,1024,1024,1024,1024,1024,1024,1024,1024,1024,1024,1024,1024,1024,1024,1024,1024,1025,1025,1025,1026,1026,1027,1027,1028,1029,1030,1030,1031,1032,1033,1034,1035,1036,1037,1039,1040,1041,1042,1043,1044,1045,1046,1047,1049,1050,1051,1052,1052,1053,1054,1055,1056,1056,1057,1058,1058,1059,1059,1059,1060,1060,1060,1060,1060,1060,1060,1059,1059,1059,1058,1058,1057,1056,1056,1055,1054,1053,1052,1052,1051,1050,1049,1047,1046,1045,1044,1043,1042,1041,1040,1039,1037,1036,1035,1034,1033,1032,1031,1030,1030,1029,1028,1027,1027,1026,1026,1025,1025,1025,1024,1024,1024,1024,1024,1024,1024,1024,1023,1023,1023,1023,1023,1023,1023,1023,1023,1023,1022,1022,1022,1022,1022,1022,1022,1022,1022,1021,1021,1021,1021,1021,1021,1021,1021,1021,1021,1020,1020,1020,1020,1020,1020,1020,1020,1020,1020,1019,1019,1019,1019,1019,1019,1019,1019,1019,1019,1019,1018,1018,1018,1018,1018,1018,1018,1018,1018,1018,1018,1017,1017,1017,1017,1017,1017,1017,1017,1017,1017,1017,1017,1017,1016,1016,1016,1016,1016,1016,1016,1016,1016,1016,1016,1016,1016,1016,1016,1015,1015,1015,1015,1015,1015,1015,1015,1015,1015,1015,1015,1015,1015,1015,1015,1015,1015,1015,1015,1014,1014,1014,1014,1014,1014,1014,1014,1014,1014,1014,1014,1014,1014,1014,1014,1014,1014,1014,1014,1014,1014,1014,1014,1014,1014,1014,1014,1014,1014,1014,1014,1014,1014,1014,1014,1014,1014,1014,1014,1014,1014,1014,1014,1014,1014,1014,1014,1014,1014,1014,1013,1013,1013,1013,1013,1013,1013,1013,1013,1013,1013,1013,1013,1013,1013,1013,1012,1012,1012,1012,1012,1012,1012,1012,1011,1011,1011,1011,1010,1010,1010,1009,1009,1008,1008,1008,1007,1006,1005,1004,1003,1002,1000,999,997,995,994,992,990,988,985,983,981,978,976,973,971,968,965,963,957,957,971,985,999,1013,1027,1041,1055,1069,1083,1097,1111,1125,1139,1153,1167,1181,1195,1209,1223,1237,1251,1265,1279,1293,1307,1321,1335,1349,1363,1377,1359,1341,1324,1306,1288,1271,1254,1238,1222,1206,1190,1176,1161,1148,1135,1122,1111,1100,1090,1080,1072,1064,1057,1051,1046,1042,1038,1036,1034,1034,1032,1031,1029,1027,1026,1024,1023,1022,1021,1019,1018,1017,1017,1016,1015,1014,1014,1013,1012,1012,1011,1011,1011,1010,1010,1010,1010,1009,1009,1009,1009,1009,1009,1009,1009,1009,1009,1009,1009,1009,1009,1010,1010,1011,1011,1012,1013,1013,1014,1014,1015,1015,1016,1017,1017,1018,1018,1019,1019,1020,1021,1021,1022,1022,1023,1023,1024,1025,1025,1026,1026,1027,1027,1028,1029,1029,1030,1030,1031,1031,1032,1033,1033,1034,1034,1035,1035,1036,1037,1037,1038,1038,1039,1039,1039,1039,1039,1039,1040,1040,1040,1040,1040,1040,1040,1040,1041,1041,1041,1041,1041,1042,1042,1042,1043,1043,1043,1044,1044,1044,1045,1045,1045,1046,1046,1046,1047,1047,1048,1048,1049,1049,1050,1050,1050,1051,1051,1052,1052,1053,1053,1054,1054,1055,1055,1056,1056,1057,1057,1058,1058,1059,1059,1059,1060,1060,1061,1061,1062,1062,1063,1063,1063,1064,1064,1065,1065,1065,1066,1066,1066,1067,1067,1067,1067,1068,1068,1068,1068,1069,1069,1069,1069,1069,1069,1070,1070,1070,1070,1070,1070,1070,1070,1070,1070,1070,1070,1070,1070,1070,1070,1069,1069,1069,1069,1068,1068,1068,1068,1067,1067,1066,1066,1066,1065,1065,1064,1064,1063,1063,1062,1062,1061,1061,1060,1059,1059,1058,1058,1057,1056,1056,1055,1054,1053,1053,1052,1051,1051,1050,1049,1048,1048,1047,1046,1046,1045,1044,1043,1043,1042,1041,1041,1040,1039,1039,1038,1037,1037,1036,1035,1035,1034,1033,1033,1032,1032,1031,1031,1030,1030,1029,1029,1028,1028,1028,1027,1027,1027,1026,1026,1026,1025,1025,1025,1025,1025,1024,1024,1024,1024,1024,1024,1024,1024,1024,1024,1024,1024,1024,1024,1024,1024,1024,1024,1024,1024,1024,1024,1024,1024,1024,1024,1024,1024,1024,1024,1024,1024,1024,1024,1024,1024,1024,1024,1024,1024,1024,1024,1024,1024,1024,1024,1024,1024,1024,1024,1024,1024,1024,1024,1024,1024,1024,1024,1024,1024,1024,1024,1024,1024,1024,1024,1024,1024,1024,1024,1024,1024,1024,1024,1024,1024,1024,1024,1024,1024,1024,1024,1024,1024,1024,1024,1024,1024,1024,1024,1024,1024,1024,1024,1024,1024,1024,1024,1024,1024,1024,1024,1024,1024,1024,1024,1024,1024,1024,1024,1024,1024,1024,1024,1024,1024,1024,1024,1024,1024,1024,1024,1024,1024,1024,1024,1024,1024,1024,1024,1024,1024,1024,1024,1024,1024,1024,1024,1024,1024,1024,1024,1024,1024,1024,1024,1024,1024,1024,1024,1024,1024,1024,1024,1024,1024,1024,1024,1024,1024,1024,1024,1024,1024,1024,1024,1024,1024,1024,1024,1024,1024,1024,1024,1024,1024,1024,1024,1024,1024,1024,1024,1024,1024,1024,1024,1024,1024,1024,1024,1024,1024,1024,1024,1024,1024,1024,1024,1024,1024,1024,1024,1024,1024,1024,1024,1024,1024,1024,1024,1024,1024,1025,1025,1025,1026,1026,1027,1027,1028,1029,1030,1030,1031,1032,1033,1034,1035,1036,1037,1039,1040,1041,1042,1043,1044,1045,1046,1047,1049,1050,1051,1052,1052,1053,1054,1055,1056,1056,1057,1058,1058,1059,1059,1059,1060,1060,1060,1060,1060,1060,1060,1059,1059,1059,1058,1058,1057,1056,1056,1055,1054,1053,1052,1052,1051,1050,1049,1047,1046,1045,1044,1043,1042,1041,1040,1039,1037,1036,1035,1034,1033,1032,1031,1030,1030,1029,1028,1027,1027,1026,1026,1025,1025,1025,1024,1024,1024,1024,1024,1024,1024,1024,1024,1024,1024,1024,1024,1024,1024,1024,1024,1024,1024,1024,1024,1024,1024,1024,1024,1024,1024,1024,1024,1024,1024,1024,1024,1024,1024,1024,1024,1024,1024,1024,1024,1024,1024,1024,1024,1024,1024,1024,1024,1024,1024,1024,1024,1024,1024,1024,1024,1024,1024,1024,1024,1024,1024,1024,1024,1024,1024,1024,1024,1024,1024,1024,1024,1024,1024,1024,1024,1024,1024,1024,1024,1024,1024,1024,1024,1024,1024,1024,1024,1024,1024,1024,1024,1024,1024,1024,1024,1024,1024,1024,1024,1024,1024,1024,1024,1024,1024,1024,1024,1024,1024,1024,1024,1024,1024,1024,1024,1024,1024,1024,1024,1024,1024,1024,1024,1024,1024,1024,1024,1024,1024,1024,1024,1024,1024,1024,1024,1024,1024,1024,1024,1024,1024,1024,1024,1024,1024,1024,1024,1024,1024,1024,1024,1024,1024,1024,1024,1024,1024,1024,1024,1024,1024,1024,1024,1024,1024,1024,1024,1024,1024,1024,1024,1024,1024,1024,1024,1024,1024,1024,1024,1024,1024,1024,1024,1024,1024,1024,1024,1024,1024,1024,1024,1024,1024,1024,1024,1024,1024,1024,1024,1024,1024,1024,1024

lead:aVR
count:3536
points:1024,1024,1024,1023,1023,1022,1022,1021,1020,1019,1017,1016,1015,1013,1012,1010,1008,1006,1004,1002,1000,998,996,994,992,990,987,985,983,981,979,977,975,973,971,969,968,966,965,963,962,961,959,958,958,957,956,956,955,955,955,955,955,956,956,957,958,958,959,961,962,963,965,966,968,969,971,973,975,977,979,981,983,985,987,990,992,994,996,998,1000,1002,1004,1006,1008,1010,1012,1013,1015,1016,1017,1019,1020,1021,1022,1022,1023,1023,1024,1024,1024,1025,1025,1026,1026,1027,1028,1028,1029,1029,1030,1031,1031,1032,1032,1033,1033,1034,1034,1035,1035,1036,1036,1037,1037,1037,1038,1038,1038,1039,1039,1039,1040,1040,1040,1040,1041,1041,1041,1041,1041,1041,1042,1042,1042,1042,1042,1042,1042,1042,1042,1042,1042,1042,1042,1042,1042,1042,1042,1042,1043,1043,1043,1044,1044,1045,1046,1046,1047,1048,1050,1051,1053,1057,1057,1059,1061,1063,1065,1068,1070,1072,1074,1076,1079,1081,1083,1066,1048,1031,1013,995,978,960,943,925,908,890,873,855,838,820,802,785,767,750,732,715,697,680,662,645,627,610,592,557,557,580,603,626,649,672,694,716,737,758,779,798,818,836,854,870,886,902,916,929,941,952,962,971,979,985,991,995,998,1000,1000,1002,1004,1006,1008,1009,1011,1012,1013,1015,1016,1017,1018,1019,1020,1020,1021,1022,1023,1023,1024,1024,1025,1025,1025,1026,1026,1026,1026,1026,1027,1027,1027,1027,1027,1027,1027,1027,1027,1027,1027,1027,1027,1026,1026,1026,1026,1026,1026,1026,1025,1025,1025,1025,1025,1025,1024,1024,1024,1024,1024,1024,1023,1023,1023,1023,1023,1023,1023,1022,1022,1022,1022,1022,1022,1021,1021,1021,1021,1021,1021,1020,1020,1020,1020,1020,1020,1020,1019,1019,1019,1019,1019,1019,1018,1018,1018,1018,1018,1018,1018,1018,1017,1017,1017,1016,1016,1016,1015,1015,1014,1014,1013,1012,1012,1011,1010,1009,1009,1008,1007,1006,1005,1004,1003,1002,1001,1000,999,998,997,996,994,993,992,991,990,988,987,986,985,983,982,981,980,978,977,976,974,973,972,971,969,968,967,966,964,963,962,961,959,958,957,956,955,954,953,952,951,950,949,948,947,946,945,945,944,943,942,942,941,940,940,939,939,938,938,938,937,937,937,936,936,936,936,936,936,936,936,936,936,936,937,937,937,938,938,939,939,940,940,941,941,942,943,944,944,945,946,947,948,949,950,951,952,953,954,955,956,958,959,960,961,962,964,965,966,968,969,970,972,973,974,976,977,979,980,981,983,984,985,987,988,990,991,992,994,995,996,997,999,1000,1001,1002,1004,1005,1006,1007,1008,1009,1010,1011,1012,1013,1014,1015,1016,1016,1017,1018,1019,1019,1020,1020,1021,1021,1022,1022,1023,1023,1023,1023,1024,1024,1024,1024,1024,1024,1024,1024,1024,1024,1024,1024,1024,1024,1024,1024,1024,1024,1024,1024,1024,1024,1024,1024,1024,1024,1024,1024,1024,1024,1024,1024,1024,1024,1024,1024,1024,1024,1024,1024,1024,1024,1024,1024,1024,1024,1024,1024,1024,1024,1024,1024,1024,1024,1024,1024,1024,1024,1024,1024,1024,1024,1024,1024,1024,1024,1024,1024,1024,1024,1024,1024,1024,1024,1024,1024,1024,1024,1024,1024,1024,1024,1024,1024,1024,1024,1024,1024,1024,1024,1024,1024,1024,1024,1024,1024,1024,1024,1024,1024,1024,1024,1024,1024,1024,1024,1024,1024,1024,1024,1024,1024,1024,1024,1024,1024,1024,1024,1024,1024,1024,1024,1024,1024,1024,1024,1024,1024,1024,1024,1024,1024,1024,1024,1024,1024,1024,1024,1024,1024,1024,1024,1024,1024,1024,1024,1024,1024,1024,1024,1024,1024,1024,1024,1024,1024,1024,1024,1024,1024,1024,1024,1024,1024,1024,1024,1024,1024,1024,1024,1024,1024,1024,1024,1024,1024,1024,1024,1024,1024,1024,1024,1024,1024,1024,1024,1024,1024,1024,1024,1024,1024,1024,1024,1024,1024,1024,1024,1024,1024,1024,1024,1024,1024,1024,1024,1024,1024,1024,1023,1023,1022,1022,1021,1020,1019,1017,1016,1015,1013,1012,1010,1008,1006,1004,1002,1000,998,996,994,992,990,987,985,983,981,979,977,975,973,971,969,968,966,965,963,962,961,959,958,958,957,956,956,955,955,955,955,955,956,956,957,958,958,959,961,962,963,965,966,968,969,971,973,975,977,979,981,983,985,987,990,992,994,996,998,1000,1002,1004,1006,1008,1010,1012,1013,1015,1016,1017,1019,1020,1021,1022,1022,1023,1023,1024,1024,1024,1024,1025,1025,1026,1026,1026,1027,1027,1028,1028,1028,1029,1029,1029,1030,1030,1031,1031,1031,1032,1032,1032,1033,1033,1033,1034,1034,1034,1035,1035,1035,1036,1036,1036,1037,1037,1037,1037,1038,1038,1038,1038,1039,1039,1039,1039,1039,1040,1040,1040,1040,1040,1040,1041,1041,1041,1041,1041,1041,1041,1041,1041,1042,1042,1042,1042,1042,1042,1042,1042,1042,1042,1042,1042,1042,1042,1042,1042,1042,1042,1042,1042,1042,1042,1042,1042,1042,1042,1042,1042,1043,1043,1043,1043,1044,1044,1044,1045,1045,1046,1046,1047,1047,1048,1049,1050,1051,1052,1053,1054,1055,1057,1058,1060,1062,1064,1066,1068,1070,1072,1074,1076,1077,1079,1083,1083,1066,1048,1031,1013,995,978,960,943,925,908,890,873,855,838,820,802,785,767,750,732,715,697,680,662,645,627,610,592,574,557,580,603,626,649,672,694,716,737,758,779,798,818,836,854,870,886,902,916,929,941,952,962,971,979,985,991,995,998,1000,1000,1002,1004,1006,1008,1009,1011,1012,1013,1015,1016,1017,1018,1019,1020,1020,1021,1022,1023,1023,1024,1024,1025,1025,1025,1026,1026,1026,1026,1026,1027,1027,1027,1027,1027,1027,1027,1027,1027,1027,1027,1027,1027,1026,1026,1026,1026,1025,1025,1025,1025,1025,1024,1024,1024,1024,1024,1023,1023,1023,1023,1023,1022,1022,1022,1022,1021,1021,1021,1021,1021,1020,1020,1020,1020,1020,1019,1019,1019,1019,1019,1018,1018,1018,1018,1017,1017,1017,1017,1017,1016,1016,1016,1016,1016,1015,1015,1015,1015,1015,1015,1015,1014,1014,1014,1014,1013,1013,1012,1012,1011,1011,1010,1010,1009,1008,1008,1007,1006,1005,1004,1004,1003,1002,1001,1000,999,998,997,996,995,994,992,991,990,989,988,987,985,984,983,982,980,979,978,977,976,974,973,972,971,969,968,967,966,964,963,962,961,960,959,958,956,955,954,953,952,951,950,949,948,948,947,946,945,944,943,943,942,941,941,940,940,939,939,938,938,937,937,937,937,936,936,936,936,936,936,936,936,936,936,936,937,937,937,938,938,939,939,940,940,941,941,942,943,944,944,945,946,947,948,949,950,951,952,953,954,955,956,958,959,960,961,962,964,965,966,968,969,970,972,973,974,976,977,979,980,981,983,984,985,987,988,990,991,992,994,995,996,997,999,1000,1001,1002,1004,1005,1006,1007,1008,1009,1010,1011,1012,1013,1014,1015,1016,1016,1017,1018,1019,1019,1020,1020,1021,1021,1022,1022,1023,1023,1023,1023,1024,1024,1024,1024,1024,1024,1024,1024,1024,1024,1024,1024,1024,1024,1024,1024,1024,1024,1024,1024,1024,1024,1024,1024,1024,1024,1024,1024,1024,1024,1024,1024,1024,1024,1024,1024,1024,1024,1024,1024,1024,1024,1024,1024,1024,1024,1024,1024,1024,1024,1024,1024,1024,1024,1024,1024,1024,1024,1024,1024,1024,1024,1024,1024,1024,1024,1024,1024,1024,1024,1024,1024,1024,1024,1024,1024,1024,1024,1024,1024,1024,1024,1024,1024,1024,1024,1024,1024,1024,1024,1024,1024,1024,1024,1024,1024,1024,1024,1024,1024,1024,1024,1024,1024,1024,1024,1024,1024,1024,1024,1024,1024,1024,1024,1024,1024,1024,1024,1024,1024,1024,1024,1024,1024,1024,1024,1024,1024,1024,1024,1024,1024,1024,1024,1024,1024,1024,1024,1024,1024,1024,1024,1024,1024,1024,1024,1024,1024,1024,1024,1024,1024,1024,1024,1024,1024,1024,1024,1024,1024,1024,1024,1024,1024,1024,1024,1024,1024,1024,1024,1024,1024,1024,1024,1024,1024,1024,1024,1024,1024,1024,1024,1024,1024,1024,1024,1024,1024,1024,1024,1024,1024,1024,1024,1024,1024,1024,1024,1024,1024,1024,1024,1024,1024,1024,1024,1024,1024,1024,1023,1023,1022,1022,1021,1020,1019,1017,1016,1015,1013,1012,1010,1008,1006,1004,1002,1000,998,996,994,992,990,987,985,983,981,979,977,975,973,971,969,968,966,965,963,962,961,959,958,958,957,956,956,955,955,955,955,955,956,956,957,958,958,959,961,962,963,965,966,968,969,971,973,975,977,979,981,983,985,987,990,992,994,996,998,1000,1002,1004,1006,1008,1010,1012,1013,1015,1016,1017,1019,1020,1021,1022,1022,1023,1023,1024,1024,1024,1024,1025,1025,1026,1026,1026,1027,1027,1027,1028,1028,1029,1029,1029,1030,1030,1030,1031,1031,1031,1032,1032,1032,1033,1033,1033,1034,1034,1034,1034,1035,1035,1035,1035,1036,1036,1036,1036,1036,1037,1037,1037,1037,1037,1037,1037,1038,1038,1038,1038,1038,1038,1038,1038,1038,1038,1038,1038,1038,1038,1038,1038,1038,1038,1038,1038,1038,1038,1038,1038,1038,1038,1038,1038,1038,1038,1038,1038,1038,1038,1038,1038,1038,1038,1038,1038,1038,1038,1038,1038,1038,1038,1038,1038,1038,1038,1038,1038,1038,1038,1038,1038,1038,1038,1038,1038,1038,1038,1038,1038,1038,1038,1038,1038,1038,1038,1038,1038,1038,1038,1038,1038,1038,1038,1038,1038,1038,1038,1038,1038,1038,1038,1038,1038,1038,1038,1038,1038,1037,1037,1037,1037,1037,1038,1038,1038,1039,1040,1040,1041,1042,1044,1045,1046,1048,1049,1051,1053,1055,1057,1059,1061,1063,1065,1067,1070,1072,1074,1077,1079,1081,1084,1066,1049,1031,1014,996,979,961,943,926,908,891,873,856,838,820,803,785,768,750,733,715,697,680,662,645,627,610,592,575,557,580,603,626,649,671,693,715,736,757,777,797,816,834,852,869,885,900,914,927,939,950,960,969,976,983,988,993,996,998,998,1000,1002,1004,1006,1008,1010,1012,1013,1015,1016,1017,1018,1020,1021,1022,1022,1023,1024,1025,1025,1026,1026,1027,1027,1027,1028,1028,1028,1028,1029,1029,1029,1029,1029,1029,1029,1029,1029,1029,1029,1029,1029,1028,1028,1028,1027,1027,1027,1026,1026,1026,1025,1025,1025,1025,1024,1024,1024,1023,1023,1023,1022,1022,1022,1021,1021,1021,1021,1020,1020,1020,1019,1019,1019,1018,1018,1018,1017,1017,1017,1017,1016,1016,1016,1015,1015,1015,1014,1014,1014,1014,1014,1014,1013,1013,1013,1013,1013,1012,1012,1011,1011,1011,1010,1009,1009,1008,1008,1007,1006,1006,1005,1004,1003,1002,1001,1000,1000,999,998,997,996,995,993,992,991,990,989,988,987,985,984,983,982,981,979,978,977,976,975,973,972,971,970,968,967,966,965,964,962,961,960,959,958,957,956,955,954,952,951,951,950,949,948,947,946,945,944,944,943,942,941,941,940,940,939,939,938,938,937,937,937,936,936,936,936,935,935,935,935,935,935,936,936,936,936,936,937,937,937,938,938,939,940,940,941,941,942,943,944,945,945,946,947,948,949,950,951,952,954,955,956,957,958,960,961,962,963,965,966,967,969,970,971,973,974,975,977,978,980,981,982,984,985,987,988,989,991,992,993,995,996,997,999,1000,1001,1002,1003,1005,1006,1007,1008,1009,1010,1011,1012,1013,1014,1015,1016,1016,1017,1018,1019,1019,1020,1020,1021,1021,1022,1022,1023,1023,1023,1023,1024,1024,1024,1024,1024,1024,1024,1024,1024,1024,1024,1024,1024,1024,1024,1024,1024,1024,1024,1024,1024,1024,1024,1024,1024,1024,1024,1024,1024,1024,1024,1024,1024,1024,1024,1024,1024,1024,1024,1024,1024,1024,1024,1024,1024,1024,1024,1024,1024,1024,1024,1024,1024,1024,1024,1024,1024,1024,1024,1024,1024,1024,1024,1024,1024,1024,1024,1024,1024,1024,1024,1024,1024,1024,1024,1024,1024,1024,1024,1024,1024,1024,1024,1024,1024,1024,1024,1024,1024,1024,1024,1024,1024,1024,1024,1024,1024,1024,1024,1024,1024,1024,1024,1024,1024,1024,1024,1024,1024,1024,1024,1024,1024,1024,1024,1024,1024,1024,1024,1024,1024,1024,1024,1024,1024,1024,1024,1024,1024,1024,1024,1024,1024,1024,1024,1024,1024,1024,1024,1024,1024,1024,1024,1024,1024,1024,1024,1024,1024,1024,1024,1024,1024,1024,1024,1024,1024,1024,1024,1024,1024,1024,1024,1024,1024,1024,1024,1024,1024,1024,1024,1024,1024,1024,1024,1024,1024,1024,1024,1024,1024,1024,1024,1024,1024,1024,1024,1024,1024,1024,1024,1024,1024,1024,1024,1024,1024,1024,1024,1024,1024,1024,1024,1024,1024,1024,1024,1024,1024,1023,1023,1022,1022,1021,1020,1019,1018,1016,1015,1013,1012,1010,1009,1007,1005,1003,1001,999,997,995,993,991,989,987,984,982,980,978,977,975,973,971,969,968,966,965,964,963,962,961,960,959,958,958,958,957,957,957,958,958,958,959,960,961,962,963,964,965,966,968,969,971,973,975,977,978,980,982,984,987,989,991,993,995,997,999,1001,1003,1005,1007,1009,1010,1012,1013,1015,1016,1018,1019,1020,1021,1022,1022,1023,1023,1024,1024,1024,1024,1024,1024,1025,1025,1025,1025,1025,1025,1026,1026,1026,1026,1026,1026,1027,1027,1027,1027,1027,1027,1028,1028,1028,1028,1028,1028,1029,1029,1029,1029,1029,1029,1029,1030,1030,1030,1030,1030,1030,1030,1031,1031,1031,1031,1031,1031,1032,1032,1032,1032,1032,1032,1032,1032,1033,1033,1033,1033,1033,1033,1033,1034,1034,1034,1034,1034,1034,1034,1034,1035,1035,1035,1035,1035,1035,1035,1035,1035,1036,1036,1036,1036,1036,1036,1036,1036,1036,1037,1037,1037,1037,1037,1037,1037,1037,1037,1037,1037,1037,1038,1038,1038,1038,1038,1038,1038,1038,1038,1038,1038,1038,1038,1038,1039,1039,1039,1039,1039,1039,1039,1039,1039,1039,1039,1039,1039,1039,1039,1039,1039,1039,1039,1039,1039,1039,1039,1039,1039,1039,1040,1040,1040,1040,1040,1040,1040,1040,1040,1040,1040,1040,1040,1040,1040,1040,1040,1040,1040,1040,1040,1040,1040,1040,1040,1040,1040,1040,1040,1040,1040,1040,1040,1040,1040,1040,1040,1041,1041,1041,1041,1041,1041,1041,1041,1041,1041,1042,1042,1042,1042,1042,1042,1043,1043,1044,1044,1044,1045,1045,1045,1046,1047,1048,1048,1049,1051,1052,1053,1054,1056,1057,1059,1061,1062,1064,1066,1068,1070,1072,1074,1076,1078,1080,1084,1084,1066,1049,1031,1014,996,979,961,943,926,908,891,873,856,838,820,803,785,768,750,733,715,697,680,662,645,627,610,592,575,557,582,606,631,655,679,702,725,748,770,791,811,831,850,868,885,901,916,929,942,953,963,972,979,986,990,994,996,997,999,1001,1003,1005,1007,1009,1010,1012,1013,1015,1016,1017,1018,1019,1020,1021,1022,1023,1024,1024,1025,1026,1026,1027,1027,1027,1028,1028,1028,1028,1029,1029,1029,1029,1029,1029,1029,1029,1029,1029,1029,1029,1029,1029,1028,1028,1028,1028,1027,1027,1027,1027,1026,1026,1026,1025,1025,1025,1025,1024,1024,1024,1024,1023,1023,1023,1023,1022,1022,1022,1022,1021,1021,1021,1021,1020,1020,1020,1020,1019,1019,1019,1018,1018,1018,1018,1017,1017,1017,1017,1016,1016,1016,1016,1015,1015,1015,1015,1015,1015,1015,1014,1014,1014,1014,1013,1013,1012,1012,1011,1011,1010,1010,1009,1008,1008,1007,1006,1005,1004,1004,1003,1002,1001,1000,999,998,997,996,995,994,992,991,990,989,988,987,985,984,983,982,980,979,978,977,976,974,973,972,971,969,968,967,966,964,963,962,961,960,959,958,956,955,954,953,952,951,950,949,948,948,947,946,945,944,943,943,942,941,941,940,940,939,939,938,938,937,937,937,937,936,936,936,936,936,936,936,936,936,936,936,937,937,937,938,938,939,939,940,940,941,941,942,943,944,944,945,946,947,948,949,950,951,952,953,954,955,956,958,959,960,961,962,964,965,966,968,969,970,972,973,974,976,977,979,980,981,983,984,985,987,988,990,991,992,994,995,996,997,999,1000,1001,1002,1004,1005,1006,1007,1008,1009,1010,1011,1012,1013,1014,1015,1016,1016,1017,1018,1019,1019,1020,1020,1021,1021,1022,1022,1023,1023,1023,1023,1024,1024,1024,1024,1024,1024,1024,1024,1024,1024,1024,1024,1024,1024,1024,1024,1024,1024,1024,1024,1024,1024,1024,1024,1024,1024,1024,1024,1024,1024,1024,1024,1024,1024,1024,1024,1024,1024,1024,1024,1024,1024,1024,1024,1024,1024,1024,1024,1024,1024,1024,1024,1024,1024,1024,1024,1024,1024,1024,1024,1024,1024,1024,1024,1024,1024,1024,1024,1024,1024,1024,1024,1024,1024,1024,1024,1024,1024,1024,1024,1024,1024,1024,1024,1024,1024,1024,1024,1024,1024,1024,1024,1024,1024,1024,1024,1024,1024,1024,1024,1024,1024,1024,1024,1024,1024,1024,1024,1024,1024,1024,1024,1024,1024,1024,1024,1024,1024,1024,1024,1024,1024,1024,1024,1024,1024,1024,1024,1024,1024,1024,1024,1024,1024,1024,1024,1024,1024,1024,1024,1024,1024,1024,1024,1024,1024,1024,1024,1024,1024,1024,1024,1024,1024,1024,1024,1024,1024,1024,1024,1024,1024,1024,1024,1024,1024,1024,1024,1024,1024,1024,1024,1024,1024,1024,1024,1024,1024,1024,1024,1024,1024,1024,1024,1024,1024,1024,1024,1024,1024,1024,1024,1024,1024,1024,1024,1024,1024,1024,1024,1024,1024,1024,1024,1024,1024,1024,1024,1024,1023,1023,1022,1022,1021,1020,1019,1018,1017,1015,1014,1012,1011,1009,1007,1005,1003,1001,999,997,995,993,991,989,987,985,983,981,979,977,976,974,972,971,969,968,966,965,964,963,962,961,960,960,959,959,959,959,959,959,959,960,960,961,962,963,964,965,966,968,969,971,972,974,976,977,979,981,983,985,987,989,991,993,995,997,999,1001,1003,1005,1007,1009,1011,1012,1014,1015,1017,1018,1019,1020,1021,1022,1022,1023,1023,1024,1024,1024,1024,1024,1024,1024,1024,1024,1024,1024,1024,1024,1024,1024,1024,1024,1024,1024,1024,1024,1024,1024,1024,1024,1024,1024,1024,1024,1024,1024,1024,1024,1024,1024,1024,1024,1024,1024,1024,1024,1024,1024,1024,1024,1024,1024,1024,1024,1024,1024,1024,1024,1024,1024,1024,1024,1024,1024,1024,1024,1024,1024,1024,1024,1024,1024,1024,1024,1024,1024,1024,1024,1024,1024,1024,1024,1024,1024,1024,1024,1024,1024,1024,1024,1024,1024,1024,1024,1024,1024,1024,1024,1024,1024,1024,1024,1024,1024,1024,1024,1024,1024,1024,1024,1024,1024,1024,1024,1024,1024,1024,1024,1024,1024,1024,1024,1024,1024,1024,1024,1024,1024,1024,1024,1024,1024,1024,1024,1024,1024,1024,1024,1024,1024,1024,1024,1024,1024,1024,1024,1024,1024,1024,1024,1024,1024,1024,1024,1024,1024,1024,1024,1024,1024,1024,1024,1024,1024,1024,1024,1024,1024,1024,1024,1024,1024,1024,1024,1024,1024,1024,1024,1024,1024,1024,1024,1024,1024,1024,1024,1024,1024,1024,1024,1024,1024,1024,1024,1024,1024,1024,1024,1024,1024,1024,1024,1024,1024,1024,1024,1024,1024,1024

lead:aVL
count:3536
points:1024,1024,1024,1024,1024,1024,1025,1025,1025,1025,1026,1026,1026,1027,1027,1027,1028,1028,1029,1029,1030,1030,1031,1031,1032,1032,1033,1033,1034,1034,1035,1035,1036,1036,1036,1037,1037,1038,1038,1038,1039,1039,1039,1039,1040,1040,1040,1040,1040,1040,1040,1040,1040,1040,1040,1040,1040,1039,1039,1039,1039,1038,1038,1038,1037,1037,1036,1036,1036,1035,1035,1034,1034,1033,1033,1032,1032,1031,1031,1030,1030,1029,1029,1028,1028,1027,1027,1027,1026,1026,1026,1025,1025,1025,1025,1024,1024,1024,1024,1024,1024,1024,1023,1023,1022,1022,1021,1021,1020,1020,1019,1019,1018,1018,1018,1017,1017,1016,1016,1016,1015,1015,1014,1014,1014,1013,1013,1013,1013,1012,1012,1012,1012,1011,1011,1011,1011,1011,1011,1010,1010,1010,1010,1010,1010,1010,1010,1010,1010,1010,1010,1010,1010,1010,1010,1010,1010,1010,1010,1010,1010,1009,1009,1009,1009,1008,1008,1007,1007,1006,1006,1005,1004,1002,1002,1007,1011,1016,1021,1025,1030,1035,1039,1044,1049,1053,1058,1049,1039,1030,1021,1012,1003,993,984,975,966,957,948,938,929,920,911,902,892,883,874,865,856,846,837,828,819,810,800,782,782,794,805,817,829,840,851,862,873,884,894,904,914,923,932,941,949,956,964,970,976,982,987,992,995,999,1002,1004,1005,1006,1006,1008,1009,1010,1011,1012,1013,1014,1015,1016,1017,1017,1018,1019,1019,1020,1020,1021,1021,1021,1022,1022,1022,1023,1023,1023,1023,1023,1024,1024,1024,1024,1024,1024,1024,1024,1024,1024,1024,1024,1024,1024,1024,1024,1024,1024,1024,1024,1024,1024,1024,1024,1024,1024,1024,1024,1024,1024,1024,1024,1024,1024,1024,1024,1024,1024,1024,1024,1024,1024,1024,1024,1024,1024,1024,1024,1024,1024,1024,1024,1024,1024,1024,1024,1024,1024,1024,1024,1024,1024,1024,1024,1024,1024,1024,1024,1024,1024,1024,1024,1024,1024,1024,1024,1024,1024,1025,1025,1025,1025,1025,1025,1025,1026,1026,1026,1026,1026,1027,1027,1027,1027,1027,1028,1028,1028,1029,1029,1029,1029,1030,1030,1030,1031,1031,1031,1032,1032,1032,1033,1033,1033,1034,1034,1034,1035,1035,1035,1036,1036,1036,1037,1037,1037,1038,1038,1038,1039,1039,1039,1040,1040,1040,1041,1041,1041,1042,1042,1042,1042,1043,1043,1043,1043,1044,1044,1044,1044,1044,1045,1045,1045,1045,1045,1045,1045,1046,1046,1046,1046,1046,1046,1046,1046,1046,1046,1046,1046,1046,1046,1046,1046,1046,1046,1046,1046,1046,1045,1045,1045,1045,1045,1045,1045,1044,1044,1044,1044,1044,1043,1043,1043,1043,1042,1042,1042,1042,1041,1041,1041,1040,1040,1040,1039,1039,1039,1038,1038,1038,1037,1037,1037,1036,1036,1036,1035,1035,1035,1034,1034,1034,1033,1033,1033,1032,1032,1032,1031,1031,1031,1030,1030,1030,1029,1029,1029,1029,1028,1028,1028,1027,1027,1027,1027,1027,1026,1026,1026,1026,1026,1025,1025,1025,1025,1025,1025,1025,1024,1024,1024,1024,1024,1024,1024,1024,1024,1024,1024,1024,1024,1024,1024,1024,1024,1024,1024,1024,1024,1024,1024,1024,1024,1024,1024,1024,1024,1024,1024,1024,1024,1024,1024,1024,1024,1024,1024,1024,1024,1024,1024,1024,1024,1024,1024,1024,1024,1024,1024,1024,1024,1024,1024,1024,1024,1024,1024,1024,1024,1024,1024,1024,1024,1024,1024,1024,1024,1024,1024,1024,1024,1024,1024,1024,1024,1024,1024,1024,1024,1024,1024,1024,1024,1024,1024,1024,1024,1024,1024,1024,1024,1024,1024,1024,1024,1024,1024,1024,1024,1024,1024,1024,1024,1024,1024,1024,1024,1024,1024,1024,1024,1024,1024,1024,1024,1024,1024,1024,1024,1024,1024,1024,1024,1024,1024,1024,1024,1024,1024,1024,1024,1024,1024,1024,1024,1024,1024,1024,1024,1024,1024,1024,1024,1024,1024,1024,1024,1024,1024,1024,1024,1024,1024,1024,1024,1024,1024,1024,1024,1024,1024,1024,1024,1024,1024,1024,1024,1024,1024,1024,1024,1024,1024,1024,1024,1024,1024,1024,1024,1024,1024,1024,1024,1024,1024,1024,1024,1024,1024,1024,1024,1024,1024,1024,1024,1024,1024,1024,1024,1024,1024,1024,1024,1024,1024,1024,1024,1024,1024,1024,1024,1024,1024,1024,1024,1025,1025,1025,1025,1026,1026,1026,1027,1027,1027,1028,1028,1029,1029,1030,1030,1031,1031,1032,1032,1033,1033,1034,1034,1035,1035,1036,1036,1036,1037,1037,1038,1038,1038,1039,1039,1039,1039,1040,1040,1040,1040,1040,1040,1040,1040,1040,1040,1040,1040,1040,1039,1039,1039,1039,1038,1038,1038,1037,1037,1036,1036,1036,1035,1035,1034,1034,1033,1033,1032,1032,1031,1031,1030,1030,1029,1029,1028,1028,1027,1027,1027,1026,1026,1026,1025,1025,1025,1025,1024,1024,1024,1024,1024,1024,1024,1023,1023,1023,1022,1022,1022,1022,1021,1021,1021,1020,1020,1020,1019,1019,1019,1019,1018,1018,1018,1017,1017,1017,1017,1016,1016,1016,1016,1015,1015,1015,1015,1014,1014,1014,1014,1013,1013,1013,1013,1013,1013,1012,1012,1012,1012,1012,1012,1011,1011,1011,1011,1011,1011,1011,1011,1011,1010,1010,1010,1010,1010,1010,1010,1010,1010,1010,1010,1010,1010,1010,1010,1010,1010,1010,1010,1010,1010,1010,1010,1010,1010,1010,1010,1010,1010,1010,1010,1010,1010,1009,1009,1009,1009,1009,1009,1008,1008,1008,1008,1007,1007,1007,1006,1006,1005,1005,1004,1003,1003,1002,1006,1010,1014,1018,1022,1026,1030,1034,1038,1042,1046,1050,1058,1058,1049,1039,1030,1021,1012,1003,993,984,975,966,957,948,938,929,920,911,902,892,883,874,865,856,846,837,828,819,810,800,791,782,794,805,817,829,840,851,862,873,884,894,904,914,923,932,941,949,956,964,970,976,982,987,992,995,999,1002,1004,1005,1006,1006,1008,1009,1010,1011,1012,1013,1014,1015,1016,1017,1017,1018,1019,1019,1020,1020,1021,1021,1021,1022,1022,1022,1023,1023,1023,1023,1023,1024,1024,1024,1024,1024,1024,1024,1024,1024,1024,1024,1024,1024,1024,1024,1024,1024,1024,1024,1024,1024,1024,1024,1024,1024,1024,1024,1024,1024,1024,1024,1024,1024,1024,1024,1024,1024,1024,1024,1024,1024,1024,1024,1024,1024,1024,1024,1024,1024,1024,1024,1024,1024,1024,1024,1024,1024,1024,1024,1024,1024,1024,1024,1024,1024,1024,1024,1024,1024,1024,1024,1024,1024,1024,1024,1024,1024,1024,1025,1025,1025,1025,1025,1025,1025,1026,1026,1026,1026,1026,1027,1027,1027,1027,1027,1028,1028,1028,1029,1029,1029,1029,1030,1030,1030,1031,1031,1031,1032,1032,1032,1033,1033,1033,1034,1034,1034,1035,1035,1035,1036,1036,1036,1037,1037,1037,1038,1038,1038,1039,1039,1039,1040,1040,1040,1041,1041,1041,1042,1042,1042,1042,1043,1043,1043,1043,1044,1044,1044,1044,1044,1045,1045,1045,1045,1045,1045,1045,1046,1046,1046,1046,1046,1046,1046,1046,1046,1046,1046,1046,1046,1046,1046,1046,1046,1046,1046,1046,1046,1045,1045,1045,1045,1045,1045,1045,1044,1044,1044,1044,1044,1043,1043,1043,1043,1042,1042,1042,1042,1041,1041,1041,1040,1040,1040,1039,1039,1039,1038,1038,1038,1037,1037,1037,1036,1036,1036,1035,1035,1035,1034,1034,1034,1033,1033,1033,1032,1032,1032,1031,1031,1031,1030,1030,1030,1029,1029,1029,1029,1028,1028,1028,1027,1027,1027,1027,1027,1026,1026,1026,1026,1026,1025,1025,1025,1025,1025,1025,1025,1024,1024,1024,1024,1024,1024,1024,1024,1024,1024,1024,1024,1024,1024,1024,1024,1024,1024,1024,1024,1024,1024,1024,1024,1024,1024,1024,1024,1024,1024,1024,1024,1024,1024,1024,1024,1024,1024,1024,1024,1024,1024,1024,1024,1024,1024,1024,1024,1024,1024,1024,1024,1024,1024,1024,1024,1024,1024,1024,1024,1024,1024,1024,1024,1024,1024,1024,1024,1024,1024,1024,1024,1024,1024,1024,1024,1024,1024,1024,1024,1024,1024,1024,1024,1024,1024,1024,1024,1024,1024,1024,1024,1024,1024,1024,1024,1024,1024,1024,1024,1024,1024,1024,1024,1024,1024,1024,1024,1024,1024,1024,1024,1024,1024,1024,1024,1024,1024,1024,1024,1024,1024,1024,1024,1024,1024,1024,1024,1024,1024,1024,1024,1024,1024,1024,1024,1024,1024,1024,1024,1024,1024,1024,1024,1024,1024,1024,1024,1024,1024,1024,1024,1024,1024,1024,1024,1024,1024,1024,1024,1024,1024,1024,1024,1024,1024,1024,1024,1024,1024,1024,1024,1024,1024,1024,1024,1024,1024,1024,1024,1024,1024,1024,1024,1024,1024,1024,1024,1024,1024,1024,1024,1024,1024,1024,1024,1024,1024,1024,1024,1024,1024,1024,1024,1024,1024,1024,1024,1024,1024,1024,1024,1024,1024,1024,1024,1024,1025,1025,1025,1025,1026,1026,1026,1027,1027,1027,1028,1028,1029,1029,1030,1030,1031,1031,1032,1032,1033,1033,1034,1034,1035,1035,1036,1036,1036,1037,1037,1038,1038,1038,1039,1039,1039,1039,1040,1040,1040,1040,1040,1040,1040,1040,1040,1040,1040,1040,1040,1039,1039,1039,1039,1038,1038,1038,1037,1037,1036,1036,1036,1035,1035,1034,1034,1033,1033,1032,1032,1031,1031,1030,1030,1029,1029,1028,1028,1027,1027,1027,1026,1026,1026,1025,1025,1025,1025,1024,1024,1024,1024,1024,1024,1024,1023,1023,1022,1022,1021,1021,1020,1020,1019,1019,1018,1018,1017,1017,1016,1016,1015,1015,1015,1014,1014,1013,1013,1013,1012,1012,1011,1011,1011,1010,1010,1010,1010,1009,1009,1009,1008,1008,1008,1008,1008,1007,1007,1007,1007,1007,1007,1007,1007,1006,1006,1006,1006,1006,1006,1006,1006,1006,1006,1006,1006,1006,1006,1006,1006,1006,1006,1006,1006,1006,1006,1006,1006,1006,1006,1006,1006,1006,1006,1006,1006,1006,1006,1006,1006,1006,1006,1006,1006,1006,1006,1006,1006,1006,1006,1006,1006,1006,1006,1006,1006,1006,1006,1006,1006,1006,1006,1006,1006,1006,1006,1006,1006,1006,1006,1006,1005,1005,1005,1005,1005,1005,1005,1005,1005,1005,1005,1005,1005,1005,1004,1004,1004,1004,1004,1004,1004,1004,1004,1003,1003,1003,1004,1004,1005,1005,1006,1007,1008,1009,1011,1012,1014,1016,1018,1020,1022,1024,1026,1029,1031,1034,1036,1039,1042,1044,1047,1050,1053,1056,1059,1049,1040,1031,1022,1013,1003,994,985,976,966,957,948,939,930,920,911,902,893,883,874,865,856,847,837,828,819,810,800,791,782,794,806,817,829,841,852,863,874,885,896,906,916,925,934,943,951,959,966,973,979,984,990,994,998,1001,1004,1006,1008,1009,1009,1010,1011,1012,1013,1014,1015,1016,1016,1017,1018,1018,1019,1019,1020,1020,1021,1021,1022,1022,1022,1022,1023,1023,1023,1023,1023,1023,1024,1024,1024,1024,1024,1024,1024,1024,1024,1024,1024,1024,1024,1024,1024,1024,1024,1024,1024,1024,1024,1024,1024,1024,1024,1024,1024,1024,1024,1024,1024,1024,1024,1024,1024,1024,1024,1024,1024,1024,1024,1024,1024,1024,1024,1024,1024,1024,1024,1024,1024,1024,1024,1024,1024,1024,1024,1024,1024,1024,1024,1024,1024,1024,1024,1024,1024,1024,1024,1024,1024,1024,1025,1025,1025,1025,1025,1025,1025,1025,1026,1026,1026,1026,1026,1027,1027,1027,1027,1028,1028,1028,1028,1029,1029,1029,1030,1030,1030,1030,1031,1031,1031,1032,1032,1032,1033,1033,1033,1034,1034,1034,1035,1035,1035,1036,1036,1036,1037,1037,1037,1038,1038,1038,1039,1039,1039,1040,1040,1040,1040,1041,1041,1041,1042,1042,1042,1042,1043,1043,1043,1043,1043,1044,1044,1044,1044,1044,1044,1045,1045,1045,1045,1045,1045,1045,1045,1045,1045,1045,1045,1045,1045,1045,1045,1045,1045,1045,1045,1045,1045,1045,1045,1045,1045,1045,1044,1044,1044,1044,1044,1044,1043,1043,1043,1043,1043,1042,1042,1042,1042,1041,1041,1041,1040,1040,1040,1040,1039,1039,1039,1038,1038,1038,1037,1037,1037,1036,1036,1036,1035,1035,1035,1034,1034,1034,1033,1033,1033,1032,1032,1032,1031,1031,1031,1030,1030,1030,1030,1029,1029,1029,1028,1028,1028,1028,1027,1027,1027,1027,1026,1026,1026,1026,1026,1025,1025,1025,1025,1025,1025,1025,1025,1024,1024,1024,1024,1024,1024,1024,1024,1024,1024,1024,1024,1024,1024,1024,1024,1024,1024,1024,1024,1024,1024,1024,1024,1024,1024,1024,1024,1024,1024,1024,1024,1024,1024,1024,1024,1024,1024,1024,1024,1024,1024,1024,1024,1024,1024,1024,1024,1024,1024,1024,1024,1024,1024,1024,1024,1024,1024,1024,1024,1024,1024,1024,1024,1024,1024,1024,1024,1024,1024,1024,1024,1024,1024,1024,1024,1024,1024,1024,1024,1024,1024,1024,1024,1024,1024,1024,1024,1024,1024,1024,1024,1024,1024,1024,1024,1024,1024,1024,1024,1024,1024,1024,1024,1024,1024,1024,1024,1024,1024,1024,1024,1024,1024,1024,1024,1024,1024,1024,1024,1024,1024,1024,1024,1024,1024,1024,1024,1024,1024,1024,1024,1024,1024,1024,1024,1024,1024,1024,1024,1024,1024,1024,1024,1024,1024,1024,1024,1024,1024,1024,1024,1024,1024,1024,1024,1024,1024,1024,1024,1024,1024,1024,1024,1024,1024,1024,1024,1024,1024,1024,1024,1024,1024,1024,1024,1024,1024,1024,1024,1024,1024,1024,1024,1024,1024,1024,1024,1024,1024,1024,1024,1024,1024,1024,1024,1024,1024,1024,1024,1024,1024,1024,1024,1024,1024,1024,1024,1024,1024,1024,1024,1024,1024,1024,1024,1024,1024,1025,1025,1025,1025,1026,1026,1026,1026,1027,1027,1027,1028,1028,1029,1029,1029,1030,1030,1031,1031,1031,1032,1032,1033,1033,1033,1034,1034,1034,1035,1035,1035,1036,1036,1036,1036,1037,1037,1037,1037,1037,1037,1037,1037,1037,1037,1037,1037,1037,1037,1037,1036,1036,1036,1036,1035,1035,1035,1034,1034,1034,1033,1033,1033,1032,1032,1031,1031,1031,1030,1030,1029,1029,1029,1028,1028,1027,1027,1027,1026,1026,1026,1026,1025,1025,1025,1025,1024,1024,1024,1024,1024,1024,1024,1024,1024,1023,1023,1023,1023,1023,1023,1022,1022,1022,1022,1022,1022,1021,1021,1021,1021,1021,1021,1020,1020,1020,1020,1020,1020,1019,1019,1019,1019,1019,1019,1019,1018,1018,1018,1018,1018,1018,1017,1017,1017,1017,1017,1017,1017,1016,1016,1016,1016,1016,1016,1015,1015,1015,1015,1015,1015,1015,1015,1014,1014,1014,1014,1014,1014,1014,1013,1013,1013,1013,1013,1013,1013,1013,1012,1012,1012,1012,1012,1012,1012,1012,1012,1011,1011,1011,1011,1011,1011,1011,1011,1011,1011,1010,1010,1010,1010,1010,1010,1010,1010,1010,1010,1010,1010,1009,1009,1009,1009,1009,1009,1009,1009,1009,1009,1009,1009,1009,1009,1009,1009,1008,1008,1008,1008,1008,1008,1008,1008,1008,1008,1008,1008,1008,1008,1008,1008,1008,1008,1008,1008,1008,1008,1008,1008,1008,1008,1008,1008,1008,1008,1008,1008,1008,1008,1008,1008,1008,1008,1008,1008,1008,1008,1008,1008,1008,1008,1008,1008,1008,1007,1007,1007,1007,1007,1007,1007,1007,1007,1007,1007,1007,1007,1007,1007,1007,1007,1006,1006,1006,1006,1006,1006,1006,1005,1005,1005,1006,1006,1007,1008,1008,1010,1011,1012,1014,1015,1017,1019,1021,1023,1025,1027,1029,1032,1034,1037,1039,1042,1045,1047,1050,1053,1059,1059,1049,1040,1031,1022,1013,1003,994,985,976,966,957,948,939,930,920,911,902,893,883,874,865,856,847,837,828,819,810,800,791,782,794,806,817,829,840,852,863,874,884,895,905,915,924,933,942,950,958,965,971,978,983,988,993,997,1000,1003,1005,1007,1008,1008,1009,1010,1011,1012,1013,1014,1015,1016,1016,1017,1018,1018,1019,1020,1020,1021,1021,1021,1022,1022,1022,1023,1023,1023,1023,1023,1023,1024,1024,1024,1024,1024,1024,1024,1024,1024,1024,1024,1024,1024,1024,1024,1024,1024,1024,1024,1024,1024,1024,1024,1024,1024,1024,1024,1024,1024,1024,1024,1024,1024,1024,1024,1024,1024,1024,1024,1024,1024,1024,1024,1024,1024,1024,1024,1024,1024,1024,1024,1024,1024,1024,1024,1024,1024,1024,1024,1024,1024,1024,1024,1024,1024,1024,1024,1024,1024,1024,1024,1024,1024,1024,1024,1024,1025,1025,1025,1025,1025,1025,1025,1026,1026,1026,1026,1026,1027,1027,1027,1027,1027,1028,1028,1028,1029,1029,1029,1029,1030,1030,1030,1031,1031,1031,1032,1032,1032,1033,1033,1033,1034,1034,1034,1035,1035,1035,1036,1036,1036,1037,1037,1037,1038,1038,1038,1039,1039,1039,1040,1040,1040,1041,1041,1041,1042,1042,1042,1042,1043,1043,1043,1043,1044,1044,1044,1044,1044,1045,1045,1045,1045,1045,1045,1045,1046,1046,1046,1046,1046,1046,1046,1046,1046,1046,1046,1046,1046,1046,1046,1046,1046,1046,1046,1046,1046,1045,1045,1045,1045,1045,1045,1045,1044,1044,1044,1044,1044,1043,1043,1043,1043,1042,1042,1042,1042,1041,1041,1041,1040,1040,1040,1039,1039,1039,1038,1038,1038,1037,1037,1037,1036,1036,1036,1035,1035,1035,1034,1034,1034,1033,1033,1033,1032,1032,1032,1031,1031,1031,1030,1030,1030,1029,1029,1029,1029,1028,1028,1028,1027,1027,1027,1027,1027,1026,1026,1026,1026,1026,1025,1025,1025,1025,1025,1025,1025,1024,1024,1024,1024,1024,1024,1024,1024,1024,1024,1024,1024,1024,1024,1024,1024,1024,1024,1024,1024,1024,1024,1024,1024,1024,1024,1024,1024,1024,1024,1024,1024,1024,1024,1024,1024,1024,1024,1024,1024,1024,1024,1024,1024,1024,1024,1024,1024,1024,1024,1024,1024,1024,1024,1024,1024,1024,1024,1024,1024,1024,1024,1024,1024,1024,1024,1024,1024,1024,1024,1024,1024,1024,1024,1024,1024,1024,1024,1024,1024,1024,1024,1024,1024,1024,1024,1024,1024,1024,1024,1024,1024,1024,1024,1024,1024,1024,1024,1024,1024,1024,1024,1024,1024,1024,1024,1024,1024,1024,1024,1024,1024,1024,1024,1024,1024,1024,1024,1024,1024,1024,1024,1024,1024,1024,1024,1024,1024,1024,1024,1024,1024,1024,1024,1024,1024,1024,1024,1024,1024,1024,1024,1024,1024,1024,1024,1024,1024,1024,1024,1024,1024,1024,1024,1024,1024,1024,1024,1024,1024,1024,1024,1024,1024,1024,1024,1024,1024,1024,1024,1024,1024,1024,1024,1024,1024,1024,1024,1024,1024,1024,1024,1024,1024,1024,1024,1024,1024,1024,1024,1024,1024,1024,1024,1024,1024,1024,1024,1024,1024,1024,1024,1024,1024,1024,1024,1024,1024,1024,1024,1024,1024,1024,1024,1024,1024,1024,1024,1025,1025,1025,1025,1026,1026,1026,1027,1027,1027,1028,1028,1028,1029,1029,1030,1030,1031,1031,1032,1032,1032,1033,1033,1034,1034,1035,1035,1035,1036,1036,1036,1037,1037,1037,1037,1038,1038,1038,1038,1038,1038,1038,1038,1038,1038,1038,1038,1038,1038,1038,1037,1037,1037,1037,1036,1036,1036,1035,1035,1035,1034,1034,1033,1033,1032,1032,1032,1031,1031,1030,1030,1029,1029,1028,1028,1028,1027,1027,1027,1026,1026,1026,1025,1025,1025,1025,1024,1024,1024,1024,1024,1024,1024,1024,1024,1024,1024,1024,1024,1024,1024,1024,1024,1024,1024,1024,1024,1024,1024,1024,1024,1024,1024,1024,1024,1024,1024,1024,1024,1024,1024,1024,1024,1024,1024,1024,1024,1024,1024,1024,1024,1024,1024,1024,1024,1024,1024,1024,1024,1024,1024,1024,1024,1024,1024,1024,1024,1024,1024,1024,1024,1024,1024,1024,1024,1024,1024,1024,1024,1024,1024,1024,1024,1024,1024,1024,1024,1024,1024,1024,1024,1024,1024,1024,1024,1024,1024,1024,1024,1024,1024,1024,1024,1024,1024,1024,1024,1024,1024,1024,1024,1024,1024,1024,1024,1024,1024,1024,1024,1024,1024,1024,1024,1024,1024,1024,1024,1024,1024,1024,1024,1024,1024,1024,1024,1024,1024,1024,1024,1024,1024,1024,1024,1024,1024,1024,1024,1024,1024,1024,1024,1024,1024,1024,1024,1024,1024,1024,1024,1024,1024,1024,1024,1024,1024,1024,1024,1024,1024,1024,1024,1024,1024,1024,1024,1024,1024,1024,1024,1024,1024,1024,1024,1024,1024,1024,1024,1024,1024,1024,1024,1024,1024,1024,1024,1024,1024,1024,1024,1024,1024,1024,1024,1024,1024,1024,1024,1024,1024,1024,1024,1024,1024,1024

lead:aVF
count:3536
points:1024,1024,1024,1025,1025,1026,1027,1028,1029,1030,1031,1033,1035,1036,1038,1040,1042,1044,1046,1049,1051,1053,1056,1058,1061,1063,1066,1068,1070,1073,1075,1078,1080,1082,1084,1086,1088,1090,1092,1093,1095,1096,1097,1099,1099,1100,1101,1102,1102,1102,1102,1102,1102,1102,1101,1100,1099,1099,1097,1096,1095,1093,1092,1090,1088,1086,1084,1082,1080,1078,1075,1073,1070,1068,1066,1063,1061,1058,1056,1053,1051,1049,1046,1044,1042,1040,1038,1036,1035,1033,1031,1030,1029,1028,1027,1026,1025,1025,1024,1024,1024,1024,1023,1023,1023,1022,1022,1022,1022,1021,1021,1021,1020,1020,1020,1020,1019,1019,1019,1019,1018,1018,1018,1018,1018,1017,1017,1017,1017,1017,1016,1016,1016,1016,1016,1016,1016,1016,1015,1015,1015,1015,1015,1015,1015,1015,1015,1015,1015,1015,1015,1015,1015,1015,1015,1015,1014,1014,1014,1014,1014,1013,1013,1013,1012,1012,1012,1011,1011,1010,1009,1009,1008,1003,1003,1003,1001,999,996,992,987,980,973,966,957,947,936,960,983,1007,1031,1054,1078,1102,1125,1149,1173,1196,1220,1244,1267,1291,1315,1338,1362,1386,1409,1433,1457,1480,1504,1528,1551,1575,1599,1646,1646,1615,1583,1552,1521,1490,1460,1431,1401,1373,1345,1319,1293,1268,1244,1221,1199,1179,1160,1142,1125,1110,1097,1085,1074,1065,1058,1052,1048,1045,1045,1043,1041,1039,1037,1036,1034,1033,1032,1030,1029,1028,1027,1026,1025,1025,1024,1023,1023,1022,1021,1021,1021,1020,1020,1019,1019,1019,1019,1019,1019,1018,1018,1018,1018,1018,1018,1018,1018,1018,1018,1018,1019,1019,1020,1020,1021,1021,1021,1022,1022,1023,1023,1023,1024,1024,1025,1025,1025,1026,1026,1027,1027,1027,1028,1028,1029,1029,1030,1030,1030,1031,1031,1032,1032,1032,1033,1033,1034,1034,1034,1035,1035,1036,1036,1036,1037,1037,1038,1038,1038,1039,1039,1040,1040,1041,1041,1041,1041,1041,1041,1041,1042,1042,1042,1042,1043,1043,1044,1044,1044,1045,1046,1046,1047,1047,1048,1049,1050,1050,1051,1052,1053,1054,1054,1055,1056,1057,1058,1059,1060,1061,1062,1063,1065,1066,1067,1068,1069,1070,1071,1072,1074,1075,1076,1077,1078,1079,1081,1082,1083,1084,1085,1086,1088,1089,1090,1091,1092,1093,1094,1095,1096,1097,1098,1099,1100,1101,1102,1103,1104,1105,1106,1106,1107,1108,1109,1109,1110,1110,1111,1112,1112,1113,1113,1113,1114,1114,1114,1115,1115,1115,1115,1115,1116,1116,1116,1116,1116,1115,1115,1115,1115,1115,1114,1114,1113,1113,1112,1112,1111,1111,1110,1109,1109,1108,1107,1106,1105,1104,1103,1102,1101,1100,1099,1098,1097,1096,1094,1093,1092,1091,1089,1088,1087,1085,1084,1083,1081,1080,1078,1077,1076,1074,1073,1071,1070,1068,1067,1066,1064,1063,1061,1060,1058,1057,1056,1054,1053,1052,1050,1049,1048,1046,1045,1044,1043,1042,1041,1040,1038,1037,1036,1035,1035,1034,1033,1032,1031,1030,1030,1029,1028,1028,1027,1027,1026,1026,1025,1025,1025,1025,1024,1024,1024,1024,1024,1024,1024,1024,1024,1024,1024,1024,1024,1024,1024,1024,1024,1024,1024,1024,1024,1024,1024,1024,1024,1024,1024,1024,1024,1024,1024,1024,1024,1024,1024,1024,1024,1024,1024,1024,1024,1024,1024,1024,1024,1024,1024,1024,1024,1024,1024,1024,1024,1024,1024,1024,1024,1024,1024,1024,1024,1024,1024,1024,1024,1024,1024,1024,1024,1024,1024,1024,1024,1024,1024,1024,1024,1024,1024,1024,1024,1024,1024,1024,1024,1024,1024,1024,1024,1024,1024,1024,1024,1024,1024,1024,1024,1024,1024,1024,1024,1024,1024,1024,1024,1024,1024,1024,1024,1024,1024,1024,1024,1024,1024,1024,1024,1024,1024,1024,1024,1024,1024,1024,1024,1024,1024,1024,1024,1024,1024,1024,1024,1024,1024,1024,1024,1024,1024,1024,1024,1024,1024,1024,1024,1024,1024,1024,1024,1024,1024,1024,1024,1024,1024,1024,1024,1024,1024,1024,1024,1024,1024,1024,1024,1024,1024,1024,1024,1024,1024,1024,1024,1024,1024,1024,1024,1024,1024,1024,1024,1024,1024,1024,1024,1024,1024,1024,1024,1024,1024,1024,1024,1024,1024,1024,1024,1024,1024,1024,1024,1024,1024,1024,1024,1024,1024,1024,1024,1025,1025,1026,1027,1028,1029,1030,1031,1033,1035,1036,1038,1040,1042,1044,1046,1049,1051,1053,1056,1058,1061,1063,1066,1068,1070,1073,1075,1078,1080,1082,1084,1086,1088,1090,1092,1093,1095,1096,1097,1099,1099,1100,1101,1102,1102,1102,1102,1102,1102,1102,1101,1100,1099,1099,1097,1096,1095,1093,1092,1090,1088,1086,1084,1082,1080,1078,1075,1073,1070,1068,1066,1063,1061,1058,1056,1053,1051,1049,1046,1044,1042,1040,1038,1036,1035,1033,1031,1030,1029,1028,1027,1026,1025,1025,1024,1024,1024,1024,1024,1023,1023,1023,1023,1023,1022,1022,1022,1022,1022,1021,1021,1021,1021,1021,1021,1020,1020,1020,1020,1020,1019,1019,1019,1019,1019,1019,1018,1018,1018,1018,1018,1018,1018,1017,1017,1017,1017,1017,1017,1017,1017,1016,1016,1016,1016,1016,1016,1016,1016,1016,1016,1016,1016,1016,1015,1015,1015,1015,1015,1015,1015,1015,1015,1015,1015,1015,1015,1015,1015,1015,1015,1015,1015,1015,1015,1015,1015,1015,1015,1015,1015,1015,1015,1015,1015,1015,1015,1014,1014,1014,1014,1014,1013,1013,1013,1012,1012,1012,1011,1011,1010,1009,1009,1008,1007,1006,1005,1004,1003,1003,1002,1000,997,993,989,984,978,972,965,958,951,936,936,960,983,1007,1031,1054,1078,1102,1125,1149,1173,1196,1220,1244,1267,1291,1315,1338,1362,1386,1409,1433,1457,1480,1504,1528,1551,1575,1599,1622,1646,1615,1583,1552,1521,1490,1460,1431,1401,1373,1345,1319,1293,1268,1244,1221,1199,1179,1160,1142,1125,1110,1097,1085,1074,1065,1058,1052,1048,1046,1045,1043,1041,1039,1037,1036,1034,1033,1032,1030,1029,1028,1027,1026,1025,1025,1024,1023,1023,1022,1021,1021,1021,1020,1020,1019,1019,1019,1019,1019,1019,1018,1018,1018,1018,1018,1018,1018,1018,1018,1018,1019,1019,1019,1020,1020,1021,1021,1021,1022,1022,1023,1023,1024,1024,1024,1025,1025,1026,1026,1027,1027,1027,1028,1028,1029,1029,1029,1030,1030,1031,1031,1032,1032,1032,1033,1033,1034,1034,1035,1035,1035,1036,1036,1037,1037,1038,1038,1038,1039,1039,1040,1040,1040,1041,1041,1042,1042,1042,1042,1042,1042,1042,1043,1043,1043,1044,1044,1044,1045,1045,1046,1046,1047,1047,1048,1049,1049,1050,1051,1052,1053,1053,1054,1055,1056,1057,1058,1059,1060,1061,1062,1063,1064,1065,1066,1067,1068,1069,1071,1072,1073,1074,1075,1076,1078,1079,1080,1081,1082,1083,1084,1086,1087,1088,1089,1090,1091,1092,1093,1094,1095,1096,1097,1098,1099,1100,1101,1102,1103,1104,1105,1106,1106,1107,1108,1109,1109,1110,1110,1111,1112,1112,1113,1113,1113,1114,1114,1114,1115,1115,1115,1115,1115,1116,1116,1116,1116,1116,1115,1115,1115,1115,1115,1114,1114,1113,1113,1112,1112,1111,1111,1110,1109,1109,1108,1107,1106,1105,1104,1103,1102,1101,1100,1099,1098,1097,1096,1094,1093,1092,1091,1089,1088,1087,1085,1084,1083,1081,1080,1078,1077,1076,1074,1073,1071,1070,1068,1067,1066,1064,1063,1061,1060,1058,1057,1056,1054,1053,1052,1050,1049,1048,1046,1045,1044,1043,1042,1041,1040,1038,1037,1036,1035,1035,1034,1033,1032,1031,1030,1030,1029,1028,1028,1027,1027,1026,1026,1025,1025,1025,1025,1024,1024,1024,1024,1024,1024,1024,1024,1024,1024,1024,1024,1024,1024,1024,1024,1024,1024,1024,1024,1024,1024,1024,1024,1024,1024,1024,1024,1024,1024,1024,1024,1024,1024,1024,1024,1024,1024,1024,1024,1024,1024,1024,1024,1024,1024,1024,1024,1024,1024,1024,1024,1024,1024,1024,1024,1024,1024,1024,1024,1024,1024,1024,1024,1024,1024,1024,1024,1024,1024,1024,1024,1024,1024,1024,1024,1024,1024,1024,1024,1024,1024,1024,1024,1024,1024,1024,1024,1024,1024,1024,1024,1024,1024,1024,1024,1024,1024,1024,1024,1024,1024,1024,1024,1024,1024,1024,1024,1024,1024,1024,1024,1024,1024,1024,1024,1024,1024,1024,1024,1024,1024,1024,1024,1024,1024,1024,1024,1024,1024,1024,1024,1024,1024,1024,1024,1024,1024,1024,1024,1024,1024,1024,1024,1024,1024,1024,1024,1024,1024,1024,1024,1024,1024,1024,1024,1024,1024,1024,1024,1024,1024,1024,1024,1024,1024,1024,1024,1024,1024,1024,1024,1024,1024,1024,1024,1024,1024,1024,1024,1024,1024,1024,1024,1024,1024,1024,1024,1024,1024,1024,1024,1024,1024,1024,1024,1024,1024,1024,1024,1024,1024,1024,1024,1024,1024,1024,1024,1024,1025,1025,1026,1027,1028,1029,1030,1031,1033,1035,1036,1038,1040,1042,1044,1046,1049,1051,1053,1056,1058,1061,1063,1066,1068,1070,1073,1075,1078,1080,1082,1084,1086,1088,1090,1092,1093,1095,1096,1097,1099,1099,1100,1101,1102,1102,1102,1102,1102,1102,1102,1101,1100,1099,1099,1097,1096,1095,1093,1092,1090,1088,1086,1084,1082,1080,1078,1075,1073,1070,1068,1066,1063,1061,1058,1056,1053,1051,1049,1046,1044,1042,1040,1038,1036,1035,1033,1031,1030,1029,1028,1027,1026,1025,1025,1024,1024,1024,1024,1024,1025,1025,1025,1025,1026,1026,1026,1026,1027,1027,1027,1027,1028,1028,1028,1028,1029,1029,1029,1029,1029,1030,1030,1030,1030,1030,1030,1031,1031,1031,1031,1031,1031,1032,1032,1032,1032,1032,1032,1032,1032,1032,1032,1033,1033,1033,1033,1033,1033,1033,1033,1033,1033,1033,1033,1032,1032,1032,1031,1031,1031,1030,1030,1030,1029,1029,1029,1028,1028,1028,1027,1027,1027,1027,1026,1026,1026,1025,1025,1025,1024,1024,1024,1023,1023,1023,1022,1022,1022,1021,1021,1021,1021,1020,1020,1020,1019,1019,1019,1018,1018,1018,1017,1017,1017,1016,1016,1016,1015,1015,1015,1015,1014,1014,1014,1013,1013,1013,1012,1012,1012,1011,1011,1011,1010,1010,1010,1009,1009,1009,1009,1008,1008,1008,1007,1007,1007,1006,1006,1006,1006,1006,1006,1006,1005,1005,1005,1004,1004,1003,1002,1001,1000,998,997,995,993,990,988,985,981,978,974,969,965,959,954,948,941,935,958,982,1006,1029,1053,1077,1101,1124,1148,1172,1195,1219,1243,1267,1290,1314,1338,1361,1385,1409,1433,1456,1480,1504,1527,1551,1575,1599,1622,1646,1615,1583,1552,1521,1490,1460,1430,1401,1373,1345,1318,1292,1267,1243,1221,1199,1178,1159,1141,1125,1110,1096,1084,1074,1065,1057,1052,1048,1044,1044,1042,1041,1039,1037,1036,1035,1033,1032,1031,1030,1029,1028,1027,1026,1025,1024,1024,1023,1023,1022,1022,1021,1021,1021,1020,1020,1020,1020,1019,1019,1019,1019,1019,1019,1019,1019,1019,1019,1019,1019,1019,1020,1020,1021,1021,1021,1022,1022,1023,1023,1023,1024,1024,1025,1025,1025,1026,1026,1027,1027,1027,1028,1028,1029,1029,1030,1030,1030,1031,1031,1032,1032,1032,1033,1033,1034,1034,1034,1035,1035,1036,1036,1036,1037,1037,1038,1038,1039,1039,1039,1039,1039,1040,1040,1040,1040,1040,1041,1041,1041,1042,1042,1043,1043,1044,1044,1045,1045,1046,1047,1047,1048,1049,1050,1051,1052,1052,1053,1054,1055,1056,1057,1058,1059,1061,1062,1063,1064,1065,1066,1067,1068,1070,1071,1072,1073,1074,1076,1077,1078,1079,1081,1082,1083,1084,1085,1087,1088,1089,1090,1091,1092,1093,1095,1096,1097,1098,1099,1100,1101,1102,1103,1104,1105,1105,1106,1107,1108,1109,1109,1110,1111,1111,1112,1113,1113,1114,1114,1115,1115,1115,1116,1116,1116,1116,1116,1117,1117,1117,1117,1117,1117,1117,1116,1116,1116,1116,1115,1115,1115,1114,1114,1113,1112,1112,1111,1110,1110,1109,1108,1107,1106,1105,1104,1103,1102,1101,1100,1099,1098,1096,1095,1094,1093,1091,1090,1089,1087,1086,1085,1083,1082,1081,1079,1078,1076,1075,1073,1072,1070,1069,1067,1066,1065,1063,1062,1060,1059,1057,1056,1055,1053,1052,1051,1049,1048,1047,1046,1044,1043,1042,1041,1040,1039,1038,1037,1036,1035,1034,1033,1032,1031,1030,1030,1029,1028,1028,1027,1027,1026,1026,1025,1025,1025,1025,1024,1024,1024,1024,1024,1024,1024,1024,1024,1024,1024,1024,1024,1024,1024,1024,1024,1024,1024,1024,1024,1024,1024,1024,1024,1024,1024,1024,1024,1024,1024,1024,1024,1024,1024,1024,1024,1024,1024,1024,1024,1024,1024,1024,1024,1024,1024,1024,1024,1024,1024,1024,1024,1024,1024,1024,1024,1024,1024,1024,1024,1024,1024,1024,1024,1024,1024,1024,1024,1024,1024,1024,1024,1024,1024,1024,1024,1024,1024,1024,1024,1024,1024,1024,1024,1024,1024,1024,1024,1024,1024,1024,1024,1024,1024,1024,1024,1024,1024,1024,1024,1024,1024,1024,1024,1024,1024,1024,1024,1024,1024,1024,1024,1024,1024,1024,1024,1024,1024,1024,1024,1024,1024,1024,1024,1024,1024,1024,1024,1024,1024,1024,1024,1024,1024,1024,1024,1024,1024,1024,1024,1024,1024,1024,1024,1024,1024,1024,1024,1024,1024,1024,1024,1024,1024,1024,1024,1024,1024,1024,1024,1024,1024,1024,1024,1024,1024,1024,1024,1024,1024,1024,1024,1024,1024,1024,1024,1024,1024,1024,1024,1024,1024,1024,1024,1024,1024,1024,1024,1024,1024,1024,1024,1024,1024,1024,1024,1024,1024,1024,1024,1024,1024,1024,1024,1024,1024,1024,1024,1025,1025,1026,1027,1028,1029,1030,1032,1033,1035,1036,1038,1040,1042,1044,1047,1049,1051,1054,1056,1059,1061,1064,1066,1068,1071,1073,1076,1078,1080,1083,1085,1087,1089,1091,1092,1094,1095,1097,1098,1099,1100,1101,1102,1102,1103,1103,1103,1103,1103,1102,1102,1101,1100,1099,1098,1097,1095,1094,1092,1091,1089,1087,1085,1083,1080,1078,1076,1073,1071,1068,1066,1064,1061,1059,1056,1054,1051,1049,1047,1044,1042,1040,1038,1036,1035,1033,1032,1030,1029,1028,1027,1026,1025,1025,1024,1024,1024,1024,1024,1024,1024,1023,1023,1023,1023,1023,1023,1023,1023,1023,1023,1022,1022,1022,1022,1022,1022,1022,1022,1022,1022,1021,1021,1021,1021,1021,1021,1021,1021,1021,1021,1021,1020,1020,1020,1020,1020,1020,1020,1020,1020,1020,1020,1019,1019,1019,1019,1019,1019,1019,1019,1019,1019,1019,1018,1018,1018,1018,1018,1018,1018,1018,1018,1018,1018,1018,1018,1017,1017,1017,1017,1017,1017,1017,1017,1017,1017,1017,1017,1017,1017,1016,1016,1016,1016,1016,1016,1016,1016,1016,1016,1016,1016,1016,1016,1016,1016,1016,1016,1015,1015,1015,1015,1015,1015,1015,1015,1015,1015,1015,1015,1015,1015,1015,1015,1015,1015,1015,1015,1015,1015,1015,1015,1015,1015,1015,1015,1015,1015,1014,1014,1014,1014,1014,1014,1014,1014,1014,1014,1014,1014,1014,1014,1014,1014,1014,1014,1014,1014,1014,1014,1014,1014,1014,1014,1014,1014,1014,1014,1014,1014,1014,1014,1014,1013,1013,1013,1013,1013,1013,1013,1013,1012,1012,1012,1012,1012,1012,1011,1011,1011,1011,1010,1010,1010,1009,1009,1009,1008,1008,1007,1007,1006,1003,1003,1002,1002,1002,1001,1000,999,998,997,995,994,992,990,988,986,983,980,977,974,971,968,964,961,957,953,948,944,935,935,958,982,1006,1029,1053,1077,1101,1124,1148,1172,1195,1219,1243,1267,1290,1314,1338,1361,1385,1409,1433,1456,1480,1504,1527,1551,1575,1599,1622,1646,1614,1583,1552,1520,1490,1459,1430,1400,1372,1344,1317,1291,1266,1242,1219,1197,1177,1157,1139,1123,1108,1094,1082,1072,1063,1055,1049,1045,1042,1042,1040,1039,1037,1036,1034,1033,1032,1031,1030,1029,1028,1027,1026,1025,1025,1024,1023,1023,1022,1022,1021,1021,1021,1020,1020,1020,1020,1020,1019,1019,1019,1019,1019,1019,1019,1019,1019,1019,1019,1019,1019,1020,1020,1021,1021,1021,1022,1022,1023,1023,1024,1024,1024,1025,1025,1026,1026,1026,1027,1027,1028,1028,1029,1029,1029,1030,1030,1031,1031,1032,1032,1032,1033,1033,1034,1034,1035,1035,1035,1036,1036,1037,1037,1038,1038,1038,1039,1039,1040,1040,1040,1041,1041,1042,1042,1042,1042,1042,1042,1042,1043,1043,1043,1044,1044,1044,1045,1045,1046,1046,1047,1047,1048,1049,1049,1050,1051,1052,1053,1053,1054,1055,1056,1057,1058,1059,1060,1061,1062,1063,1064,1065,1066,1067,1068,1069,1071,1072,1073,1074,1075,1076,1078,1079,1080,1081,1082,1083,1084,1086,1087,1088,1089,1090,1091,1092,1093,1094,1095,1096,1097,1098,1099,1100,1101,1102,1103,1104,1105,1106,1106,1107,1108,1109,1109,1110,1110,1111,1112,1112,1113,1113,1113,1114,1114,1114,1115,1115,1115,1115,1115,1116,1116,1116,1116,1116,1115,1115,1115,1115,1115,1114,1114,1113,1113,1112,1112,1111,1111,1110,1109,1109,1108,1107,1106,1105,1104,1103,1102,1101,1100,1099,1098,1097,1096,1094,1093,1092,1091,1089,1088,1087,1085,1084,1083,1081,1080,1078,1077,1076,1074,1073,1071,1070,1068,1067,1066,1064,1063,1061,1060,1058,1057,1056,1054,1053,1052,1050,1049,1048,1046,1045,1044,1043,1042,1041,1040,1038,1037,1036,1035,1035,1034,1033,1032,1031,1030,1030,1029,1028,1028,1027,1027,1026,1026,1025,1025,1025,1025,1024,1024,1024,1024,1024,1024,1024,1024,1024,1024,1024,1024,1024,1024,1024,1024,1024,1024,1024,1024,1024,1024,1024,1024,1024,1024,1024,1024,1024,1024,1024,1024,1024,1024,1024,1024,1024,1024,1024,1024,1024,1024,1024,1024,1024,1024,1024,1024,1024,1024,1024,1024,1024,1024,1024,1024,1024,1024,1024,1024,1024,1024,1024,1024,1024,1024,1024,1024,1024,1024,1024,1024,1024,1024,1024,1024,1024,1024,1024,1024,1024,1024,1024,1024,1024,1024,1024,1024,1024,1024,1024,1024,1024,1024,1024,1024,1024,1024,1024,1024,1024,1024,1024,1024,1024,1024,1024,1024,1024,1024,1024,1024,1024,1024,1024,1024,1024,1024,1024,1024,1024,1024,1024,1024,1024,1024,1024,1024,1024,1024,1024,1024,1024,1024,1024,1024,1024,1024,1024,1024,1024,1024,1024,1024,1024,1024,1024,1024,1024,1024,1024,1024,1024,1024,1024,1024,1024,1024,1024,1024,1024,1024,1024,1024,1024,1024,1024,1024,1024,1024,1024,1024,1024,1024,1024,1024,1024,1024,1024,1024,1024,1024,1024,1024,1024,1024,1024,1024,1024,1024,1024,1024,1024,1024,1024,1024,1024,1024,1024,1024,1024,1024,1024,1024,1024,1024,1024,1024,1024,1025,1025,1026,1027,1028,1029,1030,1031,1033,1034,1036,1038,1040,1042,1044,1046,1048,1050,1053,1055,1058,1060,1062,1065,1067,1070,1072,1074,1076,1079,1081,1083,1085,1087,1089,1090,1092,1093,1095,1096,1097,1098,1099,1099,1100,1100,1101,1101,1101,1100,1100,1099,1099,1098,1097,1096,1095,1093,1092,1090,1089,1087,1085,1083,1081,1079,1076,1074,1072,1070,1067,1065,1062,1060,1058,1055,1053,1050,1048,1046,1044,1042,1040,1038,1036,1034,1033,1031,1030,1029,1028,1027,1026,1025,1025,1024,1024,1024,1024,1024,1024,1024,1024,1024,1024,1024,1024,1024,1024,1024,1024,1024,1024,1024,1024,1024,1024,1024,1024,1024,1024,1024,1024,1024,1024,1024,1024,1024,1024,1024,1024,1024,1024,1024,1024,1024,1024,1024,1024,1024,1024,1024,1024,1024,1024,1024,1024,1024,1024,1024,1024,1024,1024,1024,1024,1024,1024,1024,1024,1024,1024,1024,1024,1024,1024,1024,1024,1024,1024,1024,1024,1024,1024,1024,1024,1024,1024,1024,1024,1024,1024,1024,1024,1024,1024,1024,1024,1024,1024,1024,1024,1024,1024,1024,1024,1024,1024,1024,1024,1024,1024,1024,1024,1024,1024,1024,1024,1024,1024,1024,1024,1024,1024,1024,1024,1024,1024,1024,1024,1024,1024,1024,1024,1024,1024,1024,1024,1024,1024,1024,1024,1024,1024,1024,1024,1024,1024,1024,1024,1024,1024,1024,1024,1024,1024,1024,1024,1024,1024,1024,1024,1024,1024,1024,1024,1024,1024,1024,1024,1024,1024,1024,1024,1024,1024,1024,1024,1024,1024,1024,1024,1024,1024,1024,1024,1024,1024,1024,1024,1024,1024,1024,1024,1024,1024,1024,1024,1024,1024,1024,1024,1024,1024,1024,1024,1024,1024,1024,1024

lead:V1
count:3536
points:1024,1024,1024,1024,1024,1024,1024,1024,1024,1024,1024,1023,1023,1023,1023,1023,1023,1023,1023,1023,1022,1022,1022,1022,1022,1022,1022,1022,1022,1021,1021,1021,1021,1021,1021,1021,1021,1021,1021,1021,1021,1020,1019,1018,1016,1015,1014,1013,1012,1011,1010,1008,1007,1006,1005,1004,1003,1002,1000,999,998,998,998,998,999,999,1000,1000,1001,1001,1002,1003,1003,1004,1005,1006,1007,1008,1009,1010,1011,1012,1013,1014,1015,1016,1017,1018,1019,1019,1020,1021,1022,1022,1023,1023,1023,1024,1024,1024,1024,1024,1024,1025,1025,1025,1025,1025,1026,1026,1026,1026,1026,1027,1027,1027,1027,1027,1027,1028,1028,1028,1028,1028,1028,1028,1029,1029,1029,1029,1029,1029,1029,1029,1029,1029,1029,1030,1030,1030,1030,1030,1030,1030,1030,1030,1030,1030,1030,1030,1030,1030,1030,1030,1030,1030,1030,1030,1030,1030,1030,1031,1031,1031,1031,1032,1032,1033,1034,1034,1035,1036,1037,1040,1040,1040,1040,1042,1043,1045,1047,1050,1053,1056,1059,1062,1065,1071,1077,1082,1088,1094,1100,1105,1111,1117,1122,1128,1134,1139,1145,1151,1156,1162,1168,1173,1179,1185,1190,1196,1202,1208,1213,1219,1225,1236,1236,1198,1160,1123,1086,1049,1012,977,942,908,874,842,811,781,752,725,699,674,651,629,610,592,575,561,548,537,529,522,517,513,513,551,587,621,653,684,713,740,766,790,813,834,854,872,889,905,920,933,945,957,967,976,984,992,999,1004,1010,1014,1018,1021,1024,1026,1028,1029,1030,1031,1031,1032,1032,1032,1032,1032,1032,1032,1033,1033,1033,1033,1033,1033,1034,1034,1034,1034,1034,1034,1035,1035,1035,1035,1035,1036,1036,1036,1036,1036,1036,1037,1037,1037,1037,1037,1038,1038,1038,1038,1038,1038,1039,1039,1039,1039,1039,1040,1040,1040,1040,1040,1040,1041,1041,1041,1041,1041,1041,1042,1042,1042,1042,1042,1042,1042,1042,1042,1042,1042,1042,1042,1042,1042,1042,1042,1042,1042,1042,1043,1043,1043,1043,1043,1043,1043,1043,1043,1043,1043,1043,1044,1044,1044,1044,1044,1044,1044,1044,1044,1045,1045,1045,1045,1045,1045,1045,1045,1046,1046,1046,1046,1046,1046,1046,1046,1047,1047,1047,1047,1047,1047,1047,1047,1047,1048,1048,1048,1048,1048,1048,1048,1048,1048,1048,1049,1049,1049,1049,1049,1049,1049,1049,1049,1049,1049,1049,1049,1049,1049,1050,1050,1050,1050,1050,1050,1050,1050,1050,1050,1050,1050,1050,1050,1050,1050,1049,1049,1049,1049,1049,1049,1049,1049,1048,1048,1048,1048,1048,1047,1047,1047,1047,1046,1046,1046,1046,1045,1045,1045,1044,1044,1044,1043,1043,1043,1042,1042,1042,1041,1041,1040,1040,1040,1039,1039,1038,1038,1038,1037,1037,1036,1036,1036,1035,1035,1034,1034,1034,1033,1033,1032,1032,1032,1031,1031,1031,1030,1030,1030,1029,1029,1029,1028,1028,1028,1027,1027,1027,1027,1026,1026,1026,1026,1026,1025,1025,1025,1025,1025,1025,1025,1024,1024,1024,1024,1024,1024,1024,1024,1024,1024,1024,1024,1024,1024,1024,1024,1024,1024,1024,1024,1024,1024,1024,1024,1024,1024,1024,1024,1024,1024,1024,1024,1024,1024,1024,1024,1024,1024,1024,1024,1024,1024,1024,1024,1024,1024,1024,1024,1024,1024,1024,1024,1024,1024,1024,1024,1024,1024,1024,1024,1024,1024,1024,1024,1024,1024,1024,1024,1024,1024,1024,1024,1024,1024,1024,1024,1024,1024,1024,1024,1024,1024,1024,1024,1024,1024,1024,1024,1024,1024,1024,1024,1024,1024,1024,1024,1024,1024,1024,1024,1024,1024,1024,1024,1024,1024,1024,1024,1024,1024,1024,1024,1024,1024,1024,1024,1024,1024,1024,1024,1024,1024,1024,1024,1024,1024,1024,1024,1024,1024,1024,1024,1024,1024,1024,1024,1024,1024,1024,1024,1024,1024,1024,1024,1024,1024,1024,1024,1024,1024,1024,1024,1024,1024,1024,1024,1024,1024,1024,1024,1024,1024,1024,1024,1024,1024,1024,1024,1024,1024,1024,1024,1024,1024,1024,1024,1024,1024,1024,1024,1024,1024,1024,1024,1024,1024,1024,1024,1024,1024,1024,1024,1024,1024,1024,1024,1024,1024,1024,1024,1024,1024,1024,1024,1024,1024,1024,1024,1024,1024,1024,1024,1024,1024,1024,1024,1024,1024,1024,1024,1024,1024,1024,1024,1023,1023,1023,1023,1023,1023,1022,1022,1022,1022,1022,1022,1021,1021,1021,1021,1021,1021,1021,1021,1021,1021,1021,1021,1021,1021,1021,1020,1019,1018,1016,1015,1014,1013,1012,1011,1010,1008,1007,1006,1005,1004,1003,1002,1000,998,998,998,998,998,998,999,999,999,999,999,1000,1000,1000,1001,1001,1002,1002,1003,1003,1004,1005,1005,1006,1007,1007,1008,1009,1010,1011,1012,1013,1014,1015,1016,1017,1018,1019,1020,1021,1023,1024,1024,1024,1024,1025,1025,1025,1025,1025,1025,1025,1025,1026,1026,1026,1026,1026,1026,1026,1026,1027,1027,1027,1027,1027,1027,1027,1027,1027,1028,1028,1028,1028,1028,1028,1028,1028,1028,1028,1028,1029,1029,1029,1029,1029,1029,1029,1029,1029,1029,1029,1029,1029,1029,1029,1030,1030,1030,1030,1030,1030,1030,1030,1030,1030,1030,1030,1030,1030,1030,1030,1030,1030,1030,1030,1030,1030,1030,1030,1030,1030,1030,1030,1030,1030,1030,1030,1030,1030,1030,1030,1030,1031,1031,1031,1031,1031,1031,1032,1032,1032,1033,1033,1034,1034,1035,1035,1036,1036,1037,1038,1039,1040,1040,1040,1041,1042,1044,1045,1047,1049,1052,1054,1057,1060,1063,1065,1071,1077,1082,1088,1094,1100,1105,1111,1117,1122,1128,1134,1139,1145,1151,1156,1162,1168,1173,1179,1185,1190,1196,1202,1208,1213,1219,1225,1230,1236,1198,1160,1123,1086,1049,1012,977,942,908,874,842,811,781,752,725,699,674,651,629,610,592,575,561,548,537,529,522,517,514,513,551,587,621,653,684,713,740,766,790,813,834,854,872,889,905,920,933,945,957,967,976,984,992,999,1004,1010,1014,1018,1021,1024,1026,1028,1029,1030,1031,1031,1032,1032,1032,1032,1032,1032,1032,1033,1033,1033,1033,1033,1033,1034,1034,1034,1034,1034,1034,1035,1035,1035,1035,1035,1036,1036,1036,1036,1036,1036,1037,1037,1037,1037,1037,1038,1038,1038,1038,1038,1038,1039,1039,1039,1039,1039,1040,1040,1040,1040,1040,1040,1041,1041,1041,1041,1041,1041,1042,1042,1042,1042,1042,1042,1042,1042,1042,1042,1042,1042,1042,1042,1042,1042,1042,1042,1042,1042,1043,1043,1043,1043,1043,1043,1043,1043,1043,1043,1043,1043,1044,1044,1044,1044,1044,1044,1044,1044,1044,1045,1045,1045,1045,1045,1045,1045,1045,1046,1046,1046,1046,1046,1046,1046,1046,1047,1047,1047,1047,1047,1047,1047,1047,1047,1048,1048,1048,1048,1048,1048,1048,1048,1048,1048,1049,1049,1049,1049,1049,1049,1049,1049,1049,1049,1049,1049,1049,1049,1049,1050,1050,1050,1050,1050,1050,1050,1050,1050,1050,1050,1050,1050,1050,1050,1050,1049,1049,1049,1049,1049,1049,1049,1049,1048,1048,1048,1048,1048,1047,1047,1047,1047,1046,1046,1046,1046,1045,1045,1045,1044,1044,1044,1043,1043,1043,1042,1042,1042,1041,1041,1040,1040,1040,1039,1039,1038,1038,1038,1037,1037,1036,1036,1036,1035,1035,1034,1034,1034,1033,1033,1032,1032,1032,1031,1031,1031,1030,1030,1030,1029,1029,1029,1028,1028,1028,1027,1027,1027,1027,1026,1026,1026,1026,1026,1025,1025,1025,1025,1025,1025,1025,1024,1024,1024,1024,1024,1024,1024,1024,1024,1024,1024,1024,1024,1024,1024,1024,1024,1024,1024,1024,1024,1024,1024,1024,1024,1024,1024,1024,1024,1024,1024,1024,1024,1024,1024,1024,1024,1024,1024,1024,1024,1024,1024,1024,1024,1024,1024,1024,1024,1024,1024,1024,1024,1024,1024,1024,1024,1024,1024,1024,1024,1024,1024,1024,1024,1024,1024,1024,1024,1024,1024,1024,1024,1024,1024,1024,1024,1024,1024,1024,1024,1024,1024,1024,1024,1024,1024,1024,1024,1024,1024,1024,1024,1024,1024,1024,1024,1024,1024,1024,1024,1024,1024,1024,1024,1024,1024,1024,1024,1024,1024,1024,1024,1024,1024,1024,1024,1024,1024,1024,1024,1024,1024,1024,1024,1024,1024,1024,1024,1024,1024,1024,1024,1024,1024,1024,1024,1024,1024,1024,1024,1024,1024,1024,1024,1024,1024,1024,1024,1024,1024,1024,1024,1024,1024,1024,1024,1024,1024,1024,1024,1024,1024,1024,1024,1024,1024,1024,1024,1024,1024,1024,1024,1024,1024,1024,1024,1024,1024,1024,1024,1024,1024,1024,1024,1024,1024,1024,1024,1024,1024,1024,1024,1024,1024,1024,1024,1024,1024,1024,1024,1024,1024,1024,1024,1024,1024,1024,1024,1024,1024,1024,1024,1024,1024,1024,1024,1024,1024,1024,1024,1023,1023,1023,1023,1023,1023,1023,1023,1023,1022,1022,1022,1022,1022,1022,1022,1022,1022,1021,1021,1021,1021,1021,1021,1021,1021,1021,1021,1021,1021,1020,1019,1018,1016,1015,1014,1013,1012,1011,1010,1008,1007,1006,1005,1004,1003,1002,1000,999,998,998,998,998,999,999,1000,1000,1001,1001,1002,1003,1003,1004,1005,1006,1007,1008,1009,1010,1011,1012,1013,1014,1015,1016,1017,1018,1019,1019,1020,1021,1022,1022,1023,1023,1023,1024,1024,1024,1024,1024,1024,1024,1025,1025,1025,1025,1025,1025,1026,1026,1026,1026,1026,1026,1027,1027,1027,1027,1027,1027,1027,1028,1028,1028,1028,1028,1028,1028,1028,1028,1029,1029,1029,1029,1029,1029,1029,1029,1029,1029,1029,1029,1030,1030,1030,1030,1030,1030,1030,1030,1030,1030,1030,1030,1030,1030,1030,1030,1030,1030,1030,1030,1030,1030,1030,1030,1030,1030,1030,1030,1030,1030,1030,1030,1030,1030,1030,1030,1030,1030,1030,1030,1030,1030,1030,1030,1030,1030,1030,1030,1030,1030,1030,1030,1030,1030,1030,1030,1031,1031,1031,1031,1031,1031,1031,1031,1031,1031,1031,1031,1032,1032,1032,1032,1032,1032,1032,1033,1033,1033,1033,1033,1034,1034,1034,1034,1035,1035,1035,1035,1036,1036,1036,1037,1037,1037,1038,1038,1039,1039,1040,1040,1040,1040,1040,1040,1041,1041,1041,1042,1042,1043,1044,1044,1045,1046,1046,1047,1048,1049,1050,1051,1052,1053,1054,1055,1056,1057,1058,1059,1060,1066,1072,1078,1084,1090,1095,1101,1107,1113,1119,1125,1131,1136,1142,1148,1154,1160,1166,1172,1177,1183,1189,1195,1201,1207,1213,1218,1224,1230,1236,1198,1160,1123,1086,1049,1012,977,942,908,874,842,811,781,752,725,699,674,651,629,610,592,575,561,548,537,529,522,517,513,513,551,587,621,653,684,713,740,766,790,813,834,854,872,889,905,920,933,945,957,967,976,984,992,999,1004,1010,1014,1018,1021,1024,1026,1028,1029,1030,1031,1031,1032,1032,1032,1032,1032,1032,1032,1033,1033,1033,1033,1033,1034,1034,1034,1034,1034,1035,1035,1035,1035,1035,1036,1036,1036,1036,1036,1037,1037,1037,1037,1037,1038,1038,1038,1038,1038,1039,1039,1039,1039,1039,1040,1040,1040,1040,1040,1041,1041,1041,1041,1041,1042,1042,1042,1042,1042,1042,1042,1042,1042,1042,1042,1042,1042,1042,1042,1042,1042,1042,1042,1042,1043,1043,1043,1043,1043,1043,1043,1043,1043,1043,1043,1043,1044,1044,1044,1044,1044,1044,1044,1044,1044,1045,1045,1045,1045,1045,1045,1045,1045,1046,1046,1046,1046,1046,1046,1046,1046,1047,1047,1047,1047,1047,1047,1047,1047,1047,1048,1048,1048,1048,1048,1048,1048,1048,1048,1048,1049,1049,1049,1049,1049,1049,1049,1049,1049,1049,1049,1049,1049,1049,1049,1050,1050,1050,1050,1050,1050,1050,1050,1050,1050,1050,1050,1050,1050,1050,1050,1049,1049,1049,1049,1049,1049,1049,1049,1048,1048,1048,1048,1048,1047,1047,1047,1047,1046,1046,1046,1046,1045,1045,1045,1044,1044,1044,1043,1043,1043,1042,1042,1042,1041,1041,1040,1040,1040,1039,1039,1038,1038,1038,1037,1037,1036,1036,1036,1035,1035,1034,1034,1034,1033,1033,1032,1032,1032,1031,1031,1031,1030,1030,1030,1029,1029,1029,1028,1028,1028,1027,1027,1027,1027,1026,1026,1026,1026,1026,1025,1025,1025,1025,1025,1025,1025,1024,1024,1024,1024,1024,1024,1024,1024,1024,1024,1024,1024,1024,1024,1024,1024,1024,1024,1024,1024,1024,1024,1024,1024,1024,1024,1024,1024,1024,1024,1024,1024,1024,1024,1024,1024,1024,1024,1024,1024,1024,1024,1024,1024,1024,1024,1024,1024,1024,1024,1024,1024,1024,1024,1024,1024,1024,1024,1024,1024,1024,1024,1024,1024,1024,1024,1024,1024,1024,1024,1024,1024,1024,1024,1024,1024,1024,1024,1024,1024,1024,1024,1024,1024,1024,1024,1024,1024,1024,1024,1024,1024,1024,1024,1024,1024,1024,1024,1024,1024,1024,1024,1024,1024,1024,1024,1024,1024,1024,1024,1024,1024,1024,1024,1024,1024,1024,1024,1024,1024,1024,1024,1024,1024,1024,1024,1024,1024,1024,1024,1024,1024,1024,1024,1024,1024,1024,1024,1024,1024,1024,1024,1024,1024,1024,1024,1024,1024,1024,1024,1024,1024,1024,1024,1024,1024,1024,1024,1024,1024,1024,1024,1024,1024,1024,1024,1024,1024,1024,1024,1024,1024,1024,1024,1024,1024,1024,1024,1024,1024,1024,1024,1024,1024,1024,1024,1024,1024,1024,1024,1024,1024,1024,1024,1024,1024,1024,1024,1024,1024,1024,1024,1024,1024,1024,1024,1024,1024,1024,1024,1024,1024,1024,1024,1024,1024,1024,1024,1024,1024,1024,1023,1023,1023,1023,1023,1023,1023,1023,1023,1022,1022,1022,1022,1022,1022,1022,1022,1022,1021,1021,1021,1021,1021,1021,1021,1021,1021,1021,1021,1021,1020,1019,1018,1016,1015,1014,1013,1012,1011,1010,1008,1007,1006,1005,1004,1003,1002,1000,999,998,998,998,998,999,999,1000,1000,1001,1001,1002,1003,1003,1004,1005,1006,1007,1008,1009,1010,1011,1012,1013,1014,1015,1016,1017,1018,1019,1019,1020,1021,1022,1022,1023,1023,1023,1024,1024,1024,1024,1024,1024,1024,1024,1024,1024,1024,1024,1024,1024,1024,1024,1024,1024,1024,1024,1024,1024,1024,1024,1024,1024,1024,1024,1024,1024,1024,1024,1024,1024,1024,1024,1024,1024,1024,1024,1024,1024,1024,1024,1024,1024,1024,1024,1024,1024,1024,1024,1024,1024,1024,1024,1024,1024,1024,1024,1024,1024,1024,1024,1024,1024,1024,1024,1024,1024,1024,1024,1024,1024,1024,1024,1024,1024,1024,1024,1024,1024,1024,1024,1024,1025,1025,1025,1025,1025,1025,1025,1025,1025,1025,1025,1025,1025,1025,1025,1025,1025,1025,1025,1025,1025,1025,1025,1025,1025,1026,1026,1026,1026,1026,1026,1026,1026,1026,1026,1026,1026,1026,1026,1026,1027,1027,1027,1027,1027,1027,1027,1027,1027,1027,1028,1028,1028,1028,1028,1028,1028,1028,1028,1029,1029,1029,1029,1029,1029,1029,1030,1030,1030,1030,1030,1030,1031,1031,1031,1031,1032,1032,1032,1032,1032,1033,1033,1033,1033,1033,1034,1034,1034,1034,1034,1035,1035,1035,1035,1036,1036,1036,1036,1036,1037,1037,1037,1037,1037,1038,1038,1038,1038,1039,1039,1039,1039,1040,1040,1040,1040,1040,1040,1040,1040,1040,1040,1040,1040,1041,1041,1041,1042,1042,1043,1043,1044,1045,1046,1047,1048,1049,1050,1052,1053,1055,1056,1060,1060,1066,1072,1078,1084,1090,1095,1101,1107,1113,1119,1125,1131,1136,1142,1148,1154,1160,1166,1172,1177,1183,1189,1195,1201,1207,1213,1218,1224,1230,1236,1198,1160,1123,1086,1049,1012,977,942,908,874,842,811,781,752,725,699,674,651,629,610,592,575,561,548,537,529,522,517,513,513,551,587,621,653,684,713,740,766,790,813,834,854,872,889,905,920,933,945,957,967,976,984,992,999,1004,1010,1014,1018,1021,1024,1026,1028,1029,1030,1031,1031,1032,1032,1032,1032,1032,1032,1032,1033,1033,1033,1033,1033,1033,1034,1034,1034,1034,1034,1035,1035,1035,1035,1035,1036,1036,1036,1036,1036,1036,1037,1037,1037,1037,1037,1038,1038,1038,1038,1038,1038,1039,1039,1039,1039,1039,1040,1040,1040,1040,1040,1041,1041,1041,1041,1041,1041,1042,1042,1042,1042,1042,1042,1042,1042,1042,1042,1042,1042,1042,1042,1042,1042,1042,1042,1042,1042,1043,1043,1043,1043,1043,1043,1043,1043,1043,1043,1043,1043,1044,1044,1044,1044,1044,1044,1044,1044,1044,1045,1045,1045,1045,1045,1045,1045,1045,1046,1046,1046,1046,1046,1046,1046,1046,1047,1047,1047,1047,1047,1047,1047,1047,1047,1048,1048,1048,1048,1048,1048,1048,1048,1048,1048,1049,1049,1049,1049,1049,1049,1049,1049,1049,1049,1049,1049,1049,1049,1049,1050,1050,1050,1050,1050,1050,1050,1050,1050,1050,1050,1050,1050,1050,1050,1050,1049,1049,1049,1049,1049,1049,1049,1049,1048,1048,1048,1048,1048,1047,1047,1047,1047,1046,1046,1046,1046,1045,1045,1045,1044,1044,1044,1043,1043,1043,1042,1042,1042,1041,1041,1040,1040,1040,1039,1039,1038,1038,1038,1037,1037,1036,1036,1036,1035,1035,1034,1034,1034,1033,1033,1032,1032,1032,1031,1031,1031,1030,1030,1030,1029,1029,1029,1028,1028,1028,1027,1027,1027,1027,1026,1026,1026,1026,1026,1025,1025,1025,1025,1025,1025,1025,1024,1024,1024,1024,1024,1024,1024,1024,1024,1024,1024,1024,1024,1024,1024,1024,1024,1024,1024,1024,1024,1024,1024,1024,1024,1024,1024,1024,1024,1024,1024,1024,1024,1024,1024,1024,1024,1024,1024,1024,1024,1024,1024,1024,1024,1024,1024,1024,1024,1024,1024,1024,1024,1024,1024,1024,1024,1024,1024,1024,1024,1024,1024,1024,1024,1024,1024,1024,1024,1024,1024,1024,1024,1024,1024,1024,1024,1024,1024,1024,1024,1024,1024,1024,1024,1024,1024,1024,1024,1024,1024,1024,1024,1024,1024,1024,1024,1024,1024,1024,1024,1024,1024,1024,1024,1024,1024,1024,1024,1024,1024,1024,1024,1024,1024,1024,1024,1024,1024,1024,1024,1024,1024,1024,1024,1024,1024,1024,1024,1024,1024,1024,1024,1024,1024,1024,1024,1024,1024,1024,1024,1024,1024,1024,1024,1024,1024,1024,1024,1024,1024,1024,1024,1024,1024,1024,1024,1024,1024,1024,1024,1024,1024,1024,1024,1024,1024,1024,1024,1024,1024,1024,1024,1024,1024,1024,1024,1024,1024,1024,1024,1024,1024,1024,1024,1024,1024,1024,1024,1024,1024,1024,1024,1024,1024,1024,1024,1024,1024,1024,1024,1024,1024,1024,1024,1024,1024,1024,1024,1024,1024,1024,1024,1024,1024,1024,1024,1024,1023,1023,1023,1023,1023,1023,1022,1022,1022,1022,1022,1021,1021,1021,1021,1021,1020,1020,1020,1020,1020,1019,1019,1019,1019,1019,1019,1019,1018,1018,1018,1018,1018,1017,1016,1015,1014,1013,1012,1011,1010,1009,1008,1007,1006,1005,1004,1003,1002,1001,1000,999,998,998,999,999,999,999,1000,1000,1001,1001,1002,1003,1004,1005,1005,1006,1007,1008,1009,1010,1011,1012,1013,1014,1015,1016,1017,1018,1019,1020,1020,1021,1022,1022,1023,1023,1023,1024,1024,1024,1024,1024,1024,1024,1024,1024,1024,1024,1024,1024,1024,1024,1024,1024,1024,1024,1024,1024,1024,1024,1024,1024,1024,1024,1024,1024,1024,1024,1024,1024,1024,1024,1024,1024,1024,1024,1024,1024,1024,1024,1024,1024,1024,1024,1024,1024,1024,1024,1024,1024,1024,1024,1024,1024,1024,1024,1024,1024,1024,1024,1024,1024,1024,1024,1024,1024,1024,1024,1024,1024,1024,1024,1024,1024,1024,1024,1024,1024,1024,1024,1024,1024,1024,1024,1024,1024,1024,1024,1024,1024,1024,1024,1024,1024,1024,1024,1024,1024,1024,1024,1024,1024,1024,1024,1024,1024,1024,1024,1024,1024,1024,1024,1024,1024,1024,1024,1024,1024,1024,1024,1024,1024,1024,1024,1024,1024,1024,1024,1024,1024,1024,1024,1024,1024,1024,1024,1024,1024,1024,1024,1024,1024,1024,1024,1024,1024,1024,1024,1024,1024,1024,1024,1024,1024,1024,1024,1024,1024,1024,1024,1024,1024,1024,1024,1024,1024,1024,1024,1024,1024,1024,1024,1024,1024,1024,1024,1024,1024,1024,1024,1024,1024,1024,1024,1024,1024,1024,1024,1024,1024,1024,1024,1024,1024,1024,1024,1024,1024,1024,1024,1024,1024

lead:V2
count:3536
points:1024,1024,1024,1024,1024,1024,1024,1024,1024,1025,1025,1025,1025,1025,1025,1026,1026,1026,1026,1026,1027,1027,1027,1027,1027,1028,1028,1028,1028,1028,1028,1029,1029,1029,1029,1029,1029,1029,1029,1029,1029,1028,1027,1026,1025,1024,1023,1022,1021,1020,1019,1018,1017,1016,1015,1014,1013,1012,1011,1010,1009,1009,1009,1009,1009,1009,1009,1010,1010,1010,1011,1011,1012,1012,1013,1013,1014,1015,1015,1016,1016,1017,1018,1018,1019,1019,1020,1020,1021,1021,1022,1022,1023,1023,1023,1023,1024,1024,1024,1024,1024,1024,1024,1024,1024,1024,1024,1024,1024,1024,1024,1024,1024,1024,1024,1024,1024,1024,1024,1024,1024,1024,1024,1024,1024,1024,1024,1024,1024,1024,1024,1024,1024,1024,1024,1024,1024,1024,1024,1024,1024,1024,1024,1024,1024,1024,1024,1024,1024,1024,1024,1024,1024,1024,1024,1024,1024,1024,1024,1024,1024,1024,1024,1024,1024,1024,1024,1024,1024,1024,1024,1024,1024,1024,1024,1025,1027,1028,1029,1030,1032,1033,1034,1036,1037,1038,1039,1040,1040,1042,1043,1046,1049,1052,1056,1060,1065,1070,1076,1083,1090,1097,1105,1113,1122,1132,1142,1152,1163,1175,1187,1199,1212,1226,1240,1270,1270,1227,1185,1143,1102,1060,1020,980,941,902,865,829,794,761,728,698,669,641,615,591,569,549,531,515,500,488,478,471,465,461,461,502,541,578,613,647,678,708,736,762,786,809,831,851,869,886,902,917,930,943,954,964,973,981,988,994,1000,1005,1009,1012,1015,1018,1019,1021,1022,1023,1023,1024,1024,1024,1024,1024,1025,1025,1026,1026,1027,1027,1028,1028,1029,1029,1029,1030,1030,1031,1031,1032,1032,1033,1033,1034,1034,1035,1035,1035,1036,1036,1037,1037,1038,1038,1039,1039,1040,1040,1040,1041,1041,1042,1042,1043,1043,1044,1044,1045,1045,1045,1046,1046,1047,1047,1048,1048,1049,1050,1050,1050,1050,1050,1050,1050,1050,1050,1050,1050,1050,1051,1051,1051,1051,1052,1052,1052,1052,1053,1053,1053,1054,1054,1054,1055,1055,1056,1056,1057,1057,1057,1058,1058,1059,1059,1060,1060,1061,1061,1062,1063,1063,1064,1064,1065,1065,1066,1066,1067,1068,1068,1069,1069,1070,1070,1071,1071,1072,1073,1073,1074,1074,1075,1075,1076,1076,1077,1077,1078,1078,1079,1079,1079,1080,1080,1081,1081,1081,1082,1082,1082,1083,1083,1083,1083,1084,1084,1084,1084,1085,1085,1085,1085,1085,1085,1085,1085,1085,1085,1085,1085,1085,1085,1085,1085,1085,1085,1084,1084,1084,1084,1083,1083,1083,1082,1082,1081,1081,1080,1080,1079,1078,1078,1077,1076,1076,1075,1074,1074,1073,1072,1071,1070,1070,1069,1068,1067,1066,1065,1064,1063,1062,1061,1060,1060,1059,1058,1057,1056,1055,1054,1053,1052,1051,1050,1049,1048,1047,1046,1045,1044,1043,1043,1042,1041,1040,1039,1038,1037,1037,1036,1035,1034,1034,1033,1032,1032,1031,1030,1030,1029,1029,1028,1028,1027,1027,1027,1026,1026,1026,1025,1025,1025,1025,1024,1024,1024,1024,1024,1024,1024,1024,1024,1024,1024,1024,1024,1024,1024,1024,1024,1024,1024,1024,1024,1024,1024,1024,1024,1024,1024,1024,1024,1024,1024,1024,1024,1024,1024,1024,1024,1024,1024,1024,1024,1024,1024,1024,1024,1024,1024,1024,1024,1024,1024,1024,1024,1024,1024,1024,1024,1024,1024,1024,1024,1024,1024,1024,1024,1024,1024,1024,1024,1024,1024,1024,1024,1024,1024,1024,1024,1024,1024,1024,1024,1024,1024,1024,1024,1024,1024,1024,1024,1024,1024,1024,1024,1024,1024,1024,1024,1024,1024,1024,1024,1024,1024,1024,1024,1024,1024,1024,1024,1024,1024,1024,1024,1024,1024,1024,1024,1024,1024,1024,1024,1024,1024,1024,1024,1024,1024,1024,1024,1024,1024,1024,1024,1024,1024,1024,1024,1024,1024,1024,1024,1024,1024,1024,1024,1024,1024,1024,1024,1024,1024,1024,1024,1024,1024,1024,1024,1024,1024,1024,1024,1024,1024,1024,1024,1024,1024,1024,1024,1024,1024,1024,1024,1024,1024,1024,1024,1024,1024,1024,1024,1024,1024,1024,1024,1024,1024,1024,1024,1024,1024,1024,1024,1024,1024,1024,1024,1024,1024,1024,1024,1024,1024,1024,1024,1024,1024,1024,1024,1024,1024,1024,1024,1024,1024,1024,1024,1024,1024,1025,1025,1025,1025,1025,1026,1026,1026,1027,1027,1027,1028,1028,1028,1028,1028,1029,1029,1029,1029,1029,1029,1029,1029,1029,1029,1029,1029,1029,1028,1027,1026,1025,1024,1023,1022,1021,1020,1019,1018,1017,1016,1015,1014,1013,1012,1011,1009,1009,1009,1009,1009,1009,1009,1009,1009,1009,1009,1010,1010,1010,1010,1011,1011,1011,1011,1012,1012,1012,1013,1013,1014,1014,1015,1015,1016,1016,1017,1017,1018,1018,1019,1020,1020,1021,1022,1023,1023,1024,1024,1024,1024,1024,1024,1024,1024,1024,1024,1024,1024,1024,1024,1024,1024,1024,1024,1024,1024,1024,1024,1024,1024,1024,1024,1024,1024,1024,1024,1024,1024,1024,1024,1024,1024,1024,1024,1024,1024,1024,1024,1024,1024,1024,1024,1024,1024,1024,1024,1024,1024,1024,1024,1024,1024,1024,1024,1024,1024,1024,1024,1024,1024,1024,1024,1024,1024,1024,1024,1024,1024,1024,1024,1024,1024,1024,1024,1024,1024,1024,1024,1024,1024,1024,1024,1024,1024,1024,1024,1024,1024,1024,1024,1024,1024,1024,1024,1024,1024,1024,1024,1024,1024,1024,1024,1024,1024,1024,1024,1024,1024,1024,1025,1026,1027,1028,1029,1031,1032,1033,1034,1035,1036,1037,1038,1039,1040,1040,1042,1043,1046,1049,1052,1056,1060,1065,1070,1076,1083,1090,1097,1105,1113,1122,1132,1142,1152,1163,1175,1187,1199,1212,1226,1240,1255,1270,1227,1185,1143,1102,1060,1020,980,941,903,865,829,794,761,728,698,669,641,615,591,569,549,531,515,500,488,478,471,465,462,461,502,541,578,613,647,678,708,736,762,786,809,831,851,869,886,902,917,930,943,954,964,973,981,988,994,1000,1005,1009,1012,1015,1018,1019,1021,1022,1023,1023,1024,1024,1024,1024,1024,1025,1025,1026,1026,1027,1027,1028,1028,1029,1029,1029,1030,1030,1031,1031,1032,1032,1033,1033,1034,1034,1035,1035,1035,1036,1036,1037,1037,1038,1038,1039,1039,1040,1040,1040,1041,1041,1042,1042,1043,1043,1044,1044,1045,1045,1045,1046,1046,1047,1047,1048,1048,1049,1049,1050,1050,1050,1050,1050,1050,1050,1050,1050,1050,1050,1051,1051,1051,1051,1052,1052,1052,1052,1053,1053,1053,1054,1054,1054,1055,1055,1056,1056,1057,1057,1057,1058,1058,1059,1059,1060,1060,1061,1061,1062,1063,1063,1064,1064,1065,1065,1066,1066,1067,1068,1068,1069,1069,1070,1070,1071,1071,1072,1073,1073,1074,1074,1075,1075,1076,1076,1077,1077,1078,1078,1079,1079,1079,1080,1080,1081,1081,1081,1082,1082,1082,1083,1083,1083,1083,1084,1084,1084,1084,1085,1085,1085,1085,1085,1085,1085,1085,1085,1085,1085,1085,1085,1085,1085,1085,1085,1085,1084,1084,1084,1084,1083,1083,1083,1082,1082,1081,1081,1080,1080,1079,1078,1078,1077,1076,1076,1075,1074,1074,1073,1072,1071,1070,1070,1069,1068,1067,1066,1065,1064,1063,1062,1061,1060,1060,1059,1058,1057,1056,1055,1054,1053,1052,1051,1050,1049,1048,1047,1046,1045,1044,1043,1043,1042,1041,1040,1039,1038,1037,1037,1036,1035,1034,1034,1033,1032,1032,1031,1030,1030,1029,1029,1028,1028,1027,1027,1027,1026,1026,1026,1025,1025,1025,1025,1024,1024,1024,1024,1024,1024,1024,1024,1024,1024,1024,1024,1024,1024,1024,1024,1024,1024,1024,1024,1024,1024,1024,1024,1024,1024,1024,1024,1024,1024,1024,1024,1024,1024,1024,1024,1024,1024,1024,1024,1024,1024,1024,1024,1024,1024,1024,1024,1024,1024,1024,1024,1024,1024,1024,1024,1024,1024,1024,1024,1024,1024,1024,1024,1024,1024,1024,1024,1024,1024,1024,1024,1024,1024,1024,1024,1024,1024,1024,1024,1024,1024,1024,1024,1024,1024,1024,1024,1024,1024,1024,1024,1024,1024,1024,1024,1024,1024,1024,1024,1024,1024,1024,1024,1024,1024,1024,1024,1024,1024,1024,1024,1024,1024,1024,1024,1024,1024,1024,1024,1024,1024,1024,1024,1024,1024,1024,1024,1024,1024,1024,1024,1024,1024,1024,1024,1024,1024,1024,1024,1024,1024,1024,1024,1024,1024,1024,1024,1024,1024,1024,1024,1024,1024,1024,1024,1024,1024,1024,1024,1024,1024,1024,1024,1024,1024,1024,1024,1024,1024,1024,1024,1024,1024,1024,1024,1024,1024,1024,1024,1024,1024,1024,1024,1024,1024,1024,1024,1024,1024,1024,1024,1024,1024,1024,1024,1024,1024,1024,1024,1024,1024,1024,1024,1024,1024,1024,1024,1024,1024,1024,1024,1024,1024,1024,1024,1025,1025,1025,1025,1025,1025,1026,1026,1026,1026,1026,1027,1027,1027,1027,1027,1028,1028,1028,1028,1028,1028,1029,1029,1029,1029,1029,1029,1029,1029,1029,1029,1028,1027,1026,1025,1024,1023,1022,1021,1020,1019,1018,1017,1016,1015,1014,1013,1012,1011,1010,1009,1009,1009,1010,1010,1011,1011,1011,1012,1012,1012,1013,1013,1014,1014,1014,1015,1015,1016,1016,1016,1017,1017,1017,1018,1018,1019,1019,1019,1020,1020,1021,1021,1021,1022,1022,1022,1023,1023,1024,1024,1024,1024,1024,1024,1024,1024,1024,1024,1024,1024,1024,1024,1024,1024,1024,1024,1024,1024,1024,1024,1024,1024,1024,1024,1024,1024,1024,1024,1024,1024,1024,1024,1024,1024,1024,1024,1024,1024,1024,1024,1024,1024,1024,1024,1024,1024,1024,1024,1024,1024,1024,1024,1024,1024,1024,1024,1024,1024,1024,1024,1024,1024,1024,1024,1024,1024,1024,1024,1024,1024,1024,1024,1024,1024,1024,1024,1024,1024,1024,1024,1024,1024,1024,1024,1024,1024,1024,1024,1024,1024,1024,1024,1024,1024,1024,1024,1024,1024,1024,1024,1024,1024,1024,1024,1024,1024,1024,1024,1024,1024,1024,1024,1024,1024,1024,1024,1024,1024,1024,1024,1024,1024,1024,1024,1024,1024,1024,1024,1024,1024,1024,1024,1024,1024,1024,1024,1024,1024,1024,1024,1024,1024,1024,1024,1024,1024,1024,1024,1024,1024,1024,1024,1024,1024,1025,1025,1025,1025,1026,1026,1026,1027,1028,1028,1029,1030,1031,1033,1034,1036,1037,1039,1040,1041,1042,1044,1047,1051,1055,1059,1064,1070,1077,1083,1091,1099,1107,1116,1125,1134,1144,1155,1165,1176,1187,1199,1210,1222,1234,1246,1258,1270,1243,1216,1189,1162,1135,1108,1081,1054,1027,1000,973,946,919,892,865,838,811,784,757,730,703,677,650,623,596,569,542,515,461,461,502,541,578,613,647,678,708,736,762,786,809,831,851,869,887,902,917,930,943,954,964,973,981,988,994,1000,1005,1009,1012,1015,1018,1019,1021,1022,1023,1023,1024,1024,1024,1024,1025,1025,1026,1026,1027,1027,1028,1028,1029,1029,1030,1030,1031,1031,1032,1032,1033,1033,1034,1034,1035,1035,1036,1036,1037,1037,1038,1038,1039,1039,1040,1040,1041,1041,1042,1042,1043,1043,1044,1044,1045,1046,1046,1047,1047,1048,1048,1049,1050,1050,1050,1050,1050,1050,1050,1050,1050,1050,1050,1050,1051,1051,1051,1051,1052,1052,1052,1052,1053,1053,1053,1054,1054,1054,1055,1055,1056,1056,1057,1057,1057,1058,1058,1059,1059,1060,1060,1061,1061,1062,1063,1063,1064,1064,1065,1065,1066,1066,1067,1068,1068,1069,1069,1070,1070,1071,1071,1072,1073,1073,1074,1074,1075,1075,1076,1076,1077,1077,1078,1078,1079,1079,1079,1080,1080,1081,1081,1081,1082,1082,1082,1083,1083,1083,1083,1084,1084,1084,1084,1085,1085,1085,1085,1085,1085,1085,1085,1085,1085,1085,1085,1085,1085,1085,1085,1085,1085,1084,1084,1084,1084,1083,1083,1083,1082,1082,1081,1081,1080,1080,1079,1078,1078,1077,1076,1076,1075,1074,1074,1073,1072,1071,1070,1070,1069,1068,1067,1066,1065,1064,1063,1062,1061,1060,1060,1059,1058,1057,1056,1055,1054,1053,1052,1051,1050,1049,1048,1047,1046,1045,1044,1043,1043,1042,1041,1040,1039,1038,1037,1037,1036,1035,1034,1034,1033,1032,1032,1031,1030,1030,1029,1029,1028,1028,1027,1027,1027,1026,1026,1026,1025,1025,1025,1025,1024,1024,1024,1024,1024,1024,1024,1024,1024,1024,1024,1024,1024,1024,1024,1024,1024,1024,1024,1024,1024,1024,1024,1024,1024,1024,1024,1024,1024,1024,1024,1024,1024,1024,1024,1024,1024,1024,1024,1024,1024,1024,1024,1024,1024,1024,1024,1024,1024,1024,1024,1024,1024,1024,1024,1024,1024,1024,1024,1024,1024,1024,1024,1024,1024,1024,1024,1024,1024,1024,1024,1024,1024,1024,1024,1024,1024,1024,1024,1024,1024,1024,1024,1024,1024,1024,1024,1024,1024,1024,1024,1024,1024,1024,1024,1024,1024,1024,1024,1024,1024,1024,1024,1024,1024,1024,1024,1024,1024,1024,1024,1024,1024,1024,1024,1024,1024,1024,1024,1024,1024,1024,1024,1024,1024,1024,1024,1024,1024,1024,1024,1024,1024,1024,1024,1024,1024,1024,1024,1024,1024,1024,1024,1024,1024,1024,1024,1024,1024,1024,1024,1024,1024,1024,1024,1024,1024,1024,1024,1024,1024,1024,1024,1024,1024,1024,1024,1024,1024,1024,1024,1024,1024,1024,1024,1024,1024,1024,1024,1024,1024,1024,1024,1024,1024,1024,1024,1024,1024,1024,1024,1024,1024,1024,1024,1024,1024,1024,1024,1024,1024,1024,1024,1024,1024,1024,1024,1024,1024,1024,1024,1024,1024,1024,1024,1024,1025,1025,1025,1025,1025,1025,1026,1026,1026,1026,1026,1027,1027,1027,1027,1027,1028,1028,1028,1028,1028,1028,1029,1029,1029,1029,1029,1029,1029,1029,1029,1029,1028,1027,1026,1025,1024,1023,1022,1021,1020,1019,1018,1017,1016,1015,1014,1013,1012,1011,1010,1009,1009,1009,1009,1009,1009,1009,1010,1010,1010,1011,1011,1012,1012,1013,1013,1014,1015,1015,1016,1016,1017,1018,1018,1019,1019,1020,1020,1021,1021,1022,1022,1023,1023,1023,1023,1024,1024,1024,1024,1024,1024,1024,1024,1024,1024,1024,1024,1024,1024,1024,1024,1024,1024,1024,1024,1024,1024,1024,1024,1024,1024,1024,1024,1024,1024,1024,1024,1024,1024,1024,1024,1024,1024,1024,1024,1024,1024,1024,1024,1024,1024,1024,1024,1024,1024,1024,1024,1024,1024,1024,1024,1024,1024,1024,1024,1024,1024,1024,1024,1024,1024,1024,1024,1024,1024,1024,1024,1024,1024,1024,1024,1024,1024,1024,1024,1024,1024,1024,1024,1024,1024,1024,1024,1024,1024,1024,1024,1024,1024,1024,1024,1024,1024,1024,1024,1024,1024,1024,1024,1024,1024,1024,1024,1024,1024,1024,1024,1024,1024,1024,1024,1024,1024,1024,1024,1024,1024,1024,1024,1024,1024,1024,1024,1024,1024,1024,1024,1024,1024,1024,1024,1024,1024,1024,1024,1024,1024,1024,1024,1024,1024,1024,1024,1024,1024,1024,1024,1024,1024,1024,1024,1024,1024,1024,1024,1024,1024,1024,1024,1024,1024,1024,1024,1024,1024,1024,1024,1024,1024,1024,1024,1024,1024,1024,1024,1024,1024,1024,1024,1024,1024,1024,1024,1024,1024,1024,1024,1024,1024,1024,1024,1024,1024,1024,1024,1024,1024,1024,1024,1024,1024,1024,1024,1024,1024,1025,1025,1025,1025,1026,1026,1026,1027,1027,1028,1029,1029,1030,1031,1032,1033,1034,1035,1036,1039,1039,1040,1041,1042,1044,1047,1051,1055,1059,1064,1070,1077,1083,1091,1099,1107,1116,1125,1134,1144,1155,1165,1176,1187,1199,1210,1222,1234,1246,1258,1270,1227,1185,1143,1102,1060,1020,980,941,902,865,829,794,761,728,698,669,641,615,591,569,549,531,515,500,488,478,471,465,461,461,502,541,578,613,647,678,708,736,762,786,809,831,851,869,887,902,917,930,943,954,964,973,981,988,994,1000,1005,1009,1012,1015,1018,1019,1021,1022,1023,1023,1024,1024,1024,1024,1024,1025,1025,1026,1026,1027,1027,1028,1028,1029,1029,1030,1030,1031,1031,1032,1032,1033,1033,1033,1034,1034,1035,1035,1036,1036,1037,1037,1038,1038,1039,1039,1040,1040,1041,1041,1042,1042,1042,1043,1043,1044,1044,1045,1045,1046,1046,1047,1047,1048,1048,1049,1049,1050,1050,1050,1050,1050,1050,1050,1050,1050,1050,1050,1051,1051,1051,1051,1052,1052,1052,1052,1053,1053,1053,1054,1054,1054,1055,1055,1056,1056,1057,1057,1057,1058,1058,1059,1059,1060,1060,1061,1061,1062,1063,1063,1064,1064,1065,1065,1066,1066,1067,1068,1068,1069,1069,1070,1070,1071,1071,1072,1073,1073,1074,1074,1075,1075,1076,1076,1077,1077,1078,1078,1079,1079,1079,1080,1080,1081,1081,1081,1082,1082,1082,1083,1083,1083,1083,1084,1084,1084,1084,1085,1085,1085,1085,1085,1085,1085,1085,1085,1085,1085,1085,1085,1085,1085,1085,1085,1085,1084,1084,1084,1084,1083,1083,1083,1082,1082,1081,1081,1080,1080,1079,1078,1078,1077,1076,1076,1075,1074,1074,1073,1072,1071,1070,1070,1069,1068,1067,1066,1065,1064,1063,1062,1061,1060,1060,1059,1058,1057,1056,1055,1054,1053,1052,1051,1050,1049,1048,1047,1046,1045,1044,1043,1043,1042,1041,1040,1039,1038,1037,1037,1036,1035,1034,1034,1033,1032,1032,1031,1030,1030,1029,1029,1028,1028,1027,1027,1027,1026,1026,1026,1025,1025,1025,1025,1024,1024,1024,1024,1024,1024,1024,1024,1024,1024,1024,1024,1024,1024,1024,1024,1024,1024,1024,1024,1024,1024,1024,1024,1024,1024,1024,1024,1024,1024,1024,1024,1024,1024,1024,1024,1024,1024,1024,1024,1024,1024,1024,1024,1024,1024,1024,1024,1024,1024,1024,1024,1024,1024,1024,1024,1024,1024,1024,1024,1024,1024,1024,1024,1024,1024,1024,1024,1024,1024,1024,1024,1024,1024,1024,1024,1024,1024,1024,1024,1024,1024,1024,1024,1024,1024,1024,1024,1024,1024,1024,1024,1024,1024,1024,1024,1024,1024,1024,1024,1024,1024,1024,1024,1024,1024,1024,1024,1024,1024,1024,1024,1024,1024,1024,1024,1024,1024,1024,1024,1024,1024,1024,1024,1024,1024,1024,1024,1024,1024,1024,1024,1024,1024,1024,1024,1024,1024,1024,1024,1024,1024,1024,1024,1024,1024,1024,1024,1024,1024,1024,1024,1024,1024,1024,1024,1024,1024,1024,1024,1024,1024,1024,1024,1024,1024,1024,1024,1024,1024,1024,1024,1024,1024,1024,1024,1024,1024,1024,1024,1024,1024,1024,1024,1024,1024,1024,1024,1024,1024,1024,1024,1024,1024,1024,1024,1024,1024,1024,1024,1024,1024,1024,1024,1024,1024,1024,1024,1024,1024,1024,1024,1024,1024,1024,1024,1025,1025,1025,1025,1025,1025,1026,1026,1026,1026,1026,1027,1027,1027,1027,1027,1028,1028,1028,1028,1028,1028,1029,1029,1029,1029,1029,1029,1029,1029,1029,1029,1028,1027,1026,1025,1024,1023,1022,1021,1020,1019,1018,1017,1016,1015,1014,1013,1012,1011,1010,1009,1009,1009,1009,1009,1009,1009,1010,1010,1010,1011,1011,1012,1012,1013,1013,1014,1015,1015,1016,1016,1017,1018,1018,1019,1019,1020,1020,1021,1021,1022,1022,1023,1023,1023,1023,1024,1024,1024,1024,1024,1024,1024,1024,1024,1024,1024,1024,1024,1024,1024,1024,1024,1024,1024,1024,1024,1024,1024,1024,1024,1024,1024,1024,1024,1024,1024,1024,1024,1024,1024,1024,1024,1024,1024,1024,1024,1024,1024,1024,1024,1024,1024,1024,1024,1024,1024,1024,1024,1024,1024,1024,1024,1024,1024,1024,1024,1024,1024,1024,1024,1024,1024,1024,1024,1024,1024,1024,1024,1024,1024,1024,1024,1024,1024,1024,1024,1024,1024,1024,1024,1024,1024,1024,1024,1024,1024,1024,1024,1024,1024,1024,1024,1024,1024,1024,1024,1024,1024,1024,1024,1024,1024,1024,1024,1024,1024,1024,1024,1024,1024,1024,1024,1024,1024,1024,1024,1024,1024,1024,1024,1024,1024,1024,1024,1024,1024,1024,1024,1024,1024,1024,1024,1024,1024,1024,1024,1024,1024,1024,1024,1024,1024,1024,1024,1024,1024,1024,1024,1024,1024,1024,1024,1024,1024,1024,1024,1024,1024,1024,1024,1024,1024,1024,1024,1024,1024,1024,1024,1024,1024,1024,1024,1024,1024,1024,1024,1024,1024,1024,1024,1024,1024,1024,1024,1024,1024,1024,1024,1024,1024,1024,1024,1024,1024,1024,1024,1024,1024,1024,1024,1024

lead:V3
count:3536
points:1024,1024,1024,1024,1024,1024,1025,1025,1025,1025,1026,1026,1027,1027,1027,1028,1028,1029,1029,1030,1030,1031,1031,1032,1032,1033,1033,1034,1034,1034,1035,1035,1035,1036,1036,1036,1036,1036,1036,1037,1037,1036,1035,1034,1034,1033,1032,1031,1030,1030,1029,1028,1027,1027,1026,1025,1024,1024,1023,1022,1021,1021,1021,1022,1022,1022,1022,1022,1022,1022,1022,1022,1022,1022,1022,1022,1022,1022,1023,1023,1023,1023,1023,1023,1023,1023,1023,1023,1023,1024,1024,1024,1024,1024,1024,1024,1024,1024,1024,1024,1024,1024,1024,1023,1023,1023,1023,1023,1022,1022,1022,1022,1022,1021,1021,1021,1021,1021,1021,1020,1020,1020,1020,1020,1020,1020,1019,1019,1019,1019,1019,1019,1019,1019,1019,1019,1019,1018,1018,1018,1018,1018,1018,1018,1018,1018,1018,1018,1018,1018,1018,1018,1018,1018,1018,1018,1018,1018,1018,1018,1018,1017,1017,1017,1017,1016,1016,1015,1014,1014,1013,1012,1011,1008,1008,1008,1009,1009,1009,1009,1009,1009,1010,1010,1010,1011,1011,1025,1040,1054,1069,1083,1098,1112,1127,1141,1156,1170,1185,1199,1214,1228,1243,1257,1272,1286,1301,1315,1330,1344,1359,1373,1388,1402,1417,1446,1446,1396,1346,1297,1248,1199,1152,1105,1058,1013,970,927,886,846,808,772,738,706,675,647,621,597,576,557,540,526,514,505,499,493,493,532,568,602,635,666,695,723,748,773,796,817,837,855,873,889,903,917,929,941,951,960,969,976,983,989,994,998,1002,1005,1008,1010,1012,1013,1014,1015,1016,1016,1016,1016,1016,1017,1017,1018,1019,1019,1020,1020,1021,1021,1022,1023,1023,1024,1024,1025,1025,1026,1027,1027,1028,1028,1029,1029,1030,1031,1031,1032,1032,1033,1033,1034,1035,1035,1036,1036,1037,1037,1038,1039,1039,1040,1040,1041,1042,1042,1043,1043,1044,1044,1045,1046,1046,1047,1047,1048,1048,1048,1048,1049,1049,1049,1049,1049,1049,1050,1050,1050,1051,1051,1051,1052,1052,1053,1053,1054,1054,1055,1056,1056,1057,1058,1058,1059,1060,1061,1061,1062,1063,1064,1065,1066,1067,1068,1068,1069,1070,1071,1072,1073,1074,1075,1076,1077,1078,1079,1080,1081,1082,1083,1084,1085,1086,1087,1088,1089,1090,1091,1092,1093,1094,1095,1095,1096,1097,1098,1099,1100,1100,1101,1102,1103,1103,1104,1105,1105,1106,1106,1107,1108,1108,1108,1109,1109,1110,1110,1110,1111,1111,1111,1111,1112,1112,1112,1112,1112,1112,1112,1112,1112,1112,1111,1111,1111,1111,1110,1110,1109,1109,1108,1108,1107,1107,1106,1105,1104,1104,1103,1102,1101,1100,1099,1098,1097,1096,1095,1094,1093,1092,1090,1089,1088,1087,1085,1084,1083,1082,1080,1079,1078,1076,1075,1073,1072,1071,1069,1068,1067,1065,1064,1062,1061,1060,1058,1057,1056,1054,1053,1052,1051,1049,1048,1047,1046,1044,1043,1042,1041,1040,1039,1038,1037,1036,1035,1034,1033,1032,1032,1031,1030,1029,1029,1028,1028,1027,1027,1026,1026,1025,1025,1025,1025,1024,1024,1024,1024,1024,1024,1024,1024,1024,1024,1024,1024,1024,1024,1024,1024,1024,1024,1024,1024,1024,1024,1024,1024,1024,1024,1024,1024,1024,1024,1024,1024,1024,1024,1024,1024,1024,1024,1024,1024,1024,1024,1024,1024,1024,1024,1024,1024,1024,1024,1024,1024,1024,1024,1024,1024,1024,1024,1024,1024,1024,1024,1024,1024,1024,1024,1024,1024,1024,1024,1024,1024,1024,1024,1024,1024,1024,1024,1024,1024,1024,1024,1024,1024,1024,1024,1024,1024,1024,1024,1024,1024,1024,1024,1024,1024,1024,1024,1024,1024,1024,1024,1024,1024,1024,1024,1024,1024,1024,1024,1024,1024,1024,1024,1024,1024,1024,1024,1024,1024,1024,1024,1024,1024,1024,1024,1024,1024,1024,1024,1024,1024,1024,1024,1024,1024,1024,1024,1024,1024,1024,1024,1024,1024,1024,1024,1024,1024,1024,1024,1024,1024,1024,1024,1024,1024,1024,1024,1024,1024,1024,1024,1024,1024,1024,1024,1024,1024,1024,1024,1024,1024,1024,1024,1024,1024,1024,1024,1024,1024,1024,1024,1024,1024,1024,1024,1024,1024,1024,1024,1024,1024,1024,1024,1024,1024,1024,1024,1024,1024,1024,1024,1024,1024,1024,1024,1024,1024,1024,1024,1024,1024,1024,1024,1024,1025,1025,1025,1025,1026,1026,1027,1027,1028,1029,1029,1030,1031,1032,1033,1033,1034,1034,1035,1035,1035,1036,1036,1036,1036,1036,1036,1036,1036,1037,1037,1037,1036,1035,1034,1034,1033,1032,1031,1030,1030,1029,1028,1027,1027,1026,1025,1024,1024,1023,1021,1021,1021,1021,1021,1021,1022,1022,1022,1022,1022,1022,1022,1022,1022,1022,1022,1022,1022,1022,1022,1022,1022,1022,1022,1022,1022,1023,1023,1023,1023,1023,1023,1023,1023,1023,1023,1024,1024,1024,1024,1024,1024,1024,1024,1023,1023,1023,1023,1023,1023,1023,1023,1022,1022,1022,1022,1022,1022,1022,1022,1021,1021,1021,1021,1021,1021,1021,1021,1021,1020,1020,1020,1020,1020,1020,1020,1020,1020,1020,1020,1019,1019,1019,1019,1019,1019,1019,1019,1019,1019,1019,1019,1019,1019,1019,1018,1018,1018,1018,1018,1018,1018,1018,1018,1018,1018,1018,1018,1018,1018,1018,1018,1018,1018,1018,1018,1018,1018,1018,1018,1018,1018,1018,1018,1018,1018,1018,1018,1018,1018,1018,1018,1017,1017,1017,1017,1017,1017,1016,1016,1016,1015,1015,1014,1014,1013,1013,1012,1012,1011,1010,1009,1008,1008,1008,1009,1009,1009,1009,1009,1009,1010,1010,1010,1010,1011,1011,1025,1040,1054,1069,1083,1098,1112,1127,1141,1156,1170,1185,1199,1214,1228,1243,1257,1272,1286,1301,1315,1330,1344,1359,1373,1388,1402,1417,1431,1446,1396,1346,1297,1248,1199,1152,1105,1058,1013,970,927,886,846,808,772,738,706,675,647,621,597,576,557,540,526,514,505,499,495,493,532,568,602,635,666,695,723,748,773,796,817,837,855,873,889,903,917,929,941,951,960,969,976,983,989,994,998,1002,1005,1008,1010,1012,1013,1014,1015,1016,1016,1016,1016,1016,1017,1017,1018,1019,1019,1020,1020,1021,1021,1022,1023,1023,1024,1024,1025,1025,1026,1027,1027,1028,1028,1029,1029,1030,1031,1031,1032,1032,1033,1033,1034,1035,1035,1036,1036,1037,1037,1038,1039,1039,1040,1040,1041,1042,1042,1043,1043,1044,1044,1045,1046,1046,1047,1047,1048,1048,1048,1048,1049,1049,1049,1049,1049,1049,1050,1050,1050,1051,1051,1051,1052,1052,1053,1053,1054,1054,1055,1056,1056,1057,1058,1058,1059,1060,1061,1061,1062,1063,1064,1065,1066,1067,1068,1068,1069,1070,1071,1072,1073,1074,1075,1076,1077,1078,1079,1080,1081,1082,1083,1084,1085,1086,1087,1088,1089,1090,1091,1092,1093,1094,1095,1095,1096,1097,1098,1099,1100,1100,1101,1102,1103,1103,1104,1105,1105,1106,1106,1107,1108,1108,1108,1109,1109,1110,1110,1110,1111,1111,1111,1111,1112,1112,1112,1112,1112,1112,1112,1112,1112,1112,1111,1111,1111,1111,1110,1110,1109,1109,1108,1108,1107,1107,1106,1105,1104,1104,1103,1102,1101,1100,1099,1098,1097,1096,1095,1094,1093,1092,1090,1089,1088,1087,1085,1084,1083,1082,1080,1079,1078,1076,1075,1073,1072,1071,1069,1068,1067,1065,1064,1062,1061,1060,1058,1057,1056,1054,1053,1052,1051,1049,1048,1047,1046,1044,1043,1042,1041,1040,1039,1038,1037,1036,1035,1034,1033,1032,1032,1031,1030,1029,1029,1028,1028,1027,1027,1026,1026,1025,1025,1025,1025,1024,1024,1024,1024,1024,1024,1024,1024,1024,1024,1024,1024,1024,1024,1024,1024,1024,1024,1024,1024,1024,1024,1024,1024,1024,1024,1024,1024,1024,1024,1024,1024,1024,1024,1024,1024,1024,1024,1024,1024,1024,1024,1024,1024,1024,1024,1024,1024,1024,1024,1024,1024,1024,1024,1024,1024,1024,1024,1024,1024,1024,1024,1024,1024,1024,1024,1024,1024,1024,1024,1024,1024,1024,1024,1024,1024,1024,1024,1024,1024,1024,1024,1024,1024,1024,1024,1024,1024,1024,1024,1024,1024,1024,1024,1024,1024,1024,1024,1024,1024,1024,1024,1024,1024,1024,1024,1024,1024,1024,1024,1024,1024,1024,1024,1024,1024,1024,1024,1024,1024,1024,1024,1024,1024,1024,1024,1024,1024,1024,1024,1024,1024,1024,1024,1024,1024,1024,1024,1024,1024,1024,1024,1024,1024,1024,1024,1024,1024,1024,1024,1024,1024,1024,1024,1024,1024,1024,1024,1024,1024,1024,1024,1024,1024,1024,1024,1024,1024,1024,1024,1024,1024,1024,1024,1024,1024,1024,1024,1024,1024,1024,1024,1024,1024,1024,1024,1024,1024,1024,1024,1024,1024,1024,1024,1024,1024,1024,1024,1024,1024,1024,1024,1024,1024,1024,1024,1024,1024,1024,1024,1024,1024,1025,1025,1025,1025,1026,1026,1027,1027,1027,1028,1028,1029,1029,1030,1030,1031,1031,1032,1032,1033,1033,1034,1034,1034,1035,1035,1035,1036,1036,1036,1036,1036,1036,1037,1037,1036,1035,1034,1034,1033,1032,1031,1030,1030,1029,1028,1027,1027,1026,1025,1024,1024,1023,1022,1021,1021,1021,1022,1022,1022,1022,1022,1022,1022,1022,1022,1022,1022,1022,1022,1022,1022,1023,1023,1023,1023,1023,1023,1023,1023,1023,1023,1023,1024,1024,1024,1024,1024,1024,1024,1024,1024,1024,1024,1024,1024,1024,1024,1023,1023,1023,1023,1023,1023,1022,1022,1022,1022,1022,1022,1021,1021,1021,1021,1021,1021,1021,1020,1020,1020,1020,1020,1020,1020,1020,1020,1019,1019,1019,1019,1019,1019,1019,1019,1019,1019,1019,1019,1018,1018,1018,1018,1018,1018,1018,1018,1018,1018,1018,1018,1018,1018,1018,1018,1018,1018,1018,1018,1018,1018,1018,1018,1018,1018,1018,1018,1018,1018,1018,1018,1018,1018,1018,1018,1018,1018,1018,1018,1018,1018,1018,1018,1018,1018,1018,1018,1018,1018,1018,1018,1018,1018,1018,1018,1017,1017,1017,1017,1017,1017,1017,1017,1017,1017,1017,1017,1016,1016,1016,1016,1016,1016,1016,1015,1015,1015,1015,1015,1014,1014,1014,1014,1013,1013,1013,1013,1012,1012,1012,1011,1011,1011,1010,1010,1009,1009,1008,1008,1008,1008,1008,1009,1009,1009,1009,1009,1009,1009,1009,1009,1009,1009,1009,1009,1009,1010,1010,1010,1010,1010,1010,1010,1010,1011,1011,1011,1011,1025,1040,1054,1069,1083,1098,1112,1127,1141,1156,1170,1185,1199,1214,1228,1243,1257,1272,1286,1301,1315,1330,1344,1359,1373,1388,1402,1417,1431,1446,1396,1346,1297,1248,1199,1152,1105,1058,1013,970,927,886,846,808,772,738,706,675,647,621,597,576,557,540,526,514,505,499,493,493,532,568,602,635,666,695,723,748,773,796,817,837,855,873,889,903,917,929,941,951,960,969,976,983,989,994,998,1002,1005,1008,1010,1012,1013,1014,1015,1016,1016,1016,1016,1016,1017,1018,1018,1019,1019,1020,1021,1021,1022,1023,1023,1024,1025,1025,1026,1027,1027,1028,1028,1029,1030,1030,1031,1032,1032,1033,1034,1034,1035,1036,1036,1037,1037,1038,1039,1039,1040,1041,1041,1042,1043,1043,1044,1045,1045,1046,1046,1047,1048,1048,1048,1048,1049,1049,1049,1049,1049,1049,1050,1050,1050,1051,1051,1051,1052,1052,1053,1053,1054,1054,1055,1056,1056,1057,1058,1058,1059,1060,1061,1061,1062,1063,1064,1065,1066,1067,1068,1068,1069,1070,1071,1072,1073,1074,1075,1076,1077,1078,1079,1080,1081,1082,1083,1084,1085,1086,1087,1088,1089,1090,1091,1092,1093,1094,1095,1095,1096,1097,1098,1099,1100,1100,1101,1102,1103,1103,1104,1105,1105,1106,1106,1107,1108,1108,1108,1109,1109,1110,1110,1110,1111,1111,1111,1111,1112,1112,1112,1112,1112,1112,1112,1112,1112,1112,1111,1111,1111,1111,1110,1110,1109,1109,1108,1108,1107,1107,1106,1105,1104,1104,1103,1102,1101,1100,1099,1098,1097,1096,1095,1094,1093,1092,1090,1089,1088,1087,1085,1084,1083,1082,1080,1079,1078,1076,1075,1073,1072,1071,1069,1068,1067,1065,1064,1062,1061,1060,1058,1057,1056,1054,1053,1052,1051,1049,1048,1047,1046,1044,1043,1042,1041,1040,1039,1038,1037,1036,1035,1034,1033,1032,1032,1031,1030,1029,1029,1028,1028,1027,1027,1026,1026,1025,1025,1025,1025,1024,1024,1024,1024,1024,1024,1024,1024,1024,1024,1024,1024,1024,1024,1024,1024,1024,1024,1024,1024,1024,1024,1024,1024,1024,1024,1024,1024,1024,1024,1024,1024,1024,1024,1024,1024,1024,1024,1024,1024,1024,1024,1024,1024,1024,1024,1024,1024,1024,1024,1024,1024,1024,1024,1024,1024,1024,1024,1024,1024,1024,1024,1024,1024,1024,1024,1024,1024,1024,1024,1024,1024,1024,1024,1024,1024,1024,1024,1024,1024,1024,1024,1024,1024,1024,1024,1024,1024,1024,1024,1024,1024,1024,1024,1024,1024,1024,1024,1024,1024,1024,1024,1024,1024,1024,1024,1024,1024,1024,1024,1024,1024,1024,1024,1024,1024,1024,1024,1024,1024,1024,1024,1024,1024,1024,1024,1024,1024,1024,1024,1024,1024,1024,1024,1024,1024,1024,1024,1024,1024,1024,1024,1024,1024,1024,1024,1024,1024,1024,1024,1024,1024,1024,1024,1024,1024,1024,1024,1024,1024,1024,1024,1024,1024,1024,1024,1024,1024,1024,1024,1024,1024,1024,1024,1024,1024,1024,1024,1024,1024,1024,1024,1024,1024,1024,1024,1024,1024,1024,1024,1024,1024,1024,1024,1024,1024,1024,1024,1024,1024,1024,1024,1024,1024,1024,1024,1024,1024,1024,1024,1024,1024,1025,1025,1025,1025,1026,1026,1027,1027,1027,1028,1028,1029,1029,1030,1030,1031,1031,1032,1032,1033,1033,1034,1034,1034,1035,1035,1035,1036,1036,1036,1036,1036,1036,1036,1037,1036,1035,1034,1034,1033,1032,1031,1030,1030,1029,1028,1027,1027,1026,1025,1024,1024,1023,1022,1021,1021,1021,1022,1022,1022,1022,1022,1022,1022,1022,1022,1022,1022,1022,1022,1022,1022,1023,1023,1023,1023,1023,1023,1023,1023,1023,1023,1023,1024,1024,1024,1024,1024,1024,1024,1024,1024,1024,1024,1024,1024,1024,1024,1024,1024,1024,1024,1024,1024,1024,1024,1024,1024,1024,1024,1024,1024,1024,1024,1024,1024,1024,1024,1024,1024,1024,1024,1024,1024,1024,1024,1024,1024,1024,1024,1024,1024,1024,1024,1024,1024,1024,1024,1024,1024,1024,1024,1024,1024,1024,1024,1024,1024,1024,1024,1024,1024,1024,1024,1024,1024,1024,1024,1024,1024,1024,1024,1024,1024,1024,1024,1024,1024,1024,1024,1024,1024,1024,1024,1024,1024,1023,1023,1023,1023,1023,1023,1023,1023,1023,1023,1023,1023,1023,1023,1023,1023,1023,1023,1023,1023,1023,1023,1023,1023,1023,1022,1022,1022,1022,1022,1022,1022,1022,1022,1022,1022,1022,1022,1022,1022,1021,1021,1021,1021,1021,1021,1021,1021,1021,1021,1020,1020,1020,1020,1020,1020,1020,1020,1020,1019,1019,1019,1019,1019,1019,1019,1018,1018,1018,1018,1018,1017,1017,1017,1017,1017,1016,1016,1016,1016,1016,1015,1015,1015,1015,1014,1014,1014,1014,1014,1013,1013,1013,1013,1012,1012,1012,1012,1012,1011,1011,1011,1011,1010,1010,1010,1010,1010,1009,1009,1009,1008,1008,1008,1008,1008,1008,1009,1009,1009,1009,1009,1009,1009,1009,1009,1009,1009,1009,1009,1009,1009,1010,1010,1010,1010,1010,1010,1010,1010,1010,1011,1011,1011,1011,1025,1040,1054,1069,1083,1098,1112,1127,1141,1156,1170,1185,1199,1214,1228,1243,1257,1272,1286,1301,1315,1330,1344,1359,1373,1388,1402,1417,1446,1446,1396,1346,1297,1248,1199,1152,1105,1058,1013,970,927,886,846,808,772,738,706,675,647,621,597,576,557,540,526,514,505,499,493,493,532,568,602,635,666,695,723,748,773,796,817,837,855,873,889,903,917,929,941,951,960,969,976,983,989,994,998,1002,1005,1008,1010,1012,1013,1014,1015,1016,1016,1016,1016,1016,1017,1017,1018,1019,1019,1020,1020,1021,1022,1022,1023,1023,1024,1025,1025,1026,1026,1027,1028,1028,1029,1029,1030,1031,1031,1032,1032,1033,1033,1034,1035,1035,1036,1036,1037,1038,1038,1039,1039,1040,1041,1041,1042,1042,1043,1044,1044,1045,1045,1046,1047,1047,1048,1048,1048,1048,1049,1049,1049,1049,1049,1049,1050,1050,1050,1051,1051,1051,1052,1052,1053,1053,1054,1054,1055,1056,1056,1057,1058,1058,1059,1060,1061,1061,1062,1063,1064,1065,1066,1067,1068,1068,1069,1070,1071,1072,1073,1074,1075,1076,1077,1078,1079,1080,1081,1082,1083,1084,1085,1086,1087,1088,1089,1090,1091,1092,1093,1094,1095,1095,1096,1097,1098,1099,1100,1100,1101,1102,1103,1103,1104,1105,1105,1106,1106,1107,1108,1108,1108,1109,1109,1110,1110,1110,1111,1111,1111,1111,1112,1112,1112,1112,1112,1112,1112,1112,1112,1112,1111,1111,1111,1111,1110,1110,1109,1109,1108,1108,1107,1107,1106,1105,1104,1104,1103,1102,1101,1100,1099,1098,1097,1096,1095,1094,1093,1092,1090,1089,1088,1087,1085,1084,1083,1082,1080,1079,1078,1076,1075,1073,1072,1071,1069,1068,1067,1065,1064,1062,1061,1060,1058,1057,1056,1054,1053,1052,1051,1049,1048,1047,1046,1044,1043,1042,1041,1040,1039,1038,1037,1036,1035,1034,1033,1032,1032,1031,1030,1029,1029,1028,1028,1027,1027,1026,1026,1025,1025,1025,1025,1024,1024,1024,1024,1024,1024,1024,1024,1024,1024,1024,1024,1024,1024,1024,1024,1024,1024,1024,1024,1024,1024,1024,1024,1024,1024,1024,1024,1024,1024,1024,1024,1024,1024,1024,1024,1024,1024,1024,1024,1024,1024,1024,1024,1024,1024,1024,1024,1024,1024,1024,1024,1024,1024,1024,1024,1024,1024,1024,1024,1024,1024,1024,1024,1024,1024,1024,1024,1024,1024,1024,1024,1024,1024,1024,1024,1024,1024,1024,1024,1024,1024,1024,1024,1024,1024,1024,1024,1024,1024,1024,1024,1024,1024,1024,1024,1024,1024,1024,1024,1024,1024,1024,1024,1024,1024,1024,1024,1024,1024,1024,1024,1024,1024,1024,1024,1024,1024,1024,1024,1024,1024,1024,1024,1024,1024,1024,1024,1024,1024,1024,1024,1024,1024,1024,1024,1024,1024,1024,1024,1024,1024,1024,1024,1024,1024,1024,1024,1024,1024,1024,1024,1024,1024,1024,1024,1024,1024,1024,1024,1024,1024,1024,1024,1024,1024,1024,1024,1024,1024,1024,1024,1024,1024,1024,1024,1024,1024,1024,1024,1024,1024,1024,1024,1024,1024,1024,1024,1024,1024,1024,1024,1024,1024,1024,1024,1024,1024,1024,1024,1024,1024,1024,1024,1024,1024,1024,1024,1024,1024,1024,1024,1025,1025,1025,1026,1026,1026,1027,1027,1027,1028,1028,1029,1029,1030,1030,1031,1031,1032,1032,1033,1033,1034,1034,1034,1035,1035,1035,1036,1036,1036,1036,1036,1036,1037,1037,1036,1036,1035,1035,1035,1034,1034,1034,1033,1033,1032,1032,1032,1031,1031,1031,1030,1030,1029,1029,1029,1029,1029,1029,1029,1029,1029,1029,1029,1028,1028,1028,1028,1028,1028,1027,1027,1027,1027,1027,1026,1026,1026,1026,1026,1025,1025,1025,1025,1025,1025,1024,1024,1024,1024,1024,1024,1024,1024,1024,1024,1024,1024,1024,1024,1024,1024,1024,1024,1024,1024,1024,1024,1024,1024,1024,1024,1024,1024,1024,1024,1024,1024,1024,1024,1024,1024,1024,1024,1024,1024,1024,1024,1024,1024,1024,1024,1024,1024,1024,1024,1024,1024,1024,1024,1024,1024,1024,1024,1024,1024,1024,1024,1024,1024,1024,1024,1024,1024,1024,1024,1024,1024,1024,1024,1024,1024,1024,1024,1024,1024,1024,1024,1024,1024,1024,1024,1024,1024,1024,1024,1024,1024,1024,1024,1024,1024,1024,1024,1024,1024,1024,1024,1024,1024,1024,1024,1024,1024,1024,1024,1024,1024,1024,1024,1024,1024,1024,1024,1024,1024,1024,1024,1024,1024,1024,1024,1024,1024,1024,1024,1024,1024,1024,1024,1024,1024,1024,1024,1024,1024,1024,1024,1024,1024,1024,1024,1024,1024,1024,1024,1024,1024,1024,1024,1024,1024,1024,1024,1024,1024,1024,1024,1024,1024,1024,1024,1024,1024,1024,1024,1024,1024,1024,1024,1024,1024,1024,1024,1024,1024,1024,1024,1024,1024,1024,1024,1024,1024,1024,1024,1024,1024,1024,1024,1024,1024,1024,1024,1024,1024,1024,1024,1024,1024,1024,1024,1024,1024,1024,1024

lead:V4
count:3536
points:1024,1024,1024,1024,1025,1025,1026,1026,1027,1027,1028,1029,1030,1031,1032,1033,1034,1035,1036,1037,1038,1039,1040,1042,1043,1044,1045,1046,1047,1047,1048,1049,1050,1050,1051,1051,1052,1052,1052,1052,1052,1052,1052,1051,1051,1051,1050,1050,1050,1049,1049,1048,1048,1048,1047,1047,1047,1046,1046,1046,1045,1045,1045,1045,1045,1044,1044,1044,1043,1043,1042,1042,1041,1040,1039,1039,1038,1037,1036,1035,1035,1034,1033,1032,1031,1031,1030,1029,1028,1028,1027,1027,1026,1026,1025,1025,1025,1024,1024,1024,1024,1024,1023,1023,1023,1022,1022,1021,1021,1021,1020,1020,1020,1019,1019,1019,1018,1018,1018,1017,1017,1017,1017,1016,1016,1016,1016,1015,1015,1015,1015,1014,1014,1014,1014,1014,1014,1014,1013,1013,1013,1013,1013,1013,1013,1013,1013,1013,1013,1013,1013,1013,1013,1013,1013,1013,1013,1013,1012,1012,1012,1012,1011,1011,1010,1009,1008,1007,1006,1005,1003,1002,1000,995,995,994,993,992,991,990,989,989,988,987,986,985,984,985,986,990,994,1000,1007,1015,1025,1036,1048,1061,1076,1092,1109,1128,1148,1169,1192,1215,1240,1266,1294,1323,1353,1384,1417,1451,1486,1561,1561,1526,1491,1457,1422,1389,1355,1322,1290,1259,1228,1199,1170,1142,1116,1091,1067,1044,1023,1003,985,968,953,940,929,919,911,904,900,896,896,905,913,921,928,935,942,948,954,959,965,969,974,978,982,986,989,992,995,997,1000,1002,1004,1005,1007,1008,1009,1011,1011,1012,1013,1013,1014,1014,1014,1014,1014,1015,1015,1015,1015,1015,1016,1017,1017,1018,1019,1019,1020,1021,1021,1022,1023,1023,1024,1025,1026,1026,1027,1028,1028,1029,1030,1030,1031,1032,1032,1033,1034,1034,1035,1036,1036,1037,1038,1039,1039,1040,1041,1041,1042,1043,1043,1044,1045,1045,1046,1047,1047,1048,1049,1050,1050,1051,1052,1053,1053,1053,1053,1053,1054,1054,1054,1055,1056,1056,1057,1058,1059,1060,1061,1062,1064,1065,1067,1068,1070,1071,1073,1075,1077,1079,1081,1083,1085,1087,1089,1091,1094,1096,1098,1101,1103,1106,1108,1111,1113,1116,1119,1121,1124,1127,1129,1132,1135,1138,1140,1143,1146,1149,1151,1154,1157,1159,1162,1165,1167,1170,1173,1175,1178,1180,1182,1185,1187,1190,1192,1194,1196,1198,1200,1202,1204,1206,1208,1209,1211,1213,1214,1216,1217,1218,1219,1221,1222,1223,1224,1224,1225,1226,1226,1227,1227,1227,1228,1228,1228,1228,1228,1227,1227,1227,1226,1225,1225,1224,1223,1222,1221,1219,1218,1217,1215,1214,1212,1210,1208,1206,1204,1202,1200,1198,1196,1193,1191,1188,1186,1183,1181,1178,1175,1172,1169,1166,1163,1160,1157,1154,1151,1148,1145,1142,1139,1135,1132,1129,1126,1123,1120,1116,1113,1110,1107,1104,1101,1097,1094,1091,1088,1085,1083,1080,1077,1074,1071,1069,1066,1063,1061,1059,1056,1054,1052,1049,1047,1045,1043,1042,1040,1038,1037,1035,1034,1032,1031,1030,1029,1028,1027,1026,1026,1025,1025,1024,1024,1024,1024,1024,1024,1024,1024,1024,1024,1024,1024,1024,1024,1024,1024,1024,1024,1024,1024,1024,1024,1024,1024,1024,1024,1024,1024,1024,1024,1024,1024,1024,1024,1024,1024,1024,1024,1024,1024,1024,1024,1024,1024,1024,1024,1024,1024,1024,1024,1024,1024,1024,1024,1024,1024,1024,1024,1024,1024,1024,1024,1024,1024,1024,1024,1024,1024,1024,1024,1024,1024,1024,1024,1024,1024,1024,1024,1024,1024,1024,1024,1024,1024,1024,1024,1024,1024,1024,1024,1024,1024,1024,1024,1024,1024,1024,1024,1024,1024,1024,1024,1024,1024,1024,1024,1024,1024,1024,1024,1024,1024,1024,1024,1024,1024,1024,1024,1024,1024,1024,1024,1024,1024,1024,1024,1024,1024,1024,1024,1024,1024,1024,1024,1024,1024,1024,1024,1024,1024,1024,1024,1024,1024,1024,1024,1024,1024,1024,1024,1024,1024,1024,1024,1024,1024,1024,1024,1024,1024,1024,1024,1024,1024,1024,1024,1024,1024,1024,1024,1024,1024,1024,1024,1024,1024,1024,1024,1024,1024,1024,1024,1024,1024,1024,1024,1024,1024,1024,1024,1024,1024,1024,1024,1024,1024,1024,1024,1024,1024,1024,1024,1024,1024,1024,1024,1024,1024,1024,1025,1025,1026,1026,1027,1027,1028,1029,1030,1031,1032,1033,1034,1035,1036,1037,1038,1039,1040,1042,1043,1044,1045,1046,1047,1047,1048,1049,1050,1050,1051,1051,1052,1052,1052,1052,1052,1052,1052,1051,1051,1051,1050,1050,1050,1049,1049,1048,1048,1048,1047,1047,1047,1046,1046,1045,1045,1045,1045,1045,1045,1044,1044,1044,1043,1043,1042,1042,1041,1040,1039,1039,1038,1037,1036,1035,1035,1034,1033,1032,1031,1031,1030,1029,1028,1028,1027,1027,1026,1026,1025,1025,1025,1024,1024,1024,1024,1024,1024,1023,1023,1023,1023,1022,1022,1022,1022,1021,1021,1021,1021,1020,1020,1020,1020,1019,1019,1019,1019,1019,1018,1018,1018,1018,1018,1017,1017,1017,1017,1017,1016,1016,1016,1016,1016,1016,1015,1015,1015,1015,1015,1015,1015,1015,1014,1014,1014,1014,1014,1014,1014,1014,1014,1014,1013,1013,1013,1013,1013,1013,1013,1013,1013,1013,1013,1013,1013,1013,1013,1013,1013,1013,1013,1013,1013,1013,1013,1013,1013,1013,1013,1013,1013,1013,1012,1012,1012,1012,1012,1011,1011,1011,1010,1010,1010,1009,1008,1008,1007,1006,1005,1004,1003,1002,1001,1000,998,997,995,994,993,993,992,991,990,989,989,988,987,986,985,985,984,985,986,990,994,1000,1007,1015,1025,1036,1048,1061,1076,1092,1109,1128,1148,1169,1192,1215,1240,1266,1294,1323,1353,1384,1417,1451,1486,1523,1561,1526,1491,1457,1422,1389,1355,1322,1290,1259,1228,1199,1170,1142,1116,1091,1067,1044,1023,1003,985,968,953,940,929,919,911,904,900,897,896,905,913,921,928,935,942,948,954,959,965,969,974,978,982,986,989,992,995,997,1000,1002,1004,1005,1007,1008,1009,1011,1011,1012,1013,1013,1014,1014,1014,1014,1014,1015,1015,1015,1015,1015,1016,1017,1017,1018,1019,1019,1020,1021,1021,1022,1023,1023,1024,1025,1026,1026,1027,1028,1028,1029,1030,1030,1031,1032,1032,1033,1034,1034,1035,1036,1036,1037,1038,1039,1039,1040,1041,1041,1042,1043,1043,1044,1045,1045,1046,1047,1047,1048,1049,1050,1050,1051,1052,1052,1053,1053,1053,1053,1054,1054,1054,1055,1056,1056,1057,1058,1059,1060,1061,1062,1064,1065,1067,1068,1070,1071,1073,1075,1077,1079,1081,1083,1085,1087,1089,1091,1094,1096,1098,1101,1103,1106,1108,1111,1113,1116,1119,1121,1124,1127,1129,1132,1135,1138,1140,1143,1146,1149,1151,1154,1157,1159,1162,1165,1167,1170,1173,1175,1178,1180,1182,1185,1187,1190,1192,1194,1196,1198,1200,1202,1204,1206,1208,1209,1211,1213,1214,1216,1217,1218,1219,1221,1222,1223,1224,1224,1225,1226,1226,1227,1227,1227,1228,1228,1228,1228,1228,1227,1227,1227,1226,1225,1225,1224,1223,1222,1221,1219,1218,1217,1215,1214,1212,1210,1208,1206,1204,1202,1200,1198,1196,1193,1191,1188,1186,1183,1181,1178,1175,1172,1169,1166,1163,1160,1157,1154,1151,1148,1145,1142,1139,1135,1132,1129,1126,1123,1120,1116,1113,1110,1107,1104,1101,1097,1094,1091,1088,1085,1083,1080,1077,1074,1071,1069,1066,1063,1061,1059,1056,1054,1052,1049,1047,1045,1043,1042,1040,1038,1037,1035,1034,1032,1031,1030,1029,1028,1027,1026,1026,1025,1025,1024,1024,1024,1024,1024,1024,1024,1024,1024,1024,1024,1024,1024,1024,1024,1024,1024,1024,1024,1024,1024,1024,1024,1024,1024,1024,1024,1024,1024,1024,1024,1024,1024,1024,1024,1024,1024,1024,1024,1024,1024,1024,1024,1024,1024,1024,1024,1024,1024,1024,1024,1024,1024,1024,1024,1024,1024,1024,1024,1024,1024,1024,1024,1024,1024,1024,1024,1024,1024,1024,1024,1024,1024,1024,1024,1024,1024,1024,1024,1024,1024,1024,1024,1024,1024,1024,1024,1024,1024,1024,1024,1024,1024,1024,1024,1024,1024,1024,1024,1024,1024,1024,1024,1024,1024,1024,1024,1024,1024,1024,1024,1024,1024,1024,1024,1024,1024,1024,1024,1024,1024,1024,1024,1024,1024,1024,1024,1024,1024,1024,1024,1024,1024,1024,1024,1024,1024,1024,1024,1024,1024,1024,1024,1024,1024,1024,1024,1024,1024,1024,1024,1024,1024,1024,1024,1024,1024,1024,1024,1024,1024,1024,1024,1024,1024,1024,1024,1024,1024,1024,1024,1024,1024,1024,1024,1024,1024,1024,1024,1024,1024,1024,1024,1024,1024,1024,1024,1024,1024,1024,1024,1024,1024,1024,1024,1024,1024,1024,1024,1024,1024,1024,1024,1024,1024,1024,1024,1024,1024,1025,1025,1026,1026,1027,1027,1028,1029,1030,1031,1032,1033,1034,1035,1036,1037,1038,1039,1040,1042,1043,1044,1045,1046,1047,1047,1048,1049,1050,1050,1051,1051,1052,1052,1052,1052,1052,1052,1052,1051,1051,1051,1050,1050,1050,1049,1049,1048,1048,1048,1047,1047,1047,1046,1046,1046,1045,1045,1045,1045,1045,1044,1044,1044,1043,1043,1042,1042,1041,1040,1039,1039,1038,1037,1036,1035,1035,1034,1033,1032,1031,1031,1030,1029,1028,1028,1027,1027,1026,1026,1025,1025,1025,1024,1024,1024,1024,1024,1023,1023,1023,1022,1022,1022,1022,1021,1021,1021,1020,1020,1020,1020,1019,1019,1019,1018,1018,1018,1018,1017,1017,1017,1017,1017,1016,1016,1016,1016,1015,1015,1015,1015,1015,1015,1014,1014,1014,1014,1014,1014,1014,1014,1014,1013,1013,1013,1013,1013,1013,1013,1013,1013,1013,1013,1013,1013,1013,1013,1013,1013,1013,1013,1013,1013,1013,1013,1013,1013,1013,1013,1013,1013,1013,1013,1013,1013,1013,1013,1013,1013,1013,1013,1013,1013,1013,1013,1013,1013,1013,1013,1013,1013,1013,1013,1013,1013,1013,1012,1012,1012,1012,1012,1012,1012,1012,1012,1012,1012,1012,1012,1011,1011,1011,1011,1011,1011,1011,1011,1010,1010,1010,1010,1010,1009,1009,1009,1009,1009,1008,1008,1008,1007,1007,1007,1007,1006,1006,1006,1005,1005,1005,1005,1004,1004,1003,1002,1002,1001,1000,999,998,997,996,995,993,992,991,990,989,988,987,987,986,985,985,984,984,984,984,985,986,990,994,1000,1007,1015,1025,1036,1048,1061,1076,1092,1109,1128,1148,1169,1192,1215,1240,1266,1294,1323,1353,1384,1417,1451,1486,1523,1561,1526,1491,1457,1422,1389,1355,1322,1290,1259,1228,1199,1170,1142,1116,1091,1067,1044,1023,1003,985,968,953,940,929,919,911,904,900,896,896,905,913,921,928,935,942,948,954,959,965,969,974,978,982,986,989,992,995,997,1000,1002,1004,1005,1007,1008,1009,1011,1011,1012,1013,1013,1014,1014,1014,1014,1014,1015,1015,1015,1015,1015,1016,1017,1018,1018,1019,1020,1021,1021,1022,1023,1024,1025,1025,1026,1027,1028,1028,1029,1030,1031,1031,1032,1033,1034,1035,1035,1036,1037,1038,1038,1039,1040,1041,1041,1042,1043,1044,1044,1045,1046,1047,1048,1048,1049,1050,1051,1051,1053,1053,1053,1053,1053,1054,1054,1054,1055,1056,1056,1057,1058,1059,1060,1061,1062,1064,1065,1067,1068,1070,1071,1073,1075,1077,1079,1081,1083,1085,1087,1089,1091,1094,1096,1098,1101,1103,1106,1108,1111,1113,1116,1119,1121,1124,1127,1129,1132,1135,1138,1140,1143,1146,1149,1151,1154,1157,1159,1162,1165,1167,1170,1173,1175,1178,1180,1182,1185,1187,1190,1192,1194,1196,1198,1200,1202,1204,1206,1208,1209,1211,1213,1214,1216,1217,1218,1219,1221,1222,1223,1224,1224,1225,1226,1226,1227,1227,1227,1228,1228,1228,1228,1228,1227,1227,1227,1226,1225,1225,1224,1223,1222,1221,1219,1218,1217,1215,1214,1212,1210,1208,1206,1204,1202,1200,1198,1196,1193,1191,1188,1186,1183,1181,1178,1175,1172,1169,1166,1163,1160,1157,1154,1151,1148,1145,1142,1139,1135,1132,1129,1126,1123,1120,1116,1113,1110,1107,1104,1101,1097,1094,1091,1088,1085,1083,1080,1077,1074,1071,1069,1066,1063,1061,1059,1056,1054,1052,1049,1047,1045,1043,1042,1040,1038,1037,1035,1034,1032,1031,1030,1029,1028,1027,1026,1026,1025,1025,1024,1024,1024,1024,1024,1024,1024,1024,1024,1024,1024,1024,1024,1024,1024,1024,1024,1024,1024,1024,1024,1024,1024,1024,1024,1024,1024,1024,1024,1024,1024,1024,1024,1024,1024,1024,1024,1024,1024,1024,1024,1024,1024,1024,1024,1024,1024,1024,1024,1024,1024,1024,1024,1024,1024,1024,1024,1024,1024,1024,1024,1024,1024,1024,1024,1024,1024,1024,1024,1024,1024,1024,1024,1024,1024,1024,1024,1024,1024,1024,1024,1024,1024,1024,1024,1024,1024,1024,1024,1024,1024,1024,1024,1024,1024,1024,1024,1024,1024,1024,1024,1024,1024,1024,1024,1024,1024,1024,1024,1024,1024,1024,1024,1024,1024,1024,1024,1024,1024,1024,1024,1024,1024,1024,1024,1024,1024,1024,1024,1024,1024,1024,1024,1024,1024,1024,1024,1024,1024,1024,1024,1024,1024,1024,1024,1024,1024,1024,1024,1024,1024,1024,1024,1024,1024,1024,1024,1024,1024,1024,1024,1024,1024,1024,1024,1024,1024,1024,1024,1024,1024,1024,1024,1024,1024,1024,1024,1024,1024,1024,1024,1024,1024,1024,1024,1024,1024,1024,1024,1024,1024,1024,1024,1024,1024,1024,1024,1024,1024,1024,1024,1024,1024,1024,1024,1024,1024,1024,1024,1025,1025,1026,1026,1027,1027,1028,1029,1030,1031,1032,1033,1034,1035,1036,1037,1038,1039,1040,1042,1043,1044,1045,1046,1047,1047,1048,1049,1050,1050,1051,1051,1052,1052,1052,1052,1052,1052,1052,1051,1051,1051,1050,1050,1050,1049,1049,1048,1048,1048,1047,1047,1047,1046,1046,1046,1045,1045,1045,1045,1045,1044,1044,1044,1043,1043,1042,1042,1041,1040,1039,1039,1038,1037,1036,1035,1035,1034,1033,1032,1031,1031,1030,1029,1028,1028,1027,1027,1026,1026,1025,1025,1025,1024,1024,1024,1024,1024,1024,1024,1024,1024,1024,1024,1024,1024,1024,1024,1024,1024,1024,1024,1024,1024,1024,1024,1024,1024,1024,1024,1024,1024,1024,1024,1024,1024,1024,1024,1024,1024,1024,1024,1024,1024,1024,1024,1024,1024,1024,1024,1024,1024,1024,1024,1024,1024,1024,1024,1024,1024,1024,1024,1024,1024,1024,1024,1024,1024,1024,1024,1024,1024,1024,1024,1024,1024,1023,1023,1023,1023,1023,1023,1023,1023,1023,1023,1023,1023,1023,1023,1023,1023,1023,1023,1023,1023,1023,1023,1022,1022,1022,1022,1022,1022,1022,1022,1022,1022,1022,1022,1021,1021,1021,1021,1021,1021,1021,1021,1021,1020,1020,1020,1020,1020,1020,1020,1020,1019,1019,1019,1019,1019,1019,1018,1018,1018,1018,1018,1017,1017,1017,1017,1017,1016,1016,1016,1016,1015,1015,1015,1015,1014,1014,1014,1014,1013,1013,1013,1013,1013,1013,1013,1013,1013,1013,1013,1013,1013,1013,1013,1013,1013,1013,1013,1013,1013,1013,1013,1013,1013,1013,1012,1012,1012,1012,1012,1012,1011,1011,1011,1011,1010,1010,1010,1009,1009,1009,1008,1008,1007,1006,1005,1005,1005,1005,1005,1004,1004,1003,1002,1002,1001,1000,999,998,997,996,995,993,992,991,990,989,988,987,987,986,985,985,984,984,984,984,985,986,990,994,1000,1007,1015,1025,1036,1048,1061,1076,1092,1109,1128,1148,1169,1192,1215,1240,1266,1294,1323,1353,1384,1417,1451,1486,1523,1561,1526,1491,1457,1422,1389,1355,1322,1290,1259,1228,1199,1170,1142,1116,1091,1067,1044,1023,1003,985,968,953,940,929,919,911,904,900,896,896,905,913,921,928,935,942,948,954,959,965,969,974,978,982,986,989,992,995,997,1000,1002,1004,1005,1007,1008,1009,1011,1011,1012,1013,1013,1014,1014,1014,1014,1014,1015,1015,1015,1015,1015,1016,1017,1017,1018,1019,1020,1020,1021,1022,1022,1023,1024,1025,1025,1026,1027,1027,1028,1029,1029,1030,1031,1032,1032,1033,1034,1034,1035,1036,1037,1037,1038,1039,1039,1040,1041,1042,1042,1043,1044,1044,1045,1046,1047,1047,1048,1049,1049,1050,1051,1052,1052,1053,1053,1053,1053,1054,1054,1054,1055,1056,1056,1057,1058,1059,1060,1061,1062,1064,1065,1067,1068,1070,1071,1073,1075,1077,1079,1081,1083,1085,1087,1089,1091,1094,1096,1098,1101,1103,1106,1108,1111,1113,1116,1119,1121,1124,1127,1129,1132,1135,1138,1140,1143,1146,1149,1151,1154,1157,1159,1162,1165,1167,1170,1173,1175,1178,1180,1182,1185,1187,1190,1192,1194,1196,1198,1200,1202,1204,1206,1208,1209,1211,1213,1214,1216,1217,1218,1219,1221,1222,1223,1224,1224,1225,1226,1226,1227,1227,1227,1228,1228,1228,1228,1228,1227,1227,1227,1226,1225,1225,1224,1223,1222,1221,1219,1218,1217,1215,1214,1212,1210,1208,1206,1204,1202,1200,1198,1196,1193,1191,1188,1186,1183,1181,1178,1175,1172,1169,1166,1163,1160,1157,1154,1151,1148,1145,1142,1139,1135,1132,1129,1126,1123,1120,1116,1113,1110,1107,1104,1101,1097,1094,1091,1088,1085,1083,1080,1077,1074,1071,1069,1066,1063,1061,1059,1056,1054,1052,1049,1047,1045,1043,1042,1040,1038,1037,1035,1034,1032,1031,1030,1029,1028,1027,1026,1026,1025,1025,1024,1024,1024,1024,1024,1024,1024,1024,1024,1024,1024,1024,1024,1024,1024,1024,1024,1024,1024,1024,1024,1024,1024,1024,1024,1024,1024,1024,1024,1024,1024,1024,1024,1024,1024,1024,1024,1024,1024,1024,1024,1024,1024,1024,1024,1024,1024,1024,1024,1024,1024,1024,1024,1024,1024,1024,1024,1024,1024,1024,1024,1024,1024,1024,1024,1024,1024,1024,1024,1024,1024,1024,1024,1024,1024,1024,1024,1024,1024,1024,1024,1024,1024,1024,1024,1024,1024,1024,1024,1024,1024,1024,1024,1024,1024,1024,1024,1024,1024,1024,1024,1024,1024,1024,1024,1024,1024,1024,1024,1024,1024,1024,1024,1024,1024,1024,1024,1024,1024,1024,1024,1024,1024,1024,1024,1024,1024,1024,1024,1024,1024,1024,1024,1024,1024,1024,1024,1024,1024,1024,1024,1024,1024,1024,1024,1024,1024,1024,1024,1024,1024,1024,1024,1024,1024,1024,1024,1024,1024,1024,1024,1024,1024,1024,1024,1024,1024,1024,1024,1024,1024,1024,1024,1024,1024,1024,1024,1024,1024,1024,1024,1024,1024,1024,1024,1024,1024,1024,1024,1024,1024,1024,1024,1024,1024,1024,1024,1024,1024,1024,1024,1024,1024,1024,1024,1024,1024,1024,1024,1025,1025,1026,1026,1027,1028,1029,1029,1030,1031,1032,1033,1035,1036,1037,1038,1039,1041,1042,1043,1044,1045,1046,1047,1048,1049,1050,1051,1052,1052,1053,1054,1054,1054,1055,1055,1055,1054,1054,1053,1053,1052,1052,1051,1051,1050,1050,1049,1049,1048,1048,1047,1047,1046,1046,1045,1044,1044,1044,1044,1044,1044,1043,1043,1043,1042,1041,1041,1040,1040,1039,1038,1037,1037,1036,1035,1034,1033,1033,1032,1031,1030,1030,1029,1028,1028,1027,1026,1026,1026,1025,1025,1025,1024,1024,1024,1024,1024,1024,1024,1024,1024,1024,1024,1024,1024,1024,1024,1024,1024,1024,1024,1024,1024,1024,1024,1024,1024,1024,1024,1024,1024,1024,1024,1024,1024,1024,1024,1024,1024,1024,1024,1024,1024,1024,1024,1024,1024,1024,1024,1024,1024,1024,1024,1024,1024,1024,1024,1024,1024,1024,1024,1024,1024,1024,1024,1024,1024,1024,1024,1024,1024,1024,1024,1024,1024,1024,1024,1024,1024,1024,1024,1024,1024,1024,1024,1024,1024,1024,1024,1024,1024,1024,1024,1024,1024,1024,1024,1024,1024,1024,1024,1024,1024,1024,1024,1024,1024,1024,1024,1024,1024,1024,1024,1024,1024,1024,1024,1024,1024,1024,1024,1024,1024,1024,1024,1024,1024,1024,1024,1024,1024,1024,1024,1024,1024,1024,1024,1024,1024,1024,1024,1024,1024,1024,1024,1024,1024,1024,1024,1024,1024,1024,1024,1024,1024,1024,1024,1024,1024,1024,1024,1024,1024,1024,1024,1024,1024,1024,1024,1024,1024,1024,1024,1024,1024,1024,1024,1024,1024,1024,1024,1024,1024,1024,1024,1024,1024,1024,1024,1024,1024,1024,1024,1024,1024,1024,1024,1024,1024,1024,1024,1024,1024,1024,1024,1024,1024

lead:V5
count:3536
points:1024,1024,1024,1024,1024,1024,1024,1024,1025,1025,1025,1026,1026,1027,1028,1028,1029,1030,1032,1033,1034,1036,1037,1038,1040,1040,1041,1042,1043,1043,1044,1044,1044,1044,1045,1045,1045,1045,1045,1045,1045,1045,1045,1045,1045,1045,1045,1045,1045,1045,1045,1045,1045,1045,1045,1046,1046,1046,1046,1046,1047,1046,1045,1044,1043,1042,1041,1040,1040,1039,1038,1037,1036,1036,1035,1034,1033,1033,1032,1031,1031,1030,1029,1029,1028,1028,1027,1027,1026,1026,1026,1025,1025,1025,1025,1024,1024,1024,1024,1024,1024,1024,1023,1023,1022,1022,1021,1021,1020,1020,1019,1019,1018,1018,1017,1017,1017,1016,1016,1015,1015,1015,1014,1014,1014,1013,1013,1013,1012,1012,1012,1012,1011,1011,1011,1011,1011,1010,1010,1010,1010,1010,1010,1010,1010,1010,1010,1010,1010,1010,1010,1010,1010,1010,1010,1010,1009,1009,1009,1009,1008,1008,1007,1007,1006,1005,1004,1002,1001,999,997,995,992,986,986,986,985,984,983,981,980,977,975,972,969,966,964,984,1005,1026,1047,1068,1089,1110,1131,1152,1173,1194,1215,1236,1256,1277,1298,1319,1340,1361,1382,1403,1424,1445,1466,1487,1508,1528,1549,1591,1591,1562,1532,1503,1474,1445,1417,1389,1361,1335,1309,1284,1259,1236,1213,1192,1171,1152,1134,1118,1102,1088,1075,1064,1054,1046,1039,1033,1029,1026,1026,1026,1025,1024,1023,1023,1022,1022,1021,1020,1020,1020,1019,1019,1018,1018,1018,1017,1017,1017,1017,1016,1016,1016,1016,1016,1016,1016,1016,1016,1015,1015,1015,1015,1015,1015,1015,1015,1015,1015,1015,1016,1016,1017,1018,1018,1019,1019,1020,1021,1021,1022,1022,1023,1023,1024,1025,1025,1026,1026,1027,1028,1028,1029,1029,1030,1030,1031,1032,1032,1033,1033,1034,1035,1035,1036,1036,1037,1037,1038,1039,1039,1040,1040,1041,1042,1042,1043,1043,1044,1044,1045,1046,1046,1047,1048,1048,1048,1048,1048,1048,1049,1049,1049,1050,1050,1051,1051,1052,1052,1053,1054,1055,1055,1056,1057,1058,1059,1060,1061,1062,1063,1065,1066,1067,1068,1070,1071,1073,1074,1075,1077,1078,1080,1081,1083,1085,1086,1088,1089,1091,1093,1094,1096,1098,1099,1101,1103,1104,1106,1108,1109,1111,1112,1114,1116,1117,1119,1120,1122,1123,1125,1126,1128,1129,1131,1132,1133,1135,1136,1137,1138,1140,1141,1142,1143,1144,1145,1146,1147,1147,1148,1149,1150,1150,1151,1151,1152,1152,1153,1153,1153,1153,1154,1154,1154,1154,1154,1154,1154,1153,1153,1153,1152,1152,1151,1151,1150,1149,1149,1148,1147,1146,1145,1144,1143,1141,1140,1139,1138,1136,1135,1133,1132,1130,1129,1127,1125,1124,1122,1120,1118,1117,1115,1113,1111,1109,1107,1105,1103,1101,1099,1097,1095,1093,1091,1089,1087,1085,1083,1081,1079,1077,1075,1073,1071,1069,1067,1065,1063,1061,1059,1058,1056,1054,1052,1051,1049,1048,1046,1044,1043,1042,1040,1039,1038,1036,1035,1034,1033,1032,1031,1030,1029,1029,1028,1027,1027,1026,1026,1025,1025,1025,1024,1024,1024,1024,1024,1024,1024,1024,1024,1024,1024,1024,1024,1024,1024,1024,1024,1024,1024,1024,1024,1024,1024,1024,1024,1024,1024,1024,1024,1024,1024,1024,1024,1024,1024,1024,1024,1024,1024,1024,1024,1024,1024,1024,1024,1024,1024,1024,1024,1024,1024,1024,1024,1024,1024,1024,1024,1024,1024,1024,1024,1024,1024,1024,1024,1024,1024,1024,1024,1024,1024,1024,1024,1024,1024,1024,1024,1024,1024,1024,1024,1024,1024,1024,1024,1024,1024,1024,1024,1024,1024,1024,1024,1024,1024,1024,1024,1024,1024,1024,1024,1024,1024,1024,1024,1024,1024,1024,1024,1024,1024,1024,1024,1024,1024,1024,1024,1024,1024,1024,1024,1024,1024,1024,1024,1024,1024,1024,1024,1024,1024,1024,1024,1024,1024,1024,1024,1024,1024,1024,1024,1024,1024,1024,1024,1024,1024,1024,1024,1024,1024,1024,1024,1024,1024,1024,1024,1024,1024,1024,1024,1024,1024,1024,1024,1024,1024,1024,1024,1024,1024,1024,1024,1024,1024,1024,1024,1024,1024,1024,1024,1024,1024,1024,1024,1024,1024,1024,1024,1024,1024,1024,1024,1024,1024,1024,1024,1024,1024,1024,1024,1024,1024,1024,1024,1024,1024,1024,1024,1024,1024,1024,1024,1025,1025,1025,1026,1026,1027,1028,1028,1029,1030,1032,1033,1034,1036,1037,1038,1040,1040,1041,1042,1043,1043,1044,1044,1044,1044,1045,1045,1045,1045,1045,1045,1045,1045,1045,1045,1045,1045,1045,1045,1045,1045,1045,1045,1045,1045,1045,1046,1046,1046,1046,1047,1047,1047,1047,1046,1046,1046,1046,1046,1046,1046,1045,1045,1045,1044,1044,1044,1043,1043,1042,1042,1041,1041,1040,1040,1039,1039,1038,1037,1036,1036,1035,1034,1033,1033,1032,1031,1030,1029,1028,1027,1026,1026,1025,1025,1025,1024,1024,1023,1023,1023,1022,1022,1022,1021,1021,1021,1020,1020,1020,1019,1019,1019,1018,1018,1018,1017,1017,1017,1016,1016,1016,1016,1015,1015,1015,1015,1014,1014,1014,1014,1013,1013,1013,1013,1012,1012,1012,1012,1012,1012,1011,1011,1011,1011,1011,1011,1011,1010,1010,1010,1010,1010,1010,1010,1010,1010,1010,1010,1010,1010,1010,1010,1010,1010,1010,1010,1010,1010,1010,1010,1010,1010,1010,1010,1009,1009,1009,1009,1009,1009,1009,1008,1008,1008,1007,1007,1006,1006,1005,1004,1004,1003,1002,1001,1000,998,997,996,994,992,990,988,986,986,986,985,984,983,981,980,978,976,973,971,969,966,964,984,1005,1026,1047,1068,1089,1110,1131,1152,1173,1194,1215,1236,1256,1277,1298,1319,1340,1361,1382,1403,1424,1445,1466,1487,1508,1528,1549,1570,1591,1562,1532,1503,1474,1445,1417,1389,1361,1335,1309,1284,1259,1236,1213,1192,1171,1152,1134,1118,1102,1088,1075,1064,1054,1046,1039,1033,1029,1027,1026,1026,1025,1024,1023,1023,1022,1022,1021,1020,1020,1020,1019,1019,1018,1018,1018,1017,1017,1017,1017,1016,1016,1016,1016,1016,1016,1016,1016,1016,1015,1015,1015,1015,1015,1015,1015,1015,1015,1015,1015,1015,1015,1015,1016,1016,1016,1016,1016,1016,1017,1017,1017,1017,1018,1018,1019,1019,1019,1020,1020,1021,1021,1022,1022,1023,1024,1024,1025,1026,1026,1027,1028,1028,1029,1030,1031,1031,1032,1033,1034,1035,1035,1036,1037,1038,1039,1040,1041,1042,1042,1043,1044,1045,1046,1047,1048,1050,1051,1053,1055,1056,1058,1060,1061,1063,1065,1066,1068,1069,1071,1073,1074,1076,1078,1079,1081,1082,1084,1085,1087,1089,1090,1092,1093,1095,1096,1098,1099,1100,1102,1103,1105,1106,1108,1109,1110,1112,1113,1114,1115,1117,1118,1119,1120,1122,1123,1124,1125,1126,1127,1129,1130,1131,1132,1133,1134,1135,1136,1137,1137,1138,1139,1140,1141,1142,1142,1143,1144,1145,1145,1146,1146,1147,1148,1148,1149,1149,1150,1150,1151,1151,1151,1152,1152,1152,1153,1153,1153,1153,1153,1154,1154,1154,1154,1154,1154,1154,1154,1154,1153,1153,1153,1152,1152,1151,1151,1150,1149,1149,1148,1147,1146,1145,1144,1143,1141,1140,1139,1138,1136,1135,1133,1132,1130,1129,1127,1125,1124,1122,1120,1118,1117,1115,1113,1111,1109,1107,1105,1103,1101,1099,1097,1095,1093,1091,1089,1087,1085,1083,1081,1079,1077,1075,1073,1071,1069,1067,1065,1063,1061,1059,1058,1056,1054,1052,1051,1049,1048,1046,1044,1043,1042,1040,1039,1038,1036,1035,1034,1033,1032,1031,1030,1029,1029,1028,1027,1027,1026,1026,1025,1025,1025,1024,1024,1024,1024,1024,1024,1024,1024,1024,1024,1024,1024,1024,1024,1024,1024,1024,1024,1024,1024,1024,1024,1024,1024,1024,1024,1024,1024,1024,1024,1024,1024,1024,1024,1024,1024,1024,1024,1024,1024,1024,1024,1024,1024,1024,1024,1024,1024,1024,1024,1024,1024,1024,1024,1024,1024,1024,1024,1024,1024,1024,1024,1024,1024,1024,1024,1024,1024,1024,1024,1024,1024,1024,1024,1024,1024,1024,1024,1024,1024,1024,1024,1024,1024,1024,1024,1024,1024,1024,1024,1024,1024,1024,1024,1024,1024,1024,1024,1024,1024,1024,1024,1024,1024,1024,1024,1024,1024,1024,1024,1024,1024,1024,1024,1024,1024,1024,1024,1024,1024,1024,1024,1024,1024,1024,1024,1024,1024,1024,1024,1024,1024,1024,1024,1024,1024,1024,1024,1024,1024,1024,1024,1024,1024,1024,1024,1024,1024,1024,1024,1024,1024,1024,1024,1024,1024,1024,1024,1024,1024,1024,1024,1024,1024,1024,1024,1024,1024,1024,1024,1024,1024,1024,1024,1024,1024,1024,1024,1024,1024,1024,1024,1024,1024,1024,1024,1024,1024,1024,1024,1024,1024,1024,1024,1024,1024,1024,1024,1024,1024,1024,1024,1024,1024,1024,1024,1024,1024,1024,1024,1024,1024,1024,1025,1025,1025,1026,1026,1027,1028,1028,1029,1030,1032,1033,1034,1036,1037,1038,1040,1040,1041,1042,1043,1043,1044,1044,1044,1044,1045,1045,1045,1045,1045,1045,1045,1045,1045,1045,1045,1045,1045,1045,1045,1045,1045,1045,1045,1045,1045,1046,1046,1046,1046,1046,1047,1047,1046,1046,1046,1046,1045,1045,1044,1044,1043,1043,1042,1041,1040,1040,1039,1038,1037,1036,1035,1034,1034,1033,1032,1031,1030,1029,1029,1028,1027,1027,1026,1026,1025,1025,1025,1024,1024,1024,1024,1024,1023,1023,1022,1022,1022,1021,1021,1020,1020,1020,1019,1019,1019,1018,1018,1017,1017,1017,1016,1016,1016,1015,1015,1015,1015,1014,1014,1014,1013,1013,1013,1013,1012,1012,1012,1012,1012,1011,1011,1011,1011,1011,1011,1010,1010,1010,1010,1010,1010,1010,1010,1010,1010,1010,1010,1010,1010,1010,1010,1010,1010,1010,1010,1010,1010,1010,1010,1010,1010,1010,1010,1010,1010,1010,1010,1010,1010,1010,1010,1010,1010,1010,1010,1010,1010,1010,1010,1010,1010,1010,1010,1010,1009,1009,1009,1009,1009,1009,1009,1009,1009,1009,1009,1009,1009,1009,1009,1009,1008,1008,1008,1008,1008,1008,1008,1008,1008,1007,1007,1007,1007,1007,1007,1006,1006,1006,1006,1005,1005,1005,1005,1004,1004,1004,1004,1003,1003,1003,1002,1002,1001,1001,1001,1001,1001,1000,1000,999,998,997,996,995,994,993,992,990,989,987,986,984,983,981,979,977,975,973,971,969,968,966,964,984,1005,1026,1047,1068,1089,1110,1131,1152,1173,1194,1215,1236,1256,1277,1298,1319,1340,1361,1382,1403,1424,1445,1466,1487,1508,1528,1549,1570,1591,1562,1532,1503,1474,1445,1417,1389,1361,1335,1309,1284,1259,1236,1213,1192,1171,1152,1134,1118,1102,1088,1075,1064,1054,1046,1039,1033,1029,1026,1026,1026,1025,1024,1023,1023,1022,1022,1021,1020,1020,1020,1019,1019,1018,1018,1018,1017,1017,1017,1017,1016,1016,1016,1016,1016,1016,1016,1016,1016,1015,1015,1015,1015,1015,1015,1015,1015,1015,1015,1015,1016,1017,1017,1018,1019,1019,1020,1021,1021,1022,1022,1023,1024,1024,1025,1026,1026,1027,1028,1028,1029,1030,1030,1031,1032,1032,1033,1034,1034,1035,1036,1036,1037,1038,1038,1039,1039,1040,1041,1041,1042,1043,1043,1044,1045,1045,1046,1047,1048,1048,1048,1048,1048,1048,1049,1049,1049,1050,1050,1051,1051,1052,1052,1053,1054,1055,1055,1056,1057,1058,1059,1060,1061,1062,1063,1065,1066,1067,1068,1070,1071,1073,1074,1075,1077,1078,1080,1081,1083,1085,1086,1088,1089,1091,1093,1094,1096,1098,1099,1101,1103,1104,1106,1108,1109,1111,1112,1114,1116,1117,1119,1120,1122,1123,1125,1126,1128,1129,1131,1132,1133,1135,1136,1137,1138,1140,1141,1142,1143,1144,1145,1146,1147,1147,1148,1149,1150,1150,1151,1151,1152,1152,1153,1153,1153,1153,1154,1154,1154,1154,1154,1154,1154,1153,1153,1153,1152,1152,1151,1151,1150,1149,1149,1148,1147,1146,1145,1144,1143,1141,1140,1139,1138,1136,1135,1133,1132,1130,1129,1127,1125,1124,1122,1120,1118,1117,1115,1113,1111,1109,1107,1105,1103,1101,1099,1097,1095,1093,1091,1089,1087,1085,1083,1081,1079,1077,1075,1073,1071,1069,1067,1065,1063,1061,1059,1058,1056,1054,1052,1051,1049,1048,1046,1044,1043,1042,1040,1039,1038,1036,1035,1034,1033,1032,1031,1030,1029,1029,1028,1027,1027,1026,1026,1025,1025,1025,1024,1024,1024,1024,1024,1024,1024,1024,1024,1024,1024,1024,1024,1024,1024,1024,1024,1024,1024,1024,1024,1024,1024,1024,1024,1024,1024,1024,1024,1024,1024,1024,1024,1024,1024,1024,1024,1024,1024,1024,1024,1024,1024,1024,1024,1024,1024,1024,1024,1024,1024,1024,1024,1024,1024,1024,1024,1024,1024,1024,1024,1024,1024,1024,1024,1024,1024,1024,1024,1024,1024,1024,1024,1024,1024,1024,1024,1024,1024,1024,1024,1024,1024,1024,1024,1024,1024,1024,1024,1024,1024,1024,1024,1024,1024,1024,1024,1024,1024,1024,1024,1024,1024,1024,1024,1024,1024,1024,1024,1024,1024,1024,1024,1024,1024,1024,1024,1024,1024,1024,1024,1024,1024,1024,1024,1024,1024,1024,1024,1024,1024,1024,1024,1024,1024,1024,1024,1024,1024,1024,1024,1024,1024,1024,1024,1024,1024,1024,1024,1024,1024,1024,1024,1024,1024,1024,1024,1024,1024,1024,1024,1024,1024,1024,1024,1024,1024,1024,1024,1024,1024,1024,1024,1024,1024,1024,1024,1024,1024,1024,1024,1024,1024,1024,1024,1024,1024,1024,1024,1024,1024,1024,1024,1024,1024,1024,1024,1024,1024,1024,1024,1024,1024,1024,1024,1024,1024,1024,1024,1024,1024,1024,1024,1025,1025,1025,1026,1026,1027,1028,1028,1029,1030,1032,1033,1034,1036,1037,1038,1040,1040,1041,1042,1043,1043,1044,1044,1044,1044,1045,1045,1045,1045,1045,1045,1045,1045,1045,1045,1045,1045,1045,1045,1045,1045,1045,1045,1045,1045,1045,1046,1046,1046,1046,1046,1047,1047,1046,1046,1046,1046,1045,1045,1044,1044,1043,1043,1042,1041,1040,1040,1039,1038,1037,1036,1035,1034,1034,1033,1032,1031,1030,1029,1029,1028,1027,1027,1026,1026,1025,1025,1025,1024,1024,1024,1024,1024,1024,1024,1024,1024,1024,1024,1024,1024,1024,1024,1024,1024,1024,1024,1024,1024,1024,1024,1024,1024,1024,1024,1024,1024,1024,1024,1024,1024,1024,1024,1024,1024,1024,1024,1024,1024,1024,1024,1024,1024,1024,1024,1024,1024,1024,1024,1024,1024,1024,1024,1024,1024,1024,1024,1024,1024,1024,1024,1024,1024,1024,1024,1024,1023,1023,1023,1023,1023,1023,1023,1023,1023,1023,1023,1023,1023,1023,1023,1023,1023,1023,1023,1023,1023,1022,1022,1022,1022,1022,1022,1022,1022,1022,1022,1022,1022,1021,1021,1021,1021,1021,1021,1021,1021,1020,1020,1020,1020,1020,1020,1020,1019,1019,1019,1019,1019,1019,1018,1018,1018,1018,1018,1017,1017,1017,1017,1016,1016,1016,1016,1015,1015,1015,1015,1014,1014,1014,1014,1013,1013,1013,1012,1012,1012,1011,1011,1011,1010,1010,1010,1009,1009,1009,1009,1009,1009,1008,1008,1008,1008,1008,1007,1007,1007,1007,1007,1007,1006,1006,1006,1006,1006,1005,1005,1005,1005,1005,1005,1004,1004,1004,1004,1004,1003,1003,1003,1003,1003,1003,1002,1002,1002,1002,1001,1001,1001,1001,1001,1001,1000,1000,999,998,997,996,995,994,993,992,990,989,987,986,984,983,981,979,977,975,973,971,969,968,964,964,984,1005,1026,1047,1068,1089,1110,1131,1152,1173,1194,1215,1236,1256,1277,1298,1319,1340,1361,1382,1403,1424,1445,1466,1487,1508,1528,1549,1570,1591,1562,1532,1503,1474,1445,1417,1389,1361,1335,1309,1284,1259,1236,1213,1192,1171,1152,1134,1118,1102,1088,1075,1064,1054,1046,1039,1033,1029,1026,1026,1026,1025,1024,1023,1023,1022,1022,1021,1020,1020,1020,1019,1019,1018,1018,1018,1017,1017,1017,1017,1016,1016,1016,1016,1016,1016,1016,1016,1016,1015,1015,1015,1015,1015,1015,1015,1015,1015,1015,1015,1016,1017,1017,1018,1018,1019,1020,1020,1021,1021,1022,1023,1023,1024,1024,1025,1026,1026,1027,1027,1028,1029,1029,1030,1030,1031,1032,1032,1033,1033,1034,1035,1035,1036,1036,1037,1038,1038,1039,1039,1040,1041,1041,1042,1043,1043,1044,1044,1045,1046,1046,1047,1047,1048,1048,1048,1048,1048,1049,1049,1049,1050,1050,1051,1051,1052,1052,1053,1054,1055,1055,1056,1057,1058,1059,1060,1061,1062,1063,1065,1066,1067,1068,1070,1071,1073,1074,1075,1077,1078,1080,1081,1083,1085,1086,1088,1089,1091,1093,1094,1096,1098,1099,1101,1103,1104,1106,1108,1109,1111,1112,1114,1116,1117,1119,1120,1122,1123,1125,1126,1128,1129,1131,1132,1133,1135,1136,1137,1138,1140,1141,1142,1143,1144,1145,1146,1147,1147,1148,1149,1150,1150,1151,1151,1152,1152,1153,1153,1153,1153,1154,1154,1154,1154,1154,1154,1154,1153,1153,1153,1152,1152,1151,1151,1150,1149,1149,1148,1147,1146,1145,1144,1143,1141,1140,1139,1138,1136,1135,1133,1132,1130,1129,1127,1125,1124,1122,1120,1118,1117,1115,1113,1111,1109,1107,1105,1103,1101,1099,1097,1095,1093,1091,1089,1087,1085,1083,1081,1079,1077,1075,1073,1071,1069,1067,1065,1063,1061,1059,1058,1056,1054,1052,1051,1049,1048,1046,1044,1043,1042,1040,1039,1038,1036,1035,1034,1033,1032,1031,1030,1029,1029,1028,1027,1027,1026,1026,1025,1025,1025,1024,1024,1024,1024,1024,1024,1024,1024,1024,1024,1024,1024,1024,1024,1024,1024,1024,1024,1024,1024,1024,1024,1024,1024,1024,1024,1024,1024,1024,1024,1024,1024,1024,1024,1024,1024,1024,1024,1024,1024,1024,1024,1024,1024,1024,1024,1024,1024,1024,1024,1024,1024,1024,1024,1024,1024,1024,1024,1024,1024,1024,1024,1024,1024,1024,1024,1024,1024,1024,1024,1024,1024,1024,1024,1024,1024,1024,1024,1024,1024,1024,1024,1024,1024,1024,1024,1024,1024,1024,1024,1024,1024,1024,1024,1024,1024,1024,1024,1024,1024,1024,1024,1024,1024,1024,1024,1024,1024,1024,1024,1024,1024,1024,1024,1024,1024,1024,1024,1024,1024,1024,1024,1024,1024,1024,1024,1024,1024,1024,1024,1024,1024,1024,1024,1024,1024,1024,1024,1024,1024,1024,1024,1024,1024,1024,1024,1024,1024,1024,1024,1024,1024,1024,1024,1024,1024,1024,1024,1024,1024,1024,1024,1024,1024,1024,1024,1024,1024,1024,1024,1024,1024,1024,1024,1024,1024,1024,1024,1024,1024,1024,1024,1024,1024,1024,1024,1024,1024,1024,1024,1024,1024,1024,1024,1024,1024,1024,1024,1024,1024,1024,1024,1024,1024,1024,1024,1024,1024,1024,1024,1025,1025,1025,1026,1026,1027,1027,1028,1029,1029,1030,1031,1031,1032,1033,1034,1034,1035,1036,1037,1037,1038,1039,1039,1040,1040,1041,1041,1042,1042,1042,1043,1043,1043,1043,1043,1043,1043,1043,1043,1043,1044,1044,1044,1044,1044,1044,1044,1044,1044,1044,1044,1044,1044,1044,1044,1044,1044,1044,1044,1044,1043,1043,1043,1042,1041,1041,1040,1040,1039,1038,1037,1037,1036,1035,1034,1033,1033,1032,1031,1030,1030,1029,1028,1028,1027,1026,1026,1026,1025,1025,1025,1024,1024,1024,1024,1024,1024,1024,1024,1024,1024,1024,1024,1024,1024,1024,1024,1024,1024,1024,1024,1024,1024,1024,1024,1024,1024,1024,1024,1024,1024,1024,1024,1024,1024,1024,1024,1024,1024,1024,1024,1024,1024,1024,1024,1024,1024,1024,1024,1024,1024,1024,1024,1024,1024,1024,1024,1024,1024,1024,1024,1024,1024,1024,1024,1024,1024,1024,1024,1024,1024,1024,1024,1024,1024,1024,1024,1024,1024,1024,1024,1024,1024,1024,1024,1024,1024,1024,1024,1024,1024,1024,1024,1024,1024,1024,1024,1024,1024,1024,1024,1024,1024,1024,1024,1024,1024,1024,1024,1024,1024,1024,1024,1024,1024,1024,1024,1024,1024,1024,1024,1024,1024,1024,1024,1024,1024,1024,1024,1024,1024,1024,1024,1024,1024,1024,1024,1024,1024,1024,1024,1024,1024,1024,1024,1024,1024,1024,1024,1024,1024,1024,1024,1024,1024,1024,1024,1024,1024,1024,1024,1024,1024,1024,1024,1024,1024,1024,1024,1024,1024,1024,1024,1024,1024,1024,1024,1024,1024,1024,1024,1024,1024,1024,1024,1024,1024,1024,1024,1024,1024,1024,1024,1024,1024,1024,1024,1024,1024,1024,1024,1024,1024,1024,1024,1024

lead:V6
count:3536
points:1024,1024,1024,1024,1025,1025,1025,1026,1026,1026,1027,1028,1028,1029,1030,1030,1031,1032,1033,1033,1034,1035,1036,1037,1037,1038,1039,1040,1040,1041,1041,1042,1043,1043,1043,1044,1044,1044,1044,1044,1044,1045,1045,1045,1046,1046,1046,1046,1047,1047,1047,1047,1048,1048,1048,1048,1049,1049,1049,1049,1050,1050,1049,1049,1049,1049,1048,1048,1047,1047,1046,1045,1044,1043,1043,1042,1041,1040,1039,1038,1037,1036,1035,1034,1033,1032,1031,1030,1029,1028,1028,1027,1026,1026,1025,1025,1025,1024,1024,1024,1024,1023,1023,1022,1022,1021,1021,1020,1020,1019,1019,1018,1018,1017,1017,1016,1016,1016,1015,1015,1014,1014,1014,1013,1013,1012,1012,1012,1011,1011,1011,1011,1010,1010,1010,1010,1010,1009,1009,1009,1009,1009,1009,1009,1009,1009,1009,1009,1009,1008,1008,1008,1008,1008,1008,1007,1007,1007,1006,1006,1005,1005,1004,1003,1003,1002,1001,1000,999,998,996,995,993,983,983,983,982,981,979,977,974,971,968,964,960,956,952,972,991,1011,1030,1050,1069,1089,1108,1127,1147,1166,1186,1205,1225,1244,1264,1283,1303,1322,1341,1361,1380,1400,1419,1439,1458,1478,1497,1536,1536,1508,1480,1453,1425,1398,1371,1345,1319,1294,1270,1246,1223,1201,1180,1159,1140,1122,1105,1089,1075,1062,1050,1039,1030,1022,1015,1010,1006,1004,1004,1004,1004,1004,1004,1004,1004,1004,1004,1004,1004,1004,1004,1004,1004,1004,1004,1004,1004,1004,1004,1004,1004,1004,1004,1004,1004,1004,1004,1004,1004,1004,1004,1004,1004,1004,1004,1004,1004,1004,1004,1004,1005,1005,1006,1007,1007,1008,1009,1009,1010,1011,1011,1012,1012,1013,1014,1014,1015,1016,1016,1017,1018,1018,1019,1020,1020,1021,1021,1022,1023,1023,1024,1025,1025,1026,1027,1027,1028,1028,1029,1030,1030,1031,1032,1032,1033,1034,1034,1035,1036,1036,1037,1037,1038,1039,1039,1039,1039,1040,1040,1040,1040,1040,1040,1041,1041,1041,1042,1042,1043,1043,1043,1044,1045,1045,1046,1046,1047,1048,1048,1049,1050,1051,1051,1052,1053,1054,1055,1056,1057,1058,1058,1059,1060,1061,1062,1063,1064,1065,1066,1067,1068,1070,1071,1072,1073,1074,1075,1076,1077,1078,1079,1080,1081,1082,1083,1084,1085,1086,1087,1088,1089,1090,1090,1091,1092,1093,1094,1095,1095,1096,1097,1098,1098,1099,1100,1100,1101,1101,1102,1102,1103,1103,1104,1104,1104,1105,1105,1105,1105,1106,1106,1106,1106,1106,1106,1106,1106,1106,1106,1105,1105,1105,1105,1104,1104,1103,1103,1103,1102,1101,1101,1100,1100,1099,1098,1097,1097,1096,1095,1094,1093,1092,1091,1090,1089,1088,1087,1086,1085,1084,1082,1081,1080,1079,1078,1076,1075,1074,1073,1071,1070,1069,1068,1066,1065,1064,1062,1061,1060,1059,1057,1056,1055,1054,1052,1051,1050,1049,1048,1046,1045,1044,1043,1042,1041,1040,1039,1038,1037,1036,1035,1034,1033,1033,1032,1031,1030,1030,1029,1028,1028,1027,1027,1026,1026,1026,1025,1025,1025,1025,1024,1024,1024,1024,1024,1024,1024,1024,1024,1024,1024,1024,1024,1024,1024,1024,1024,1024,1024,1024,1024,1024,1024,1024,1024,1024,1024,1024,1024,1024,1024,1024,1024,1024,1024,1024,1024,1024,1024,1024,1024,1024,1024,1024,1024,1024,1024,1024,1024,1024,1024,1024,1024,1024,1024,1024,1024,1024,1024,1024,1024,1024,1024,1024,1024,1024,1024,1024,1024,1024,1024,1024,1024,1024,1024,1024,1024,1024,1024,1024,1024,1024,1024,1024,1024,1024,1024,1024,1024,1024,1024,1024,1024,1024,1024,1024,1024,1024,1024,1024,1024,1024,1024,1024,1024,1024,1024,1024,1024,1024,1024,1024,1024,1024,1024,1024,1024,1024,1024,1024,1024,1024,1024,1024,1024,1024,1024,1024,1024,1024,1024,1024,1024,1024,1024,1024,1024,1024,1024,1024,1024,1024,1024,1024,1024,1024,1024,1024,1024,1024,1024,1024,1024,1024,1024,1024,1024,1024,1024,1024,1024,1024,1024,1024,1024,1024,1024,1024,1024,1024,1024,1024,1024,1024,1024,1024,1024,1024,1024,1024,1024,1024,1024,1024,1024,1024,1024,1024,1024,1024,1024,1024,1024,1024,1024,1024,1024,1024,1024,1024,1024,1024,1024,1024,1024,1024,1024,1024,1024,1024,1025,1025,1025,1026,1026,1026,1027,1028,1028,1029,1030,1030,1031,1032,1033,1033,1034,1035,1036,1037,1037,1038,1039,1040,1040,1041,1041,1042,1043,1043,1043,1044,1044,1044,1044,1044,1044,1045,1045,1045,1046,1046,1046,1046,1047,1047,1047,1047,1048,1048,1048,1048,1049,1049,1049,1050,1050,1050,1049,1049,1049,1049,1048,1048,1047,1047,1046,1045,1044,1043,1043,1042,1041,1040,1039,1038,1037,1036,1035,1034,1033,1032,1031,1030,1029,1028,1028,1027,1026,1026,1025,1025,1025,1024,1024,1024,1024,1024,1023,1023,1023,1022,1022,1022,1021,1021,1021,1020,1020,1020,1019,1019,1019,1018,1018,1018,1017,1017,1017,1016,1016,1016,1016,1015,1015,1015,1014,1014,1014,1014,1013,1013,1013,1013,1012,1012,1012,1012,1012,1011,1011,1011,1011,1011,1010,1010,1010,1010,1010,1010,1010,1010,1009,1009,1009,1009,1009,1009,1009,1009,1009,1009,1009,1009,1009,1009,1009,1009,1009,1009,1009,1008,1008,1008,1008,1008,1008,1008,1008,1007,1007,1007,1007,1006,1006,1006,1006,1005,1005,1004,1004,1004,1003,1003,1002,1002,1001,1000,1000,999,998,997,996,995,994,993,991,989,983,983,982,981,980,978,976,974,971,969,966,962,959,956,952,972,991,1011,1030,1050,1069,1089,1108,1127,1147,1166,1186,1205,1225,1244,1264,1283,1303,1322,1341,1361,1380,1400,1419,1439,1458,1478,1497,1517,1536,1508,1480,1453,1425,1398,1371,1345,1319,1294,1270,1246,1223,1201,1180,1159,1140,1122,1105,1089,1075,1062,1050,1039,1030,1022,1015,1010,1006,1004,1004,1004,1004,1004,1004,1004,1004,1004,1004,1004,1004,1004,1004,1004,1004,1004,1004,1004,1004,1004,1004,1004,1004,1004,1004,1004,1004,1004,1004,1004,1004,1004,1004,1004,1004,1004,1004,1004,1004,1004,1004,1004,1005,1005,1006,1007,1007,1008,1009,1009,1010,1011,1011,1012,1012,1013,1014,1014,1015,1016,1016,1017,1018,1018,1019,1020,1020,1021,1021,1022,1023,1023,1024,1025,1025,1026,1027,1027,1028,1028,1029,1030,1030,1031,1032,1032,1033,1034,1034,1035,1036,1036,1037,1037,1038,1039,1039,1039,1039,1040,1040,1040,1040,1040,1040,1041,1041,1041,1042,1042,1043,1043,1043,1044,1045,1045,1046,1046,1047,1048,1048,1049,1050,1051,1051,1052,1053,1054,1055,1056,1057,1058,1058,1059,1060,1061,1062,1063,1064,1065,1066,1067,1068,1070,1071,1072,1073,1074,1075,1076,1077,1078,1079,1080,1081,1082,1083,1084,1085,1086,1087,1088,1089,1090,1090,1091,1092,1093,1094,1095,1095,1096,1097,1098,1098,1099,1100,1100,1101,1101,1102,1102,1103,1103,1104,1104,1104,1105,1105,1105,1105,1106,1106,1106,1106,1106,1106,1106,1106,1106,1106,1105,1105,1105,1105,1104,1104,1103,1103,1103,1102,1101,1101,1100,1100,1099,1098,1097,1097,1096,1095,1094,1093,1092,1091,1090,1089,1088,1087,1086,1085,1084,1082,1081,1080,1079,1078,1076,1075,1074,1073,1071,1070,1069,1068,1066,1065,1064,1062,1061,1060,1059,1057,1056,1055,1054,1052,1051,1050,1049,1048,1046,1045,1044,1043,1042,1041,1040,1039,1038,1037,1036,1035,1034,1033,1033,1032,1031,1030,1030,1029,1028,1028,1027,1027,1026,1026,1026,1025,1025,1025,1025,1024,1024,1024,1024,1024,1024,1024,1024,1024,1024,1024,1024,1024,1024,1024,1024,1024,1024,1024,1024,1024,1024,1024,1024,1024,1024,1024,1024,1024,1024,1024,1024,1024,1024,1024,1024,1024,1024,1024,1024,1024,1024,1024,1024,1024,1024,1024,1024,1024,1024,1024,1024,1024,1024,1024,1024,1024,1024,1024,1024,1024,1024,1024,1024,1024,1024,1024,1024,1024,1024,1024,1024,1024,1024,1024,1024,1024,1024,1024,1024,1024,1024,1024,1024,1024,1024,1024,1024,1024,1024,1024,1024,1024,1024,1024,1024,1024,1024,1024,1024,1024,1024,1024,1024,1024,1024,1024,1024,1024,1024,1024,1024,1024,1024,1024,1024,1024,1024,1024,1024,1024,1024,1024,1024,1024,1024,1024,1024,1024,1024,1024,1024,1024,1024,1024,1024,1024,1024,1024,1024,1024,1024,1024,1024,1024,1024,1024,1024,1024,1024,1024,1024,1024,1024,1024,1024,1024,1024,1024,1024,1024,1024,1024,1024,1024,1024,1024,1024,1024,1024,1024,1024,1024,1024,1024,1024,1024,1024,1024,1024,1024,1024,1024,1024,1024,1024,1024,1024,1024,1024,1024,1024,1024,1024,1024,1024,1024,1024,1024,1024,1024,1024,1024,1024,1024,1024,1024,1024,1024,1024,1025,1025,1025,1026,1026,1026,1027,1028,1028,1029,1030,1030,1031,1032,1033,1033,1034,1035,1036,1037,1037,1038,1039,1040,1040,1041,1041,1042,1043,1043,1043,1044,1044,1044,1044,1044,1044,1045,1045,1045,1046,1046,1046,1046,1047,1047,1047,1047,1048,1048,1048,1048,1049,1049,1049,1049,1050,1050,1049,1049,1049,1049,1048,1048,1047,1047,1046,1045,1044,1043,1043,1042,1041,1040,1039,1038,1037,1036,1035,1034,1033,1032,1031,1030,1029,1028,1028,1027,1026,1026,1025,1025,1025,1024,1024,1024,1024,1024,1023,1023,1022,1022,1021,1021,1021,1020,1020,1019,1019,1019,1018,1018,1017,1017,1017,1016,1016,1015,1015,1015,1014,1014,1014,1013,1013,1013,1013,1012,1012,1012,1011,1011,1011,1011,1011,1010,1010,1010,1010,1010,1010,1009,1009,1009,1009,1009,1009,1009,1009,1009,1009,1009,1009,1009,1009,1009,1009,1009,1009,1009,1009,1009,1009,1009,1009,1009,1009,1008,1008,1008,1008,1008,1008,1008,1008,1008,1008,1008,1008,1008,1008,1008,1008,1008,1008,1008,1008,1008,1008,1008,1008,1008,1007,1007,1007,1007,1007,1007,1007,1007,1007,1007,1007,1007,1007,1006,1006,1006,1006,1006,1006,1006,1006,1006,1005,1005,1005,1005,1005,1005,1005,1005,1004,1004,1004,1004,1004,1003,1003,1003,1003,1002,1002,1002,1001,1001,1001,1000,998,998,998,998,997,997,996,995,994,993,992,991,990,988,987,985,983,981,979,977,975,973,971,969,967,964,962,960,957,955,952,972,991,1011,1030,1050,1069,1089,1108,1127,1147,1166,1186,1205,1225,1244,1264,1283,1303,1322,1341,1361,1380,1400,1419,1439,1458,1478,1497,1517,1536,1508,1480,1453,1425,1398,1371,1345,1319,1294,1270,1246,1223,1201,1180,1159,1140,1122,1105,1089,1075,1062,1050,1039,1030,1022,1015,1010,1006,1004,1004,1004,1004,1004,1004,1004,1004,1004,1004,1004,1004,1004,1004,1004,1004,1004,1004,1004,1004,1004,1004,1004,1004,1004,1004,1004,1004,1004,1004,1004,1004,1004,1004,1004,1004,1004,1004,1004,1004,1004,1004,1004,1005,1006,1006,1007,1008,1009,1009,1010,1011,1011,1012,1013,1014,1014,1015,1016,1016,1017,1018,1019,1019,1020,1021,1021,1022,1023,1024,1024,1025,1026,1026,1027,1028,1029,1029,1030,1031,1031,1032,1033,1034,1034,1035,1036,1036,1037,1038,1039,1039,1039,1039,1040,1040,1040,1040,1040,1040,1041,1041,1041,1042,1042,1043,1043,1043,1044,1045,1045,1046,1046,1047,1048,1048,1049,1050,1051,1051,1052,1053,1054,1055,1056,1057,1058,1058,1059,1060,1061,1062,1063,1064,1065,1066,1067,1068,1070,1071,1072,1073,1074,1075,1076,1077,1078,1079,1080,1081,1082,1083,1084,1085,1086,1087,1088,1089,1090,1090,1091,1092,1093,1094,1095,1095,1096,1097,1098,1098,1099,1100,1100,1101,1101,1102,1102,1103,1103,1104,1104,1104,1105,1105,1105,1105,1106,1106,1106,1106,1106,1106,1106,1106,1106,1106,1105,1105,1105,1105,1104,1104,1103,1103,1103,1102,1101,1101,1100,1100,1099,1098,1097,1097,1096,1095,1094,1093,1092,1091,1090,1089,1088,1087,1086,1085,1084,1082,1081,1080,1079,1078,1076,1075,1074,1073,1071,1070,1069,1068,1066,1065,1064,1062,1061,1060,1059,1057,1056,1055,1054,1052,1051,1050,1049,1048,1046,1045,1044,1043,1042,1041,1040,1039,1038,1037,1036,1035,1034,1033,1033,1032,1031,1030,1030,1029,1028,1028,1027,1027,1026,1026,1026,1025,1025,1025,1025,1024,1024,1024,1024,1024,1024,1024,1024,1024,1024,1024,1024,1024,1024,1024,1024,1024,1024,1024,1024,1024,1024,1024,1024,1024,1024,1024,1024,1024,1024,1024,1024,1024,1024,1024,1024,1024,1024,1024,1024,1024,1024,1024,1024,1024,1024,1024,1024,1024,1024,1024,1024,1024,1024,1024,1024,1024,1024,1024,1024,1024,1024,1024,1024,1024,1024,1024,1024,1024,1024,1024,1024,1024,1024,1024,1024,1024,1024,1024,1024,1024,1024,1024,1024,1024,1024,1024,1024,1024,1024,1024,1024,1024,1024,1024,1024,1024,1024,1024,1024,1024,1024,1024,1024,1024,1024,1024,1024,1024,1024,1024,1024,1024,1024,1024,1024,1024,1024,1024,1024,1024,1024,1024,1024,1024,1024,1024,1024,1024,1024,1024,1024,1024,1024,1024,1024,1024,1024,1024,1024,1024,1024,1024,1024,1024,1024,1024,1024,1024,1024,1024,1024,1024,1024,1024,1024,1024,1024,1024,1024,1024,1024,1024,1024,1024,1024,1024,1024,1024,1024,1024,1024,1024,1024,1024,1024,1024,1024,1024,1024,1024,1024,1024,1024,1024,1024,1024,1024,1024,1024,1024,1024,1024,1024,1024,1024,1024,1024,1024,1024,1024,1024,1024,1024,1024,1024,1024,1024,1024,1024,1025,1025,1025,1026,1026,1026,1027,1028,1028,1029,1030,1030,1031,1032,1033,1033,1034,1035,1036,1037,1037,1038,1039,1040,1040,1041,1041,1042,1043,1043,1043,1044,1044,1044,1044,1044,1044,1045,1045,1045,1046,1046,1046,1046,1047,1047,1047,1047,1048,1048,1048,1048,1049,1049,1049,1049,1050,1050,1049,1049,1049,1049,1048,1048,1047,1047,1046,1045,1044,1043,1043,1042,1041,1040,1039,1038,1037,1036,1035,1034,1033,1032,1031,1030,1029,1028,1028,1027,1026,1026,1025,1025,1025,1024,1024,1024,1024,1024,1024,1024,1023,1023,1023,1023,1023,1023,1022,1022,1022,1022,1022,1022,1021,1021,1021,1021,1021,1021,1020,1020,1020,1020,1020,1020,1020,1019,1019,1019,1019,1019,1019,1018,1018,1018,1018,1018,1018,1018,1017,1017,1017,1017,1017,1017,1017,1016,1016,1016,1016,1016,1016,1016,1015,1015,1015,1015,1015,1015,1015,1015,1014,1014,1014,1014,1014,1014,1014,1014,1013,1013,1013,1013,1013,1013,1013,1013,1013,1012,1012,1012,1012,1012,1012,1012,1012,1012,1012,1011,1011,1011,1011,1011,1011,1011,1011,1011,1011,1011,1011,1010,1010,1010,1010,1010,1010,1010,1010,1010,1010,1010,1010,1010,1010,1010,1009,1009,1009,1009,1009,1009,1009,1009,1009,1009,1009,1009,1009,1009,1009,1009,1009,1009,1009,1009,1009,1009,1009,1009,1009,1009,1009,1009,1009,1009,1009,1009,1009,1009,1009,1009,1009,1009,1009,1009,1008,1008,1008,1008,1008,1008,1008,1008,1008,1008,1008,1008,1008,1008,1007,1007,1007,1007,1007,1007,1007,1006,1006,1006,1006,1006,1005,1005,1005,1004,1004,1004,1003,1003,1003,1002,1001,998,998,998,998,998,997,997,996,995,994,993,992,991,990,988,987,985,983,981,979,977,975,973,971,969,967,964,962,960,957,952,952,972,991,1011,1030,1050,1069,1089,1108,1127,1147,1166,1186,1205,1225,1244,1264,1283,1303,1322,1341,1361,1380,1400,1419,1439,1458,1478,1497,1517,1536,1508,1480,1453,1425,1398,1371,1345,1319,1294,1270,1246,1223,1201,1180,1159,1140,1122,1105,1089,1075,1062,1050,1039,1030,1022,1015,1010,1006,1004,1004,1004,1004,1004,1004,1004,1004,1004,1004,1004,1004,1004,1004,1004,1004,1004,1004,1004,1004,1004,1004,1004,1004,1004,1004,1004,1004,1004,1004,1004,1004,1004,1004,1004,1004,1004,1004,1004,1004,1004,1004,1004,1005,1006,1006,1007,1008,1008,1009,1009,1010,1011,1011,1012,1013,1013,1014,1015,1015,1016,1017,1017,1018,1019,1019,1020,1021,1021,1022,1023,1023,1024,1025,1025,1026,1027,1027,1028,1029,1029,1030,1031,1031,1032,1033,1033,1034,1035,1035,1036,1037,1037,1038,1039,1039,1039,1039,1040,1040,1040,1040,1040,1040,1041,1041,1041,1042,1042,1043,1043,1043,1044,1045,1045,1046,1046,1047,1048,1048,1049,1050,1051,1051,1052,1053,1054,1055,1056,1057,1058,1058,1059,1060,1061,1062,1063,1064,1065,1066,1067,1068,1070,1071,1072,1073,1074,1075,1076,1077,1078,1079,1080,1081,1082,1083,1084,1085,1086,1087,1088,1089,1090,1090,1091,1092,1093,1094,1095,1095,1096,1097,1098,1098,1099,1100,1100,1101,1101,1102,1102,1103,1103,1104,1104,1104,1105,1105,1105,1105,1106,1106,1106,1106,1106,1106,1106,1106,1106,1106,1105,1105,1105,1105,1104,1104,1103,1103,1103,1102,1101,1101,1100,1100,1099,1098,1097,1097,1096,1095,1094,1093,1092,1091,1090,1089,1088,1087,1086,1085,1084,1082,1081,1080,1079,1078,1076,1075,1074,1073,1071,1070,1069,1068,1066,1065,1064,1062,1061,1060,1059,1057,1056,1055,1054,1052,1051,1050,1049,1048,1046,1045,1044,1043,1042,1041,1040,1039,1038,1037,1036,1035,1034,1033,1033,1032,1031,1030,1030,1029,1028,1028,1027,1027,1026,1026,1026,1025,1025,1025,1025,1024,1024,1024,1024,1024,1024,1024,1024,1024,1024,1024,1024,1024,1024,1024,1024,1024,1024,1024,1024,1024,1024,1024,1024,1024,1024,1024,1024,1024,1024,1024,1024,1024,1024,1024,1024,1024,1024,1024,1024,1024,1024,1024,1024,1024,1024,1024,1024,1024,1024,1024,1024,1024,1024,1024,1024,1024,1024,1024,1024,1024,1024,1024,1024,1024,1024,1024,1024,1024,1024,1024,1024,1024,1024,1024,1024,1024,1024,1024,1024,1024,1024,1024,1024,1024,1024,1024,1024,1024,1024,1024,1024,1024,1024,1024,1024,1024,1024,1024,1024,1024,1024,1024,1024,1024,1024,1024,1024,1024,1024,1024,1024,1024,1024,1024,1024,1024,1024,1024,1024,1024,1024,1024,1024,1024,1024,1024,1024,1024,1024,1024,1024,1024,1024,1024,1024,1024,1024,1024,1024,1024,1024,1024,1024,1024,1024,1024,1024,1024,1024,1024,1024,1024,1024,1024,1024,1024,1024,1024,1024,1024,1024,1024,1024,1024,1024,1024,1024,1024,1024,1024,1024,1024,1024,1024,1024,1024,1024,1024,1024,1024,1024,1024,1024,1024,1024,1024,1024,1024,1024,1024,1024,1024,1024,1024,1024,1024,1024,1024,1024,1024,1024,1024,1024,1024,1024,1024,1024,1024,1024,1025,1025,1025,1026,1026,1026,1027,1028,1028,1029,1030,1030,1031,1032,1033,1033,1034,1035,1036,1037,1037,1038,1039,1040,1040,1041,1041,1042,1043,1043,1043,1044,1044,1044,1044,1044,1044,1045,1045,1045,1045,1045,1046,1046,1046,1047,1047,1047,1048,1048,1049,1049,1049,1049,1049,1050,1050,1049,1048,1048,1047,1046,1046,1045,1044,1044,1043,1043,1042,1041,1041,1040,1039,1039,1038,1037,1037,1036,1036,1035,1034,1034,1033,1032,1032,1031,1030,1030,1029,1028,1028,1027,1027,1026,1025,1024,1024,1024,1024,1024,1024,1024,1024,1024,1024,1024,1024,1024,1024,1024,1024,1024,1024,1024,1024,1024,1024,1024,1024,1024,1024,1024,1024,1024,1024,1024,1024,1024,1024,1024,1024,1024,1024,1024,1024,1024,1024,1024,1024,1024,1024,1024,1024,1024,1024,1024,1024,1024,1024,1024,1024,1024,1024,1024,1024,1024,1024,1024,1024,1024,1024,1024,1024,1024,1024,1024,1024,1024,1024,1024,1024,1024,1024,1024,1024,1024,1024,1024,1024,1024,1024,1024,1024,1024,1024,1024,1024,1024,1024,1024,1024,1024,1024,1024,1024,1024,1024,1024,1024,1024,1024,1024,1024,1024,1024,1024,1024,1024,1024,1024,1024,1024,1024,1024,1024,1024,1024,1024,1024,1024,1024,1024,1024,1024,1024,1024,1024,1024,1024,1024,1024,1024,1024,1024,1024,1024,1024,1024,1024,1024,1024,1024,1024,1024,1024,1024,1024,1024,1024,1024,1024,1024,1024,1024,1024,1024,1024,1024,1024,1024,1024,1024,1024,1024,1024,1024,1024,1024,1024,1024,1024,1024,1024,1024,1024,1024,1024,1024,1024,1024,1024,1024,1024,1024,1024,1024,1024,1024,1024,1024,1024,1024,1024,1024,1024,1024,1024,1024

