pathology:2abblock2
group:conduction
title:2° AV Block Mobitz ? aVF CD23
name:Атриовентрикулярная блокада 2 степени (блокада Мобитца II типа)
leads:12

lead:I
count:2708
points:1024,1024,1024,1024,1024,1025,1025,1025,1025,1026,1026,1027,1027,1027,1028,1029,1029,1030,1030,1031,1032,1032,1033,1034,1034,1035,1037,1038,1039,1040,1042,1043,1044,1045,1046,1047,1048,1049,1050,1050,1051,1052,1052,1053,1053,1054,1054,1054,1055,1055,1055,1055,1055,1054,1054,1054,1054,1053,1053,1052,1052,1051,1051,1050,1049,1048,1048,1047,1046,1045,1044,1043,1042,1041,1040,1039,1038,1037,1036,1036,1035,1034,1033,1032,1031,1030,1030,1029,1028,1028,1027,1026,1026,1025,1025,1025,1024,1024,1024,1024,1024,1024,1024,1024,1024,1024,1024,1024,1024,1024,1024,1024,1024,1024,1024,1024,1024,1024,1024,1024,1024,1024,1024,1024,1024,1024,1024,1024,1024,1024,1024,1024,1024,1024,1024,1024,1024,1024,1024,1023,1023,1023,1023,1023,1023,1023,1022,1022,1022,1022,1021,1021,1021,1020,1020,1020,1019,1019,1018,1017,1017,1016,1015,1015,1014,1014,1014,1014,1014,1014,1014,1033,1053,1072,1092,1111,1130,1150,1169,1189,1208,1228,1247,1267,1286,1306,1325,1345,1364,1383,1403,1386,1370,1353,1336,1320,1304,1288,1272,1256,1240,1225,1210,1195,1181,1167,1153,1140,1127,1114,1102,1091,1080,1069,1059,1050,1041,1032,1024,1017,1010,1004,999,994,990,986,983,981,979,978,978,983,988,993,998,1002,1007,1011,1014,1017,1019,1021,1023,1024,1024,1024,1024,1024,1024,1024,1024,1024,1024,1024,1024,1024,1024,1024,1024,1024,1024,1024,1024,1024,1024,1024,1024,1024,1024,1024,1024,1024,1024,1024,1024,1024,1024,1024,1024,1024,1024,1024,1024,1024,1024,1024,1024,1024,1024,1024,1024,1024,1024,1024,1024,1024,1024,1024,1024,1024,1024,1024,1024,1024,1024,1024,1024,1024,1024,1024,1024,1024,1024,1024,1024,1024,1024,1024,1024,1024,1024,1024,1024,1024,1024,1024,1024,1024,1024,1024,1024,1024,1024,1024,1024,1024,1024,1024,1024,1024,1024,1024,1024,1024,1024,1024,1024,1024,1024,1024,1024,1024,1024,1024,1024,1024,1024,1024,1024,1024,1024,1024,1024,1024,1024,1024,1024,1024,1024,1024,1024,1024,1024,1024,1024,1024,1024,1024,1024,1024,1024,1024,1024,1024,1024,1024,1024,1024,1025,1025,1025,1026,1026,1027,1028,1028,1029,1030,1031,1032,1033,1035,1036,1037,1038,1040,1041,1043,1044,1046,1048,1049,1051,1053,1055,1057,1059,1060,1062,1064,1066,1069,1071,1073,1075,1077,1079,1081,1083,1085,1088,1090,1092,1094,1096,1098,1100,1102,1104,1106,1108,1110,1112,1114,1116,1118,1120,1122,1123,1125,1127,1128,1130,1131,1133,1134,1135,1136,1138,1139,1140,1141,1142,1142,1143,1144,1144,1145,1146,1146,1146,1147,1147,1147,1147,1147,1147,1147,1146,1146,1146,1145,1145,1144,1143,1142,1142,1141,1140,1139,1138,1136,1135,1134,1133,1131,1130,1128,1127,1125,1123,1122,1120,1118,1116,1114,1112,1110,1108,1106,1104,1102,1100,1098,1096,1094,1092,1090,1088,1085,1083,1081,1079,1077,1075,1073,1071,1069,1066,1064,1062,1060,1059,1057,1055,1053,1051,1049,1048,1046,1044,1043,1041,1040,1038,1037,1036,1035,1033,1032,1031,1030,1029,1028,1028,1027,1026,1026,1025,1025,1025,1024,1024,1024,1024,1024,1024,1024,1024,1024,1024,1024,1024,1024,1024,1024,1024,1024,1024,1024,1024,1024,1024,1024,1024,1024,1024,1024,1024,1024,1024,1024,1024,1024,1024,1024,1024,1024,1024,1024,1024,1024,1024,1024,1024,1024,1024,1024,1024,1024,1024,1024,1024,1024,1024,1024,1024,1024,1024,1024,1024,1024,1024,1024,1024,1024,1024,1024,1024,1024,1024,1024,1024,1024,1024,1024,1024,1024,1024,1024,1024,1024,1024,1024,1024,1024,1024,1024,1024,1024,1024,1024,1024,1024,1024,1024,1024,1024,1024,1024,1024,1024,1024,1024,1024,1024,1024,1024,1024,1024,1024,1024,1024,1024,1024,1024,1024,1024,1024,1024,1024,1024,1024,1024,1024,1024,1024,1024,1024,1024,1024,1024,1024,1024,1024,1024,1024,1024,1024,1024,1024,1024,1024,1024,1024,1024,1024,1024,1024,1024,1024,1024,1024,1024,1024,1024,1024,1024,1024,1024,1024,1024,1024,1024,1024,1024,1024,1024,1024,1024,1024,1024,1024,1024,1024,1024,1024,1024,1024,1024,1024,1024,1024,1024,1024,1024,1024,1024,1024,1024,1024,1024,1024,1024,1024,1024,1024,1024,1024,1024,1024,1024,1024,1024,1024,1024,1024,1024,1024,1024,1024,1024,1024,1024,1024,1024,1024,1024,1024,1024,1024,1024,1024,1024,1024,1024,1024,1024,1024,1024,1024,1024,1024,1024,1024,1024,1024,1024,1024,1024,1024,1024,1024,1024,1024,1024,1024,1025,1025,1025,1025,1026,1026,1027,1027,1027,1028,1029,1029,1030,1030,1031,1032,1032,1033,1034,1034,1035,1037,1038,1039,1040,1042,1043,1044,1045,1046,1047,1048,1049,1050,1050,1051,1052,1052,1053,1053,1054,1054,1054,1055,1055,1055,1055,1055,1054,1054,1054,1054,1053,1053,1052,1052,1051,1051,1050,1049,1048,1048,1047,1046,1045,1044,1043,1042,1041,1040,1039,1038,1037,1036,1036,1035,1034,1033,1032,1031,1030,1030,1029,1028,1028,1027,1026,1026,1025,1025,1025,1024,1024,1024,1024,1024,1024,1024,1024,1024,1024,1024,1024,1024,1024,1024,1024,1024,1024,1024,1024,1024,1024,1024,1024,1024,1024,1024,1024,1024,1024,1024,1024,1024,1024,1024,1024,1024,1024,1024,1024,1024,1024,1024,1023,1023,1023,1023,1023,1023,1023,1022,1022,1022,1022,1021,1021,1021,1020,1020,1020,1019,1019,1018,1017,1017,1016,1015,1015,1014,1014,1014,1014,1014,1014,1014,1033,1053,1072,1092,1111,1130,1150,1169,1189,1208,1228,1247,1267,1286,1306,1325,1345,1364,1383,1403,1386,1370,1353,1336,1320,1304,1288,1272,1256,1240,1225,1210,1195,1181,1167,1153,1140,1127,1114,1102,1091,1080,1069,1059,1050,1041,1032,1024,1017,1010,1004,999,994,990,986,983,981,979,978,978,983,988,993,998,1002,1007,1011,1014,1017,1019,1021,1023,1024,1024,1024,1024,1024,1024,1024,1024,1024,1024,1024,1024,1024,1024,1024,1024,1024,1024,1024,1024,1024,1024,1024,1024,1024,1024,1024,1024,1024,1024,1024,1024,1024,1024,1024,1024,1024,1024,1024,1024,1024,1024,1024,1024,1024,1024,1024,1024,1024,1024,1024,1024,1024,1024,1024,1024,1024,1024,1024,1024,1024,1024,1024,1024,1024,1024,1024,1024,1024,1024,1024,1024,1024,1024,1024,1024,1024,1024,1024,1024,1024,1024,1024,1024,1024,1024,1024,1024,1024,1024,1024,1024,1024,1024,1024,1024,1024,1024,1024,1024,1024,1024,1024,1024,1024,1024,1024,1024,1024,1024,1024,1024,1024,1024,1024,1024,1024,1024,1024,1024,1024,1024,1024,1024,1024,1024,1024,1024,1024,1024,1024,1024,1024,1024,1024,1024,1024,1024,1024,1024,1024,1024,1024,1024,1024,1025,1025,1025,1026,1026,1027,1028,1028,1029,1030,1031,1032,1033,1035,1036,1037,1038,1040,1041,1043,1044,1046,1048,1049,1051,1053,1055,1057,1059,1060,1062,1064,1066,1069,1071,1073,1075,1077,1079,1081,1083,1085,1088,1090,1092,1094,1096,1098,1100,1102,1104,1106,1108,1110,1112,1114,1116,1118,1120,1122,1123,1125,1127,1128,1130,1131,1133,1134,1135,1136,1138,1139,1140,1141,1142,1142,1143,1144,1144,1145,1146,1146,1146,1147,1147,1147,1147,1147,1147,1147,1146,1146,1146,1145,1145,1144,1143,1142,1142,1141,1140,1139,1138,1136,1135,1134,1133,1131,1130,1128,1127,1125,1123,1122,1120,1118,1116,1114,1112,1110,1108,1106,1104,1102,1100,1098,1096,1094,1092,1090,1088,1085,1083,1081,1079,1077,1075,1073,1071,1069,1066,1064,1062,1060,1059,1057,1055,1053,1051,1049,1048,1046,1044,1043,1041,1040,1038,1037,1036,1035,1033,1032,1031,1030,1029,1028,1028,1027,1026,1026,1025,1025,1025,1024,1024,1024,1024,1024,1024,1024,1024,1024,1024,1024,1024,1024,1024,1024,1024,1024,1024,1024,1024,1024,1024,1024,1024,1024,1024,1024,1024,1024,1024,1024,1024,1024,1024,1024,1024,1024,1024,1024,1024,1024,1024,1024,1024,1024,1024,1024,1024,1024,1024,1024,1024,1024,1024,1024,1024,1024,1024,1024,1024,1024,1024,1024,1024,1024,1024,1024,1024,1024,1024,1024,1024,1024,1024,1024,1024,1024,1024,1024,1024,1024,1024,1024,1024,1024,1024,1024,1024,1024,1024,1024,1024,1024,1024,1024,1024,1024,1024,1024,1024,1024,1024,1024,1024,1024,1024,1024,1024,1024,1024,1024,1024,1024,1024,1024,1024,1024,1024,1024,1024,1024,1024,1024,1024,1024,1024,1024,1024,1024,1024,1024,1024,1024,1024,1024,1024,1024,1024,1024,1024,1024,1024,1024,1024,1024,1024,1024,1024,1024,1024,1024,1024,1024,1024,1024,1024,1024,1024,1024,1024,1024,1024,1024,1024,1024,1024,1024,1024,1024,1024,1024,1024,1024,1024,1024,1024,1024,1024,1024,1024,1024,1024,1024,1024,1024,1024,1024,1024,1024,1024,1024,1024,1024,1024,1024,1024,1024,1024,1024,1024,1024,1024,1024,1024,1024,1024,1024,1024,1024,1024,1024,1024,1024,1024,1024,1024,1024,1024,1024,1024,1024,1024,1024,1024,1024,1024,1024,1024,1024,1024,1024,1024,1024,1024,1024,1024,1024,1024,1024,1024,1024,1024,1024,1024,1024,1024,1025,1025,1025,1025,1026,1026,1027,1027,1027,1028,1029,1029,1030,1030,1031,1032,1032,1033,1034,1034,1035,1037,1038,1039,1040,1042,1043,1044,1045,1046,1047,1048,1049,1050,1050,1051,1052,1052,1053,1053,1054,1054,1054,1055,1055,1055,1055,1055,1054,1054,1054,1054,1053,1053,1052,1052,1051,1051,1050,1049,1048,1048,1047,1046,1045,1044,1043,1042,1041,1040,1039,1038,1037,1036,1036,1035,1034,1033,1032,1031,1030,1030,1029,1028,1028,1027,1026,1026,1025,1025,1025,1024,1024,1024,1024,1024,1024,1024,1024,1024,1024,1024,1024,1024,1024,1024,1024,1024,1024,1024,1024,1024,1024,1024,1024,1024,1024,1024,1024,1024,1024,1024,1024,1024,1024,1024,1024,1024,1024,1024,1024,1024,1024,1024,1023,1023,1023,1023,1023,1023,1023,1022,1022,1022,1022,1021,1021,1021,1020,1020,1020,1019,1019,1018,1017,1017,1016,1015,1015,1014,1014,1014,1014,1014,1014,1014,1033,1053,1072,1092,1111,1130,1150,1169,1189,1208,1228,1247,1267,1286,1306,1325,1345,1364,1383,1403,1386,1370,1353,1336,1320,1304,1288,1272,1256,1240,1225,1210,1195,1181,1167,1153,1140,1127,1114,1102,1091,1080,1069,1059,1050,1041,1032,1024,1017,1010,1004,999,994,990,986,983,981,979,978,978,983,988,993,998,1002,1007,1011,1014,1017,1019,1021,1023,1024,1024,1024,1024,1024,1024,1024,1024,1024,1024,1024,1024,1024,1024,1024,1024,1024,1024,1024,1024,1024,1024,1024,1024,1024,1024,1024,1024,1024,1024,1024,1024,1024,1024,1024,1024,1024,1024,1024,1024,1024,1024,1024,1024,1024,1024,1024,1024,1024,1024,1024,1024,1024,1024,1024,1024,1024,1024,1024,1024,1024,1024,1024,1024,1024,1024,1024,1024,1024,1024,1024,1024,1024,1024,1024,1024,1024,1024,1024,1024,1024,1024,1024,1024,1024,1024,1024,1024,1024,1024,1024,1024,1024,1024,1024,1024,1024,1024,1024,1024,1024,1024,1024,1024,1024,1024,1024,1024,1024,1024,1024,1024,1024,1024,1024,1024,1024,1024,1024,1024,1024,1024,1024,1024,1024,1024,1024,1024,1024,1024,1024,1024,1024,1024,1024,1024,1024,1024,1024,1024,1024,1024,1024,1024,1024,1025,1025,1025,1026,1026,1027,1028,1028,1029,1030,1031,1032,1033,1035,1036,1037,1038,1040,1041,1043,1044,1046,1048,1049,1051,1053,1055,1057,1059,1060,1062,1064,1066,1069,1071,1073,1075,1077,1079,1081,1083,1085,1088,1090,1092,1094,1096,1098,1100,1102,1104,1106,1108,1110,1112,1114,1116,1118,1120,1122,1123,1125,1127,1128,1130,1131,1133,1134,1135,1136,1138,1139,1140,1141,1142,1142,1143,1144,1144,1145,1146,1146,1146,1147,1147,1147,1147,1147,1147,1147,1146,1146,1146,1145,1145,1144,1143,1142,1142,1141,1140,1139,1138,1136,1135,1134,1133,1131,1130,1128,1127,1125,1123,1122,1120,1118,1116,1114,1112,1110,1108,1106,1104,1102,1100,1098,1096,1094,1092,1090,1088,1085,1083,1081,1079,1077,1075,1073,1071,1069,1066,1064,1062,1060,1059,1057,1055,1053,1051,1049,1048,1046,1044,1043,1041,1040,1038,1037,1036,1035,1033,1032,1031,1030,1029,1028,1028,1027,1026,1026,1025,1025,1025,1024,1024,1024,1024,1024,1024,1024,1024,1024,1024,1024,1024,1024,1024,1024,1024,1024,1024,1024,1024,1024,1024,1024,1024,1024,1024,1024,1024,1024,1024,1024,1024,1024,1024,1024,1024,1024,1024,1024,1024,1024,1024,1024,1024,1024,1024,1024,1024,1024,1024,1024,1024,1024,1024,1024,1024,1024,1024,1024,1024,1024,1024,1024,1024,1024,1024,1024,1024,1024,1024,1024,1024,1024,1024,1024,1024,1024,1024,1024,1024,1024,1024,1024,1024,1024,1024,1024,1024,1024,1024,1024,1024,1024,1024,1024,1024,1024,1024,1024,1024,1024,1024,1024,1024,1024,1024,1024,1024,1024,1024,1024,1024,1024,1024,1024,1024,1024,1024,1024,1024,1024,1024,1024,1024,1024,1024,1024,1024,1024,1024,1024,1024,1024,1024,1024,1024,1024,1024,1024,1024,1024,1024,1024,1024,1024,1024,1024,1024,1024,1024,1024,1024,1024,1024,1024,1024,1024,1024,1024,1024,1024,1024,1024,1024,1024,1024,1024,1024,1024,1024,1024,1024,1024,1024,1024,1024,1024,1024,1024,1024,1024,1024,1024,1024,1024,1024,1024,1024,1024,1024,1024,1024,1024,1024,1024,1024,1024,1024,1024,1024,1024,1024,1024,1024,1024,1024,1024,1024,1024,1024,1024,1024,1024,1024,1024,1024,1024,1024,1024,1024,1024,1024,1024,1024,1024,1024,1024,1024,1024,1024,1024,1024,1024,1024,1024,1024,1024,1024,1024,1024,1024,1024,1024,1024,1024,1024,1025,1025,1025,1025,1026,1026,1027,1027,1027,1028,1029,1029,1030,1030,1031,1032,1032,1033,1034,1034,1035,1037,1038,1039,1040,1042,1043,1044,1045,1046,1047,1048,1049,1050,1050,1051,1052,1052,1053,1053,1054,1054,1054,1055,1055,1055,1055,1055,1054,1054,1054,1054,1053,1053,1052,1052,1051,1051,1050,1049,1048,1048,1047,1046,1045,1044,1043,1042,1041,1040,1039,1038,1037,1036,1036,1035,1034,1033,1032,1031,1030,1030,1029,1028,1028,1027,1026,1026,1025,1025,1025,1024,1024,1024,1024,1024,1024,1024,1024,1024,1024,1024,1024,1024,1024,1024,1024,1024,1024,1024,1024,1024,1024,1024,1024,1024,1024,1024,1024,1024,1024,1024,1024,1024,1024,1024,1024,1024,1024,1024,1024,1024,1024,1024,1024,1024,1024,1024,1024,1024,1024,1024,1024,1024,1024,1024,1024,1024,1024,1024,1024,1024,1024,1024,1024,1024,1024,1024,1024,1024,1024,1024,1024,1024,1024,1024,1024,1024,1024,1024,1024,1024,1024,1024,1024,1024,1024,1024,1024,1024,1024,1024,1024,1024,1024,1024,1024,1024,1024,1024,1024,1024,1024,1024,1024,1024,1024,1024,1024,1024,1024,1024,1024,1024,1024,1024,1024,1024,1024,1024,1024,1024,1024,1024,1024,1024,1024,1024,1024,1024,1024,1024,1024,1024,1024,1024,1024,1024,1024,1024,1024,1024,1024,1024,1024,1024,1024,1024,1024,1024,1024,1024,1024,1024,1024,1024,1024,1024,1024,1024,1024,1024,1024,1024,1024,1024,1024,1024,1024,1024,1024,1024,1024,1024,1024,1024,1024,1024,1024,1024,1024,1024,1024,1024,1024,1024,1024,1024,1024,1024,1024,1024,1024,1024,1024,1024,1024,1024,1024,1024,1024,1024,1024,1024,1024,1024,1024

lead:II
count:2708
points:1024,1024,1024,1025,1025,1026,1027,1028,1030,1031,1033,1035,1037,1039,1041,1044,1047,1050,1053,1056,1060,1063,1067,1075,1075,1078,1081,1084,1087,1090,1093,1096,1099,1102,1104,1107,1109,1111,1114,1116,1117,1119,1121,1122,1123,1124,1125,1126,1126,1126,1126,1126,1126,1125,1125,1124,1123,1122,1120,1118,1117,1115,1113,1110,1108,1105,1103,1100,1097,1094,1091,1088,1085,1082,1078,1075,1072,1069,1066,1062,1059,1056,1053,1051,1048,1045,1043,1040,1038,1036,1034,1032,1030,1029,1028,1027,1026,1025,1024,1024,1024,1024,1024,1024,1024,1024,1024,1024,1024,1024,1024,1024,1024,1024,1024,1024,1024,1024,1023,1023,1023,1022,1022,1022,1021,1021,1021,1020,1020,1020,1020,1019,1019,1019,1018,1018,1018,1017,1017,1017,1016,1016,1016,1015,1015,1015,1014,1014,1014,1013,1013,1013,1012,1012,1012,1012,1011,1011,1011,1010,1010,1010,1009,1009,1009,1009,1009,1009,1009,1009,1009,1039,1069,1098,1128,1158,1188,1218,1248,1278,1308,1338,1368,1398,1428,1458,1488,1518,1548,1578,1608,1585,1562,1539,1516,1494,1471,1449,1427,1406,1384,1363,1343,1322,1303,1283,1265,1246,1229,1211,1195,1179,1164,1149,1135,1122,1110,1098,1088,1078,1068,1060,1053,1046,1040,1035,1031,1028,1026,1024,1024,1021,1018,1016,1014,1013,1012,1011,1010,1009,1009,1009,1009,1009,1009,1009,1009,1009,1009,1009,1009,1009,1010,1010,1010,1010,1010,1010,1010,1010,1010,1011,1011,1011,1011,1011,1011,1011,1011,1011,1011,1012,1012,1012,1012,1012,1012,1012,1012,1012,1013,1013,1013,1013,1013,1013,1013,1013,1013,1014,1014,1014,1014,1014,1014,1014,1014,1014,1015,1015,1015,1015,1015,1015,1015,1015,1015,1016,1016,1016,1016,1016,1016,1016,1016,1016,1017,1017,1017,1017,1017,1017,1017,1017,1017,1018,1018,1018,1018,1018,1018,1018,1018,1018,1019,1019,1019,1019,1019,1019,1019,1019,1019,1020,1020,1020,1020,1020,1020,1020,1020,1020,1020,1021,1021,1021,1021,1021,1021,1021,1021,1021,1022,1022,1022,1022,1022,1022,1022,1022,1022,1023,1023,1023,1023,1023,1023,1023,1023,1023,1024,1024,1024,1024,1024,1024,1024,1024,1024,1025,1025,1025,1026,1026,1027,1027,1028,1029,1029,1030,1031,1032,1033,1034,1035,1036,1037,1038,1039,1040,1042,1043,1044,1046,1047,1048,1050,1051,1053,1054,1056,1057,1059,1060,1062,1064,1065,1067,1068,1070,1072,1073,1075,1076,1078,1080,1081,1083,1084,1086,1087,1089,1090,1092,1093,1094,1096,1097,1098,1100,1101,1102,1103,1104,1105,1106,1107,1108,1109,1110,1111,1111,1112,1113,1113,1114,1114,1115,1115,1115,1116,1116,1116,1116,1116,1116,1116,1116,1116,1115,1115,1115,1114,1114,1113,1113,1112,1111,1111,1110,1109,1108,1107,1106,1105,1104,1103,1102,1101,1100,1098,1097,1096,1094,1093,1092,1090,1089,1087,1086,1084,1083,1081,1080,1078,1076,1075,1073,1072,1070,1068,1067,1065,1064,1062,1060,1059,1057,1056,1054,1053,1051,1050,1048,1047,1046,1044,1043,1042,1040,1039,1038,1037,1036,1035,1034,1033,1032,1031,1030,1029,1029,1028,1027,1027,1026,1026,1025,1025,1025,1024,1024,1024,1024,1024,1024,1024,1024,1024,1024,1024,1024,1024,1024,1024,1024,1024,1024,1024,1024,1024,1024,1024,1024,1024,1024,1024,1024,1024,1024,1024,1024,1024,1024,1024,1024,1024,1024,1024,1024,1024,1024,1024,1024,1024,1024,1024,1024,1024,1024,1024,1024,1024,1024,1024,1024,1024,1024,1024,1024,1024,1024,1024,1024,1024,1024,1024,1024,1024,1024,1024,1024,1024,1024,1024,1024,1024,1024,1024,1024,1024,1024,1024,1024,1024,1024,1024,1024,1024,1024,1024,1024,1024,1024,1024,1024,1024,1024,1024,1024,1024,1024,1024,1024,1024,1024,1024,1024,1024,1024,1024,1024,1024,1024,1024,1024,1024,1024,1024,1024,1024,1024,1024,1024,1024,1024,1024,1024,1024,1024,1024,1024,1024,1024,1024,1024,1024,1024,1024,1024,1024,1024,1024,1024,1024,1024,1024,1024,1024,1024,1024,1024,1024,1024,1024,1024,1024,1024,1024,1024,1024,1024,1024,1024,1024,1024,1024,1024,1024,1024,1024,1024,1024,1024,1024,1024,1024,1024,1024,1024,1024,1024,1024,1024,1024,1024,1024,1024,1024,1024,1024,1024,1024,1024,1024,1024,1024,1024,1024,1024,1024,1024,1024,1024,1024,1024,1024,1024,1024,1024,1024,1024,1024,1024,1024,1024,1024,1024,1024,1024,1024,1024,1024,1024,1024,1024,1024,1024,1024,1024,1024,1024,1024,1024,1024,1024,1024,1024,1024,1024,1024,1024,1024,1024,1024,1025,1025,1026,1027,1028,1030,1031,1033,1035,1037,1039,1041,1044,1047,1050,1053,1056,1060,1063,1067,1075,1075,1078,1081,1084,1087,1090,1093,1096,1099,1102,1104,1107,1109,1111,1114,1116,1117,1119,1121,1122,1123,1124,1125,1126,1126,1126,1126,1126,1126,1125,1125,1124,1123,1122,1120,1118,1117,1115,1113,1110,1108,1105,1103,1100,1097,1094,1091,1088,1085,1082,1078,1075,1072,1069,1066,1062,1059,1056,1053,1051,1048,1045,1043,1040,1038,1036,1034,1032,1030,1029,1028,1027,1026,1025,1024,1024,1024,1024,1024,1024,1024,1024,1024,1024,1024,1024,1024,1024,1024,1024,1024,1024,1024,1024,1023,1023,1023,1022,1022,1022,1021,1021,1021,1020,1020,1020,1020,1019,1019,1019,1018,1018,1018,1017,1017,1017,1016,1016,1016,1015,1015,1015,1014,1014,1014,1013,1013,1013,1012,1012,1012,1012,1011,1011,1011,1010,1010,1010,1009,1009,1009,1009,1009,1009,1009,1009,1009,1039,1069,1098,1128,1158,1188,1218,1248,1278,1308,1338,1368,1398,1428,1458,1488,1518,1548,1578,1608,1585,1562,1539,1516,1494,1471,1449,1427,1406,1384,1363,1343,1322,1303,1283,1265,1246,1229,1211,1195,1179,1164,1149,1135,1122,1110,1098,1088,1078,1068,1060,1053,1046,1040,1035,1031,1028,1026,1024,1024,1021,1018,1016,1014,1013,1012,1011,1010,1009,1009,1009,1009,1009,1009,1009,1009,1009,1009,1009,1009,1009,1010,1010,1010,1010,1010,1010,1010,1010,1010,1011,1011,1011,1011,1011,1011,1011,1011,1011,1011,1012,1012,1012,1012,1012,1012,1012,1012,1012,1013,1013,1013,1013,1013,1013,1013,1013,1013,1014,1014,1014,1014,1014,1014,1014,1014,1014,1015,1015,1015,1015,1015,1015,1015,1015,1015,1016,1016,1016,1016,1016,1016,1016,1016,1016,1017,1017,1017,1017,1017,1017,1017,1017,1017,1018,1018,1018,1018,1018,1018,1018,1018,1018,1019,1019,1019,1019,1019,1019,1019,1019,1019,1020,1020,1020,1020,1020,1020,1020,1020,1020,1020,1021,1021,1021,1021,1021,1021,1021,1021,1021,1022,1022,1022,1022,1022,1022,1022,1022,1022,1023,1023,1023,1023,1023,1023,1023,1023,1023,1024,1024,1024,1024,1024,1024,1024,1024,1024,1025,1025,1025,1026,1026,1027,1027,1028,1029,1029,1030,1031,1032,1033,1034,1035,1036,1037,1038,1039,1040,1042,1043,1044,1046,1047,1048,1050,1051,1053,1054,1056,1057,1059,1060,1062,1064,1065,1067,1068,1070,1072,1073,1075,1076,1078,1080,1081,1083,1084,1086,1087,1089,1090,1092,1093,1094,1096,1097,1098,1100,1101,1102,1103,1104,1105,1106,1107,1108,1109,1110,1111,1111,1112,1113,1113,1114,1114,1115,1115,1115,1116,1116,1116,1116,1116,1116,1116,1116,1116,1115,1115,1115,1114,1114,1113,1113,1112,1111,1111,1110,1109,1108,1107,1106,1105,1104,1103,1102,1101,1100,1098,1097,1096,1094,1093,1092,1090,1089,1087,1086,1084,1083,1081,1080,1078,1076,1075,1073,1072,1070,1068,1067,1065,1064,1062,1060,1059,1057,1056,1054,1053,1051,1050,1048,1047,1046,1044,1043,1042,1040,1039,1038,1037,1036,1035,1034,1033,1032,1031,1030,1029,1029,1028,1027,1027,1026,1026,1025,1025,1025,1024,1024,1024,1024,1024,1024,1024,1024,1024,1024,1024,1024,1024,1024,1024,1024,1024,1024,1024,1024,1024,1024,1024,1024,1024,1024,1024,1024,1024,1024,1024,1024,1024,1024,1024,1024,1024,1024,1024,1024,1024,1024,1024,1024,1024,1024,1024,1024,1024,1024,1024,1024,1024,1024,1024,1024,1024,1024,1024,1024,1024,1024,1024,1024,1024,1024,1024,1024,1024,1024,1024,1024,1024,1024,1024,1024,1024,1024,1024,1024,1024,1024,1024,1024,1024,1024,1024,1024,1024,1024,1024,1024,1024,1024,1024,1024,1024,1024,1024,1024,1024,1024,1024,1024,1024,1024,1024,1024,1024,1024,1024,1024,1024,1024,1024,1024,1024,1024,1024,1024,1024,1024,1024,1024,1024,1024,1024,1024,1024,1024,1024,1024,1024,1024,1024,1024,1024,1024,1024,1024,1024,1024,1024,1024,1024,1024,1024,1024,1024,1024,1024,1024,1024,1024,1024,1024,1024,1024,1024,1024,1024,1024,1024,1024,1024,1024,1024,1024,1024,1024,1024,1024,1024,1024,1024,1024,1024,1024,1024,1024,1024,1024,1024,1024,1024,1024,1024,1024,1024,1024,1024,1024,1024,1024,1024,1024,1024,1024,1024,1024,1024,1024,1024,1024,1024,1024,1024,1024,1024,1024,1024,1024,1024,1024,1024,1024,1024,1024,1024,1024,1024,1024,1024,1024,1024,1024,1024,1024,1024,1024,1024,1024,1024,1024,1024,1024,1024,1024,1024,1024,1024,1024,1024,1024,1024,1025,1025,1026,1027,1028,1030,1031,1033,1035,1037,1039,1041,1044,1047,1050,1053,1056,1060,1063,1067,1075,1075,1078,1081,1084,1087,1090,1093,1096,1099,1102,1104,1107,1109,1111,1114,1116,1117,1119,1121,1122,1123,1124,1125,1126,1126,1126,1126,1126,1126,1125,1125,1124,1123,1122,1120,1118,1117,1115,1113,1110,1108,1105,1103,1100,1097,1094,1091,1088,1085,1082,1078,1075,1072,1069,1066,1062,1059,1056,1053,1051,1048,1045,1043,1040,1038,1036,1034,1032,1030,1029,1028,1027,1026,1025,1024,1024,1024,1024,1024,1024,1024,1024,1024,1024,1024,1024,1024,1024,1024,1024,1024,1024,1024,1024,1023,1023,1023,1022,1022,1022,1021,1021,1021,1020,1020,1020,1020,1019,1019,1019,1018,1018,1018,1017,1017,1017,1016,1016,1016,1015,1015,1015,1014,1014,1014,1013,1013,1013,1012,1012,1012,1012,1011,1011,1011,1010,1010,1010,1009,1009,1009,1009,1009,1009,1009,1009,1009,1039,1069,1098,1128,1158,1188,1218,1248,1278,1308,1338,1368,1398,1428,1458,1488,1518,1548,1578,1608,1585,1562,1539,1516,1494,1471,1449,1427,1406,1384,1363,1343,1322,1303,1283,1265,1246,1229,1211,1195,1179,1164,1149,1135,1122,1110,1098,1088,1078,1068,1060,1053,1046,1040,1035,1031,1028,1026,1024,1024,1021,1018,1016,1014,1013,1012,1011,1010,1009,1009,1009,1009,1009,1009,1009,1009,1009,1009,1009,1009,1009,1010,1010,1010,1010,1010,1010,1010,1010,1010,1011,1011,1011,1011,1011,1011,1011,1011,1011,1011,1012,1012,1012,1012,1012,1012,1012,1012,1012,1013,1013,1013,1013,1013,1013,1013,1013,1013,1014,1014,1014,1014,1014,1014,1014,1014,1014,1015,1015,1015,1015,1015,1015,1015,1015,1015,1016,1016,1016,1016,1016,1016,1016,1016,1016,1017,1017,1017,1017,1017,1017,1017,1017,1017,1018,1018,1018,1018,1018,1018,1018,1018,1018,1019,1019,1019,1019,1019,1019,1019,1019,1019,1020,1020,1020,1020,1020,1020,1020,1020,1020,1020,1021,1021,1021,1021,1021,1021,1021,1021,1021,1022,1022,1022,1022,1022,1022,1022,1022,1022,1023,1023,1023,1023,1023,1023,1023,1023,1023,1024,1024,1024,1024,1024,1024,1024,1024,1024,1025,1025,1025,1026,1026,1027,1027,1028,1029,1029,1030,1031,1032,1033,1034,1035,1036,1037,1038,1039,1040,1042,1043,1044,1046,1047,1048,1050,1051,1053,1054,1056,1057,1059,1060,1062,1064,1065,1067,1068,1070,1072,1073,1075,1076,1078,1080,1081,1083,1084,1086,1087,1089,1090,1092,1093,1094,1096,1097,1098,1100,1101,1102,1103,1104,1105,1106,1107,1108,1109,1110,1111,1111,1112,1113,1113,1114,1114,1115,1115,1115,1116,1116,1116,1116,1116,1116,1116,1116,1116,1115,1115,1115,1114,1114,1113,1113,1112,1111,1111,1110,1109,1108,1107,1106,1105,1104,1103,1102,1101,1100,1098,1097,1096,1094,1093,1092,1090,1089,1087,1086,1084,1083,1081,1080,1078,1076,1075,1073,1072,1070,1068,1067,1065,1064,1062,1060,1059,1057,1056,1054,1053,1051,1050,1048,1047,1046,1044,1043,1042,1040,1039,1038,1037,1036,1035,1034,1033,1032,1031,1030,1029,1029,1028,1027,1027,1026,1026,1025,1025,1025,1024,1024,1024,1024,1024,1024,1024,1024,1024,1024,1024,1024,1024,1024,1024,1024,1024,1024,1024,1024,1024,1024,1024,1024,1024,1024,1024,1024,1024,1024,1024,1024,1024,1024,1024,1024,1024,1024,1024,1024,1024,1024,1024,1024,1024,1024,1024,1024,1024,1024,1024,1024,1024,1024,1024,1024,1024,1024,1024,1024,1024,1024,1024,1024,1024,1024,1024,1024,1024,1024,1024,1024,1024,1024,1024,1024,1024,1024,1024,1024,1024,1024,1024,1024,1024,1024,1024,1024,1024,1024,1024,1024,1024,1024,1024,1024,1024,1024,1024,1024,1024,1024,1024,1024,1024,1024,1024,1024,1024,1024,1024,1024,1024,1024,1024,1024,1024,1024,1024,1024,1024,1024,1024,1024,1024,1024,1024,1024,1024,1024,1024,1024,1024,1024,1024,1024,1024,1024,1024,1024,1024,1024,1024,1024,1024,1024,1024,1024,1024,1024,1024,1024,1024,1024,1024,1024,1024,1024,1024,1024,1024,1024,1024,1024,1024,1024,1024,1024,1024,1024,1024,1024,1024,1024,1024,1024,1024,1024,1024,1024,1024,1024,1024,1024,1024,1024,1024,1024,1024,1024,1024,1024,1024,1024,1024,1024,1024,1024,1024,1024,1024,1024,1024,1024,1024,1024,1024,1024,1024,1024,1024,1024,1024,1024,1024,1024,1024,1024,1024,1024,1024,1024,1024,1024,1024,1024,1024,1024,1024,1024,1024,1024,1024,1024,1024,1024,1024,1024,1024,1024,1024,1024,1024,1024,1024,1025,1025,1026,1027,1028,1030,1031,1033,1035,1037,1039,1041,1044,1047,1050,1053,1056,1060,1063,1067,1075,1075,1078,1081,1084,1087,1090,1093,1096,1099,1102,1104,1107,1109,1111,1114,1116,1117,1119,1121,1122,1123,1124,1125,1126,1126,1126,1126,1126,1126,1125,1125,1124,1123,1122,1120,1118,1117,1115,1113,1110,1108,1105,1103,1100,1097,1094,1091,1088,1085,1082,1078,1075,1072,1069,1066,1062,1059,1056,1053,1051,1048,1045,1043,1040,1038,1036,1034,1032,1030,1029,1028,1027,1026,1025,1024,1024,1024,1024,1024,1024,1024,1024,1024,1024,1024,1024,1024,1024,1024,1024,1024,1024,1024,1024,1024,1024,1024,1024,1024,1024,1024,1024,1024,1024,1024,1024,1024,1024,1024,1024,1024,1024,1024,1024,1024,1024,1024,1024,1024,1024,1024,1024,1024,1024,1024,1024,1024,1024,1024,1024,1024,1024,1024,1024,1024,1024,1024,1024,1024,1024,1024,1024,1024,1024,1024,1024,1024,1024,1024,1024,1024,1024,1024,1024,1024,1024,1024,1024,1024,1024,1024,1024,1024,1024,1024,1024,1024,1024,1024,1024,1024,1024,1024,1024,1024,1024,1024,1024,1024,1024,1024,1024,1024,1024,1024,1024,1024,1024,1024,1024,1024,1024,1024,1024,1024,1024,1024,1024,1024,1024,1024,1024,1024,1024,1024,1024,1024,1024,1024,1024,1024,1024,1024,1024,1024,1024,1024,1024,1024,1024,1024,1024,1024,1024,1024,1024,1024,1024,1024,1024,1024,1024,1024,1024,1024,1024,1024,1024,1024,1024,1024,1024,1024,1024,1024,1024,1024,1024,1024,1024,1024,1024,1024,1024,1024,1024,1024,1024,1024,1024,1024,1024,1024,1024,1024,1024,1024,1024,1024,1024,1024,1024,1024,1024,1024,1024,1024,1024

lead:III
count:2708
points:1024,1024,1024,1025,1025,1026,1027,1028,1029,1030,1032,1033,1034,1036,1037,1038,1039,1040,1041,1042,1043,1044,1044,1044,1044,1044,1044,1043,1042,1041,1039,1038,1036,1034,1031,1029,1026,1024,1022,1019,1017,1014,1012,1010,1009,1007,1006,1005,1004,1004,1004,1004,1004,1004,1004,1004,1004,1004,1005,1005,1005,1006,1006,1007,1007,1008,1008,1009,1009,1010,1011,1011,1012,1012,1013,1014,1014,1015,1016,1016,1017,1018,1018,1019,1019,1020,1020,1021,1021,1022,1022,1022,1023,1023,1023,1023,1024,1024,1024,1024,1024,1024,1024,1024,1024,1024,1024,1024,1024,1024,1024,1024,1024,1024,1024,1024,1024,1024,1024,1024,1024,1024,1024,1023,1023,1023,1023,1023,1022,1022,1022,1022,1021,1021,1021,1020,1020,1019,1019,1018,1018,1018,1017,1017,1016,1015,1015,1014,1014,1013,1013,1012,1011,1011,1010,1009,1009,1008,1008,1007,1006,1006,1005,1004,1004,1003,1002,1000,998,996,995,994,993,1006,1019,1032,1044,1057,1070,1083,1096,1108,1121,1134,1147,1160,1172,1185,1198,1211,1224,1216,1209,1202,1195,1188,1181,1174,1167,1160,1153,1147,1140,1134,1127,1121,1115,1110,1104,1099,1093,1088,1084,1079,1075,1070,1067,1063,1059,1056,1053,1051,1048,1046,1044,1043,1042,1041,1040,1039,1039,1036,1034,1031,1030,1028,1027,1026,1025,1025,1024,1024,1024,1024,1024,1024,1024,1024,1024,1024,1024,1024,1024,1024,1024,1024,1024,1024,1024,1024,1024,1024,1024,1024,1024,1024,1024,1024,1024,1024,1024,1024,1024,1024,1024,1024,1024,1024,1024,1024,1024,1024,1024,1024,1024,1024,1024,1024,1024,1024,1024,1024,1024,1024,1024,1024,1024,1024,1024,1024,1024,1024,1024,1024,1024,1024,1024,1024,1024,1024,1024,1024,1024,1024,1024,1024,1024,1024,1024,1024,1024,1024,1024,1024,1024,1024,1024,1024,1024,1024,1024,1024,1024,1024,1024,1024,1024,1024,1024,1024,1024,1024,1024,1024,1024,1024,1024,1024,1024,1024,1024,1024,1024,1024,1024,1024,1024,1024,1024,1024,1024,1024,1024,1024,1024,1024,1024,1024,1024,1024,1024,1024,1024,1024,1024,1024,1024,1024,1024,1024,1024,1024,1024,1024,1024,1024,1024,1024,1024,1024,1024,1024,1023,1023,1023,1023,1023,1022,1022,1022,1022,1021,1021,1021,1020,1020,1020,1019,1019,1019,1018,1018,1017,1017,1016,1016,1015,1015,1014,1014,1013,1013,1012,1012,1011,1011,1010,1010,1009,1009,1008,1008,1007,1007,1006,1005,1005,1004,1004,1003,1003,1002,1002,1001,1001,1001,1000,1000,999,999,998,998,998,997,997,997,996,996,996,995,995,995,995,994,994,994,994,994,994,994,993,993,993,993,993,993,993,993,993,994,994,994,994,994,994,994,995,995,995,995,996,996,996,997,997,997,998,998,998,999,999,1000,1000,1001,1001,1001,1002,1002,1003,1003,1004,1004,1005,1005,1006,1007,1007,1008,1008,1009,1009,1010,1010,1011,1011,1012,1012,1013,1013,1014,1014,1015,1015,1016,1016,1017,1017,1018,1018,1019,1019,1019,1020,1020,1020,1021,1021,1021,1022,1022,1022,1022,1023,1023,1023,1023,1023,1024,1024,1024,1024,1024,1024,1024,1024,1024,1024,1024,1024,1024,1024,1024,1024,1024,1024,1024,1024,1024,1024,1024,1024,1024,1024,1024,1024,1024,1024,1024,1024,1024,1024,1024,1024,1024,1024,1024,1024,1024,1024,1024,1024,1024,1024,1024,1024,1024,1024,1024,1024,1024,1024,1024,1024,1024,1024,1024,1024,1024,1024,1024,1024,1024,1024,1024,1024,1024,1024,1024,1024,1024,1024,1024,1024,1024,1024,1024,1024,1024,1024,1024,1024,1024,1024,1024,1024,1024,1024,1024,1024,1024,1024,1024,1024,1024,1024,1024,1024,1024,1024,1024,1024,1024,1024,1024,1024,1024,1024,1024,1024,1024,1024,1024,1024,1024,1024,1024,1024,1024,1024,1024,1024,1024,1024,1024,1024,1024,1024,1024,1024,1024,1024,1024,1024,1024,1024,1024,1024,1024,1024,1024,1024,1024,1024,1024,1024,1024,1024,1024,1024,1024,1024,1024,1024,1024,1024,1024,1024,1024,1024,1024,1024,1024,1024,1024,1024,1024,1024,1024,1024,1024,1024,1024,1024,1024,1024,1024,1024,1024,1024,1024,1024,1024,1024,1024,1024,1024,1024,1024,1024,1024,1024,1024,1024,1024,1024,1024,1024,1024,1024,1024,1024,1024,1024,1024,1024,1024,1024,1024,1024,1024,1024,1024,1024,1024,1024,1024,1024,1024,1024,1024,1024,1024,1024,1024,1024,1024,1024,1024,1024,1024,1024,1024,1024,1024,1024,1024,1024,1024,1024,1024,1024,1024,1024,1024,1024,1025,1025,1026,1027,1028,1029,1030,1032,1033,1034,1036,1037,1038,1039,1040,1041,1042,1043,1044,1044,1044,1044,1044,1044,1043,1042,1041,1039,1038,1036,1034,1031,1029,1026,1024,1022,1019,1017,1014,1012,1010,1009,1007,1006,1005,1004,1004,1004,1004,1004,1004,1004,1004,1004,1004,1005,1005,1005,1006,1006,1007,1007,1008,1008,1009,1009,1010,1011,1011,1012,1012,1013,1014,1014,1015,1016,1016,1017,1018,1018,1019,1019,1020,1020,1021,1021,1022,1022,1022,1023,1023,1023,1023,1024,1024,1024,1024,1024,1024,1024,1024,1024,1024,1024,1024,1024,1024,1024,1024,1024,1024,1024,1024,1024,1024,1024,1024,1024,1024,1024,1023,1023,1023,1023,1023,1022,1022,1022,1022,1021,1021,1021,1020,1020,1019,1019,1018,1018,1018,1017,1017,1016,1015,1015,1014,1014,1013,1013,1012,1011,1011,1010,1009,1009,1008,1008,1007,1006,1006,1005,1004,1004,1003,1001,998,996,994,993,1005,1016,1028,1039,1051,1062,1074,1085,1097,1108,1120,1132,1143,1155,1166,1178,1189,1201,1212,1224,1216,1209,1202,1195,1188,1181,1174,1167,1160,1153,1147,1140,1134,1127,1121,1115,1110,1104,1099,1093,1088,1084,1079,1075,1070,1067,1063,1059,1056,1053,1051,1048,1046,1044,1043,1042,1041,1040,1040,1039,1036,1034,1031,1030,1028,1027,1026,1025,1025,1024,1024,1024,1024,1024,1024,1024,1024,1024,1024,1024,1024,1024,1024,1024,1024,1024,1024,1024,1024,1024,1024,1024,1024,1024,1024,1024,1024,1024,1024,1024,1024,1024,1024,1024,1024,1024,1024,1024,1024,1024,1024,1024,1024,1024,1024,1024,1024,1024,1024,1024,1024,1024,1024,1024,1024,1024,1024,1024,1024,1024,1024,1024,1024,1024,1024,1024,1024,1024,1024,1024,1024,1024,1024,1024,1024,1024,1024,1024,1024,1024,1024,1024,1024,1024,1024,1024,1024,1024,1024,1024,1024,1024,1024,1024,1024,1024,1024,1024,1024,1024,1024,1024,1024,1024,1024,1024,1024,1024,1024,1024,1024,1024,1024,1024,1024,1024,1024,1024,1024,1024,1024,1024,1024,1024,1024,1024,1024,1024,1024,1024,1024,1024,1024,1024,1024,1024,1024,1024,1024,1024,1024,1024,1024,1024,1024,1024,1024,1024,1024,1024,1024,1023,1023,1023,1023,1023,1022,1022,1022,1022,1021,1021,1021,1020,1020,1020,1019,1019,1019,1018,1018,1017,1017,1016,1016,1015,1015,1014,1014,1013,1013,1012,1012,1011,1011,1010,1010,1009,1009,1008,1008,1007,1007,1006,1005,1005,1004,1004,1003,1003,1002,1002,1001,1001,1001,1000,1000,999,999,998,998,998,997,997,997,996,996,996,995,995,995,995,994,994,994,994,994,994,994,993,993,993,993,993,993,993,993,993,994,994,994,994,994,994,994,995,995,995,995,996,996,996,997,997,997,998,998,998,999,999,1000,1000,1001,1001,1001,1002,1002,1003,1003,1004,1004,1005,1005,1006,1007,1007,1008,1008,1009,1009,1010,1010,1011,1011,1012,1012,1013,1013,1014,1014,1015,1015,1016,1016,1017,1017,1018,1018,1019,1019,1019,1020,1020,1020,1021,1021,1021,1022,1022,1022,1022,1023,1023,1023,1023,1023,1024,1024,1024,1024,1024,1024,1024,1024,1024,1024,1024,1024,1024,1024,1024,1024,1024,1024,1024,1024,1024,1024,1024,1024,1024,1024,1024,1024,1024,1024,1024,1024,1024,1024,1024,1024,1024,1024,1024,1024,1024,1024,1024,1024,1024,1024,1024,1024,1024,1024,1024,1024,1024,1024,1024,1024,1024,1024,1024,1024,1024,1024,1024,1024,1024,1024,1024,1024,1024,1024,1024,1024,1024,1024,1024,1024,1024,1024,1024,1024,1024,1024,1024,1024,1024,1024,1024,1024,1024,1024,1024,1024,1024,1024,1024,1024,1024,1024,1024,1024,1024,1024,1024,1024,1024,1024,1024,1024,1024,1024,1024,1024,1024,1024,1024,1024,1024,1024,1024,1024,1024,1024,1024,1024,1024,1024,1024,1024,1024,1024,1024,1024,1024,1024,1024,1024,1024,1024,1024,1024,1024,1024,1024,1024,1024,1024,1024,1024,1024,1024,1024,1024,1024,1024,1024,1024,1024,1024,1024,1024,1024,1024,1024,1024,1024,1024,1024,1024,1024,1024,1024,1024,1024,1024,1024,1024,1024,1024,1024,1024,1024,1024,1024,1024,1024,1024,1024,1024,1024,1024,1024,1024,1024,1024,1024,1024,1024,1024,1024,1024,1024,1024,1024,1024,1024,1024,1024,1024,1024,1024,1024,1024,1024,1024,1024,1024,1024,1024,1024,1024,1024,1024,1024,1024,1024,1024,1024,1024,1024,1024,1024,1024,1024,1024,1024,1024,1024,1024,1024,1024,1024,1024,1024,1024,1024,1024,1024,1024,1025,1025,1026,1027,1028,1029,1030,1032,1033,1034,1036,1037,1038,1039,1040,1041,1042,1043,1044,1044,1044,1044,1044,1044,1043,1042,1041,1039,1038,1036,1034,1031,1029,1026,1024,1022,1019,1017,1014,1012,1010,1009,1007,1006,1005,1004,1004,1004,1004,1004,1004,1004,1004,1004,1004,1005,1005,1005,1006,1006,1007,1007,1008,1008,1009,1009,1010,1011,1011,1012,1012,1013,1014,1014,1015,1016,1016,1017,1018,1018,1019,1019,1020,1020,1021,1021,1022,1022,1022,1023,1023,1023,1023,1024,1024,1024,1024,1024,1024,1024,1024,1024,1024,1024,1024,1024,1024,1024,1024,1024,1024,1024,1024,1024,1024,1024,1024,1024,1024,1024,1023,1023,1023,1023,1023,1022,1022,1022,1022,1021,1021,1021,1020,1020,1019,1019,1018,1018,1018,1017,1017,1016,1015,1015,1014,1014,1013,1013,1012,1011,1011,1010,1009,1009,1008,1008,1007,1006,1006,1005,1004,1004,1003,1001,998,996,994,993,1005,1016,1028,1039,1051,1062,1074,1085,1097,1108,1120,1132,1143,1155,1166,1178,1189,1201,1212,1224,1216,1209,1202,1195,1188,1181,1174,1167,1160,1153,1147,1140,1134,1127,1121,1115,1110,1104,1099,1093,1088,1084,1079,1075,1070,1067,1063,1059,1056,1053,1051,1048,1046,1044,1043,1042,1041,1040,1040,1039,1036,1034,1031,1030,1028,1027,1026,1025,1025,1024,1024,1024,1024,1024,1024,1024,1024,1024,1024,1024,1024,1024,1024,1024,1024,1024,1024,1024,1024,1024,1024,1024,1024,1024,1024,1024,1024,1024,1024,1024,1024,1024,1024,1024,1024,1024,1024,1024,1024,1024,1024,1024,1024,1024,1024,1024,1024,1024,1024,1024,1024,1024,1024,1024,1024,1024,1024,1024,1024,1024,1024,1024,1024,1024,1024,1024,1024,1024,1024,1024,1024,1024,1024,1024,1024,1024,1024,1024,1024,1024,1024,1024,1024,1024,1024,1024,1024,1024,1024,1024,1024,1024,1024,1024,1024,1024,1024,1024,1024,1024,1024,1024,1024,1024,1024,1024,1024,1024,1024,1024,1024,1024,1024,1024,1024,1024,1024,1024,1024,1024,1024,1024,1024,1024,1024,1024,1024,1024,1024,1024,1024,1024,1024,1024,1024,1024,1024,1024,1024,1024,1024,1024,1024,1024,1024,1024,1024,1024,1024,1024,1024,1023,1023,1023,1023,1023,1022,1022,1022,1022,1021,1021,1021,1020,1020,1020,1019,1019,1019,1018,1018,1017,1017,1016,1016,1015,1015,1014,1014,1013,1013,1012,1012,1011,1011,1010,1010,1009,1009,1008,1008,1007,1007,1006,1005,1005,1004,1004,1003,1003,1002,1002,1001,1001,1001,1000,1000,999,999,998,998,998,997,997,997,996,996,996,995,995,995,995,994,994,994,994,994,994,994,993,993,993,993,993,993,993,993,993,994,994,994,994,994,994,994,995,995,995,995,996,996,996,997,997,997,998,998,998,999,999,1000,1000,1001,1001,1001,1002,1002,1003,1003,1004,1004,1005,1005,1006,1007,1007,1008,1008,1009,1009,1010,1010,1011,1011,1012,1012,1013,1013,1014,1014,1015,1015,1016,1016,1017,1017,1018,1018,1019,1019,1019,1020,1020,1020,1021,1021,1021,1022,1022,1022,1022,1023,1023,1023,1023,1023,1024,1024,1024,1024,1024,1024,1024,1024,1024,1024,1024,1024,1024,1024,1024,1024,1024,1024,1024,1024,1024,1024,1024,1024,1024,1024,1024,1024,1024,1024,1024,1024,1024,1024,1024,1024,1024,1024,1024,1024,1024,1024,1024,1024,1024,1024,1024,1024,1024,1024,1024,1024,1024,1024,1024,1024,1024,1024,1024,1024,1024,1024,1024,1024,1024,1024,1024,1024,1024,1024,1024,1024,1024,1024,1024,1024,1024,1024,1024,1024,1024,1024,1024,1024,1024,1024,1024,1024,1024,1024,1024,1024,1024,1024,1024,1024,1024,1024,1024,1024,1024,1024,1024,1024,1024,1024,1024,1024,1024,1024,1024,1024,1024,1024,1024,1024,1024,1024,1024,1024,1024,1024,1024,1024,1024,1024,1024,1024,1024,1024,1024,1024,1024,1024,1024,1024,1024,1024,1024,1024,1024,1024,1024,1024,1024,1024,1024,1024,1024,1024,1024,1024,1024,1024,1024,1024,1024,1024,1024,1024,1024,1024,1024,1024,1024,1024,1024,1024,1024,1024,1024,1024,1024,1024,1024,1024,1024,1024,1024,1024,1024,1024,1024,1024,1024,1024,1024,1024,1024,1024,1024,1024,1024,1024,1024,1024,1024,1024,1024,1024,1024,1024,1024,1024,1024,1024,1024,1024,1024,1024,1024,1024,1024,1024,1024,1024,1024,1024,1024,1024,1024,1024,1024,1024,1024,1024,1024,1024,1024,1024,1024,1024,1024,1024,1024,1024,1024,1024,1024,1024,1024,1024,1024,1024,1024,1024,1024,1024,1025,1025,1026,1027,1028,1029,1030,1032,1033,1034,1036,1037,1038,1039,1040,1041,1042,1043,1044,1044,1044,1044,1044,1044,1043,1042,1041,1039,1038,1036,1034,1031,1029,1026,1024,1022,1019,1017,1014,1012,1010,1009,1007,1006,1005,1004,1004,1004,1004,1004,1004,1004,1004,1004,1004,1005,1005,1005,1006,1006,1007,1007,1008,1008,1009,1009,1010,1011,1011,1012,1012,1013,1014,1014,1015,1016,1016,1017,1018,1018,1019,1019,1020,1020,1021,1021,1022,1022,1022,1023,1023,1023,1023,1024,1024,1024,1024,1024,1024,1024,1024,1024,1024,1024,1024,1024,1024,1024,1024,1024,1024,1024,1024,1024,1024,1024,1024,1024,1024,1024,1024,1024,1024,1024,1024,1024,1024,1024,1024,1024,1024,1024,1024,1024,1024,1024,1024,1024,1024,1024,1024,1024,1024,1024,1024,1024,1024,1024,1024,1024,1024,1024,1024,1024,1024,1024,1024,1024,1024,1024,1024,1024,1024,1024,1024,1024,1024,1024,1024,1024,1024,1024,1024,1024,1024,1024,1024,1024,1024,1024,1024,1024,1024,1024,1024,1024,1024,1024,1024,1024,1024,1024,1024,1024,1024,1024,1024,1024,1024,1024,1024,1024,1024,1024,1024,1024,1024,1024,1024,1024,1024,1024,1024,1024,1024,1024,1024,1024,1024,1024,1024,1024,1024,1024,1024,1024,1024,1024,1024,1024,1024,1024,1024,1024,1024,1024,1024,1024,1024,1024,1024,1024,1024,1024,1024,1024,1024,1024,1024,1024,1024,1024,1024,1024,1024,1024,1024,1024,1024,1024,1024,1024,1024,1024,1024,1024,1024,1024,1024,1024,1024,1024,1024,1024,1024,1024,1024,1024,1024,1024,1024,1024,1024,1024,1024,1024,1024,1024,1024,1024,1024,1024,1024,1024,1024,1024,1024,1024,1024

lead:aVR
count:2708
points:1024,1024,1024,1023,1023,1022,1022,1021,1020,1019,1018,1016,1015,1014,1012,1010,1009,1007,1005,1003,1001,999,997,993,993,991,989,987,985,983,980,978,976,975,973,971,969,968,966,965,964,962,961,960,960,959,958,958,957,957,957,957,957,958,958,959,960,960,961,962,964,965,966,968,969,971,973,974,976,978,980,982,984,986,988,991,993,995,997,999,1001,1003,1005,1007,1008,1010,1012,1013,1015,1016,1018,1019,1020,1021,1022,1022,1023,1023,1024,1024,1024,1024,1024,1024,1024,1024,1024,1024,1024,1024,1024,1024,1024,1024,1024,1024,1024,1024,1024,1024,1024,1024,1024,1024,1024,1024,1024,1024,1024,1024,1024,1024,1024,1024,1024,1024,1024,1024,1025,1025,1025,1025,1025,1025,1025,1026,1026,1026,1026,1027,1027,1027,1028,1028,1029,1029,1030,1030,1031,1032,1032,1033,1034,1035,1036,1036,1035,1035,1035,1035,1034,1012,989,967,944,922,899,877,854,832,809,787,764,742,719,696,674,651,629,606,584,602,620,638,656,674,692,709,726,744,760,777,793,809,825,840,855,869,883,897,910,923,935,946,957,967,977,986,995,1003,1010,1017,1023,1028,1032,1036,1039,1042,1044,1045,1045,1042,1039,1037,1035,1033,1032,1031,1030,1030,1029,1029,1029,1029,1029,1029,1029,1029,1029,1029,1029,1029,1029,1029,1029,1029,1029,1029,1029,1029,1029,1028,1028,1028,1028,1028,1028,1028,1028,1028,1028,1028,1028,1028,1028,1028,1028,1028,1028,1028,1028,1028,1028,1028,1028,1028,1028,1028,1028,1027,1027,1027,1027,1027,1027,1027,1027,1027,1027,1027,1027,1027,1027,1027,1027,1027,1027,1027,1027,1027,1027,1027,1027,1027,1027,1027,1026,1026,1026,1026,1026,1026,1026,1026,1026,1026,1026,1026,1026,1026,1026,1026,1026,1026,1026,1026,1026,1026,1026,1026,1026,1026,1026,1025,1025,1025,1025,1025,1025,1025,1025,1025,1025,1025,1025,1025,1025,1025,1025,1025,1025,1025,1025,1025,1025,1025,1025,1025,1025,1025,1025,1024,1024,1024,1024,1024,1024,1024,1024,1024,1024,1024,1024,1024,1024,1024,1024,1024,1023,1023,1023,1022,1022,1021,1021,1020,1019,1019,1018,1017,1016,1015,1014,1013,1011,1010,1009,1008,1006,1005,1003,1002,1000,999,997,996,994,992,991,989,987,985,983,982,980,978,976,974,972,970,969,967,965,963,961,959,958,956,954,952,950,949,947,945,944,942,941,939,938,936,935,933,932,931,929,928,927,926,925,924,923,922,922,921,920,920,919,919,918,918,917,917,917,917,917,917,917,917,917,918,918,919,919,920,920,921,922,922,923,924,925,926,927,928,929,931,932,933,935,936,938,939,941,942,944,945,947,949,950,952,954,956,958,959,961,963,965,967,969,970,972,974,976,978,980,982,983,985,987,989,991,992,994,996,997,999,1000,1002,1003,1005,1006,1008,1009,1010,1011,1013,1014,1015,1016,1017,1018,1019,1019,1020,1021,1021,1022,1022,1023,1023,1023,1024,1024,1024,1024,1024,1024,1024,1024,1024,1024,1024,1024,1024,1024,1024,1024,1024,1024,1024,1024,1024,1024,1024,1024,1024,1024,1024,1024,1024,1024,1024,1024,1024,1024,1024,1024,1024,1024,1024,1024,1024,1024,1024,1024,1024,1024,1024,1024,1024,1024,1024,1024,1024,1024,1024,1024,1024,1024,1024,1024,1024,1024,1024,1024,1024,1024,1024,1024,1024,1024,1024,1024,1024,1024,1024,1024,1024,1024,1024,1024,1024,1024,1024,1024,1024,1024,1024,1024,1024,1024,1024,1024,1024,1024,1024,1024,1024,1024,1024,1024,1024,1024,1024,1024,1024,1024,1024,1024,1024,1024,1024,1024,1024,1024,1024,1024,1024,1024,1024,1024,1024,1024,1024,1024,1024,1024,1024,1024,1024,1024,1024,1024,1024,1024,1024,1024,1024,1024,1024,1024,1024,1024,1024,1024,1024,1024,1024,1024,1024,1024,1024,1024,1024,1024,1024,1024,1024,1024,1024,1024,1024,1024,1024,1024,1024,1024,1024,1024,1024,1024,1024,1024,1024,1024,1024,1024,1024,1024,1024,1024,1024,1024,1024,1024,1024,1024,1024,1024,1024,1024,1024,1024,1024,1024,1024,1024,1024,1024,1024,1024,1024,1024,1024,1024,1024,1024,1024,1024,1024,1024,1024,1024,1024,1024,1024,1024,1024,1024,1024,1024,1024,1024,1024,1024,1024,1024,1024,1024,1024,1024,1024,1024,1024,1024,1024,1024,1024,1024,1024,1024,1024,1024,1024,1024,1023,1023,1022,1022,1021,1020,1019,1018,1016,1015,1014,1012,1010,1009,1007,1005,1003,1001,999,997,993,993,991,989,987,985,983,980,978,976,975,973,971,969,968,966,965,964,962,961,960,960,959,958,958,957,957,957,957,957,958,958,959,960,960,961,962,964,965,966,968,969,971,973,974,976,978,980,982,984,986,988,991,993,995,997,999,1001,1003,1005,1007,1008,1010,1012,1013,1015,1016,1018,1019,1020,1021,1022,1022,1023,1023,1024,1024,1024,1024,1024,1024,1024,1024,1024,1024,1024,1024,1024,1024,1024,1024,1024,1024,1024,1024,1024,1024,1024,1024,1024,1024,1024,1024,1024,1024,1024,1024,1024,1024,1024,1024,1024,1024,1024,1024,1025,1025,1025,1025,1025,1025,1025,1026,1026,1026,1026,1027,1027,1027,1028,1028,1029,1029,1030,1030,1031,1032,1032,1033,1034,1035,1036,1036,1035,1035,1035,1035,1034,1006,978,950,922,894,865,837,809,781,753,725,696,668,640,612,584,556,528,499,471,494,516,539,561,583,605,627,649,670,691,712,732,752,771,790,809,827,844,861,877,893,908,922,936,948,961,972,983,992,1001,1010,1017,1024,1029,1034,1038,1041,1043,1045,1045,1042,1039,1037,1035,1033,1032,1031,1030,1030,1029,1029,1029,1029,1029,1029,1029,1029,1029,1029,1029,1029,1029,1029,1029,1029,1029,1029,1029,1029,1029,1028,1028,1028,1028,1028,1028,1028,1028,1028,1028,1028,1028,1028,1028,1028,1028,1028,1028,1028,1028,1028,1028,1028,1028,1028,1028,1028,1028,1027,1027,1027,1027,1027,1027,1027,1027,1027,1027,1027,1027,1027,1027,1027,1027,1027,1027,1027,1027,1027,1027,1027,1027,1027,1027,1027,1026,1026,1026,1026,1026,1026,1026,1026,1026,1026,1026,1026,1026,1026,1026,1026,1026,1026,1026,1026,1026,1026,1026,1026,1026,1026,1026,1025,1025,1025,1025,1025,1025,1025,1025,1025,1025,1025,1025,1025,1025,1025,1025,1025,1025,1025,1025,1025,1025,1025,1025,1025,1025,1025,1025,1024,1024,1024,1024,1024,1024,1024,1024,1024,1024,1024,1024,1024,1024,1024,1024,1024,1023,1023,1023,1022,1022,1021,1021,1020,1019,1019,1018,1017,1016,1015,1014,1013,1011,1010,1009,1008,1006,1005,1003,1002,1000,999,997,996,994,992,991,989,987,985,983,982,980,978,976,974,972,970,969,967,965,963,961,959,958,956,954,952,950,949,947,945,944,942,941,939,938,936,935,933,932,931,929,928,927,926,925,924,923,922,922,921,920,920,919,919,918,918,917,917,917,917,917,917,917,917,917,918,918,919,919,920,920,921,922,922,923,924,925,926,927,928,929,931,932,933,935,936,938,939,941,942,944,945,947,949,950,952,954,956,958,959,961,963,965,967,969,970,972,974,976,978,980,982,983,985,987,989,991,992,994,996,997,999,1000,1002,1003,1005,1006,1008,1009,1010,1011,1013,1014,1015,1016,1017,1018,1019,1019,1020,1021,1021,1022,1022,1023,1023,1023,1024,1024,1024,1024,1024,1024,1024,1024,1024,1024,1024,1024,1024,1024,1024,1024,1024,1024,1024,1024,1024,1024,1024,1024,1024,1024,1024,1024,1024,1024,1024,1024,1024,1024,1024,1024,1024,1024,1024,1024,1024,1024,1024,1024,1024,1024,1024,1024,1024,1024,1024,1024,1024,1024,1024,1024,1024,1024,1024,1024,1024,1024,1024,1024,1024,1024,1024,1024,1024,1024,1024,1024,1024,1024,1024,1024,1024,1024,1024,1024,1024,1024,1024,1024,1024,1024,1024,1024,1024,1024,1024,1024,1024,1024,1024,1024,1024,1024,1024,1024,1024,1024,1024,1024,1024,1024,1024,1024,1024,1024,1024,1024,1024,1024,1024,1024,1024,1024,1024,1024,1024,1024,1024,1024,1024,1024,1024,1024,1024,1024,1024,1024,1024,1024,1024,1024,1024,1024,1024,1024,1024,1024,1024,1024,1024,1024,1024,1024,1024,1024,1024,1024,1024,1024,1024,1024,1024,1024,1024,1024,1024,1024,1024,1024,1024,1024,1024,1024,1024,1024,1024,1024,1024,1024,1024,1024,1024,1024,1024,1024,1024,1024,1024,1024,1024,1024,1024,1024,1024,1024,1024,1024,1024,1024,1024,1024,1024,1024,1024,1024,1024,1024,1024,1024,1024,1024,1024,1024,1024,1024,1024,1024,1024,1024,1024,1024,1024,1024,1024,1024,1024,1024,1024,1024,1024,1024,1024,1024,1024,1024,1024,1024,1024,1024,1024,1024,1024,1024,1024,1024,1024,1024,1024,1024,1023,1023,1022,1022,1021,1020,1019,1018,1016,1015,1014,1012,1010,1009,1007,1005,1003,1001,999,997,993,993,991,989,987,985,983,980,978,976,975,973,971,969,968,966,965,964,962,961,960,960,959,958,958,957,957,957,957,957,958,958,959,960,960,961,962,964,965,966,968,969,971,973,974,976,978,980,982,984,986,988,991,993,995,997,999,1001,1003,1005,1007,1008,1010,1012,1013,1015,1016,1018,1019,1020,1021,1022,1022,1023,1023,1024,1024,1024,1024,1024,1024,1024,1024,1024,1024,1024,1024,1024,1024,1024,1024,1024,1024,1024,1024,1024,1024,1024,1024,1024,1024,1024,1024,1024,1024,1024,1024,1024,1024,1024,1024,1024,1024,1024,1024,1025,1025,1025,1025,1025,1025,1025,1026,1026,1026,1026,1027,1027,1027,1028,1028,1029,1029,1030,1030,1031,1032,1032,1033,1034,1035,1036,1036,1035,1035,1035,1035,1034,1012,989,967,944,922,899,877,854,832,809,787,764,742,719,696,674,651,629,606,584,602,620,638,656,674,692,709,726,744,760,777,793,809,825,840,855,869,883,897,910,923,935,946,957,967,977,986,995,1003,1010,1017,1023,1028,1032,1036,1039,1042,1044,1045,1045,1042,1039,1037,1035,1033,1032,1031,1030,1030,1029,1029,1029,1029,1029,1029,1029,1029,1029,1029,1029,1029,1029,1029,1029,1029,1029,1029,1029,1029,1029,1028,1028,1028,1028,1028,1028,1028,1028,1028,1028,1028,1028,1028,1028,1028,1028,1028,1028,1028,1028,1028,1028,1028,1028,1028,1028,1028,1028,1027,1027,1027,1027,1027,1027,1027,1027,1027,1027,1027,1027,1027,1027,1027,1027,1027,1027,1027,1027,1027,1027,1027,1027,1027,1027,1027,1026,1026,1026,1026,1026,1026,1026,1026,1026,1026,1026,1026,1026,1026,1026,1026,1026,1026,1026,1026,1026,1026,1026,1026,1026,1026,1026,1025,1025,1025,1025,1025,1025,1025,1025,1025,1025,1025,1025,1025,1025,1025,1025,1025,1025,1025,1025,1025,1025,1025,1025,1025,1025,1025,1025,1024,1024,1024,1024,1024,1024,1024,1024,1024,1024,1024,1024,1024,1024,1024,1024,1024,1023,1023,1023,1022,1022,1021,1021,1020,1019,1019,1018,1017,1016,1015,1014,1013,1011,1010,1009,1008,1006,1005,1003,1002,1000,999,997,996,994,992,991,989,987,985,983,982,980,978,976,974,972,970,969,967,965,963,961,959,958,956,954,952,950,949,947,945,944,942,941,939,938,936,935,933,932,931,929,928,927,926,925,924,923,922,922,921,920,920,919,919,918,918,917,917,917,917,917,917,917,917,917,918,918,919,919,920,920,921,922,922,923,924,925,926,927,928,929,931,932,933,935,936,938,939,941,942,944,945,947,949,950,952,954,956,958,959,961,963,965,967,969,970,972,974,976,978,980,982,983,985,987,989,991,992,994,996,997,999,1000,1002,1003,1005,1006,1008,1009,1010,1011,1013,1014,1015,1016,1017,1018,1019,1019,1020,1021,1021,1022,1022,1023,1023,1023,1024,1024,1024,1024,1024,1024,1024,1024,1024,1024,1024,1024,1024,1024,1024,1024,1024,1024,1024,1024,1024,1024,1024,1024,1024,1024,1024,1024,1024,1024,1024,1024,1024,1024,1024,1024,1024,1024,1024,1024,1024,1024,1024,1024,1024,1024,1024,1024,1024,1024,1024,1024,1024,1024,1024,1024,1024,1024,1024,1024,1024,1024,1024,1024,1024,1024,1024,1024,1024,1024,1024,1024,1024,1024,1024,1024,1024,1024,1024,1024,1024,1024,1024,1024,1024,1024,1024,1024,1024,1024,1024,1024,1024,1024,1024,1024,1024,1024,1024,1024,1024,1024,1024,1024,1024,1024,1024,1024,1024,1024,1024,1024,1024,1024,1024,1024,1024,1024,1024,1024,1024,1024,1024,1024,1024,1024,1024,1024,1024,1024,1024,1024,1024,1024,1024,1024,1024,1024,1024,1024,1024,1024,1024,1024,1024,1024,1024,1024,1024,1024,1024,1024,1024,1024,1024,1024,1024,1024,1024,1024,1024,1024,1024,1024,1024,1024,1024,1024,1024,1024,1024,1024,1024,1024,1024,1024,1024,1024,1024,1024,1024,1024,1024,1024,1024,1024,1024,1024,1024,1024,1024,1024,1024,1024,1024,1024,1024,1024,1024,1024,1024,1024,1024,1024,1024,1024,1024,1024,1024,1024,1024,1024,1024,1024,1024,1024,1024,1024,1024,1024,1024,1024,1024,1024,1024,1024,1024,1024,1024,1024,1024,1024,1024,1024,1024,1024,1024,1024,1024,1024,1024,1024,1024,1024,1023,1023,1023,1022,1021,1020,1020,1019,1017,1016,1015,1014,1012,1011,1009,1008,1006,1004,1002,1001,999,997,993,993,991,989,986,984,982,979,977,975,973,971,969,968,966,965,963,962,961,960,959,958,958,957,957,957,957,957,958,958,959,960,960,961,962,964,965,966,968,969,971,973,974,976,978,980,982,984,986,988,991,993,995,997,999,1001,1003,1005,1007,1008,1010,1012,1013,1015,1016,1018,1019,1020,1021,1022,1022,1023,1023,1024,1024,1024,1024,1024,1024,1024,1024,1024,1024,1024,1024,1024,1024,1024,1024,1024,1024,1024,1024,1024,1024,1024,1024,1024,1024,1024,1024,1024,1024,1024,1024,1024,1024,1024,1024,1024,1024,1024,1024,1024,1024,1024,1024,1024,1024,1024,1024,1024,1024,1024,1024,1024,1024,1024,1024,1024,1024,1024,1024,1024,1024,1024,1024,1024,1024,1024,1024,1024,1024,1024,1024,1024,1024,1024,1024,1024,1024,1024,1024,1024,1024,1024,1024,1024,1024,1024,1024,1024,1024,1024,1024,1024,1024,1024,1024,1024,1024,1024,1024,1024,1024,1024,1024,1024,1024,1024,1024,1024,1024,1024,1024,1024,1024,1024,1024,1024,1024,1024,1024,1024,1024,1024,1024,1024,1024,1024,1024,1024,1024,1024,1024,1024,1024,1024,1024,1024,1024,1024,1024,1024,1024,1024,1024,1024,1024,1024,1024,1024,1024,1024,1024,1024,1024,1024,1024,1024,1024,1024,1024,1024,1024,1024,1024,1024,1024,1024,1024,1024,1024,1024,1024,1024,1024,1024,1024,1024,1024,1024,1024,1024,1024,1024,1024,1024,1024,1024,1024,1024,1024,1024,1024,1024,1024,1024,1024,1024,1024,1024,1024,1024,1024,1024,1024

lead:aVL
count:2708
points:1024,1024,1024,1024,1024,1025,1025,1025,1025,1026,1026,1027,1027,1027,1028,1029,1029,1030,1030,1031,1032,1032,1033,1034,1034,1035,1035,1036,1036,1036,1037,1037,1038,1038,1038,1039,1039,1040,1040,1040,1040,1041,1041,1041,1041,1041,1042,1042,1042,1042,1042,1042,1042,1042,1041,1041,1041,1041,1041,1040,1040,1040,1039,1039,1039,1038,1038,1037,1037,1036,1036,1035,1035,1034,1033,1033,1032,1032,1031,1031,1030,1030,1029,1029,1028,1028,1027,1027,1026,1026,1026,1025,1025,1025,1025,1024,1024,1024,1024,1024,1024,1024,1024,1024,1024,1024,1024,1024,1024,1024,1024,1024,1024,1024,1024,1024,1024,1024,1024,1024,1024,1024,1024,1024,1024,1024,1024,1024,1024,1024,1024,1024,1024,1024,1024,1024,1024,1024,1024,1024,1024,1024,1024,1024,1024,1024,1024,1023,1023,1023,1023,1023,1023,1023,1023,1023,1023,1022,1022,1022,1022,1022,1022,1021,1021,1023,1024,1025,1027,1028,1030,1037,1044,1051,1059,1066,1073,1080,1087,1095,1102,1109,1116,1123,1130,1138,1145,1152,1159,1166,1174,1164,1155,1146,1137,1128,1119,1110,1102,1093,1085,1076,1068,1060,1052,1044,1037,1030,1023,1016,1009,1003,997,991,986,980,975,971,967,963,959,956,953,950,948,946,944,943,942,941,941,958,972,984,994,1002,1009,1014,1017,1020,1022,1023,1024,1024,1024,1024,1024,1024,1024,1024,1024,1024,1024,1024,1024,1024,1024,1024,1024,1024,1024,1024,1024,1024,1024,1024,1024,1024,1024,1024,1024,1024,1024,1024,1024,1024,1024,1024,1024,1024,1024,1024,1024,1024,1024,1024,1024,1024,1024,1024,1024,1024,1024,1024,1024,1024,1024,1024,1024,1024,1024,1024,1024,1024,1024,1024,1024,1024,1024,1024,1024,1024,1024,1024,1024,1024,1024,1024,1024,1024,1024,1024,1024,1024,1024,1024,1024,1024,1024,1024,1024,1024,1024,1024,1024,1024,1024,1024,1024,1024,1024,1024,1024,1024,1024,1024,1024,1024,1024,1024,1024,1024,1024,1024,1024,1024,1024,1024,1024,1024,1024,1024,1024,1024,1024,1024,1024,1024,1024,1024,1024,1024,1024,1024,1024,1024,1024,1024,1024,1024,1024,1024,1024,1024,1024,1024,1024,1024,1024,1025,1025,1025,1025,1026,1026,1027,1027,1028,1028,1029,1029,1030,1031,1031,1032,1033,1034,1035,1036,1036,1037,1038,1039,1040,1041,1043,1044,1045,1046,1047,1048,1049,1051,1052,1053,1054,1055,1057,1058,1059,1060,1061,1063,1064,1065,1066,1067,1069,1070,1071,1072,1073,1074,1075,1076,1078,1079,1080,1081,1081,1082,1083,1084,1085,1086,1087,1087,1088,1089,1089,1090,1090,1091,1091,1092,1092,1093,1093,1093,1093,1094,1094,1094,1094,1094,1094,1094,1094,1094,1093,1093,1093,1093,1092,1092,1091,1091,1090,1090,1089,1089,1088,1087,1087,1086,1085,1084,1083,1082,1081,1081,1080,1079,1078,1076,1075,1074,1073,1072,1071,1070,1069,1067,1066,1065,1064,1063,1061,1060,1059,1058,1057,1055,1054,1053,1052,1051,1049,1048,1047,1046,1045,1044,1043,1041,1040,1039,1038,1037,1036,1036,1035,1034,1033,1032,1031,1031,1030,1029,1029,1028,1028,1027,1027,1026,1026,1025,1025,1025,1025,1024,1024,1024,1024,1024,1024,1024,1024,1024,1024,1024,1024,1024,1024,1024,1024,1024,1024,1024,1024,1024,1024,1024,1024,1024,1024,1024,1024,1024,1024,1024,1024,1024,1024,1024,1024,1024,1024,1024,1024,1024,1024,1024,1024,1024,1024,1024,1024,1024,1024,1024,1024,1024,1024,1024,1024,1024,1024,1024,1024,1024,1024,1024,1024,1024,1024,1024,1024,1024,1024,1024,1024,1024,1024,1024,1024,1024,1024,1024,1024,1024,1024,1024,1024,1024,1024,1024,1024,1024,1024,1024,1024,1024,1024,1024,1024,1024,1024,1024,1024,1024,1024,1024,1024,1024,1024,1024,1024,1024,1024,1024,1024,1024,1024,1024,1024,1024,1024,1024,1024,1024,1024,1024,1024,1024,1024,1024,1024,1024,1024,1024,1024,1024,1024,1024,1024,1024,1024,1024,1024,1024,1024,1024,1024,1024,1024,1024,1024,1024,1024,1024,1024,1024,1024,1024,1024,1024,1024,1024,1024,1024,1024,1024,1024,1024,1024,1024,1024,1024,1024,1024,1024,1024,1024,1024,1024,1024,1024,1024,1024,1024,1024,1024,1024,1024,1024,1024,1024,1024,1024,1024,1024,1024,1024,1024,1024,1024,1024,1024,1024,1024,1024,1024,1024,1024,1024,1024,1024,1024,1024,1024,1024,1024,1024,1024,1024,1024,1024,1024,1024,1024,1024,1024,1024,1024,1024,1024,1024,1024,1024,1024,1024,1024,1024,1024,1024,1024,1024,1024,1024,1024,1024,1024,1024,1024,1024,1024,1025,1025,1025,1025,1026,1026,1027,1027,1027,1028,1029,1029,1030,1030,1031,1032,1032,1033,1034,1034,1035,1035,1036,1036,1036,1037,1037,1038,1038,1038,1039,1039,1040,1040,1040,1040,1041,1041,1041,1041,1041,1042,1042,1042,1042,1042,1042,1042,1042,1041,1041,1041,1041,1041,1040,1040,1040,1039,1039,1039,1038,1038,1037,1037,1036,1036,1035,1035,1034,1033,1033,1032,1032,1031,1031,1030,1030,1029,1029,1028,1028,1027,1027,1026,1026,1026,1025,1025,1025,1025,1024,1024,1024,1024,1024,1024,1024,1024,1024,1024,1024,1024,1024,1024,1024,1024,1024,1024,1024,1024,1024,1024,1024,1024,1024,1024,1024,1024,1024,1024,1024,1024,1024,1024,1024,1024,1024,1024,1024,1024,1024,1024,1024,1024,1024,1024,1024,1024,1024,1024,1024,1024,1023,1023,1023,1023,1023,1023,1023,1023,1023,1023,1022,1022,1022,1022,1022,1022,1021,1021,1023,1024,1025,1027,1028,1030,1037,1044,1051,1059,1066,1073,1080,1087,1095,1102,1109,1116,1123,1130,1138,1145,1152,1159,1166,1174,1164,1155,1146,1137,1128,1119,1110,1102,1093,1085,1076,1068,1060,1052,1044,1037,1030,1023,1016,1009,1003,997,991,986,980,975,971,967,963,959,956,953,950,948,946,944,943,942,941,941,958,972,984,994,1002,1009,1014,1017,1020,1022,1023,1024,1024,1024,1024,1024,1024,1024,1024,1024,1024,1024,1024,1024,1024,1024,1024,1024,1024,1024,1024,1024,1024,1024,1024,1024,1024,1024,1024,1024,1024,1024,1024,1024,1024,1024,1024,1024,1024,1024,1024,1024,1024,1024,1024,1024,1024,1024,1024,1024,1024,1024,1024,1024,1024,1024,1024,1024,1024,1024,1024,1024,1024,1024,1024,1024,1024,1024,1024,1024,1024,1024,1024,1024,1024,1024,1024,1024,1024,1024,1024,1024,1024,1024,1024,1024,1024,1024,1024,1024,1024,1024,1024,1024,1024,1024,1024,1024,1024,1024,1024,1024,1024,1024,1024,1024,1024,1024,1024,1024,1024,1024,1024,1024,1024,1024,1024,1024,1024,1024,1024,1024,1024,1024,1024,1024,1024,1024,1024,1024,1024,1024,1024,1024,1024,1024,1024,1024,1024,1024,1024,1024,1024,1024,1024,1024,1024,1024,1025,1025,1025,1025,1026,1026,1027,1027,1028,1028,1029,1029,1030,1031,1031,1032,1033,1034,1035,1036,1036,1037,1038,1039,1040,1041,1043,1044,1045,1046,1047,1048,1049,1051,1052,1053,1054,1055,1057,1058,1059,1060,1061,1063,1064,1065,1066,1067,1069,1070,1071,1072,1073,1074,1075,1076,1078,1079,1080,1081,1081,1082,1083,1084,1085,1086,1087,1087,1088,1089,1089,1090,1090,1091,1091,1092,1092,1093,1093,1093,1093,1094,1094,1094,1094,1094,1094,1094,1094,1094,1093,1093,1093,1093,1092,1092,1091,1091,1090,1090,1089,1089,1088,1087,1087,1086,1085,1084,1083,1082,1081,1081,1080,1079,1078,1076,1075,1074,1073,1072,1071,1070,1069,1067,1066,1065,1064,1063,1061,1060,1059,1058,1057,1055,1054,1053,1052,1051,1049,1048,1047,1046,1045,1044,1043,1041,1040,1039,1038,1037,1036,1036,1035,1034,1033,1032,1031,1031,1030,1029,1029,1028,1028,1027,1027,1026,1026,1025,1025,1025,1025,1024,1024,1024,1024,1024,1024,1024,1024,1024,1024,1024,1024,1024,1024,1024,1024,1024,1024,1024,1024,1024,1024,1024,1024,1024,1024,1024,1024,1024,1024,1024,1024,1024,1024,1024,1024,1024,1024,1024,1024,1024,1024,1024,1024,1024,1024,1024,1024,1024,1024,1024,1024,1024,1024,1024,1024,1024,1024,1024,1024,1024,1024,1024,1024,1024,1024,1024,1024,1024,1024,1024,1024,1024,1024,1024,1024,1024,1024,1024,1024,1024,1024,1024,1024,1024,1024,1024,1024,1024,1024,1024,1024,1024,1024,1024,1024,1024,1024,1024,1024,1024,1024,1024,1024,1024,1024,1024,1024,1024,1024,1024,1024,1024,1024,1024,1024,1024,1024,1024,1024,1024,1024,1024,1024,1024,1024,1024,1024,1024,1024,1024,1024,1024,1024,1024,1024,1024,1024,1024,1024,1024,1024,1024,1024,1024,1024,1024,1024,1024,1024,1024,1024,1024,1024,1024,1024,1024,1024,1024,1024,1024,1024,1024,1024,1024,1024,1024,1024,1024,1024,1024,1024,1024,1024,1024,1024,1024,1024,1024,1024,1024,1024,1024,1024,1024,1024,1024,1024,1024,1024,1024,1024,1024,1024,1024,1024,1024,1024,1024,1024,1024,1024,1024,1024,1024,1024,1024,1024,1024,1024,1024,1024,1024,1024,1024,1024,1024,1024,1024,1024,1024,1024,1024,1024,1024,1024,1024,1024,1024,1024,1024,1024,1024,1024,1024,1024,1024,1024,1024,1024,1024,1024,1024,1024,1024,1024,1024,1025,1025,1025,1025,1026,1026,1027,1027,1027,1028,1029,1029,1030,1030,1031,1032,1032,1033,1034,1034,1035,1035,1036,1036,1036,1037,1037,1038,1038,1038,1039,1039,1040,1040,1040,1040,1041,1041,1041,1041,1041,1042,1042,1042,1042,1042,1042,1042,1042,1041,1041,1041,1041,1041,1040,1040,1040,1039,1039,1039,1038,1038,1037,1037,1036,1036,1035,1035,1034,1033,1033,1032,1032,1031,1031,1030,1030,1029,1029,1028,1028,1027,1027,1026,1026,1026,1025,1025,1025,1025,1024,1024,1024,1024,1024,1024,1024,1024,1024,1024,1024,1024,1024,1024,1024,1024,1024,1024,1024,1024,1024,1024,1024,1024,1024,1024,1024,1024,1024,1024,1024,1024,1024,1024,1024,1024,1024,1024,1024,1024,1024,1024,1024,1024,1024,1024,1024,1024,1024,1024,1024,1024,1023,1023,1023,1023,1023,1023,1023,1023,1023,1023,1022,1022,1022,1022,1022,1022,1021,1021,1023,1024,1025,1027,1028,1030,1037,1044,1051,1059,1066,1073,1080,1087,1095,1102,1109,1116,1123,1130,1138,1145,1152,1159,1166,1174,1164,1155,1146,1137,1128,1119,1110,1102,1093,1085,1076,1068,1060,1052,1044,1037,1030,1023,1016,1009,1003,997,991,986,980,975,971,967,963,959,956,953,950,948,946,944,943,942,941,941,958,972,984,994,1002,1009,1014,1017,1020,1022,1023,1024,1024,1024,1024,1024,1024,1024,1024,1024,1024,1024,1024,1024,1024,1024,1024,1024,1024,1024,1024,1024,1024,1024,1024,1024,1024,1024,1024,1024,1024,1024,1024,1024,1024,1024,1024,1024,1024,1024,1024,1024,1024,1024,1024,1024,1024,1024,1024,1024,1024,1024,1024,1024,1024,1024,1024,1024,1024,1024,1024,1024,1024,1024,1024,1024,1024,1024,1024,1024,1024,1024,1024,1024,1024,1024,1024,1024,1024,1024,1024,1024,1024,1024,1024,1024,1024,1024,1024,1024,1024,1024,1024,1024,1024,1024,1024,1024,1024,1024,1024,1024,1024,1024,1024,1024,1024,1024,1024,1024,1024,1024,1024,1024,1024,1024,1024,1024,1024,1024,1024,1024,1024,1024,1024,1024,1024,1024,1024,1024,1024,1024,1024,1024,1024,1024,1024,1024,1024,1024,1024,1024,1024,1024,1024,1024,1024,1024,1025,1025,1025,1025,1026,1026,1027,1027,1028,1028,1029,1029,1030,1031,1031,1032,1033,1034,1035,1036,1036,1037,1038,1039,1040,1041,1043,1044,1045,1046,1047,1048,1049,1051,1052,1053,1054,1055,1057,1058,1059,1060,1061,1063,1064,1065,1066,1067,1069,1070,1071,1072,1073,1074,1075,1076,1078,1079,1080,1081,1081,1082,1083,1084,1085,1086,1087,1087,1088,1089,1089,1090,1090,1091,1091,1092,1092,1093,1093,1093,1093,1094,1094,1094,1094,1094,1094,1094,1094,1094,1093,1093,1093,1093,1092,1092,1091,1091,1090,1090,1089,1089,1088,1087,1087,1086,1085,1084,1083,1082,1081,1081,1080,1079,1078,1076,1075,1074,1073,1072,1071,1070,1069,1067,1066,1065,1064,1063,1061,1060,1059,1058,1057,1055,1054,1053,1052,1051,1049,1048,1047,1046,1045,1044,1043,1041,1040,1039,1038,1037,1036,1036,1035,1034,1033,1032,1031,1031,1030,1029,1029,1028,1028,1027,1027,1026,1026,1025,1025,1025,1025,1024,1024,1024,1024,1024,1024,1024,1024,1024,1024,1024,1024,1024,1024,1024,1024,1024,1024,1024,1024,1024,1024,1024,1024,1024,1024,1024,1024,1024,1024,1024,1024,1024,1024,1024,1024,1024,1024,1024,1024,1024,1024,1024,1024,1024,1024,1024,1024,1024,1024,1024,1024,1024,1024,1024,1024,1024,1024,1024,1024,1024,1024,1024,1024,1024,1024,1024,1024,1024,1024,1024,1024,1024,1024,1024,1024,1024,1024,1024,1024,1024,1024,1024,1024,1024,1024,1024,1024,1024,1024,1024,1024,1024,1024,1024,1024,1024,1024,1024,1024,1024,1024,1024,1024,1024,1024,1024,1024,1024,1024,1024,1024,1024,1024,1024,1024,1024,1024,1024,1024,1024,1024,1024,1024,1024,1024,1024,1024,1024,1024,1024,1024,1024,1024,1024,1024,1024,1024,1024,1024,1024,1024,1024,1024,1024,1024,1024,1024,1024,1024,1024,1024,1024,1024,1024,1024,1024,1024,1024,1024,1024,1024,1024,1024,1024,1024,1024,1024,1024,1024,1024,1024,1024,1024,1024,1024,1024,1024,1024,1024,1024,1024,1024,1024,1024,1024,1024,1024,1024,1024,1024,1024,1024,1024,1024,1024,1024,1024,1024,1024,1024,1024,1024,1024,1024,1024,1024,1024,1024,1024,1024,1024,1024,1024,1024,1024,1024,1024,1024,1024,1024,1024,1024,1024,1024,1024,1024,1024,1024,1024,1024,1024,1024,1024,1024,1024,1024,1024,1024,1024,1024,1024,1024,1024,1024,1024,1024,1024,1025,1025,1025,1025,1026,1026,1027,1027,1027,1028,1028,1029,1029,1030,1031,1031,1032,1032,1033,1034,1034,1035,1035,1036,1036,1037,1037,1038,1038,1038,1039,1039,1040,1040,1040,1040,1041,1041,1041,1041,1041,1042,1042,1042,1042,1042,1042,1042,1041,1041,1041,1041,1041,1040,1040,1040,1039,1039,1039,1038,1038,1037,1037,1036,1036,1035,1035,1034,1033,1033,1032,1032,1031,1031,1030,1030,1029,1029,1028,1028,1027,1027,1026,1026,1026,1025,1025,1025,1025,1024,1024,1024,1024,1024,1024,1024,1024,1024,1024,1024,1024,1024,1024,1024,1024,1024,1024,1024,1024,1024,1024,1024,1024,1024,1024,1024,1024,1024,1024,1024,1024,1024,1024,1024,1024,1024,1024,1024,1024,1024,1024,1024,1024,1024,1024,1024,1024,1024,1024,1024,1024,1024,1024,1024,1024,1024,1024,1024,1024,1024,1024,1024,1024,1024,1024,1024,1024,1024,1024,1024,1024,1024,1024,1024,1024,1024,1024,1024,1024,1024,1024,1024,1024,1024,1024,1024,1024,1024,1024,1024,1024,1024,1024,1024,1024,1024,1024,1024,1024,1024,1024,1024,1024,1024,1024,1024,1024,1024,1024,1024,1024,1024,1024,1024,1024,1024,1024,1024,1024,1024,1024,1024,1024,1024,1024,1024,1024,1024,1024,1024,1024,1024,1024,1024,1024,1024,1024,1024,1024,1024,1024,1024,1024,1024,1024,1024,1024,1024,1024,1024,1024,1024,1024,1024,1024,1024,1024,1024,1024,1024,1024,1024,1024,1024,1024,1024,1024,1024,1024,1024,1024,1024,1024,1024,1024,1024,1024,1024,1024,1024,1024,1024,1024,1024,1024,1024,1024,1024,1024,1024,1024,1024,1024,1024,1024,1024,1024,1024,1024,1024,1024,1024,1024,1024,1024,1024

lead:aVF
count:2708
points:1024,1024,1024,1025,1026,1026,1028,1029,1030,1032,1034,1035,1037,1040,1042,1044,1047,1050,1052,1055,1058,1061,1064,1070,1070,1072,1075,1077,1079,1082,1084,1086,1088,1090,1092,1094,1096,1098,1099,1101,1102,1103,1104,1106,1106,1107,1108,1108,1109,1109,1109,1109,1109,1108,1108,1107,1106,1105,1104,1102,1101,1099,1097,1096,1094,1091,1089,1087,1085,1082,1080,1077,1074,1072,1069,1066,1064,1061,1059,1056,1053,1051,1048,1046,1044,1042,1039,1037,1036,1034,1032,1031,1029,1028,1027,1026,1025,1025,1024,1024,1024,1024,1024,1024,1024,1024,1024,1024,1024,1024,1024,1024,1024,1024,1024,1024,1024,1024,1024,1024,1024,1024,1024,1024,1024,1024,1024,1024,1024,1024,1024,1024,1024,1024,1024,1024,1024,1024,1024,1024,1024,1024,1024,1024,1024,1023,1023,1023,1023,1023,1023,1023,1023,1023,1022,1022,1022,1022,1022,1021,1021,1021,1021,1020,1020,1018,1016,1014,1012,1010,1008,1024,1041,1058,1074,1091,1108,1124,1141,1157,1174,1191,1207,1224,1240,1257,1274,1290,1307,1324,1340,1327,1315,1302,1289,1277,1264,1252,1239,1227,1215,1204,1192,1181,1170,1159,1148,1138,1128,1119,1109,1101,1092,1084,1076,1069,1062,1056,1049,1044,1039,1034,1030,1026,1023,1020,1018,1016,1015,1014,1014,1014,1014,1014,1014,1014,1014,1014,1014,1014,1014,1014,1014,1014,1014,1014,1014,1014,1014,1014,1014,1014,1014,1014,1014,1015,1015,1015,1015,1015,1015,1015,1015,1015,1015,1015,1015,1015,1016,1016,1016,1016,1016,1016,1016,1016,1016,1016,1016,1016,1016,1016,1017,1017,1017,1017,1017,1017,1017,1017,1017,1017,1017,1017,1017,1017,1018,1018,1018,1018,1018,1018,1018,1018,1018,1018,1018,1018,1018,1019,1019,1019,1019,1019,1019,1019,1019,1019,1019,1019,1019,1019,1019,1020,1020,1020,1020,1020,1020,1020,1020,1020,1020,1020,1020,1020,1020,1021,1021,1021,1021,1021,1021,1021,1021,1021,1021,1021,1021,1021,1022,1022,1022,1022,1022,1022,1022,1022,1022,1022,1022,1022,1022,1022,1023,1023,1023,1023,1023,1023,1023,1023,1023,1023,1023,1023,1023,1023,1024,1024,1024,1024,1024,1024,1024,1024,1024,1024,1024,1024,1024,1024,1025,1025,1025,1025,1025,1026,1026,1026,1026,1027,1027,1027,1028,1028,1028,1029,1029,1030,1030,1031,1031,1032,1032,1032,1033,1033,1034,1035,1035,1036,1036,1037,1037,1038,1038,1039,1039,1040,1041,1041,1042,1042,1043,1043,1044,1044,1045,1045,1046,1047,1047,1048,1048,1048,1049,1049,1050,1050,1051,1051,1052,1052,1052,1053,1053,1053,1054,1054,1054,1054,1055,1055,1055,1055,1055,1056,1056,1056,1056,1056,1056,1056,1056,1056,1056,1056,1056,1056,1056,1056,1055,1055,1055,1055,1055,1054,1054,1054,1054,1053,1053,1053,1052,1052,1052,1051,1051,1050,1050,1049,1049,1048,1048,1048,1047,1047,1046,1045,1045,1044,1044,1043,1043,1042,1042,1041,1041,1040,1039,1039,1038,1038,1037,1037,1036,1036,1035,1035,1034,1033,1033,1032,1032,1032,1031,1031,1030,1030,1029,1029,1028,1028,1028,1027,1027,1027,1026,1026,1026,1026,1025,1025,1025,1025,1025,1024,1024,1024,1024,1024,1024,1024,1024,1024,1024,1024,1024,1024,1024,1024,1024,1024,1024,1024,1024,1024,1024,1024,1024,1024,1024,1024,1024,1024,1024,1024,1024,1024,1024,1024,1024,1024,1024,1024,1024,1024,1024,1024,1024,1024,1024,1024,1024,1024,1024,1024,1024,1024,1024,1024,1024,1024,1024,1024,1024,1024,1024,1024,1024,1024,1024,1024,1024,1024,1024,1024,1024,1024,1024,1024,1024,1024,1024,1024,1024,1024,1024,1024,1024,1024,1024,1024,1024,1024,1024,1024,1024,1024,1024,1024,1024,1024,1024,1024,1024,1024,1024,1024,1024,1024,1024,1024,1024,1024,1024,1024,1024,1024,1024,1024,1024,1024,1024,1024,1024,1024,1024,1024,1024,1024,1024,1024,1024,1024,1024,1024,1024,1024,1024,1024,1024,1024,1024,1024,1024,1024,1024,1024,1024,1024,1024,1024,1024,1024,1024,1024,1024,1024,1024,1024,1024,1024,1024,1024,1024,1024,1024,1024,1024,1024,1024,1024,1024,1024,1024,1024,1024,1024,1024,1024,1024,1024,1024,1024,1024,1024,1024,1024,1024,1024,1024,1024,1024,1024,1024,1024,1024,1024,1024,1024,1024,1024,1024,1024,1024,1024,1024,1024,1024,1024,1024,1024,1024,1024,1024,1024,1024,1024,1024,1024,1024,1024,1024,1024,1024,1024,1024,1024,1024,1024,1024,1024,1024,1024,1024,1024,1024,1024,1024,1024,1024,1024,1024,1024,1024,1024,1024,1024,1024,1024,1024,1024,1024,1025,1026,1026,1028,1029,1030,1032,1034,1035,1037,1040,1042,1044,1047,1050,1052,1055,1058,1061,1064,1070,1070,1072,1075,1077,1079,1082,1084,1086,1088,1090,1092,1094,1096,1098,1099,1101,1102,1103,1104,1106,1106,1107,1108,1108,1109,1109,1109,1109,1109,1108,1108,1107,1106,1105,1104,1102,1101,1099,1097,1096,1094,1091,1089,1087,1085,1082,1080,1077,1074,1072,1069,1066,1064,1061,1059,1056,1053,1051,1048,1046,1044,1042,1039,1037,1036,1034,1032,1031,1029,1028,1027,1026,1025,1025,1024,1024,1024,1024,1024,1024,1024,1024,1024,1024,1024,1024,1024,1024,1024,1024,1024,1024,1024,1024,1024,1024,1024,1024,1024,1024,1024,1024,1024,1024,1024,1024,1024,1024,1024,1024,1024,1024,1024,1024,1024,1024,1024,1024,1024,1024,1024,1023,1023,1023,1023,1023,1023,1023,1023,1023,1022,1022,1022,1022,1022,1021,1021,1021,1021,1020,1020,1018,1016,1014,1012,1010,1008,1024,1041,1058,1074,1091,1108,1124,1141,1157,1174,1191,1207,1224,1240,1257,1274,1290,1307,1324,1340,1327,1315,1302,1289,1277,1264,1252,1239,1227,1215,1204,1192,1181,1170,1159,1148,1138,1128,1119,1109,1101,1092,1084,1076,1069,1062,1056,1049,1044,1039,1034,1030,1026,1023,1020,1018,1016,1015,1014,1014,1014,1014,1014,1014,1014,1014,1014,1014,1014,1014,1014,1014,1014,1014,1014,1014,1014,1014,1014,1014,1014,1014,1014,1014,1015,1015,1015,1015,1015,1015,1015,1015,1015,1015,1015,1015,1015,1016,1016,1016,1016,1016,1016,1016,1016,1016,1016,1016,1016,1016,1016,1017,1017,1017,1017,1017,1017,1017,1017,1017,1017,1017,1017,1017,1017,1018,1018,1018,1018,1018,1018,1018,1018,1018,1018,1018,1018,1018,1019,1019,1019,1019,1019,1019,1019,1019,1019,1019,1019,1019,1019,1019,1020,1020,1020,1020,1020,1020,1020,1020,1020,1020,1020,1020,1020,1020,1021,1021,1021,1021,1021,1021,1021,1021,1021,1021,1021,1021,1021,1022,1022,1022,1022,1022,1022,1022,1022,1022,1022,1022,1022,1022,1022,1023,1023,1023,1023,1023,1023,1023,1023,1023,1023,1023,1023,1023,1023,1024,1024,1024,1024,1024,1024,1024,1024,1024,1024,1024,1024,1024,1024,1025,1025,1025,1025,1025,1026,1026,1026,1026,1027,1027,1027,1028,1028,1028,1029,1029,1030,1030,1031,1031,1032,1032,1032,1033,1033,1034,1035,1035,1036,1036,1037,1037,1038,1038,1039,1039,1040,1041,1041,1042,1042,1043,1043,1044,1044,1045,1045,1046,1047,1047,1048,1048,1048,1049,1049,1050,1050,1051,1051,1052,1052,1052,1053,1053,1053,1054,1054,1054,1054,1055,1055,1055,1055,1055,1056,1056,1056,1056,1056,1056,1056,1056,1056,1056,1056,1056,1056,1056,1056,1055,1055,1055,1055,1055,1054,1054,1054,1054,1053,1053,1053,1052,1052,1052,1051,1051,1050,1050,1049,1049,1048,1048,1048,1047,1047,1046,1045,1045,1044,1044,1043,1043,1042,1042,1041,1041,1040,1039,1039,1038,1038,1037,1037,1036,1036,1035,1035,1034,1033,1033,1032,1032,1032,1031,1031,1030,1030,1029,1029,1028,1028,1028,1027,1027,1027,1026,1026,1026,1026,1025,1025,1025,1025,1025,1024,1024,1024,1024,1024,1024,1024,1024,1024,1024,1024,1024,1024,1024,1024,1024,1024,1024,1024,1024,1024,1024,1024,1024,1024,1024,1024,1024,1024,1024,1024,1024,1024,1024,1024,1024,1024,1024,1024,1024,1024,1024,1024,1024,1024,1024,1024,1024,1024,1024,1024,1024,1024,1024,1024,1024,1024,1024,1024,1024,1024,1024,1024,1024,1024,1024,1024,1024,1024,1024,1024,1024,1024,1024,1024,1024,1024,1024,1024,1024,1024,1024,1024,1024,1024,1024,1024,1024,1024,1024,1024,1024,1024,1024,1024,1024,1024,1024,1024,1024,1024,1024,1024,1024,1024,1024,1024,1024,1024,1024,1024,1024,1024,1024,1024,1024,1024,1024,1024,1024,1024,1024,1024,1024,1024,1024,1024,1024,1024,1024,1024,1024,1024,1024,1024,1024,1024,1024,1024,1024,1024,1024,1024,1024,1024,1024,1024,1024,1024,1024,1024,1024,1024,1024,1024,1024,1024,1024,1024,1024,1024,1024,1024,1024,1024,1024,1024,1024,1024,1024,1024,1024,1024,1024,1024,1024,1024,1024,1024,1024,1024,1024,1024,1024,1024,1024,1024,1024,1024,1024,1024,1024,1024,1024,1024,1024,1024,1024,1024,1024,1024,1024,1024,1024,1024,1024,1024,1024,1024,1024,1024,1024,1024,1024,1024,1024,1024,1024,1024,1024,1024,1024,1024,1024,1024,1024,1024,1024,1024,1024,1024,1024,1024,1024,1024,1024,1024,1024,1024,1024,1024,1024,1024,1024,1024,1024,1024,1024,1025,1026,1026,1028,1029,1030,1032,1034,1035,1037,1040,1042,1044,1047,1050,1052,1055,1058,1061,1064,1070,1070,1072,1075,1077,1079,1082,1084,1086,1088,1090,1092,1094,1096,1098,1099,1101,1102,1103,1104,1106,1106,1107,1108,1108,1109,1109,1109,1109,1109,1108,1108,1107,1106,1105,1104,1102,1101,1099,1097,1096,1094,1091,1089,1087,1085,1082,1080,1077,1074,1072,1069,1066,1064,1061,1059,1056,1053,1051,1048,1046,1044,1042,1039,1037,1036,1034,1032,1031,1029,1028,1027,1026,1025,1025,1024,1024,1024,1024,1024,1024,1024,1024,1024,1024,1024,1024,1024,1024,1024,1024,1024,1024,1024,1024,1024,1024,1024,1024,1024,1024,1024,1024,1024,1024,1024,1024,1024,1024,1024,1024,1024,1024,1024,1024,1024,1024,1024,1024,1024,1024,1024,1023,1023,1023,1023,1023,1023,1023,1023,1023,1022,1022,1022,1022,1022,1021,1021,1021,1021,1020,1020,1017,1014,1011,1009,1008,1008,1024,1041,1058,1074,1091,1108,1124,1141,1157,1174,1191,1207,1224,1240,1257,1274,1290,1307,1324,1340,1327,1315,1302,1289,1277,1264,1252,1239,1227,1215,1204,1192,1181,1170,1159,1148,1138,1128,1119,1109,1101,1092,1084,1076,1069,1062,1056,1049,1044,1039,1034,1030,1026,1023,1020,1018,1016,1015,1014,1014,1014,1014,1014,1014,1014,1014,1014,1014,1014,1014,1014,1014,1014,1014,1014,1014,1014,1014,1014,1014,1014,1014,1014,1014,1015,1015,1015,1015,1015,1015,1015,1015,1015,1015,1015,1015,1015,1016,1016,1016,1016,1016,1016,1016,1016,1016,1016,1016,1016,1016,1016,1017,1017,1017,1017,1017,1017,1017,1017,1017,1017,1017,1017,1017,1017,1018,1018,1018,1018,1018,1018,1018,1018,1018,1018,1018,1018,1018,1019,1019,1019,1019,1019,1019,1019,1019,1019,1019,1019,1019,1019,1019,1020,1020,1020,1020,1020,1020,1020,1020,1020,1020,1020,1020,1020,1020,1021,1021,1021,1021,1021,1021,1021,1021,1021,1021,1021,1021,1021,1022,1022,1022,1022,1022,1022,1022,1022,1022,1022,1022,1022,1022,1022,1023,1023,1023,1023,1023,1023,1023,1023,1023,1023,1023,1023,1023,1023,1024,1024,1024,1024,1024,1024,1024,1024,1024,1024,1024,1024,1024,1024,1025,1025,1025,1025,1025,1026,1026,1026,1026,1027,1027,1027,1028,1028,1028,1029,1029,1030,1030,1031,1031,1032,1032,1032,1033,1033,1034,1035,1035,1036,1036,1037,1037,1038,1038,1039,1039,1040,1041,1041,1042,1042,1043,1043,1044,1044,1045,1045,1046,1047,1047,1048,1048,1048,1049,1049,1050,1050,1051,1051,1052,1052,1052,1053,1053,1053,1054,1054,1054,1054,1055,1055,1055,1055,1055,1056,1056,1056,1056,1056,1056,1056,1056,1056,1056,1056,1056,1056,1056,1056,1055,1055,1055,1055,1055,1054,1054,1054,1054,1053,1053,1053,1052,1052,1052,1051,1051,1050,1050,1049,1049,1048,1048,1048,1047,1047,1046,1045,1045,1044,1044,1043,1043,1042,1042,1041,1041,1040,1039,1039,1038,1038,1037,1037,1036,1036,1035,1035,1034,1033,1033,1032,1032,1032,1031,1031,1030,1030,1029,1029,1028,1028,1028,1027,1027,1027,1026,1026,1026,1026,1025,1025,1025,1025,1025,1024,1024,1024,1024,1024,1024,1024,1024,1024,1024,1024,1024,1024,1024,1024,1024,1024,1024,1024,1024,1024,1024,1024,1024,1024,1024,1024,1024,1024,1024,1024,1024,1024,1024,1024,1024,1024,1024,1024,1024,1024,1024,1024,1024,1024,1024,1024,1024,1024,1024,1024,1024,1024,1024,1024,1024,1024,1024,1024,1024,1024,1024,1024,1024,1024,1024,1024,1024,1024,1024,1024,1024,1024,1024,1024,1024,1024,1024,1024,1024,1024,1024,1024,1024,1024,1024,1024,1024,1024,1024,1024,1024,1024,1024,1024,1024,1024,1024,1024,1024,1024,1024,1024,1024,1024,1024,1024,1024,1024,1024,1024,1024,1024,1024,1024,1024,1024,1024,1024,1024,1024,1024,1024,1024,1024,1024,1024,1024,1024,1024,1024,1024,1024,1024,1024,1024,1024,1024,1024,1024,1024,1024,1024,1024,1024,1024,1024,1024,1024,1024,1024,1024,1024,1024,1024,1024,1024,1024,1024,1024,1024,1024,1024,1024,1024,1024,1024,1024,1024,1024,1024,1024,1024,1024,1024,1024,1024,1024,1024,1024,1024,1024,1024,1024,1024,1024,1024,1024,1024,1024,1024,1024,1024,1024,1024,1024,1024,1024,1024,1024,1024,1024,1024,1024,1024,1024,1024,1024,1024,1024,1024,1024,1024,1024,1024,1024,1024,1024,1024,1024,1024,1024,1024,1024,1024,1024,1024,1024,1024,1024,1024,1024,1024,1024,1024,1024,1024,1024,1024,1024,1024,1024,1024,1024,1024,1024,1024,1024,1025,1026,1026,1028,1029,1030,1032,1034,1035,1037,1040,1042,1044,1047,1050,1052,1055,1058,1061,1064,1070,1070,1072,1075,1077,1079,1082,1084,1086,1088,1090,1092,1094,1096,1098,1099,1101,1102,1103,1104,1106,1106,1107,1108,1108,1109,1109,1109,1109,1109,1108,1108,1107,1106,1105,1104,1102,1101,1099,1097,1096,1094,1091,1089,1087,1085,1082,1080,1077,1074,1072,1069,1066,1064,1061,1059,1056,1053,1051,1048,1046,1044,1042,1039,1037,1036,1034,1032,1031,1029,1028,1027,1026,1025,1025,1024,1024,1024,1024,1024,1024,1024,1024,1024,1024,1024,1024,1024,1024,1024,1024,1024,1024,1024,1024,1024,1024,1024,1024,1024,1024,1024,1024,1024,1024,1024,1024,1024,1024,1024,1024,1024,1024,1024,1024,1024,1024,1024,1024,1024,1024,1024,1024,1024,1024,1024,1024,1024,1024,1024,1024,1024,1024,1024,1024,1024,1024,1024,1024,1024,1024,1024,1024,1024,1024,1024,1024,1024,1024,1024,1024,1024,1024,1024,1024,1024,1024,1024,1024,1024,1024,1024,1024,1024,1024,1024,1024,1024,1024,1024,1024,1024,1024,1024,1024,1024,1024,1024,1024,1024,1024,1024,1024,1024,1024,1024,1024,1024,1024,1024,1024,1024,1024,1024,1024,1024,1024,1024,1024,1024,1024,1024,1024,1024,1024,1024,1024,1024,1024,1024,1024,1024,1024,1024,1024,1024,1024,1024,1024,1024,1024,1024,1024,1024,1024,1024,1024,1024,1024,1024,1024,1024,1024,1024,1024,1024,1024,1024,1024,1024,1024,1024,1024,1024,1024,1024,1024,1024,1024,1024,1024,1024,1024,1024,1024,1024,1024,1024,1024,1024,1024,1024,1024,1024,1024,1024,1024,1024,1024,1024,1024,1024,1024,1024,1024,1024,1024,1024,1024

lead:V1
count:2708
points:1024,1024,1024,1024,1024,1024,1024,1023,1023,1023,1023,1023,1023,1022,1022,1022,1021,1021,1021,1021,1020,1020,1020,1019,1019,1019,1018,1018,1018,1018,1018,1017,1017,1017,1017,1017,1016,1016,1016,1016,1016,1016,1016,1016,1015,1015,1015,1015,1015,1015,1015,1015,1015,1015,1015,1015,1016,1016,1016,1016,1016,1016,1016,1017,1017,1017,1017,1017,1018,1018,1018,1019,1019,1019,1019,1020,1020,1020,1020,1021,1021,1021,1021,1022,1022,1022,1022,1023,1023,1023,1023,1023,1023,1024,1024,1024,1024,1024,1024,1024,1024,1024,1024,1024,1024,1024,1024,1024,1024,1024,1024,1024,1024,1024,1024,1024,1024,1024,1024,1024,1024,1024,1024,1024,1024,1024,1024,1024,1024,1024,1024,1024,1024,1024,1024,1024,1024,1024,1025,1025,1025,1025,1025,1025,1025,1026,1026,1026,1026,1027,1027,1027,1028,1028,1029,1029,1030,1030,1031,1032,1033,1033,1034,1035,1036,1037,1038,1038,1039,1040,1040,1041,1042,1042,1043,1044,1045,1045,1046,1047,1047,1048,1049,1050,1050,1051,1052,1052,1053,1054,1055,1040,1026,1012,998,984,970,957,943,930,917,904,891,878,866,854,843,831,820,810,799,790,780,771,763,755,747,740,733,727,721,716,711,707,704,701,698,696,695,694,694,761,818,866,907,940,967,987,1003,1014,1021,1026,1028,1029,1029,1029,1029,1029,1029,1029,1029,1029,1029,1029,1029,1029,1029,1029,1029,1029,1029,1029,1029,1028,1028,1028,1028,1028,1028,1028,1028,1028,1028,1028,1028,1028,1028,1028,1028,1028,1028,1028,1028,1028,1028,1028,1028,1028,1028,1028,1028,1028,1028,1028,1027,1027,1027,1027,1027,1027,1027,1027,1027,1027,1027,1027,1027,1027,1027,1027,1027,1027,1027,1027,1027,1027,1027,1027,1027,1027,1027,1027,1027,1027,1027,1026,1026,1026,1026,1026,1026,1026,1026,1026,1026,1026,1026,1026,1026,1026,1026,1026,1026,1026,1026,1026,1026,1026,1026,1026,1026,1026,1026,1026,1026,1025,1025,1025,1025,1025,1025,1025,1025,1025,1025,1025,1025,1025,1025,1025,1025,1025,1025,1025,1025,1025,1025,1025,1025,1025,1025,1025,1025,1025,1025,1025,1025,1024,1024,1024,1024,1024,1024,1024,1024,1024,1023,1023,1023,1023,1023,1022,1022,1022,1022,1021,1021,1021,1020,1020,1020,1019,1019,1019,1018,1018,1018,1017,1017,1016,1016,1016,1015,1015,1014,1014,1014,1013,1013,1012,1012,1011,1011,1011,1010,1010,1009,1009,1009,1008,1008,1007,1007,1007,1006,1006,1005,1005,1005,1004,1004,1004,1004,1003,1003,1003,1002,1002,1002,1002,1002,1001,1001,1001,1001,1001,1001,1000,1000,1000,1000,1000,1000,1000,1000,1000,1000,1000,1000,1000,1000,1000,1001,1001,1001,1001,1001,1001,1001,1002,1002,1002,1002,1003,1003,1003,1003,1004,1004,1004,1005,1005,1005,1006,1006,1006,1007,1007,1008,1008,1008,1009,1009,1010,1010,1010,1011,1011,1012,1012,1012,1013,1013,1014,1014,1015,1015,1015,1016,1016,1017,1017,1017,1018,1018,1018,1019,1019,1019,1020,1020,1020,1021,1021,1021,1021,1022,1022,1022,1022,1023,1023,1023,1023,1023,1023,1024,1024,1024,1024,1024,1024,1024,1024,1024,1024,1024,1024,1024,1024,1024,1024,1024,1024,1024,1024,1024,1024,1024,1024,1024,1024,1024,1024,1024,1024,1024,1024,1024,1024,1024,1024,1024,1024,1024,1024,1024,1024,1024,1024,1024,1024,1024,1024,1024,1024,1024,1024,1024,1024,1024,1024,1024,1024,1024,1024,1024,1024,1024,1024,1024,1024,1024,1024,1024,1024,1024,1024,1024,1024,1024,1024,1024,1024,1024,1024,1024,1024,1024,1024,1024,1024,1024,1024,1024,1024,1024,1024,1024,1024,1024,1024,1024,1024,1024,1024,1024,1024,1024,1024,1024,1024,1024,1024,1024,1024,1024,1024,1024,1024,1024,1024,1024,1024,1024,1024,1024,1024,1024,1024,1024,1024,1024,1024,1024,1024,1024,1024,1024,1024,1024,1024,1024,1024,1024,1024,1024,1024,1024,1024,1024,1024,1024,1024,1024,1024,1024,1024,1024,1024,1024,1024,1024,1024,1024,1024,1024,1024,1024,1024,1024,1024,1024,1024,1024,1024,1024,1024,1024,1024,1024,1024,1024,1024,1024,1024,1024,1024,1024,1024,1024,1024,1024,1024,1024,1024,1024,1024,1024,1024,1024,1024,1024,1024,1024,1024,1024,1024,1024,1024,1024,1024,1024,1024,1024,1024,1024,1024,1024,1024,1024,1024,1024,1024,1024,1024,1024,1024,1024,1024,1024,1024,1024,1024,1024,1024,1024,1024,1024,1024,1024,1024,1024,1024,1024,1024,1024,1024,1024,1024,1024,1024,1024,1024,1024,1024,1024,1024,1024,1023,1023,1023,1023,1023,1023,1022,1022,1022,1021,1021,1021,1021,1020,1020,1020,1019,1019,1019,1018,1018,1018,1018,1018,1017,1017,1017,1017,1017,1016,1016,1016,1016,1016,1016,1016,1016,1015,1015,1015,1015,1015,1015,1015,1015,1015,1015,1015,1015,1016,1016,1016,1016,1016,1016,1016,1017,1017,1017,1017,1017,1018,1018,1018,1019,1019,1019,1019,1020,1020,1020,1020,1021,1021,1021,1021,1022,1022,1022,1022,1023,1023,1023,1023,1023,1023,1024,1024,1024,1024,1024,1024,1024,1024,1024,1024,1024,1024,1024,1024,1024,1024,1024,1024,1024,1024,1024,1024,1024,1024,1024,1024,1024,1024,1024,1024,1024,1024,1024,1024,1024,1024,1024,1024,1024,1024,1024,1024,1024,1024,1024,1025,1025,1025,1025,1025,1025,1025,1026,1026,1026,1026,1027,1027,1027,1028,1028,1029,1029,1030,1030,1031,1032,1033,1033,1034,1035,1036,1037,1038,1038,1039,1040,1040,1041,1042,1042,1043,1044,1045,1045,1046,1047,1047,1048,1049,1050,1050,1051,1052,1052,1053,1054,1055,1040,1026,1012,998,984,970,957,943,930,917,904,891,878,866,854,843,831,820,810,799,790,780,771,763,755,747,740,733,727,721,716,711,707,704,701,698,696,695,694,694,761,818,866,907,940,967,987,1003,1014,1021,1026,1028,1029,1029,1029,1029,1029,1029,1029,1029,1029,1029,1029,1029,1029,1029,1029,1029,1029,1029,1029,1029,1028,1028,1028,1028,1028,1028,1028,1028,1028,1028,1028,1028,1028,1028,1028,1028,1028,1028,1028,1028,1028,1028,1028,1028,1028,1028,1028,1028,1028,1028,1028,1027,1027,1027,1027,1027,1027,1027,1027,1027,1027,1027,1027,1027,1027,1027,1027,1027,1027,1027,1027,1027,1027,1027,1027,1027,1027,1027,1027,1027,1027,1027,1026,1026,1026,1026,1026,1026,1026,1026,1026,1026,1026,1026,1026,1026,1026,1026,1026,1026,1026,1026,1026,1026,1026,1026,1026,1026,1026,1026,1026,1026,1025,1025,1025,1025,1025,1025,1025,1025,1025,1025,1025,1025,1025,1025,1025,1025,1025,1025,1025,1025,1025,1025,1025,1025,1025,1025,1025,1025,1025,1025,1025,1025,1024,1024,1024,1024,1024,1024,1024,1024,1024,1023,1023,1023,1023,1023,1022,1022,1022,1022,1021,1021,1021,1020,1020,1020,1019,1019,1019,1018,1018,1018,1017,1017,1016,1016,1016,1015,1015,1014,1014,1014,1013,1013,1012,1012,1011,1011,1011,1010,1010,1009,1009,1009,1008,1008,1007,1007,1007,1006,1006,1005,1005,1005,1004,1004,1004,1004,1003,1003,1003,1002,1002,1002,1002,1002,1001,1001,1001,1001,1001,1001,1000,1000,1000,1000,1000,1000,1000,1000,1000,1000,1000,1000,1000,1000,1000,1001,1001,1001,1001,1001,1001,1001,1002,1002,1002,1002,1003,1003,1003,1003,1004,1004,1004,1005,1005,1005,1006,1006,1006,1007,1007,1008,1008,1008,1009,1009,1010,1010,1010,1011,1011,1012,1012,1012,1013,1013,1014,1014,1015,1015,1015,1016,1016,1017,1017,1017,1018,1018,1018,1019,1019,1019,1020,1020,1020,1021,1021,1021,1021,1022,1022,1022,1022,1023,1023,1023,1023,1023,1023,1024,1024,1024,1024,1024,1024,1024,1024,1024,1024,1024,1024,1024,1024,1024,1024,1024,1024,1024,1024,1024,1024,1024,1024,1024,1024,1024,1024,1024,1024,1024,1024,1024,1024,1024,1024,1024,1024,1024,1024,1024,1024,1024,1024,1024,1024,1024,1024,1024,1024,1024,1024,1024,1024,1024,1024,1024,1024,1024,1024,1024,1024,1024,1024,1024,1024,1024,1024,1024,1024,1024,1024,1024,1024,1024,1024,1024,1024,1024,1024,1024,1024,1024,1024,1024,1024,1024,1024,1024,1024,1024,1024,1024,1024,1024,1024,1024,1024,1024,1024,1024,1024,1024,1024,1024,1024,1024,1024,1024,1024,1024,1024,1024,1024,1024,1024,1024,1024,1024,1024,1024,1024,1024,1024,1024,1024,1024,1024,1024,1024,1024,1024,1024,1024,1024,1024,1024,1024,1024,1024,1024,1024,1024,1024,1024,1024,1024,1024,1024,1024,1024,1024,1024,1024,1024,1024,1024,1024,1024,1024,1024,1024,1024,1024,1024,1024,1024,1024,1024,1024,1024,1024,1024,1024,1024,1024,1024,1024,1024,1024,1024,1024,1024,1024,1024,1024,1024,1024,1024,1024,1024,1024,1024,1024,1024,1024,1024,1024,1024,1024,1024,1024,1024,1024,1024,1024,1024,1024,1024,1024,1024,1024,1024,1024,1024,1024,1024,1024,1024,1024,1024,1024,1024,1024,1024,1024,1024,1024,1024,1024,1024,1024,1024,1024,1024,1024,1024,1024,1024,1024,1024,1024,1024,1024,1024,1024,1024,1024,1024,1024,1024,1024,1024,1023,1023,1023,1023,1023,1023,1022,1022,1022,1021,1021,1021,1021,1020,1020,1020,1019,1019,1019,1018,1018,1018,1018,1018,1017,1017,1017,1017,1017,1016,1016,1016,1016,1016,1016,1016,1016,1015,1015,1015,1015,1015,1015,1015,1015,1015,1015,1015,1015,1016,1016,1016,1016,1016,1016,1016,1017,1017,1017,1017,1017,1018,1018,1018,1019,1019,1019,1019,1020,1020,1020,1020,1021,1021,1021,1021,1022,1022,1022,1022,1023,1023,1023,1023,1023,1023,1024,1024,1024,1024,1024,1024,1024,1024,1024,1024,1024,1024,1024,1024,1024,1024,1024,1024,1024,1024,1024,1024,1024,1024,1024,1024,1024,1024,1024,1024,1024,1024,1024,1024,1024,1024,1024,1024,1024,1024,1024,1024,1024,1024,1024,1025,1025,1025,1025,1025,1025,1025,1026,1026,1026,1026,1027,1027,1027,1028,1028,1029,1029,1030,1030,1031,1032,1033,1033,1034,1035,1036,1037,1038,1038,1039,1040,1040,1041,1042,1042,1043,1044,1045,1045,1046,1047,1047,1048,1049,1050,1050,1051,1052,1052,1053,1054,1055,1040,1026,1012,998,984,970,957,943,930,917,904,891,878,866,854,843,831,820,810,799,790,780,771,763,755,747,740,733,727,721,716,711,707,704,701,698,696,695,694,694,761,818,866,907,940,967,987,1003,1014,1021,1026,1028,1029,1029,1029,1029,1029,1029,1029,1029,1029,1029,1029,1029,1029,1029,1029,1029,1029,1029,1029,1029,1028,1028,1028,1028,1028,1028,1028,1028,1028,1028,1028,1028,1028,1028,1028,1028,1028,1028,1028,1028,1028,1028,1028,1028,1028,1028,1028,1028,1028,1028,1028,1027,1027,1027,1027,1027,1027,1027,1027,1027,1027,1027,1027,1027,1027,1027,1027,1027,1027,1027,1027,1027,1027,1027,1027,1027,1027,1027,1027,1027,1027,1027,1026,1026,1026,1026,1026,1026,1026,1026,1026,1026,1026,1026,1026,1026,1026,1026,1026,1026,1026,1026,1026,1026,1026,1026,1026,1026,1026,1026,1026,1026,1025,1025,1025,1025,1025,1025,1025,1025,1025,1025,1025,1025,1025,1025,1025,1025,1025,1025,1025,1025,1025,1025,1025,1025,1025,1025,1025,1025,1025,1025,1025,1025,1024,1024,1024,1024,1024,1024,1024,1024,1024,1023,1023,1023,1023,1023,1022,1022,1022,1022,1021,1021,1021,1020,1020,1020,1019,1019,1019,1018,1018,1018,1017,1017,1016,1016,1016,1015,1015,1014,1014,1014,1013,1013,1012,1012,1011,1011,1011,1010,1010,1009,1009,1009,1008,1008,1007,1007,1007,1006,1006,1005,1005,1005,1004,1004,1004,1004,1003,1003,1003,1002,1002,1002,1002,1002,1001,1001,1001,1001,1001,1001,1000,1000,1000,1000,1000,1000,1000,1000,1000,1000,1000,1000,1000,1000,1000,1001,1001,1001,1001,1001,1001,1001,1002,1002,1002,1002,1003,1003,1003,1003,1004,1004,1004,1005,1005,1005,1006,1006,1006,1007,1007,1008,1008,1008,1009,1009,1010,1010,1010,1011,1011,1012,1012,1012,1013,1013,1014,1014,1015,1015,1015,1016,1016,1017,1017,1017,1018,1018,1018,1019,1019,1019,1020,1020,1020,1021,1021,1021,1021,1022,1022,1022,1022,1023,1023,1023,1023,1023,1023,1024,1024,1024,1024,1024,1024,1024,1024,1024,1024,1024,1024,1024,1024,1024,1024,1024,1024,1024,1024,1024,1024,1024,1024,1024,1024,1024,1024,1024,1024,1024,1024,1024,1024,1024,1024,1024,1024,1024,1024,1024,1024,1024,1024,1024,1024,1024,1024,1024,1024,1024,1024,1024,1024,1024,1024,1024,1024,1024,1024,1024,1024,1024,1024,1024,1024,1024,1024,1024,1024,1024,1024,1024,1024,1024,1024,1024,1024,1024,1024,1024,1024,1024,1024,1024,1024,1024,1024,1024,1024,1024,1024,1024,1024,1024,1024,1024,1024,1024,1024,1024,1024,1024,1024,1024,1024,1024,1024,1024,1024,1024,1024,1024,1024,1024,1024,1024,1024,1024,1024,1024,1024,1024,1024,1024,1024,1024,1024,1024,1024,1024,1024,1024,1024,1024,1024,1024,1024,1024,1024,1024,1024,1024,1024,1024,1024,1024,1024,1024,1024,1024,1024,1024,1024,1024,1024,1024,1024,1024,1024,1024,1024,1024,1024,1024,1024,1024,1024,1024,1024,1024,1024,1024,1024,1024,1024,1024,1024,1024,1024,1024,1024,1024,1024,1024,1024,1024,1024,1024,1024,1024,1024,1024,1024,1024,1024,1024,1024,1024,1024,1024,1024,1024,1024,1024,1024,1024,1024,1024,1024,1024,1024,1024,1024,1024,1024,1024,1024,1024,1024,1024,1024,1024,1024,1024,1024,1024,1024,1024,1024,1024,1024,1024,1024,1024,1024,1024,1024,1024,1024,1024,1024,1024,1024,1024,1024,1024,1024,1024,1024,1024,1024,1024,1023,1023,1023,1023,1023,1023,1022,1022,1022,1021,1021,1021,1021,1020,1020,1020,1019,1019,1019,1018,1018,1018,1018,1017,1017,1017,1017,1016,1016,1016,1016,1016,1015,1015,1015,1015,1015,1015,1015,1015,1015,1014,1014,1014,1014,1014,1015,1015,1015,1015,1015,1015,1015,1015,1016,1016,1016,1016,1016,1017,1017,1017,1017,1018,1018,1018,1019,1019,1019,1020,1020,1020,1020,1021,1021,1021,1022,1022,1022,1022,1022,1023,1023,1023,1023,1023,1024,1024,1024,1024,1024,1024,1024,1024,1024,1024,1024,1024,1024,1024,1024,1024,1024,1024,1024,1024,1024,1024,1024,1024,1024,1024,1024,1024,1024,1024,1024,1024,1024,1024,1024,1024,1024,1024,1024,1024,1024,1024,1024,1024,1024,1024,1024,1024,1024,1024,1024,1024,1024,1024,1024,1024,1024,1024,1024,1024,1024,1024,1024,1024,1024,1024,1024,1024,1024,1024,1024,1024,1024,1024,1024,1024,1024,1024,1024,1024,1024,1024,1024,1024,1024,1024,1024,1024,1024,1024,1024,1024,1024,1024,1024,1024,1024,1024,1024,1024,1024,1024,1024,1024,1024,1024,1024,1024,1024,1024,1024,1024,1024,1024,1024,1024,1024,1024,1024,1024,1024,1024,1024,1024,1024,1024,1024,1024,1024,1024,1024,1024,1024,1024,1024,1024,1024,1024,1024,1024,1024,1024,1024,1024,1024,1024,1024,1024,1024,1024,1024,1024,1024,1024,1024,1024,1024,1024,1024,1024,1024,1024,1024,1024,1024,1024,1024,1024,1024,1024,1024,1024,1024,1024,1024,1024,1024,1024,1024,1024,1024,1024,1024,1024,1024,1024,1024,1024,1024,1024,1024,1024,1024,1024,1024,1024,1024,1024,1024,1024,1024,1024,1024,1024,1024,1024,1024,1024,1024

lead:V2
count:2708
points:1024,1024,1024,1024,1024,1024,1024,1025,1025,1025,1025,1025,1025,1026,1026,1026,1027,1027,1027,1027,1028,1028,1028,1029,1029,1029,1030,1030,1030,1031,1031,1031,1031,1032,1032,1032,1033,1033,1033,1033,1033,1034,1034,1034,1034,1034,1034,1034,1034,1034,1034,1034,1034,1034,1034,1034,1034,1034,1034,1033,1033,1033,1033,1033,1032,1032,1032,1032,1031,1031,1031,1030,1030,1030,1029,1029,1029,1028,1028,1028,1028,1027,1027,1027,1026,1026,1026,1026,1025,1025,1025,1025,1025,1024,1024,1024,1024,1024,1024,1024,1024,1024,1024,1024,1024,1024,1024,1024,1024,1024,1024,1024,1024,1024,1024,1024,1024,1024,1024,1024,1024,1024,1024,1024,1024,1024,1024,1024,1024,1024,1024,1024,1024,1024,1024,1024,1024,1024,1024,1025,1025,1025,1025,1025,1025,1025,1026,1026,1026,1026,1027,1027,1027,1028,1028,1028,1029,1029,1030,1031,1031,1032,1033,1033,1034,1035,1036,1037,1038,1039,1039,1040,1041,1043,1046,1050,1054,1060,1066,1072,1080,1088,1096,1105,1115,1125,1135,1145,1156,1167,1178,1157,1137,1116,1096,1076,1056,1036,1016,997,978,959,941,922,905,887,871,854,838,823,808,794,780,767,755,743,732,722,712,703,695,688,681,675,670,665,662,659,657,656,655,729,792,845,890,926,955,978,995,1007,1015,1020,1023,1024,1024,1024,1024,1024,1024,1024,1024,1025,1025,1025,1025,1025,1025,1025,1025,1025,1025,1025,1025,1025,1025,1026,1026,1026,1026,1026,1026,1026,1026,1026,1026,1026,1026,1026,1026,1027,1027,1027,1027,1027,1027,1027,1027,1027,1027,1027,1027,1027,1028,1028,1028,1028,1028,1028,1028,1028,1028,1028,1028,1028,1028,1028,1029,1029,1029,1029,1029,1029,1029,1029,1029,1029,1029,1029,1029,1029,1030,1030,1030,1030,1030,1030,1030,1030,1030,1030,1030,1030,1030,1031,1031,1031,1031,1031,1031,1031,1031,1031,1031,1031,1031,1031,1031,1032,1032,1032,1032,1032,1032,1032,1032,1032,1032,1032,1032,1032,1032,1033,1033,1033,1033,1033,1033,1033,1033,1033,1033,1033,1033,1033,1034,1034,1034,1034,1034,1034,1034,1034,1034,1034,1034,1034,1034,1034,1034,1035,1035,1035,1035,1035,1035,1036,1036,1036,1036,1037,1037,1037,1038,1038,1038,1039,1039,1040,1040,1041,1041,1042,1042,1043,1043,1044,1044,1045,1045,1046,1047,1047,1048,1048,1049,1050,1050,1051,1052,1052,1053,1053,1054,1055,1055,1056,1056,1057,1058,1058,1059,1059,1060,1061,1061,1062,1062,1063,1063,1064,1064,1065,1065,1065,1066,1066,1067,1067,1067,1068,1068,1068,1069,1069,1069,1069,1069,1070,1070,1070,1070,1070,1070,1070,1070,1070,1070,1070,1070,1070,1070,1069,1069,1069,1069,1068,1068,1068,1067,1067,1067,1066,1066,1065,1065,1064,1064,1063,1062,1062,1061,1061,1060,1059,1059,1058,1057,1056,1056,1055,1054,1053,1053,1052,1051,1050,1049,1049,1048,1047,1046,1045,1045,1044,1043,1042,1041,1041,1040,1039,1038,1038,1037,1036,1036,1035,1034,1033,1033,1032,1032,1031,1030,1030,1029,1029,1028,1028,1028,1027,1027,1026,1026,1026,1025,1025,1025,1025,1025,1024,1024,1024,1024,1024,1024,1024,1024,1024,1024,1024,1024,1024,1024,1024,1024,1024,1024,1024,1024,1024,1024,1024,1024,1024,1024,1024,1024,1024,1024,1024,1024,1024,1024,1024,1024,1024,1024,1024,1024,1024,1024,1024,1024,1024,1024,1024,1024,1024,1024,1024,1024,1024,1024,1024,1024,1024,1024,1024,1024,1024,1024,1024,1024,1024,1024,1024,1024,1024,1024,1024,1024,1024,1024,1024,1024,1024,1024,1024,1024,1024,1024,1024,1024,1024,1024,1024,1024,1024,1024,1024,1024,1024,1024,1024,1024,1024,1024,1024,1024,1024,1024,1024,1024,1024,1024,1024,1024,1024,1024,1024,1024,1024,1024,1024,1024,1024,1024,1024,1024,1024,1024,1024,1024,1024,1024,1024,1024,1024,1024,1024,1024,1024,1024,1024,1024,1024,1024,1024,1024,1024,1024,1024,1024,1024,1024,1024,1024,1024,1024,1024,1024,1024,1024,1024,1024,1024,1024,1024,1024,1024,1024,1024,1024,1024,1024,1024,1024,1024,1024,1024,1024,1024,1024,1024,1024,1024,1024,1024,1024,1024,1024,1024,1024,1024,1024,1024,1024,1024,1024,1024,1024,1024,1024,1024,1024,1024,1024,1024,1024,1024,1024,1024,1024,1024,1024,1024,1024,1024,1024,1024,1024,1024,1024,1024,1024,1024,1024,1024,1024,1024,1024,1024,1024,1024,1024,1024,1024,1024,1024,1024,1024,1024,1024,1024,1024,1024,1024,1024,1024,1024,1024,1024,1024,1024,1024,1024,1024,1024,1024,1025,1025,1025,1025,1025,1025,1026,1026,1026,1027,1027,1027,1027,1028,1028,1028,1029,1029,1029,1030,1030,1030,1031,1031,1031,1031,1032,1032,1032,1033,1033,1033,1033,1033,1034,1034,1034,1034,1034,1034,1034,1034,1034,1034,1034,1034,1034,1034,1034,1034,1034,1034,1033,1033,1033,1033,1033,1032,1032,1032,1032,1031,1031,1031,1030,1030,1030,1029,1029,1029,1028,1028,1028,1028,1027,1027,1027,1026,1026,1026,1026,1025,1025,1025,1025,1025,1024,1024,1024,1024,1024,1024,1024,1024,1024,1024,1024,1024,1024,1024,1024,1024,1024,1024,1024,1024,1024,1024,1024,1024,1024,1024,1024,1024,1024,1024,1024,1024,1024,1024,1024,1024,1024,1024,1024,1024,1024,1024,1024,1024,1024,1024,1025,1025,1025,1025,1025,1025,1025,1026,1026,1026,1026,1027,1027,1027,1028,1028,1028,1029,1029,1030,1031,1031,1032,1033,1033,1034,1035,1036,1037,1038,1039,1039,1040,1041,1043,1046,1050,1054,1060,1066,1072,1080,1088,1096,1105,1115,1125,1135,1145,1156,1167,1178,1157,1137,1116,1096,1076,1056,1036,1016,997,978,959,941,922,905,887,871,854,838,823,808,794,780,767,755,743,732,722,712,703,695,688,681,675,670,665,662,659,657,656,655,729,792,845,890,926,955,978,995,1007,1015,1020,1023,1024,1024,1024,1024,1024,1024,1024,1024,1025,1025,1025,1025,1025,1025,1025,1025,1025,1025,1025,1025,1025,1025,1026,1026,1026,1026,1026,1026,1026,1026,1026,1026,1026,1026,1026,1026,1027,1027,1027,1027,1027,1027,1027,1027,1027,1027,1027,1027,1027,1028,1028,1028,1028,1028,1028,1028,1028,1028,1028,1028,1028,1028,1028,1029,1029,1029,1029,1029,1029,1029,1029,1029,1029,1029,1029,1029,1029,1030,1030,1030,1030,1030,1030,1030,1030,1030,1030,1030,1030,1030,1031,1031,1031,1031,1031,1031,1031,1031,1031,1031,1031,1031,1031,1031,1032,1032,1032,1032,1032,1032,1032,1032,1032,1032,1032,1032,1032,1032,1033,1033,1033,1033,1033,1033,1033,1033,1033,1033,1033,1033,1033,1034,1034,1034,1034,1034,1034,1034,1034,1034,1034,1034,1034,1034,1034,1034,1035,1035,1035,1035,1035,1035,1036,1036,1036,1036,1037,1037,1037,1038,1038,1038,1039,1039,1040,1040,1041,1041,1042,1042,1043,1043,1044,1044,1045,1045,1046,1047,1047,1048,1048,1049,1050,1050,1051,1052,1052,1053,1053,1054,1055,1055,1056,1056,1057,1058,1058,1059,1059,1060,1061,1061,1062,1062,1063,1063,1064,1064,1065,1065,1065,1066,1066,1067,1067,1067,1068,1068,1068,1069,1069,1069,1069,1069,1070,1070,1070,1070,1070,1070,1070,1070,1070,1070,1070,1070,1070,1070,1069,1069,1069,1069,1068,1068,1068,1067,1067,1067,1066,1066,1065,1065,1064,1064,1063,1062,1062,1061,1061,1060,1059,1059,1058,1057,1056,1056,1055,1054,1053,1053,1052,1051,1050,1049,1049,1048,1047,1046,1045,1045,1044,1043,1042,1041,1041,1040,1039,1038,1038,1037,1036,1036,1035,1034,1033,1033,1032,1032,1031,1030,1030,1029,1029,1028,1028,1028,1027,1027,1026,1026,1026,1025,1025,1025,1025,1025,1024,1024,1024,1024,1024,1024,1024,1024,1024,1024,1024,1024,1024,1024,1024,1024,1024,1024,1024,1024,1024,1024,1024,1024,1024,1024,1024,1024,1024,1024,1024,1024,1024,1024,1024,1024,1024,1024,1024,1024,1024,1024,1024,1024,1024,1024,1024,1024,1024,1024,1024,1024,1024,1024,1024,1024,1024,1024,1024,1024,1024,1024,1024,1024,1024,1024,1024,1024,1024,1024,1024,1024,1024,1024,1024,1024,1024,1024,1024,1024,1024,1024,1024,1024,1024,1024,1024,1024,1024,1024,1024,1024,1024,1024,1024,1024,1024,1024,1024,1024,1024,1024,1024,1024,1024,1024,1024,1024,1024,1024,1024,1024,1024,1024,1024,1024,1024,1024,1024,1024,1024,1024,1024,1024,1024,1024,1024,1024,1024,1024,1024,1024,1024,1024,1024,1024,1024,1024,1024,1024,1024,1024,1024,1024,1024,1024,1024,1024,1024,1024,1024,1024,1024,1024,1024,1024,1024,1024,1024,1024,1024,1024,1024,1024,1024,1024,1024,1024,1024,1024,1024,1024,1024,1024,1024,1024,1024,1024,1024,1024,1024,1024,1024,1024,1024,1024,1024,1024,1024,1024,1024,1024,1024,1024,1024,1024,1024,1024,1024,1024,1024,1024,1024,1024,1024,1024,1024,1024,1024,1024,1024,1024,1024,1024,1024,1024,1024,1024,1024,1024,1024,1024,1024,1024,1024,1024,1024,1024,1024,1024,1024,1024,1024,1024,1024,1024,1024,1024,1024,1024,1024,1024,1024,1024,1024,1024,1024,1024,1024,1024,1025,1025,1025,1025,1025,1025,1026,1026,1026,1027,1027,1027,1027,1028,1028,1028,1029,1029,1029,1030,1030,1030,1031,1031,1031,1031,1032,1032,1032,1033,1033,1033,1033,1033,1034,1034,1034,1034,1034,1034,1034,1034,1034,1034,1034,1034,1034,1034,1034,1034,1034,1034,1033,1033,1033,1033,1033,1032,1032,1032,1032,1031,1031,1031,1030,1030,1030,1029,1029,1029,1028,1028,1028,1028,1027,1027,1027,1026,1026,1026,1026,1025,1025,1025,1025,1025,1024,1024,1024,1024,1024,1024,1024,1024,1024,1024,1024,1024,1024,1024,1024,1024,1024,1024,1024,1024,1024,1024,1024,1024,1024,1024,1024,1024,1024,1024,1024,1024,1024,1024,1024,1024,1024,1024,1024,1024,1024,1024,1024,1024,1024,1024,1025,1025,1025,1025,1025,1025,1025,1026,1026,1026,1026,1027,1027,1027,1028,1028,1028,1029,1029,1030,1031,1031,1032,1033,1033,1034,1035,1036,1037,1038,1039,1039,1040,1041,1043,1046,1050,1054,1060,1066,1072,1080,1088,1096,1105,1115,1125,1135,1145,1156,1167,1178,1157,1137,1116,1096,1076,1056,1036,1016,997,978,959,941,922,905,887,871,854,838,823,808,794,780,767,755,743,732,722,712,703,695,688,681,675,670,665,662,659,657,656,655,729,792,845,890,926,955,978,995,1007,1015,1020,1023,1024,1024,1024,1024,1024,1024,1024,1024,1025,1025,1025,1025,1025,1025,1025,1025,1025,1025,1025,1025,1025,1025,1026,1026,1026,1026,1026,1026,1026,1026,1026,1026,1026,1026,1026,1026,1027,1027,1027,1027,1027,1027,1027,1027,1027,1027,1027,1027,1027,1028,1028,1028,1028,1028,1028,1028,1028,1028,1028,1028,1028,1028,1028,1029,1029,1029,1029,1029,1029,1029,1029,1029,1029,1029,1029,1029,1029,1030,1030,1030,1030,1030,1030,1030,1030,1030,1030,1030,1030,1030,1031,1031,1031,1031,1031,1031,1031,1031,1031,1031,1031,1031,1031,1031,1032,1032,1032,1032,1032,1032,1032,1032,1032,1032,1032,1032,1032,1032,1033,1033,1033,1033,1033,1033,1033,1033,1033,1033,1033,1033,1033,1034,1034,1034,1034,1034,1034,1034,1034,1034,1034,1034,1034,1034,1034,1034,1035,1035,1035,1035,1035,1035,1036,1036,1036,1036,1037,1037,1037,1038,1038,1038,1039,1039,1040,1040,1041,1041,1042,1042,1043,1043,1044,1044,1045,1045,1046,1047,1047,1048,1048,1049,1050,1050,1051,1052,1052,1053,1053,1054,1055,1055,1056,1056,1057,1058,1058,1059,1059,1060,1061,1061,1062,1062,1063,1063,1064,1064,1065,1065,1065,1066,1066,1067,1067,1067,1068,1068,1068,1069,1069,1069,1069,1069,1070,1070,1070,1070,1070,1070,1070,1070,1070,1070,1070,1070,1070,1070,1069,1069,1069,1069,1068,1068,1068,1067,1067,1067,1066,1066,1065,1065,1064,1064,1063,1062,1062,1061,1061,1060,1059,1059,1058,1057,1056,1056,1055,1054,1053,1053,1052,1051,1050,1049,1049,1048,1047,1046,1045,1045,1044,1043,1042,1041,1041,1040,1039,1038,1038,1037,1036,1036,1035,1034,1033,1033,1032,1032,1031,1030,1030,1029,1029,1028,1028,1028,1027,1027,1026,1026,1026,1025,1025,1025,1025,1025,1024,1024,1024,1024,1024,1024,1024,1024,1024,1024,1024,1024,1024,1024,1024,1024,1024,1024,1024,1024,1024,1024,1024,1024,1024,1024,1024,1024,1024,1024,1024,1024,1024,1024,1024,1024,1024,1024,1024,1024,1024,1024,1024,1024,1024,1024,1024,1024,1024,1024,1024,1024,1024,1024,1024,1024,1024,1024,1024,1024,1024,1024,1024,1024,1024,1024,1024,1024,1024,1024,1024,1024,1024,1024,1024,1024,1024,1024,1024,1024,1024,1024,1024,1024,1024,1024,1024,1024,1024,1024,1024,1024,1024,1024,1024,1024,1024,1024,1024,1024,1024,1024,1024,1024,1024,1024,1024,1024,1024,1024,1024,1024,1024,1024,1024,1024,1024,1024,1024,1024,1024,1024,1024,1024,1024,1024,1024,1024,1024,1024,1024,1024,1024,1024,1024,1024,1024,1024,1024,1024,1024,1024,1024,1024,1024,1024,1024,1024,1024,1024,1024,1024,1024,1024,1024,1024,1024,1024,1024,1024,1024,1024,1024,1024,1024,1024,1024,1024,1024,1024,1024,1024,1024,1024,1024,1024,1024,1024,1024,1024,1024,1024,1024,1024,1024,1024,1024,1024,1024,1024,1024,1024,1024,1024,1024,1024,1024,1024,1024,1024,1024,1024,1024,1024,1024,1024,1024,1024,1024,1024,1024,1024,1024,1024,1024,1024,1024,1024,1024,1024,1024,1024,1024,1024,1024,1024,1024,1024,1024,1024,1024,1024,1024,1024,1024,1024,1024,1024,1024,1024,1024,1024,1024,1024,1024,1024,1024,1024,1024,1024,1025,1025,1025,1025,1025,1025,1026,1026,1026,1027,1027,1027,1027,1028,1028,1028,1029,1029,1029,1030,1030,1030,1031,1031,1031,1031,1032,1032,1032,1033,1033,1033,1033,1033,1034,1034,1034,1034,1034,1034,1034,1034,1034,1034,1034,1034,1034,1034,1034,1034,1034,1034,1033,1033,1033,1033,1033,1032,1032,1032,1032,1031,1031,1031,1030,1030,1030,1029,1029,1029,1028,1028,1028,1028,1027,1027,1027,1026,1026,1026,1026,1025,1025,1025,1025,1025,1024,1024,1024,1024,1024,1024,1024,1024,1024,1024,1024,1024,1024,1024,1024,1024,1024,1024,1024,1024,1024,1024,1024,1024,1024,1024,1024,1024,1024,1024,1024,1024,1024,1024,1024,1024,1024,1024,1024,1024,1024,1024,1024,1024,1024,1024,1024,1024,1024,1024,1024,1024,1024,1024,1024,1024,1024,1024,1024,1024,1024,1024,1024,1024,1024,1024,1024,1024,1024,1024,1024,1024,1024,1024,1024,1024,1024,1024,1024,1024,1024,1024,1024,1024,1024,1024,1024,1024,1024,1024,1024,1024,1024,1024,1024,1024,1024,1024,1024,1024,1024,1024,1024,1024,1024,1024,1024,1024,1024,1024,1024,1024,1024,1024,1024,1024,1024,1024,1024,1024,1024,1024,1024,1024,1024,1024,1024,1024,1024,1024,1024,1024,1024,1024,1024,1024,1024,1024,1024,1024,1024,1024,1024,1024,1024,1024,1024,1024,1024,1024,1024,1024,1024,1024,1024,1024,1024,1024,1024,1024,1024,1024,1024,1024,1024,1024,1024,1024,1024,1024,1024,1024,1024,1024,1024,1024,1024,1024,1024,1024,1024,1024,1024,1024,1024,1024,1024,1024,1024,1024,1024,1024,1024,1024,1024,1024,1024,1024,1024,1024,1024,1024,1024,1024,1024,1024,1024,1024,1024

lead:V3
count:2708
points:1024,1024,1024,1024,1024,1025,1025,1025,1025,1026,1026,1027,1027,1027,1028,1029,1029,1030,1030,1031,1032,1032,1033,1034,1034,1035,1036,1037,1038,1039,1040,1041,1042,1043,1043,1044,1045,1046,1046,1047,1048,1048,1049,1049,1050,1050,1051,1051,1051,1051,1051,1051,1051,1051,1051,1051,1051,1051,1050,1050,1050,1049,1049,1048,1047,1047,1046,1045,1045,1044,1043,1042,1041,1040,1040,1039,1038,1037,1036,1035,1034,1033,1032,1032,1031,1030,1029,1029,1028,1027,1027,1026,1026,1025,1025,1025,1024,1024,1024,1024,1024,1024,1024,1024,1024,1024,1024,1024,1024,1024,1024,1024,1024,1024,1024,1024,1024,1024,1024,1024,1024,1024,1024,1024,1024,1024,1024,1024,1024,1024,1024,1024,1024,1024,1024,1024,1024,1024,1024,1024,1024,1024,1024,1024,1024,1024,1024,1025,1025,1025,1025,1025,1025,1025,1025,1025,1026,1026,1026,1026,1026,1026,1027,1027,1027,1028,1029,1030,1031,1033,1033,1046,1058,1071,1084,1096,1109,1121,1134,1147,1159,1172,1184,1197,1209,1222,1235,1247,1260,1285,1285,1261,1237,1213,1189,1166,1142,1119,1096,1074,1051,1029,1008,987,966,946,926,907,888,870,853,837,821,805,791,777,764,752,741,730,721,712,704,697,691,686,682,679,676,674,674,743,802,852,893,927,955,976,992,1003,1011,1015,1018,1019,1019,1019,1019,1019,1019,1020,1020,1020,1020,1020,1020,1021,1021,1021,1021,1021,1021,1021,1022,1022,1022,1022,1022,1022,1023,1023,1023,1023,1023,1023,1023,1024,1024,1024,1024,1024,1024,1024,1025,1025,1025,1025,1025,1025,1026,1026,1026,1026,1026,1026,1026,1027,1027,1027,1027,1027,1027,1028,1028,1028,1028,1028,1028,1028,1029,1029,1029,1029,1029,1029,1029,1030,1030,1030,1030,1030,1030,1031,1031,1031,1031,1031,1031,1031,1032,1032,1032,1032,1032,1032,1033,1033,1033,1033,1033,1033,1033,1034,1034,1034,1034,1034,1034,1034,1035,1035,1035,1035,1035,1035,1036,1036,1036,1036,1036,1036,1036,1037,1037,1037,1037,1037,1037,1038,1038,1038,1038,1038,1038,1038,1039,1039,1039,1039,1039,1039,1039,1040,1040,1040,1040,1040,1040,1040,1040,1041,1041,1041,1042,1042,1042,1043,1043,1044,1044,1045,1046,1046,1047,1048,1049,1050,1050,1051,1052,1053,1054,1055,1056,1057,1059,1060,1061,1062,1063,1064,1066,1067,1068,1069,1071,1072,1073,1074,1076,1077,1078,1080,1081,1082,1083,1085,1086,1087,1088,1090,1091,1092,1093,1094,1095,1097,1098,1099,1100,1101,1102,1103,1104,1104,1105,1106,1107,1108,1108,1109,1110,1110,1111,1111,1112,1112,1113,1113,1113,1113,1114,1114,1114,1114,1114,1114,1114,1114,1114,1113,1113,1113,1112,1112,1111,1111,1110,1109,1109,1108,1107,1106,1105,1104,1103,1102,1101,1100,1099,1098,1097,1095,1094,1093,1091,1090,1089,1087,1086,1084,1083,1081,1080,1078,1077,1075,1074,1072,1071,1069,1067,1066,1064,1063,1061,1060,1058,1057,1055,1054,1052,1051,1049,1048,1046,1045,1044,1043,1041,1040,1039,1038,1037,1036,1035,1034,1033,1032,1031,1030,1029,1029,1028,1027,1027,1026,1026,1025,1025,1025,1024,1024,1024,1024,1024,1024,1024,1024,1024,1024,1024,1024,1024,1024,1024,1024,1024,1024,1024,1024,1024,1024,1024,1024,1024,1024,1024,1024,1024,1024,1024,1024,1024,1024,1024,1024,1024,1024,1024,1024,1024,1024,1024,1024,1024,1024,1024,1024,1024,1024,1024,1024,1024,1024,1024,1024,1024,1024,1024,1024,1024,1024,1024,1024,1024,1024,1024,1024,1024,1024,1024,1024,1024,1024,1024,1024,1024,1024,1024,1024,1024,1024,1024,1024,1024,1024,1024,1024,1024,1024,1024,1024,1024,1024,1024,1024,1024,1024,1024,1024,1024,1024,1024,1024,1024,1024,1024,1024,1024,1024,1024,1024,1024,1024,1024,1024,1024,1024,1024,1024,1024,1024,1024,1024,1024,1024,1024,1024,1024,1024,1024,1024,1024,1024,1024,1024,1024,1024,1024,1024,1024,1024,1024,1024,1024,1024,1024,1024,1024,1024,1024,1024,1024,1024,1024,1024,1024,1024,1024,1024,1024,1024,1024,1024,1024,1024,1024,1024,1024,1024,1024,1024,1024,1024,1024,1024,1024,1024,1024,1024,1024,1024,1024,1024,1024,1024,1024,1024,1024,1024,1024,1024,1024,1024,1024,1024,1024,1024,1024,1024,1024,1024,1024,1024,1024,1024,1024,1024,1024,1024,1024,1024,1024,1024,1024,1024,1024,1024,1024,1024,1024,1024,1024,1024,1024,1024,1024,1024,1024,1024,1024,1024,1024,1024,1024,1024,1024,1024,1024,1024,1024,1024,1024,1024,1024,1024,1024,1025,1025,1025,1025,1026,1026,1027,1027,1027,1028,1029,1029,1030,1030,1031,1032,1032,1033,1034,1034,1035,1036,1037,1038,1039,1040,1041,1042,1043,1044,1045,1046,1046,1047,1048,1048,1049,1049,1050,1050,1051,1051,1051,1051,1051,1051,1051,1051,1051,1051,1051,1051,1050,1050,1049,1049,1048,1048,1047,1046,1046,1045,1044,1044,1043,1042,1041,1040,1039,1039,1038,1037,1036,1035,1034,1033,1033,1032,1031,1030,1030,1029,1028,1028,1027,1027,1026,1026,1025,1025,1025,1024,1024,1024,1024,1024,1024,1024,1024,1024,1024,1024,1024,1024,1024,1024,1024,1024,1024,1024,1024,1024,1024,1024,1024,1024,1024,1024,1024,1024,1024,1024,1024,1024,1024,1024,1024,1024,1024,1024,1024,1024,1024,1024,1024,1024,1024,1024,1024,1024,1024,1024,1025,1025,1025,1025,1025,1025,1025,1025,1025,1026,1026,1026,1026,1026,1026,1027,1027,1027,1028,1029,1030,1031,1032,1033,1046,1058,1071,1084,1096,1109,1121,1134,1147,1159,1172,1184,1197,1209,1222,1235,1247,1260,1272,1285,1261,1237,1213,1189,1166,1142,1119,1096,1074,1051,1029,1008,987,966,946,926,907,888,870,853,837,821,805,791,777,764,752,741,730,721,712,704,697,691,686,682,679,676,675,674,743,802,852,893,927,955,976,992,1003,1011,1015,1018,1019,1019,1019,1019,1019,1019,1020,1020,1020,1020,1020,1020,1021,1021,1021,1021,1021,1021,1021,1022,1022,1022,1022,1022,1022,1023,1023,1023,1023,1023,1023,1023,1024,1024,1024,1024,1024,1024,1024,1025,1025,1025,1025,1025,1025,1026,1026,1026,1026,1026,1026,1026,1027,1027,1027,1027,1027,1027,1028,1028,1028,1028,1028,1028,1028,1029,1029,1029,1029,1029,1029,1029,1030,1030,1030,1030,1030,1030,1031,1031,1031,1031,1031,1031,1031,1032,1032,1032,1032,1032,1032,1033,1033,1033,1033,1033,1033,1033,1034,1034,1034,1034,1034,1034,1034,1035,1035,1035,1035,1035,1035,1036,1036,1036,1036,1036,1036,1036,1037,1037,1037,1037,1037,1037,1038,1038,1038,1038,1038,1038,1038,1039,1039,1039,1039,1039,1039,1039,1040,1040,1040,1040,1040,1040,1040,1040,1041,1041,1041,1042,1042,1042,1043,1043,1044,1044,1045,1046,1046,1047,1048,1049,1050,1050,1051,1052,1053,1054,1055,1056,1057,1059,1060,1061,1062,1063,1064,1066,1067,1068,1069,1071,1072,1073,1074,1076,1077,1078,1080,1081,1082,1083,1085,1086,1087,1088,1090,1091,1092,1093,1094,1095,1097,1098,1099,1100,1101,1102,1103,1104,1104,1105,1106,1107,1108,1108,1109,1110,1110,1111,1111,1112,1112,1113,1113,1113,1113,1114,1114,1114,1114,1114,1114,1114,1114,1114,1113,1113,1113,1112,1112,1111,1111,1110,1109,1109,1108,1107,1106,1105,1104,1103,1102,1101,1100,1099,1098,1097,1095,1094,1093,1091,1090,1089,1087,1086,1084,1083,1081,1080,1078,1077,1075,1074,1072,1071,1069,1067,1066,1064,1063,1061,1060,1058,1057,1055,1054,1052,1051,1049,1048,1046,1045,1044,1043,1041,1040,1039,1038,1037,1036,1035,1034,1033,1032,1031,1030,1029,1029,1028,1027,1027,1026,1026,1025,1025,1025,1024,1024,1024,1024,1024,1024,1024,1024,1024,1024,1024,1024,1024,1024,1024,1024,1024,1024,1024,1024,1024,1024,1024,1024,1024,1024,1024,1024,1024,1024,1024,1024,1024,1024,1024,1024,1024,1024,1024,1024,1024,1024,1024,1024,1024,1024,1024,1024,1024,1024,1024,1024,1024,1024,1024,1024,1024,1024,1024,1024,1024,1024,1024,1024,1024,1024,1024,1024,1024,1024,1024,1024,1024,1024,1024,1024,1024,1024,1024,1024,1024,1024,1024,1024,1024,1024,1024,1024,1024,1024,1024,1024,1024,1024,1024,1024,1024,1024,1024,1024,1024,1024,1024,1024,1024,1024,1024,1024,1024,1024,1024,1024,1024,1024,1024,1024,1024,1024,1024,1024,1024,1024,1024,1024,1024,1024,1024,1024,1024,1024,1024,1024,1024,1024,1024,1024,1024,1024,1024,1024,1024,1024,1024,1024,1024,1024,1024,1024,1024,1024,1024,1024,1024,1024,1024,1024,1024,1024,1024,1024,1024,1024,1024,1024,1024,1024,1024,1024,1024,1024,1024,1024,1024,1024,1024,1024,1024,1024,1024,1024,1024,1024,1024,1024,1024,1024,1024,1024,1024,1024,1024,1024,1024,1024,1024,1024,1024,1024,1024,1024,1024,1024,1024,1024,1024,1024,1024,1024,1024,1024,1024,1024,1024,1024,1024,1024,1024,1024,1024,1024,1024,1024,1024,1024,1024,1024,1024,1024,1024,1024,1024,1024,1024,1024,1024,1024,1024,1024,1024,1024,1024,1024,1024,1024,1024,1024,1024,1025,1025,1025,1025,1026,1026,1027,1027,1027,1028,1029,1029,1030,1030,1031,1032,1032,1033,1034,1034,1035,1036,1037,1038,1039,1040,1041,1042,1043,1044,1045,1046,1046,1047,1048,1048,1049,1049,1050,1050,1051,1051,1051,1051,1051,1051,1051,1051,1051,1051,1051,1051,1050,1050,1049,1049,1048,1048,1047,1046,1046,1045,1044,1044,1043,1042,1041,1040,1039,1039,1038,1037,1036,1035,1034,1033,1033,1032,1031,1030,1030,1029,1028,1028,1027,1027,1026,1026,1025,1025,1025,1024,1024,1024,1024,1024,1024,1024,1024,1024,1024,1024,1024,1024,1024,1024,1024,1024,1024,1024,1024,1024,1024,1024,1024,1024,1024,1024,1024,1024,1024,1024,1024,1024,1024,1024,1024,1024,1024,1024,1024,1024,1024,1024,1024,1024,1024,1024,1024,1024,1024,1024,1025,1025,1025,1025,1025,1025,1025,1025,1025,1026,1026,1026,1026,1026,1026,1027,1027,1027,1028,1029,1030,1031,1032,1033,1046,1058,1071,1084,1096,1109,1121,1134,1147,1159,1172,1184,1197,1209,1222,1235,1247,1260,1272,1285,1261,1237,1213,1189,1166,1142,1119,1096,1074,1051,1029,1008,987,966,946,926,907,888,870,853,837,821,805,791,777,764,752,741,730,721,712,704,697,691,686,682,679,676,675,674,743,802,852,893,927,955,976,992,1003,1011,1015,1018,1019,1019,1019,1019,1019,1019,1020,1020,1020,1020,1020,1020,1021,1021,1021,1021,1021,1021,1021,1022,1022,1022,1022,1022,1022,1023,1023,1023,1023,1023,1023,1023,1024,1024,1024,1024,1024,1024,1024,1025,1025,1025,1025,1025,1025,1026,1026,1026,1026,1026,1026,1026,1027,1027,1027,1027,1027,1027,1028,1028,1028,1028,1028,1028,1028,1029,1029,1029,1029,1029,1029,1029,1030,1030,1030,1030,1030,1030,1031,1031,1031,1031,1031,1031,1031,1032,1032,1032,1032,1032,1032,1033,1033,1033,1033,1033,1033,1033,1034,1034,1034,1034,1034,1034,1034,1035,1035,1035,1035,1035,1035,1036,1036,1036,1036,1036,1036,1036,1037,1037,1037,1037,1037,1037,1038,1038,1038,1038,1038,1038,1038,1039,1039,1039,1039,1039,1039,1039,1040,1040,1040,1040,1040,1040,1040,1040,1041,1041,1041,1042,1042,1042,1043,1043,1044,1044,1045,1046,1046,1047,1048,1049,1050,1050,1051,1052,1053,1054,1055,1056,1057,1059,1060,1061,1062,1063,1064,1066,1067,1068,1069,1071,1072,1073,1074,1076,1077,1078,1080,1081,1082,1083,1085,1086,1087,1088,1090,1091,1092,1093,1094,1095,1097,1098,1099,1100,1101,1102,1103,1104,1104,1105,1106,1107,1108,1108,1109,1110,1110,1111,1111,1112,1112,1113,1113,1113,1113,1114,1114,1114,1114,1114,1114,1114,1114,1114,1113,1113,1113,1112,1112,1111,1111,1110,1109,1109,1108,1107,1106,1105,1104,1103,1102,1101,1100,1099,1098,1097,1095,1094,1093,1091,1090,1089,1087,1086,1084,1083,1081,1080,1078,1077,1075,1074,1072,1071,1069,1067,1066,1064,1063,1061,1060,1058,1057,1055,1054,1052,1051,1049,1048,1046,1045,1044,1043,1041,1040,1039,1038,1037,1036,1035,1034,1033,1032,1031,1030,1029,1029,1028,1027,1027,1026,1026,1025,1025,1025,1024,1024,1024,1024,1024,1024,1024,1024,1024,1024,1024,1024,1024,1024,1024,1024,1024,1024,1024,1024,1024,1024,1024,1024,1024,1024,1024,1024,1024,1024,1024,1024,1024,1024,1024,1024,1024,1024,1024,1024,1024,1024,1024,1024,1024,1024,1024,1024,1024,1024,1024,1024,1024,1024,1024,1024,1024,1024,1024,1024,1024,1024,1024,1024,1024,1024,1024,1024,1024,1024,1024,1024,1024,1024,1024,1024,1024,1024,1024,1024,1024,1024,1024,1024,1024,1024,1024,1024,1024,1024,1024,1024,1024,1024,1024,1024,1024,1024,1024,1024,1024,1024,1024,1024,1024,1024,1024,1024,1024,1024,1024,1024,1024,1024,1024,1024,1024,1024,1024,1024,1024,1024,1024,1024,1024,1024,1024,1024,1024,1024,1024,1024,1024,1024,1024,1024,1024,1024,1024,1024,1024,1024,1024,1024,1024,1024,1024,1024,1024,1024,1024,1024,1024,1024,1024,1024,1024,1024,1024,1024,1024,1024,1024,1024,1024,1024,1024,1024,1024,1024,1024,1024,1024,1024,1024,1024,1024,1024,1024,1024,1024,1024,1024,1024,1024,1024,1024,1024,1024,1024,1024,1024,1024,1024,1024,1024,1024,1024,1024,1024,1024,1024,1024,1024,1024,1024,1024,1024,1024,1024,1024,1024,1024,1024,1024,1024,1024,1024,1024,1024,1024,1024,1024,1024,1024,1024,1024,1024,1024,1024,1024,1024,1024,1024,1024,1024,1024,1024,1024,1024,1024,1024,1024,1024,1024,1024,1024,1025,1025,1025,1025,1026,1026,1027,1027,1027,1028,1029,1029,1030,1030,1031,1032,1032,1033,1034,1034,1035,1036,1037,1038,1039,1040,1041,1042,1043,1044,1044,1045,1046,1047,1047,1048,1048,1049,1049,1050,1050,1050,1050,1051,1051,1051,1051,1051,1050,1050,1050,1050,1049,1049,1049,1048,1048,1047,1046,1046,1045,1045,1044,1043,1042,1041,1041,1040,1039,1038,1037,1037,1036,1035,1034,1033,1032,1032,1031,1030,1030,1029,1028,1028,1027,1027,1026,1026,1025,1025,1025,1024,1024,1024,1024,1024,1024,1024,1024,1024,1024,1024,1024,1024,1024,1024,1024,1024,1024,1024,1024,1024,1024,1024,1024,1024,1024,1024,1024,1024,1024,1024,1024,1024,1024,1024,1024,1024,1024,1024,1024,1024,1024,1024,1024,1024,1024,1024,1024,1024,1024,1024,1024,1024,1024,1024,1024,1024,1024,1024,1024,1024,1024,1024,1024,1024,1024,1024,1024,1024,1024,1024,1024,1024,1024,1024,1024,1024,1024,1024,1024,1024,1024,1024,1024,1024,1024,1024,1024,1024,1024,1024,1024,1024,1024,1024,1024,1024,1024,1024,1024,1024,1024,1024,1024,1024,1024,1024,1024,1024,1024,1024,1024,1024,1024,1024,1024,1024,1024,1024,1024,1024,1024,1024,1024,1024,1024,1024,1024,1024,1024,1024,1024,1024,1024,1024,1024,1024,1024,1024,1024,1024,1024,1024,1024,1024,1024,1024,1024,1024,1024,1024,1024,1024,1024,1024,1024,1024,1024,1024,1024,1024,1024,1024,1024,1024,1024,1024,1024,1024,1024,1024,1024,1024,1024,1024,1024,1024,1024,1024,1024,1024,1024,1024,1024,1024,1024,1024,1024,1024,1024,1024,1024,1024,1024,1024,1024,1024,1024,1024,1024,1024,1024,1024,1024,1024,1024

lead:V4
count:2708
points:1024,1024,1024,1024,1025,1025,1025,1026,1026,1027,1027,1028,1028,1029,1030,1031,1032,1033,1033,1034,1035,1036,1037,1039,1039,1040,1041,1042,1043,1044,1045,1046,1047,1047,1048,1049,1050,1050,1051,1052,1052,1053,1053,1053,1054,1054,1054,1055,1055,1055,1055,1055,1055,1055,1054,1054,1054,1053,1053,1052,1052,1051,1051,1050,1049,1048,1048,1047,1046,1045,1044,1043,1042,1041,1040,1039,1038,1037,1037,1036,1035,1034,1033,1032,1031,1030,1030,1029,1028,1028,1027,1026,1026,1025,1025,1025,1024,1024,1024,1024,1024,1024,1024,1024,1024,1024,1024,1024,1024,1024,1024,1024,1024,1024,1024,1024,1024,1024,1024,1024,1024,1024,1024,1024,1024,1024,1024,1024,1024,1024,1024,1024,1024,1024,1024,1024,1024,1024,1024,1024,1024,1024,1024,1024,1024,1024,1023,1023,1023,1023,1023,1023,1023,1023,1023,1022,1022,1022,1022,1022,1021,1021,1021,1021,1020,1022,1024,1025,1027,1028,1030,1046,1063,1079,1095,1112,1128,1144,1161,1177,1193,1210,1226,1242,1259,1275,1291,1308,1324,1341,1357,1333,1310,1286,1263,1239,1216,1194,1171,1149,1127,1105,1084,1063,1042,1023,1003,984,966,948,931,915,899,884,870,857,844,832,821,810,801,792,785,778,772,767,763,759,757,756,755,808,853,891,923,949,970,986,998,1007,1013,1016,1018,1019,1019,1019,1019,1020,1020,1020,1020,1021,1021,1021,1021,1021,1022,1022,1022,1022,1023,1023,1023,1023,1024,1024,1024,1024,1024,1025,1025,1025,1025,1026,1026,1026,1026,1027,1027,1027,1027,1027,1028,1028,1028,1028,1029,1029,1029,1029,1030,1030,1030,1030,1031,1031,1031,1031,1031,1032,1032,1032,1032,1033,1033,1033,1033,1034,1034,1034,1034,1034,1035,1035,1035,1035,1036,1036,1036,1036,1037,1037,1037,1037,1037,1038,1038,1038,1038,1039,1039,1039,1039,1040,1040,1040,1040,1041,1041,1041,1041,1041,1042,1042,1042,1042,1043,1043,1043,1043,1044,1044,1044,1044,1044,1045,1045,1045,1045,1046,1046,1046,1046,1047,1047,1047,1047,1047,1048,1048,1048,1048,1049,1049,1049,1049,1050,1050,1050,1050,1051,1051,1051,1051,1051,1051,1052,1052,1052,1052,1053,1053,1053,1054,1054,1055,1056,1057,1057,1058,1059,1060,1061,1062,1063,1064,1066,1067,1068,1069,1071,1072,1074,1075,1077,1078,1080,1081,1083,1084,1086,1088,1090,1091,1093,1095,1096,1098,1100,1102,1103,1105,1107,1109,1110,1112,1114,1116,1117,1119,1120,1122,1124,1125,1127,1128,1130,1131,1133,1134,1135,1137,1138,1139,1140,1141,1142,1143,1144,1145,1146,1147,1148,1148,1149,1149,1150,1150,1151,1151,1151,1152,1152,1152,1152,1152,1152,1152,1151,1151,1150,1150,1149,1149,1148,1147,1146,1145,1144,1143,1142,1141,1140,1138,1137,1135,1134,1132,1131,1129,1127,1126,1124,1122,1120,1118,1116,1114,1112,1110,1108,1106,1103,1101,1099,1097,1095,1092,1090,1088,1086,1083,1081,1079,1077,1075,1072,1070,1068,1066,1064,1062,1060,1058,1056,1054,1052,1050,1049,1047,1045,1044,1042,1040,1039,1038,1036,1035,1034,1033,1031,1030,1030,1029,1028,1027,1026,1026,1025,1025,1025,1024,1024,1024,1024,1024,1024,1024,1024,1024,1024,1024,1024,1024,1024,1024,1024,1024,1024,1024,1024,1024,1024,1024,1024,1024,1024,1024,1024,1024,1024,1024,1024,1024,1024,1024,1024,1024,1024,1024,1024,1024,1024,1024,1024,1024,1024,1024,1024,1024,1024,1024,1024,1024,1024,1024,1024,1024,1024,1024,1024,1024,1024,1024,1024,1024,1024,1024,1024,1024,1024,1024,1024,1024,1024,1024,1024,1024,1024,1024,1024,1024,1024,1024,1024,1024,1024,1024,1024,1024,1024,1024,1024,1024,1024,1024,1024,1024,1024,1024,1024,1024,1024,1024,1024,1024,1024,1024,1024,1024,1024,1024,1024,1024,1024,1024,1024,1024,1024,1024,1024,1024,1024,1024,1024,1024,1024,1024,1024,1024,1024,1024,1024,1024,1024,1024,1024,1024,1024,1024,1024,1024,1024,1024,1024,1024,1024,1024,1024,1024,1024,1024,1024,1024,1024,1024,1024,1024,1024,1024,1024,1024,1024,1024,1024,1024,1024,1024,1024,1024,1024,1024,1024,1024,1024,1024,1024,1024,1024,1024,1024,1024,1024,1024,1024,1024,1024,1024,1024,1024,1024,1024,1024,1024,1024,1024,1024,1024,1024,1024,1024,1024,1024,1024,1024,1024,1024,1024,1024,1024,1024,1024,1024,1024,1024,1024,1024,1024,1024,1024,1024,1024,1024,1024,1024,1024,1024,1024,1024,1024,1024,1024,1024,1024,1024,1024,1024,1024,1024,1024,1024,1024,1024,1024,1024,1024,1025,1025,1025,1026,1026,1027,1027,1028,1028,1029,1030,1031,1032,1033,1033,1034,1035,1036,1037,1039,1039,1040,1041,1042,1043,1044,1045,1046,1047,1047,1048,1049,1050,1050,1051,1052,1052,1053,1053,1053,1054,1054,1054,1055,1055,1055,1055,1055,1055,1055,1054,1054,1054,1053,1053,1052,1052,1051,1051,1050,1049,1048,1048,1047,1046,1045,1044,1043,1042,1041,1040,1039,1038,1037,1037,1036,1035,1034,1033,1032,1031,1030,1030,1029,1028,1028,1027,1026,1026,1025,1025,1025,1024,1024,1024,1024,1024,1024,1024,1024,1024,1024,1024,1024,1024,1024,1024,1024,1024,1024,1024,1024,1024,1024,1024,1024,1024,1024,1024,1024,1024,1024,1024,1024,1024,1024,1024,1024,1024,1024,1024,1024,1024,1024,1024,1024,1024,1024,1024,1024,1024,1024,1023,1023,1023,1023,1023,1023,1023,1023,1023,1022,1022,1022,1022,1022,1021,1021,1021,1021,1020,1022,1024,1025,1027,1028,1030,1046,1063,1079,1095,1112,1128,1144,1161,1177,1193,1210,1226,1242,1259,1275,1291,1308,1324,1341,1357,1333,1310,1286,1263,1239,1216,1194,1171,1149,1127,1105,1084,1063,1042,1023,1003,984,966,948,931,915,899,884,870,857,844,832,821,810,801,792,785,778,772,767,763,759,757,756,755,808,853,891,923,949,970,986,998,1007,1013,1016,1018,1019,1019,1019,1019,1020,1020,1020,1020,1021,1021,1021,1021,1021,1022,1022,1022,1022,1023,1023,1023,1023,1024,1024,1024,1024,1024,1025,1025,1025,1025,1026,1026,1026,1026,1027,1027,1027,1027,1027,1028,1028,1028,1028,1029,1029,1029,1029,1030,1030,1030,1030,1031,1031,1031,1031,1031,1032,1032,1032,1032,1033,1033,1033,1033,1034,1034,1034,1034,1034,1035,1035,1035,1035,1036,1036,1036,1036,1037,1037,1037,1037,1037,1038,1038,1038,1038,1039,1039,1039,1039,1040,1040,1040,1040,1041,1041,1041,1041,1041,1042,1042,1042,1042,1043,1043,1043,1043,1044,1044,1044,1044,1044,1045,1045,1045,1045,1046,1046,1046,1046,1047,1047,1047,1047,1047,1048,1048,1048,1048,1049,1049,1049,1049,1050,1050,1050,1050,1051,1051,1051,1051,1051,1051,1052,1052,1052,1052,1053,1053,1053,1054,1054,1055,1056,1057,1057,1058,1059,1060,1061,1062,1063,1064,1066,1067,1068,1069,1071,1072,1074,1075,1077,1078,1080,1081,1083,1084,1086,1088,1090,1091,1093,1095,1096,1098,1100,1102,1103,1105,1107,1109,1110,1112,1114,1116,1117,1119,1120,1122,1124,1125,1127,1128,1130,1131,1133,1134,1135,1137,1138,1139,1140,1141,1142,1143,1144,1145,1146,1147,1148,1148,1149,1149,1150,1150,1151,1151,1151,1152,1152,1152,1152,1152,1152,1152,1151,1151,1150,1150,1149,1149,1148,1147,1146,1145,1144,1143,1142,1141,1140,1138,1137,1135,1134,1132,1131,1129,1127,1126,1124,1122,1120,1118,1116,1114,1112,1110,1108,1106,1103,1101,1099,1097,1095,1092,1090,1088,1086,1083,1081,1079,1077,1075,1072,1070,1068,1066,1064,1062,1060,1058,1056,1054,1052,1050,1049,1047,1045,1044,1042,1040,1039,1038,1036,1035,1034,1033,1031,1030,1030,1029,1028,1027,1026,1026,1025,1025,1025,1024,1024,1024,1024,1024,1024,1024,1024,1024,1024,1024,1024,1024,1024,1024,1024,1024,1024,1024,1024,1024,1024,1024,1024,1024,1024,1024,1024,1024,1024,1024,1024,1024,1024,1024,1024,1024,1024,1024,1024,1024,1024,1024,1024,1024,1024,1024,1024,1024,1024,1024,1024,1024,1024,1024,1024,1024,1024,1024,1024,1024,1024,1024,1024,1024,1024,1024,1024,1024,1024,1024,1024,1024,1024,1024,1024,1024,1024,1024,1024,1024,1024,1024,1024,1024,1024,1024,1024,1024,1024,1024,1024,1024,1024,1024,1024,1024,1024,1024,1024,1024,1024,1024,1024,1024,1024,1024,1024,1024,1024,1024,1024,1024,1024,1024,1024,1024,1024,1024,1024,1024,1024,1024,1024,1024,1024,1024,1024,1024,1024,1024,1024,1024,1024,1024,1024,1024,1024,1024,1024,1024,1024,1024,1024,1024,1024,1024,1024,1024,1024,1024,1024,1024,1024,1024,1024,1024,1024,1024,1024,1024,1024,1024,1024,1024,1024,1024,1024,1024,1024,1024,1024,1024,1024,1024,1024,1024,1024,1024,1024,1024,1024,1024,1024,1024,1024,1024,1024,1024,1024,1024,1024,1024,1024,1024,1024,1024,1024,1024,1024,1024,1024,1024,1024,1024,1024,1024,1024,1024,1024,1024,1024,1024,1024,1024,1024,1024,1024,1024,1024,1024,1024,1024,1024,1024,1024,1024,1024,1024,1024,1024,1024,1024,1024,1024,1024,1024,1024,1024,1024,1024,1024,1024,1024,1024,1024,1025,1025,1025,1025,1026,1026,1027,1027,1027,1028,1029,1029,1030,1030,1031,1032,1032,1033,1034,1034,1035,1037,1038,1039,1040,1042,1043,1044,1045,1046,1047,1048,1049,1050,1050,1051,1052,1052,1053,1053,1054,1054,1054,1055,1055,1055,1055,1055,1055,1054,1054,1054,1053,1053,1052,1052,1051,1051,1050,1049,1048,1048,1047,1046,1045,1044,1043,1042,1041,1040,1039,1038,1037,1037,1036,1035,1034,1033,1032,1031,1030,1030,1029,1028,1028,1027,1026,1026,1025,1025,1025,1024,1024,1024,1024,1024,1024,1024,1024,1024,1024,1024,1024,1024,1024,1024,1024,1024,1024,1024,1024,1024,1024,1024,1024,1024,1024,1024,1024,1024,1024,1024,1024,1024,1024,1024,1024,1024,1024,1024,1024,1024,1024,1024,1024,1024,1024,1024,1024,1024,1024,1023,1023,1023,1023,1023,1023,1023,1023,1023,1022,1022,1022,1022,1022,1021,1021,1021,1021,1020,1022,1024,1025,1027,1028,1030,1046,1063,1079,1095,1112,1128,1144,1161,1177,1193,1210,1226,1242,1259,1275,1291,1308,1324,1341,1357,1333,1310,1286,1263,1239,1216,1194,1171,1149,1127,1105,1084,1063,1042,1023,1003,984,966,948,931,915,899,884,870,857,844,832,821,810,801,792,785,778,772,767,763,759,757,756,755,808,853,891,923,949,970,986,998,1007,1013,1016,1018,1019,1019,1019,1019,1020,1020,1020,1020,1021,1021,1021,1021,1021,1022,1022,1022,1022,1023,1023,1023,1023,1024,1024,1024,1024,1024,1025,1025,1025,1025,1026,1026,1026,1026,1027,1027,1027,1027,1027,1028,1028,1028,1028,1029,1029,1029,1029,1030,1030,1030,1030,1031,1031,1031,1031,1031,1032,1032,1032,1032,1033,1033,1033,1033,1034,1034,1034,1034,1034,1035,1035,1035,1035,1036,1036,1036,1036,1037,1037,1037,1037,1037,1038,1038,1038,1038,1039,1039,1039,1039,1040,1040,1040,1040,1041,1041,1041,1041,1041,1042,1042,1042,1042,1043,1043,1043,1043,1044,1044,1044,1044,1044,1045,1045,1045,1045,1046,1046,1046,1046,1047,1047,1047,1047,1047,1048,1048,1048,1048,1049,1049,1049,1049,1050,1050,1050,1050,1051,1051,1051,1051,1051,1051,1052,1052,1052,1052,1053,1053,1053,1054,1054,1055,1056,1057,1057,1058,1059,1060,1061,1062,1063,1064,1066,1067,1068,1069,1071,1072,1074,1075,1077,1078,1080,1081,1083,1084,1086,1088,1090,1091,1093,1095,1096,1098,1100,1102,1103,1105,1107,1109,1110,1112,1114,1116,1117,1119,1120,1122,1124,1125,1127,1128,1130,1131,1133,1134,1135,1137,1138,1139,1140,1141,1142,1143,1144,1145,1146,1147,1148,1148,1149,1149,1150,1150,1151,1151,1151,1152,1152,1152,1152,1152,1152,1152,1151,1151,1150,1150,1149,1149,1148,1147,1146,1145,1144,1143,1142,1141,1140,1138,1137,1135,1134,1132,1131,1129,1127,1126,1124,1122,1120,1118,1116,1114,1112,1110,1108,1106,1103,1101,1099,1097,1095,1092,1090,1088,1086,1083,1081,1079,1077,1075,1072,1070,1068,1066,1064,1062,1060,1058,1056,1054,1052,1050,1049,1047,1045,1044,1042,1040,1039,1038,1036,1035,1034,1033,1031,1030,1030,1029,1028,1027,1026,1026,1025,1025,1025,1024,1024,1024,1024,1024,1024,1024,1024,1024,1024,1024,1024,1024,1024,1024,1024,1024,1024,1024,1024,1024,1024,1024,1024,1024,1024,1024,1024,1024,1024,1024,1024,1024,1024,1024,1024,1024,1024,1024,1024,1024,1024,1024,1024,1024,1024,1024,1024,1024,1024,1024,1024,1024,1024,1024,1024,1024,1024,1024,1024,1024,1024,1024,1024,1024,1024,1024,1024,1024,1024,1024,1024,1024,1024,1024,1024,1024,1024,1024,1024,1024,1024,1024,1024,1024,1024,1024,1024,1024,1024,1024,1024,1024,1024,1024,1024,1024,1024,1024,1024,1024,1024,1024,1024,1024,1024,1024,1024,1024,1024,1024,1024,1024,1024,1024,1024,1024,1024,1024,1024,1024,1024,1024,1024,1024,1024,1024,1024,1024,1024,1024,1024,1024,1024,1024,1024,1024,1024,1024,1024,1024,1024,1024,1024,1024,1024,1024,1024,1024,1024,1024,1024,1024,1024,1024,1024,1024,1024,1024,1024,1024,1024,1024,1024,1024,1024,1024,1024,1024,1024,1024,1024,1024,1024,1024,1024,1024,1024,1024,1024,1024,1024,1024,1024,1024,1024,1024,1024,1024,1024,1024,1024,1024,1024,1024,1024,1024,1024,1024,1024,1024,1024,1024,1024,1024,1024,1024,1024,1024,1024,1024,1024,1024,1024,1024,1024,1024,1024,1024,1024,1024,1024,1024,1024,1024,1024,1024,1024,1024,1024,1024,1024,1024,1024,1024,1024,1024,1024,1024,1024,1024,1024,1024,1024,1024,1024,1025,1025,1025,1025,1026,1026,1027,1027,1027,1028,1029,1029,1030,1030,1031,1032,1032,1033,1034,1034,1036,1037,1038,1040,1041,1042,1044,1045,1046,1047,1048,1049,1050,1051,1052,1053,1054,1054,1055,1055,1056,1056,1057,1057,1057,1057,1057,1057,1057,1056,1056,1056,1055,1055,1054,1054,1053,1052,1052,1051,1050,1049,1048,1047,1046,1046,1045,1044,1043,1041,1040,1039,1038,1037,1036,1035,1034,1033,1033,1032,1031,1030,1029,1028,1028,1027,1027,1026,1026,1025,1025,1025,1024,1024,1024,1024,1024,1024,1024,1024,1024,1024,1024,1024,1024,1024,1024,1024,1024,1024,1024,1024,1024,1024,1024,1024,1024,1024,1024,1024,1024,1024,1024,1024,1024,1024,1024,1024,1024,1024,1024,1024,1024,1024,1024,1024,1024,1024,1024,1024,1024,1024,1024,1024,1024,1024,1024,1024,1024,1024,1024,1024,1024,1024,1024,1024,1024,1024,1024,1024,1024,1024,1024,1024,1024,1024,1024,1024,1024,1024,1024,1024,1024,1024,1024,1024,1024,1024,1024,1024,1024,1024,1024,1024,1024,1024,1024,1024,1024,1024,1024,1024,1024,1024,1024,1024,1024,1024,1024,1024,1024,1024,1024,1024,1024,1024,1024,1024,1024,1024,1024,1024,1024,1024,1024,1024,1024,1024,1024,1024,1024,1024,1024,1024,1024,1024,1024,1024,1024,1024,1024,1024,1024,1024,1024,1024,1024,1024,1024,1024,1024,1024,1024,1024,1024,1024,1024,1024,1024,1024,1024,1024,1024,1024,1024,1024,1024,1024,1024,1024,1024,1024,1024,1024,1024,1024,1024,1024,1024,1024,1024,1024,1024,1024,1024,1024,1024,1024,1024,1024,1024,1024,1024,1024,1024,1024,1024,1024,1024,1024,1024,1024,1024,1024,1024,1024,1024

lead:V5
count:2708
points:1024,1024,1024,1024,1025,1025,1025,1026,1026,1027,1027,1028,1028,1029,1030,1031,1032,1033,1033,1034,1035,1036,1037,1039,1039,1041,1042,1043,1044,1045,1046,1047,1048,1050,1050,1051,1052,1053,1054,1055,1055,1056,1057,1057,1058,1058,1058,1059,1059,1059,1059,1059,1059,1059,1058,1058,1058,1057,1057,1056,1056,1055,1054,1053,1053,1052,1051,1050,1049,1048,1047,1046,1045,1044,1043,1041,1040,1039,1038,1037,1036,1035,1034,1033,1032,1031,1030,1030,1029,1028,1027,1027,1026,1026,1025,1025,1025,1024,1024,1024,1024,1024,1024,1024,1024,1024,1024,1024,1024,1024,1024,1024,1024,1024,1024,1024,1024,1024,1024,1024,1024,1024,1024,1024,1024,1024,1024,1024,1024,1024,1024,1024,1024,1024,1024,1024,1024,1024,1024,1023,1023,1023,1023,1023,1023,1023,1022,1022,1022,1022,1022,1021,1021,1021,1020,1020,1019,1019,1018,1018,1017,1016,1016,1015,1014,1015,1015,1016,1017,1017,1018,1036,1054,1072,1090,1108,1125,1143,1161,1179,1197,1215,1233,1251,1269,1287,1305,1322,1340,1358,1376,1356,1336,1317,1297,1277,1258,1239,1220,1201,1182,1164,1146,1129,1112,1095,1078,1063,1047,1032,1018,1004,991,978,966,955,944,934,925,916,908,901,894,889,884,879,876,873,871,870,870,898,923,944,961,975,987,996,1002,1007,1010,1012,1013,1014,1014,1014,1014,1015,1015,1015,1015,1016,1016,1016,1017,1017,1017,1017,1018,1018,1018,1018,1019,1019,1019,1020,1020,1020,1020,1021,1021,1021,1022,1022,1022,1022,1023,1023,1023,1023,1024,1024,1024,1025,1025,1025,1025,1026,1026,1026,1027,1027,1027,1027,1028,1028,1028,1029,1029,1029,1029,1030,1030,1030,1030,1031,1031,1031,1032,1032,1032,1032,1033,1033,1033,1034,1034,1034,1034,1035,1035,1035,1035,1036,1036,1036,1037,1037,1037,1037,1038,1038,1038,1039,1039,1039,1039,1040,1040,1040,1040,1041,1041,1041,1042,1042,1042,1042,1043,1043,1043,1044,1044,1044,1044,1045,1045,1045,1045,1046,1046,1046,1047,1047,1047,1047,1048,1048,1048,1049,1049,1049,1049,1050,1050,1050,1050,1051,1051,1051,1052,1052,1052,1052,1053,1053,1053,1053,1053,1054,1054,1055,1055,1056,1056,1057,1058,1059,1060,1061,1062,1063,1065,1066,1067,1069,1070,1072,1073,1075,1077,1079,1080,1082,1084,1086,1088,1090,1092,1094,1096,1098,1100,1102,1105,1107,1109,1111,1113,1116,1118,1120,1122,1124,1126,1129,1131,1133,1135,1137,1139,1141,1143,1145,1147,1149,1151,1152,1154,1156,1158,1159,1161,1162,1164,1165,1166,1168,1169,1170,1171,1172,1173,1174,1175,1175,1176,1177,1177,1177,1178,1178,1178,1178,1178,1178,1178,1178,1178,1177,1177,1176,1175,1175,1174,1173,1172,1171,1169,1168,1167,1165,1164,1162,1160,1159,1157,1155,1153,1151,1149,1147,1144,1142,1140,1137,1135,1133,1130,1128,1125,1122,1120,1117,1115,1112,1109,1107,1104,1101,1099,1096,1093,1090,1088,1085,1083,1080,1077,1075,1072,1070,1067,1065,1063,1060,1058,1056,1054,1052,1050,1048,1046,1044,1042,1040,1039,1037,1036,1034,1033,1032,1031,1030,1029,1028,1027,1026,1026,1025,1025,1024,1024,1024,1024,1024,1024,1024,1024,1024,1024,1024,1024,1024,1024,1024,1024,1024,1024,1024,1024,1024,1024,1024,1024,1024,1024,1024,1024,1024,1024,1024,1024,1024,1024,1024,1024,1024,1024,1024,1024,1024,1024,1024,1024,1024,1024,1024,1024,1024,1024,1024,1024,1024,1024,1024,1024,1024,1024,1024,1024,1024,1024,1024,1024,1024,1024,1024,1024,1024,1024,1024,1024,1024,1024,1024,1024,1024,1024,1024,1024,1024,1024,1024,1024,1024,1024,1024,1024,1024,1024,1024,1024,1024,1024,1024,1024,1024,1024,1024,1024,1024,1024,1024,1024,1024,1024,1024,1024,1024,1024,1024,1024,1024,1024,1024,1024,1024,1024,1024,1024,1024,1024,1024,1024,1024,1024,1024,1024,1024,1024,1024,1024,1024,1024,1024,1024,1024,1024,1024,1024,1024,1024,1024,1024,1024,1024,1024,1024,1024,1024,1024,1024,1024,1024,1024,1024,1024,1024,1024,1024,1024,1024,1024,1024,1024,1024,1024,1024,1024,1024,1024,1024,1024,1024,1024,1024,1024,1024,1024,1024,1024,1024,1024,1024,1024,1024,1024,1024,1024,1024,1024,1024,1024,1024,1024,1024,1024,1024,1024,1024,1024,1024,1024,1024,1024,1024,1024,1024,1024,1024,1024,1024,1024,1024,1024,1024,1024,1024,1024,1024,1024,1024,1024,1024,1024,1024,1024,1024,1024,1024,1024,1024,1024,1024,1024,1024,1024,1024,1024,1024,1024,1024,1024,1024,1024,1025,1025,1025,1026,1026,1027,1027,1028,1028,1029,1030,1031,1032,1033,1033,1034,1035,1036,1037,1039,1039,1041,1042,1043,1044,1045,1046,1047,1048,1050,1050,1051,1052,1053,1054,1055,1055,1056,1057,1057,1058,1058,1058,1059,1059,1059,1059,1059,1059,1059,1058,1058,1058,1057,1057,1056,1056,1055,1054,1053,1053,1052,1051,1050,1049,1048,1047,1046,1045,1044,1043,1041,1040,1039,1038,1037,1036,1035,1034,1033,1032,1031,1030,1030,1029,1028,1027,1027,1026,1026,1025,1025,1025,1024,1024,1024,1024,1024,1024,1024,1024,1024,1024,1024,1024,1024,1024,1024,1024,1024,1024,1024,1024,1024,1024,1024,1024,1024,1024,1024,1024,1024,1024,1024,1024,1024,1024,1024,1024,1024,1024,1024,1024,1024,1024,1023,1023,1023,1023,1023,1023,1023,1022,1022,1022,1022,1022,1021,1021,1021,1020,1020,1019,1019,1018,1018,1017,1016,1016,1015,1014,1015,1015,1016,1017,1017,1018,1036,1054,1072,1090,1108,1125,1143,1161,1179,1197,1215,1233,1251,1269,1287,1305,1322,1340,1358,1376,1356,1336,1317,1297,1277,1258,1239,1220,1201,1182,1164,1146,1129,1112,1095,1078,1063,1047,1032,1018,1004,991,978,966,955,944,934,925,916,908,901,894,889,884,879,876,873,871,870,870,898,923,944,961,975,987,996,1002,1007,1010,1012,1013,1014,1014,1014,1014,1015,1015,1015,1015,1016,1016,1016,1017,1017,1017,1017,1018,1018,1018,1018,1019,1019,1019,1020,1020,1020,1020,1021,1021,1021,1022,1022,1022,1022,1023,1023,1023,1023,1024,1024,1024,1025,1025,1025,1025,1026,1026,1026,1027,1027,1027,1027,1028,1028,1028,1029,1029,1029,1029,1030,1030,1030,1030,1031,1031,1031,1032,1032,1032,1032,1033,1033,1033,1034,1034,1034,1034,1035,1035,1035,1035,1036,1036,1036,1037,1037,1037,1037,1038,1038,1038,1039,1039,1039,1039,1040,1040,1040,1040,1041,1041,1041,1042,1042,1042,1042,1043,1043,1043,1044,1044,1044,1044,1045,1045,1045,1045,1046,1046,1046,1047,1047,1047,1047,1048,1048,1048,1049,1049,1049,1049,1050,1050,1050,1050,1051,1051,1051,1052,1052,1052,1052,1053,1053,1053,1053,1053,1054,1054,1054,1055,1055,1056,1057,1057,1058,1059,1060,1061,1062,1063,1064,1066,1067,1068,1070,1071,1072,1074,1075,1077,1079,1080,1082,1084,1085,1087,1089,1091,1093,1095,1096,1098,1100,1102,1104,1106,1108,1110,1112,1114,1116,1117,1119,1121,1123,1125,1127,1129,1130,1132,1134,1135,1137,1139,1140,1142,1143,1145,1146,1148,1149,1150,1151,1152,1154,1155,1156,1157,1157,1158,1159,1160,1160,1161,1161,1162,1162,1162,1163,1163,1163,1163,1163,1163,1163,1162,1162,1162,1161,1160,1160,1159,1158,1157,1156,1155,1154,1152,1151,1150,1148,1147,1145,1144,1142,1140,1138,1136,1134,1132,1130,1128,1126,1124,1122,1120,1117,1115,1113,1110,1108,1106,1103,1101,1098,1096,1094,1091,1089,1086,1084,1081,1079,1077,1074,1072,1070,1067,1065,1063,1061,1059,1057,1055,1053,1051,1049,1047,1045,1044,1042,1040,1039,1037,1036,1035,1033,1032,1031,1030,1029,1028,1027,1027,1026,1026,1025,1025,1024,1024,1024,1024,1024,1024,1024,1024,1024,1024,1024,1024,1024,1024,1024,1024,1024,1024,1024,1024,1024,1024,1024,1024,1024,1024,1024,1024,1024,1024,1024,1024,1024,1024,1024,1024,1024,1024,1024,1024,1024,1024,1024,1024,1024,1024,1024,1024,1024,1024,1024,1024,1024,1024,1024,1024,1024,1024,1024,1024,1024,1024,1024,1024,1024,1024,1024,1024,1024,1024,1024,1024,1024,1024,1024,1024,1024,1024,1024,1024,1024,1024,1024,1024,1024,1024,1024,1024,1024,1024,1024,1024,1024,1024,1024,1024,1024,1024,1024,1024,1024,1024,1024,1024,1024,1024,1024,1024,1024,1024,1024,1024,1024,1024,1024,1024,1024,1024,1024,1024,1024,1024,1024,1024,1024,1024,1024,1024,1024,1024,1024,1024,1024,1024,1024,1024,1024,1024,1024,1024,1024,1024,1024,1024,1024,1024,1024,1024,1024,1024,1024,1024,1024,1024,1024,1024,1024,1024,1024,1024,1024,1024,1024,1024,1024,1024,1024,1024,1024,1024,1024,1024,1024,1024,1024,1024,1024,1024,1024,1024,1024,1024,1024,1024,1024,1024,1024,1024,1024,1024,1024,1024,1024,1024,1024,1024,1024,1024,1024,1024,1024,1024,1024,1024,1024,1024,1024,1024,1024,1024,1024,1024,1024,1024,1024,1024,1024,1024,1024,1024,1024,1024,1024,1024,1024,1024,1024,1024,1024,1024,1024,1024,1024,1024,1024,1024,1024,1024,1024,1024,1024,1024,1024,1024,1024,1025,1025,1025,1026,1026,1027,1027,1028,1028,1029,1030,1031,1032,1033,1033,1034,1035,1036,1037,1039,1039,1041,1042,1043,1044,1045,1046,1047,1048,1050,1050,1051,1052,1053,1054,1055,1055,1056,1057,1057,1058,1058,1058,1059,1059,1059,1059,1059,1059,1059,1058,1058,1058,1057,1057,1056,1056,1055,1054,1053,1053,1052,1051,1050,1049,1048,1047,1046,1045,1044,1043,1041,1040,1039,1038,1037,1036,1035,1034,1033,1032,1031,1030,1030,1029,1028,1027,1027,1026,1026,1025,1025,1025,1024,1024,1024,1024,1024,1024,1024,1024,1024,1024,1024,1024,1024,1024,1024,1024,1024,1024,1024,1024,1024,1024,1024,1024,1024,1024,1024,1024,1024,1024,1024,1024,1024,1024,1024,1024,1024,1024,1024,1024,1024,1024,1023,1023,1023,1023,1023,1023,1023,1022,1022,1022,1022,1022,1021,1021,1021,1020,1020,1019,1019,1018,1018,1017,1016,1016,1015,1014,1015,1015,1016,1017,1017,1018,1036,1054,1072,1090,1108,1125,1143,1161,1179,1197,1215,1233,1251,1269,1287,1305,1322,1340,1358,1376,1356,1336,1317,1297,1277,1258,1239,1220,1201,1182,1164,1146,1129,1112,1095,1078,1063,1047,1032,1018,1004,991,978,966,955,944,934,925,916,908,901,894,889,884,879,876,873,871,870,870,898,923,944,961,975,987,996,1002,1007,1010,1012,1013,1014,1014,1014,1014,1015,1015,1015,1015,1016,1016,1016,1017,1017,1017,1017,1018,1018,1018,1018,1019,1019,1019,1020,1020,1020,1020,1021,1021,1021,1022,1022,1022,1022,1023,1023,1023,1023,1024,1024,1024,1025,1025,1025,1025,1026,1026,1026,1027,1027,1027,1027,1028,1028,1028,1029,1029,1029,1029,1030,1030,1030,1030,1031,1031,1031,1032,1032,1032,1032,1033,1033,1033,1034,1034,1034,1034,1035,1035,1035,1035,1036,1036,1036,1037,1037,1037,1037,1038,1038,1038,1039,1039,1039,1039,1040,1040,1040,1040,1041,1041,1041,1042,1042,1042,1042,1043,1043,1043,1044,1044,1044,1044,1045,1045,1045,1045,1046,1046,1046,1047,1047,1047,1047,1048,1048,1048,1049,1049,1049,1049,1050,1050,1050,1050,1051,1051,1051,1052,1052,1052,1052,1053,1053,1053,1053,1053,1054,1054,1054,1055,1055,1056,1057,1057,1058,1059,1060,1061,1062,1063,1064,1066,1067,1068,1070,1071,1072,1074,1075,1077,1079,1080,1082,1084,1085,1087,1089,1091,1093,1095,1096,1098,1100,1102,1104,1106,1108,1110,1112,1114,1116,1117,1119,1121,1123,1125,1127,1129,1130,1132,1134,1135,1137,1139,1140,1142,1143,1145,1146,1148,1149,1150,1151,1152,1154,1155,1156,1157,1157,1158,1159,1160,1160,1161,1161,1162,1162,1162,1163,1163,1163,1163,1163,1163,1163,1162,1162,1162,1161,1160,1160,1159,1158,1157,1156,1155,1154,1152,1151,1150,1148,1147,1145,1144,1142,1140,1138,1136,1134,1132,1130,1128,1126,1124,1122,1120,1117,1115,1113,1110,1108,1106,1103,1101,1098,1096,1094,1091,1089,1086,1084,1081,1079,1077,1074,1072,1070,1067,1065,1063,1061,1059,1057,1055,1053,1051,1049,1047,1045,1044,1042,1040,1039,1037,1036,1035,1033,1032,1031,1030,1029,1028,1027,1027,1026,1026,1025,1025,1024,1024,1024,1024,1024,1024,1024,1024,1024,1024,1024,1024,1024,1024,1024,1024,1024,1024,1024,1024,1024,1024,1024,1024,1024,1024,1024,1024,1024,1024,1024,1024,1024,1024,1024,1024,1024,1024,1024,1024,1024,1024,1024,1024,1024,1024,1024,1024,1024,1024,1024,1024,1024,1024,1024,1024,1024,1024,1024,1024,1024,1024,1024,1024,1024,1024,1024,1024,1024,1024,1024,1024,1024,1024,1024,1024,1024,1024,1024,1024,1024,1024,1024,1024,1024,1024,1024,1024,1024,1024,1024,1024,1024,1024,1024,1024,1024,1024,1024,1024,1024,1024,1024,1024,1024,1024,1024,1024,1024,1024,1024,1024,1024,1024,1024,1024,1024,1024,1024,1024,1024,1024,1024,1024,1024,1024,1024,1024,1024,1024,1024,1024,1024,1024,1024,1024,1024,1024,1024,1024,1024,1024,1024,1024,1024,1024,1024,1024,1024,1024,1024,1024,1024,1024,1024,1024,1024,1024,1024,1024,1024,1024,1024,1024,1024,1024,1024,1024,1024,1024,1024,1024,1024,1024,1024,1024,1024,1024,1024,1024,1024,1024,1024,1024,1024,1024,1024,1024,1024,1024,1024,1024,1024,1024,1024,1024,1024,1024,1024,1024,1024,1024,1024,1024,1024,1024,1024,1024,1024,1024,1024,1024,1024,1024,1024,1024,1024,1024,1024,1024,1024,1024,1024,1024,1024,1024,1024,1024,1024,1024,1024,1024,1024,1024,1024,1024,1024,1024,1024,1024,1024,1024,1024,1024,1024,1025,1025,1025,1026,1026,1027,1027,1028,1028,1029,1030,1031,1032,1033,1033,1034,1035,1036,1037,1039,1039,1040,1042,1043,1044,1045,1046,1047,1048,1049,1050,1051,1052,1052,1053,1054,1054,1055,1056,1056,1057,1057,1057,1057,1058,1058,1058,1058,1058,1057,1057,1057,1057,1056,1056,1055,1055,1054,1053,1052,1052,1051,1050,1049,1048,1047,1046,1045,1044,1043,1042,1041,1040,1039,1038,1037,1036,1035,1034,1033,1032,1031,1030,1029,1029,1028,1027,1027,1026,1026,1025,1025,1025,1024,1024,1024,1024,1024,1024,1024,1024,1024,1024,1024,1024,1024,1024,1024,1024,1024,1024,1024,1024,1024,1024,1024,1024,1024,1024,1024,1024,1024,1024,1024,1024,1024,1024,1024,1024,1024,1024,1024,1024,1024,1024,1024,1024,1024,1024,1024,1024,1024,1024,1024,1024,1024,1024,1024,1024,1024,1024,1024,1024,1024,1024,1024,1024,1024,1024,1024,1024,1024,1024,1024,1024,1024,1024,1024,1024,1024,1024,1024,1024,1024,1024,1024,1024,1024,1024,1024,1024,1024,1024,1024,1024,1024,1024,1024,1024,1024,1024,1024,1024,1024,1024,1024,1024,1024,1024,1024,1024,1024,1024,1024,1024,1024,1024,1024,1024,1024,1024,1024,1024,1024,1024,1024,1024,1024,1024,1024,1024,1024,1024,1024,1024,1024,1024,1024,1024,1024,1024,1024,1024,1024,1024,1024,1024,1024,1024,1024,1024,1024,1024,1024,1024,1024,1024,1024,1024,1024,1024,1024,1024,1024,1024,1024,1024,1024,1024,1024,1024,1024,1024,1024,1024,1024,1024,1024,1024,1024,1024,1024,1024,1024,1024,1024,1024,1024,1024,1024,1024,1024,1024,1024,1024,1024,1024,1024,1024,1024,1024,1024,1024,1024,1024,1024,1024,1024

lead:V6
count:2708
points:1024,1024,1024,1024,1025,1025,1025,1026,1026,1027,1027,1028,1028,1029,1030,1031,1032,1033,1033,1034,1035,1036,1037,1039,1039,1041,1042,1043,1044,1045,1047,1048,1049,1050,1051,1052,1053,1054,1055,1055,1056,1057,1057,1058,1059,1059,1059,1060,1060,1060,1060,1060,1060,1060,1059,1059,1059,1058,1058,1057,1056,1056,1055,1054,1053,1052,1052,1051,1050,1049,1047,1046,1045,1044,1043,1042,1041,1040,1039,1037,1036,1035,1034,1033,1032,1031,1030,1030,1029,1028,1027,1027,1026,1026,1025,1025,1025,1024,1024,1024,1024,1024,1024,1024,1024,1024,1024,1024,1024,1024,1024,1024,1024,1024,1024,1024,1024,1024,1024,1024,1024,1024,1024,1024,1024,1024,1024,1024,1024,1024,1024,1024,1024,1024,1024,1024,1024,1023,1023,1023,1023,1023,1023,1022,1022,1022,1022,1021,1021,1021,1020,1020,1019,1019,1018,1017,1017,1016,1015,1014,1013,1012,1011,1010,1009,1009,1010,1011,1012,1013,1014,1030,1047,1063,1079,1096,1112,1128,1145,1161,1178,1194,1210,1227,1243,1260,1276,1292,1309,1325,1341,1328,1315,1302,1289,1277,1264,1251,1239,1226,1214,1202,1190,1179,1168,1157,1146,1135,1125,1116,1106,1097,1088,1080,1072,1065,1058,1051,1045,1039,1034,1029,1025,1021,1018,1015,1013,1011,1010,1009,1009,1010,1011,1011,1012,1012,1013,1013,1013,1014,1014,1014,1014,1014,1014,1014,1014,1015,1015,1015,1015,1016,1016,1016,1016,1017,1017,1017,1017,1018,1018,1018,1018,1019,1019,1019,1019,1020,1020,1020,1020,1021,1021,1021,1021,1022,1022,1022,1022,1023,1023,1023,1023,1024,1024,1024,1025,1025,1025,1025,1026,1026,1026,1026,1027,1027,1027,1027,1028,1028,1028,1028,1029,1029,1029,1029,1030,1030,1030,1030,1031,1031,1031,1031,1032,1032,1032,1032,1033,1033,1033,1033,1034,1034,1034,1034,1035,1035,1035,1036,1036,1036,1036,1037,1037,1037,1037,1038,1038,1038,1038,1039,1039,1039,1039,1040,1040,1040,1040,1041,1041,1041,1041,1042,1042,1042,1042,1043,1043,1043,1043,1044,1044,1044,1044,1045,1045,1045,1046,1046,1046,1046,1047,1047,1047,1047,1048,1048,1048,1048,1049,1049,1049,1049,1050,1050,1050,1050,1050,1050,1051,1051,1052,1052,1053,1053,1054,1055,1056,1056,1057,1058,1059,1060,1062,1063,1064,1065,1067,1068,1069,1071,1072,1074,1075,1077,1078,1080,1082,1083,1085,1087,1088,1090,1092,1094,1095,1097,1099,1101,1103,1104,1106,1108,1110,1111,1113,1115,1117,1118,1120,1122,1123,1125,1126,1128,1129,1131,1132,1134,1135,1136,1138,1139,1140,1141,1142,1143,1144,1145,1146,1147,1148,1148,1149,1149,1150,1150,1151,1151,1152,1152,1152,1152,1152,1152,1152,1152,1151,1151,1151,1150,1150,1149,1148,1147,1146,1146,1145,1143,1142,1141,1140,1138,1137,1136,1134,1132,1131,1129,1127,1126,1124,1122,1120,1118,1116,1114,1112,1110,1108,1106,1103,1101,1099,1097,1095,1092,1090,1088,1086,1084,1081,1079,1077,1075,1073,1070,1068,1066,1064,1062,1060,1058,1056,1054,1052,1050,1049,1047,1045,1044,1042,1040,1039,1038,1036,1035,1034,1033,1031,1030,1030,1029,1028,1027,1026,1026,1025,1025,1025,1024,1024,1024,1024,1024,1024,1024,1024,1024,1024,1024,1024,1024,1024,1024,1024,1024,1024,1024,1024,1024,1024,1024,1024,1024,1024,1024,1024,1024,1024,1024,1024,1024,1024,1024,1024,1024,1024,1024,1024,1024,1024,1024,1024,1024,1024,1024,1024,1024,1024,1024,1024,1024,1024,1024,1024,1024,1024,1024,1024,1024,1024,1024,1024,1024,1024,1024,1024,1024,1024,1024,1024,1024,1024,1024,1024,1024,1024,1024,1024,1024,1024,1024,1024,1024,1024,1024,1024,1024,1024,1024,1024,1024,1024,1024,1024,1024,1024,1024,1024,1024,1024,1024,1024,1024,1024,1024,1024,1024,1024,1024,1024,1024,1024,1024,1024,1024,1024,1024,1024,1024,1024,1024,1024,1024,1024,1024,1024,1024,1024,1024,1024,1024,1024,1024,1024,1024,1024,1024,1024,1024,1024,1024,1024,1024,1024,1024,1024,1024,1024,1024,1024,1024,1024,1024,1024,1024,1024,1024,1024,1024,1024,1024,1024,1024,1024,1024,1024,1024,1024,1024,1024,1024,1024,1024,1024,1024,1024,1024,1024,1024,1024,1024,1024,1024,1024,1024,1024,1024,1024,1024,1024,1024,1024,1024,1024,1024,1024,1024,1024,1024,1024,1024,1024,1024,1024,1024,1024,1024,1024,1024,1024,1024,1024,1024,1024,1024,1024,1024,1024,1024,1024,1024,1024,1024,1024,1024,1024,1024,1024,1024,1024,1024,1024,1024,1024,1024,1024,1024,1024,1024,1024,1024,1024,1024,1025,1025,1025,1026,1026,1027,1027,1028,1028,1029,1030,1031,1032,1033,1033,1034,1035,1036,1037,1039,1039,1041,1042,1043,1044,1045,1047,1048,1049,1050,1051,1052,1053,1054,1055,1055,1056,1057,1057,1058,1059,1059,1059,1060,1060,1060,1060,1060,1060,1060,1059,1059,1059,1058,1058,1057,1056,1056,1055,1054,1053,1052,1052,1051,1050,1049,1047,1046,1045,1044,1043,1042,1041,1040,1039,1037,1036,1035,1034,1033,1032,1031,1030,1030,1029,1028,1027,1027,1026,1026,1025,1025,1025,1024,1024,1024,1024,1024,1024,1024,1024,1024,1024,1024,1024,1024,1024,1024,1024,1024,1024,1024,1024,1024,1024,1024,1024,1024,1024,1024,1024,1024,1024,1024,1024,1024,1024,1024,1024,1024,1024,1024,1024,1023,1023,1023,1023,1023,1023,1022,1022,1022,1022,1021,1021,1021,1020,1020,1019,1019,1018,1017,1017,1016,1015,1014,1013,1012,1011,1010,1009,1009,1010,1011,1012,1013,1014,1030,1047,1063,1079,1096,1112,1128,1145,1161,1178,1194,1210,1227,1243,1260,1276,1292,1309,1325,1341,1328,1315,1302,1289,1277,1264,1251,1239,1226,1214,1202,1190,1179,1168,1157,1146,1135,1125,1116,1106,1097,1088,1080,1072,1065,1058,1051,1045,1039,1034,1029,1025,1021,1018,1015,1013,1011,1010,1009,1009,1010,1011,1011,1012,1012,1013,1013,1013,1014,1014,1014,1014,1014,1014,1014,1014,1015,1015,1015,1015,1016,1016,1016,1016,1017,1017,1017,1017,1018,1018,1018,1018,1019,1019,1019,1019,1020,1020,1020,1020,1021,1021,1021,1021,1022,1022,1022,1022,1023,1023,1023,1023,1024,1024,1024,1025,1025,1025,1025,1026,1026,1026,1026,1027,1027,1027,1027,1028,1028,1028,1028,1029,1029,1029,1029,1030,1030,1030,1030,1031,1031,1031,1031,1032,1032,1032,1032,1033,1033,1033,1033,1034,1034,1034,1034,1035,1035,1035,1036,1036,1036,1036,1037,1037,1037,1037,1038,1038,1038,1038,1039,1039,1039,1039,1040,1040,1040,1040,1041,1041,1041,1041,1042,1042,1042,1042,1043,1043,1043,1043,1044,1044,1044,1044,1045,1045,1045,1046,1046,1046,1046,1047,1047,1047,1047,1048,1048,1048,1048,1049,1049,1049,1049,1050,1050,1050,1050,1050,1050,1051,1051,1052,1052,1053,1053,1054,1055,1056,1056,1057,1058,1059,1060,1062,1063,1064,1065,1067,1068,1069,1071,1072,1074,1075,1077,1078,1080,1082,1083,1085,1087,1088,1090,1092,1094,1095,1097,1099,1101,1103,1104,1106,1108,1110,1111,1113,1115,1117,1118,1120,1122,1123,1125,1126,1128,1129,1131,1132,1134,1135,1136,1138,1139,1140,1141,1142,1143,1144,1145,1146,1147,1148,1148,1149,1149,1150,1150,1151,1151,1152,1152,1152,1152,1152,1152,1152,1152,1151,1151,1151,1150,1150,1149,1148,1147,1146,1146,1145,1143,1142,1141,1140,1138,1137,1136,1134,1132,1131,1129,1127,1126,1124,1122,1120,1118,1116,1114,1112,1110,1108,1106,1103,1101,1099,1097,1095,1092,1090,1088,1086,1084,1081,1079,1077,1075,1073,1070,1068,1066,1064,1062,1060,1058,1056,1054,1052,1050,1049,1047,1045,1044,1042,1040,1039,1038,1036,1035,1034,1033,1031,1030,1030,1029,1028,1027,1026,1026,1025,1025,1025,1024,1024,1024,1024,1024,1024,1024,1024,1024,1024,1024,1024,1024,1024,1024,1024,1024,1024,1024,1024,1024,1024,1024,1024,1024,1024,1024,1024,1024,1024,1024,1024,1024,1024,1024,1024,1024,1024,1024,1024,1024,1024,1024,1024,1024,1024,1024,1024,1024,1024,1024,1024,1024,1024,1024,1024,1024,1024,1024,1024,1024,1024,1024,1024,1024,1024,1024,1024,1024,1024,1024,1024,1024,1024,1024,1024,1024,1024,1024,1024,1024,1024,1024,1024,1024,1024,1024,1024,1024,1024,1024,1024,1024,1024,1024,1024,1024,1024,1024,1024,1024,1024,1024,1024,1024,1024,1024,1024,1024,1024,1024,1024,1024,1024,1024,1024,1024,1024,1024,1024,1024,1024,1024,1024,1024,1024,1024,1024,1024,1024,1024,1024,1024,1024,1024,1024,1024,1024,1024,1024,1024,1024,1024,1024,1024,1024,1024,1024,1024,1024,1024,1024,1024,1024,1024,1024,1024,1024,1024,1024,1024,1024,1024,1024,1024,1024,1024,1024,1024,1024,1024,1024,1024,1024,1024,1024,1024,1024,1024,1024,1024,1024,1024,1024,1024,1024,1024,1024,1024,1024,1024,1024,1024,1024,1024,1024,1024,1024,1024,1024,1024,1024,1024,1024,1024,1024,1024,1024,1024,1024,1024,1024,1024,1024,1024,1024,1024,1024,1024,1024,1024,1024,1024,1024,1024,1024,1024,1024,1024,1024,1024,1024,1024,1024,1024,1024,1024,1024,1024,1024,1024,1024,1024,1024,1024,1025,1025,1025,1026,1026,1027,1027,1028,1028,1029,1030,1031,1032,1033,1033,1034,1035,1036,1037,1039,1039,1041,1042,1043,1044,1045,1047,1048,1049,1050,1051,1052,1053,1054,1055,1055,1056,1057,1057,1058,1059,1059,1059,1060,1060,1060,1060,1060,1060,1060,1059,1059,1059,1058,1058,1057,1056,1056,1055,1054,1053,1052,1052,1051,1050,1049,1047,1046,1045,1044,1043,1042,1041,1040,1039,1037,1036,1035,1034,1033,1032,1031,1030,1030,1029,1028,1027,1027,1026,1026,1025,1025,1025,1024,1024,1024,1024,1024,1024,1024,1024,1024,1024,1024,1024,1024,1024,1024,1024,1024,1024,1024,1024,1024,1024,1024,1024,1024,1024,1024,1024,1024,1024,1024,1024,1024,1024,1024,1024,1024,1024,1024,1024,1023,1023,1023,1023,1023,1023,1022,1022,1022,1022,1021,1021,1021,1020,1020,1019,1019,1018,1017,1017,1016,1015,1014,1013,1012,1011,1010,1009,1009,1010,1011,1012,1013,1014,1030,1047,1063,1079,1096,1112,1128,1145,1161,1178,1194,1210,1227,1243,1260,1276,1292,1309,1325,1341,1328,1315,1302,1289,1277,1264,1251,1239,1226,1214,1202,1190,1179,1168,1157,1146,1135,1125,1116,1106,1097,1088,1080,1072,1065,1058,1051,1045,1039,1034,1029,1025,1021,1018,1015,1013,1011,1010,1009,1009,1010,1011,1011,1012,1012,1013,1013,1013,1014,1014,1014,1014,1014,1014,1014,1014,1015,1015,1015,1015,1016,1016,1016,1016,1017,1017,1017,1017,1018,1018,1018,1018,1019,1019,1019,1019,1020,1020,1020,1020,1021,1021,1021,1021,1022,1022,1022,1022,1023,1023,1023,1023,1024,1024,1024,1025,1025,1025,1025,1026,1026,1026,1026,1027,1027,1027,1027,1028,1028,1028,1028,1029,1029,1029,1029,1030,1030,1030,1030,1031,1031,1031,1031,1032,1032,1032,1032,1033,1033,1033,1033,1034,1034,1034,1034,1035,1035,1035,1036,1036,1036,1036,1037,1037,1037,1037,1038,1038,1038,1038,1039,1039,1039,1039,1040,1040,1040,1040,1041,1041,1041,1041,1042,1042,1042,1042,1043,1043,1043,1043,1044,1044,1044,1044,1045,1045,1045,1046,1046,1046,1046,1047,1047,1047,1047,1048,1048,1048,1048,1049,1049,1049,1049,1050,1050,1050,1050,1050,1050,1051,1051,1052,1052,1053,1053,1054,1055,1056,1056,1057,1058,1059,1060,1062,1063,1064,1065,1067,1068,1069,1071,1072,1074,1075,1077,1078,1080,1082,1083,1085,1087,1088,1090,1092,1094,1095,1097,1099,1101,1103,1104,1106,1108,1110,1111,1113,1115,1117,1118,1120,1122,1123,1125,1126,1128,1129,1131,1132,1134,1135,1136,1138,1139,1140,1141,1142,1143,1144,1145,1146,1147,1148,1148,1149,1149,1150,1150,1151,1151,1152,1152,1152,1152,1152,1152,1152,1152,1151,1151,1151,1150,1150,1149,1148,1147,1146,1146,1145,1143,1142,1141,1140,1138,1137,1136,1134,1132,1131,1129,1127,1126,1124,1122,1120,1118,1116,1114,1112,1110,1108,1106,1103,1101,1099,1097,1095,1092,1090,1088,1086,1084,1081,1079,1077,1075,1073,1070,1068,1066,1064,1062,1060,1058,1056,1054,1052,1050,1049,1047,1045,1044,1042,1040,1039,1038,1036,1035,1034,1033,1031,1030,1030,1029,1028,1027,1026,1026,1025,1025,1025,1024,1024,1024,1024,1024,1024,1024,1024,1024,1024,1024,1024,1024,1024,1024,1024,1024,1024,1024,1024,1024,1024,1024,1024,1024,1024,1024,1024,1024,1024,1024,1024,1024,1024,1024,1024,1024,1024,1024,1024,1024,1024,1024,1024,1024,1024,1024,1024,1024,1024,1024,1024,1024,1024,1024,1024,1024,1024,1024,1024,1024,1024,1024,1024,1024,1024,1024,1024,1024,1024,1024,1024,1024,1024,1024,1024,1024,1024,1024,1024,1024,1024,1024,1024,1024,1024,1024,1024,1024,1024,1024,1024,1024,1024,1024,1024,1024,1024,1024,1024,1024,1024,1024,1024,1024,1024,1024,1024,1024,1024,1024,1024,1024,1024,1024,1024,1024,1024,1024,1024,1024,1024,1024,1024,1024,1024,1024,1024,1024,1024,1024,1024,1024,1024,1024,1024,1024,1024,1024,1024,1024,1024,1024,1024,1024,1024,1024,1024,1024,1024,1024,1024,1024,1024,1024,1024,1024,1024,1024,1024,1024,1024,1024,1024,1024,1024,1024,1024,1024,1024,1024,1024,1024,1024,1024,1024,1024,1024,1024,1024,1024,1024,1024,1024,1024,1024,1024,1024,1024,1024,1024,1024,1024,1024,1024,1024,1024,1024,1024,1024,1024,1024,1024,1024,1024,1024,1024,1024,1024,1024,1024,1024,1024,1024,1024,1024,1024,1024,1024,1024,1024,1024,1024,1024,1024,1024,1024,1024,1024,1024,1024,1024,1024,1024,1024,1024,1024,1024,1024,1024,1024,1024,1024,1024,1024,1025,1025,1025,1026,1026,1027,1027,1028,1028,1029,1030,1031,1032,1033,1033,1034,1035,1036,1037,1039,1039,1041,1042,1043,1044,1045,1047,1048,1049,1050,1051,1052,1053,1054,1055,1055,1056,1057,1057,1058,1059,1059,1059,1060,1060,1060,1060,1060,1060,1060,1059,1059,1059,1058,1058,1057,1056,1056,1055,1054,1053,1052,1052,1051,1050,1049,1047,1046,1045,1044,1043,1042,1041,1040,1039,1037,1036,1035,1034,1033,1032,1031,1030,1030,1029,1028,1027,1027,1026,1026,1025,1025,1025,1024,1024,1024,1024,1024,1024,1024,1024,1024,1024,1024,1024,1024,1024,1024,1024,1024,1024,1024,1024,1024,1024,1024,1024,1024,1024,1024,1024,1024,1024,1024,1024,1024,1024,1024,1024,1024,1024,1024,1024,1024,1024,1024,1024,1024,1024,1024,1024,1024,1024,1024,1024,1024,1024,1024,1024,1024,1024,1024,1024,1024,1024,1024,1024,1024,1024,1024,1024,1024,1024,1024,1024,1024,1024,1024,1024,1024,1024,1024,1024,1024,1024,1024,1024,1024,1024,1024,1024,1024,1024,1024,1024,1024,1024,1024,1024,1024,1024,1024,1024,1024,1024,1024,1024,1024,1024,1024,1024,1024,1024,1024,1024,1024,1024,1024,1024,1024,1024,1024,1024,1024,1024,1024,1024,1024,1024,1024,1024,1024,1024,1024,1024,1024,1024,1024,1024,1024,1024,1024,1024,1024,1024,1024,1024,1024,1024,1024,1024,1024,1024,1024,1024,1024,1024,1024,1024,1024,1024,1024,1024,1024,1024,1024,1024,1024,1024,1024,1024,1024,1024,1024,1024,1024,1024,1024,1024,1024,1024,1024,1024,1024,1024,1024,1024,1024,1024,1024,1024,1024,1024,1024,1024,1024,1024,1024,1024,1024,1024,1024,1024,1024,1024,1024,1024,1024

