pathology:2avblock2RBBB
group:conduction
title:2 AV Block Mobitz II and RBBB
name:Атриовентрикулярная блокада 2 степени (блокада Мобитца II типа) и блокада правой ножки пучка Гиса
leads:12

lead:I
count:1706
points:1024,1024,1024,1025,1025,1026,1027,1028,1029,1030,1031,1033,1034,1036,1038,1040,1042,1044,1046,1048,1051,1053,1055,1058,1060,1062,1065,1067,1070,1072,1074,1077,1079,1081,1083,1085,1087,1089,1090,1092,1093,1095,1096,1097,1098,1099,1100,1100,1100,1101,1101,1101,1100,1100,1100,1099,1098,1097,1096,1095,1093,1092,1090,1089,1087,1085,1083,1081,1079,1077,1074,1072,1070,1067,1065,1062,1060,1058,1055,1053,1051,1048,1046,1044,1042,1040,1038,1036,1034,1033,1031,1030,1029,1028,1027,1026,1025,1025,1024,1024,1024,1024,1024,1024,1024,1024,1024,1024,1024,1024,1024,1024,1024,1024,1024,1024,1024,1024,1024,1024,1024,1024,1024,1024,1024,1023,1023,1022,1022,1021,1020,1019,1017,1015,1013,1010,1007,1003,999,988,988,971,954,937,920,886,886,899,912,924,937,950,963,976,989,1002,1015,1028,1041,1053,1066,1079,1092,1105,1118,1131,1144,1157,1170,1183,1195,1208,1221,1234,1247,1260,1273,1286,1299,1312,1324,1337,1350,1363,1376,1389,1402,1415,1428,1441,1453,1466,1479,1492,1505,1531,1531,1514,1497,1480,1463,1446,1429,1412,1395,1378,1361,1344,1327,1310,1293,1276,1259,1242,1225,1208,1191,1157,1157,1141,1124,1108,1091,1075,1059,1043,1028,1013,998,983,969,956,943,930,918,907,896,886,876,867,859,852,845,839,834,829,826,823,821,820,819,828,836,845,853,861,870,878,886,894,901,909,916,923,930,937,943,950,955,961,966,971,976,980,984,988,991,994,996,999,1000,1002,1003,1003,1004,1006,1008,1010,1012,1015,1017,1019,1021,1024,1026,1028,1030,1033,1035,1037,1039,1042,1044,1046,1048,1051,1053,1055,1057,1060,1062,1064,1066,1068,1071,1073,1075,1077,1080,1082,1084,1086,1089,1091,1093,1095,1098,1100,1102,1104,1107,1111,1111,1114,1117,1120,1123,1126,1129,1132,1135,1138,1141,1144,1146,1149,1152,1154,1157,1160,1162,1165,1167,1170,1172,1174,1176,1178,1180,1182,1184,1186,1188,1189,1191,1192,1194,1195,1196,1197,1198,1199,1200,1201,1201,1202,1202,1203,1203,1203,1203,1203,1203,1202,1201,1199,1197,1195,1193,1190,1187,1184,1181,1177,1173,1169,1164,1160,1155,1150,1145,1140,1135,1130,1124,1119,1114,1108,1103,1097,1092,1087,1082,1077,1072,1067,1063,1058,1054,1050,1047,1043,1040,1037,1034,1032,1030,1028,1027,1025,1025,1024,1024,1024,1024,1024,1024,1024,1024,1024,1024,1024,1024,1024,1024,1024,1024,1024,1024,1024,1024,1024,1024,1024,1024,1024,1024,1024,1024,1024,1024,1024,1024,1024,1024,1024,1024,1024,1024,1024,1024,1024,1024,1024,1024,1024,1024,1024,1024,1024,1024,1024,1024,1024,1024,1024,1024,1024,1024,1024,1024,1024,1024,1024,1024,1024,1024,1024,1024,1024,1024,1024,1024,1024,1024,1024,1024,1024,1024,1024,1024,1024,1024,1024,1024,1024,1024,1024,1024,1024,1024,1024,1024,1024,1024,1024,1024,1024,1024,1024,1024,1024,1024,1024,1024,1024,1024,1024,1024,1024,1024,1024,1024,1024,1024,1024,1024,1024,1024,1024,1024,1024,1024,1024,1024,1024,1024,1024,1024,1024,1024,1024,1024,1024,1024,1024,1024,1024,1024,1024,1024,1024,1024,1024,1024,1024,1024,1024,1024,1024,1024,1024,1024,1024,1024,1024,1024,1024,1024,1024,1024,1024,1024,1024,1024,1024,1024,1024,1024,1024,1024,1024,1024,1024,1024,1024,1024,1024,1024,1024,1024,1024,1024,1024,1024,1024,1024,1024,1024,1024,1024,1024,1024,1024,1024,1024,1024,1024,1024,1024,1024,1024,1024,1024,1024,1024,1024,1024,1024,1024,1024,1024,1024,1024,1024,1024,1024,1024,1024,1024,1024,1024,1024,1024,1024,1024,1024,1024,1024,1024,1024,1024,1024,1024,1024,1024,1024,1024,1024,1024,1024,1024,1024,1024,1024,1024,1024,1024,1024,1024,1024,1024,1024,1024,1024,1024,1024,1024,1024,1024,1024,1024,1024,1024,1024,1024,1024,1024,1024,1024,1024,1024,1024,1024,1024,1025,1025,1026,1027,1028,1029,1030,1031,1033,1034,1036,1038,1040,1042,1044,1046,1048,1051,1053,1055,1058,1060,1062,1065,1067,1070,1072,1074,1077,1079,1081,1083,1085,1087,1089,1090,1092,1093,1095,1096,1097,1098,1099,1100,1100,1100,1101,1101,1101,1100,1100,1100,1099,1098,1097,1096,1095,1093,1092,1090,1089,1087,1085,1083,1081,1079,1077,1074,1072,1070,1067,1065,1062,1060,1058,1055,1053,1051,1048,1046,1044,1042,1040,1038,1036,1034,1033,1031,1030,1029,1028,1027,1026,1025,1025,1024,1024,1024,1024,1024,1024,1024,1024,1024,1024,1024,1024,1024,1024,1024,1024,1024,1024,1024,1024,1024,1024,1024,1024,1024,1024,1024,1023,1023,1022,1022,1021,1020,1019,1017,1015,1013,1010,1007,1003,999,988,988,971,954,937,920,886,886,899,912,924,937,950,963,976,989,1002,1015,1028,1041,1053,1066,1079,1092,1105,1118,1131,1144,1157,1170,1183,1195,1208,1221,1234,1247,1260,1273,1286,1299,1312,1324,1337,1350,1363,1376,1389,1402,1415,1428,1441,1453,1466,1479,1492,1505,1531,1531,1514,1497,1480,1463,1446,1429,1412,1395,1378,1361,1344,1327,1310,1293,1276,1259,1242,1225,1208,1191,1157,1157,1141,1124,1108,1091,1075,1059,1043,1028,1013,998,983,969,956,943,930,918,907,896,886,876,867,859,852,845,839,834,829,826,823,821,820,819,828,836,845,853,861,870,878,886,894,901,909,916,923,930,937,943,950,955,961,966,971,976,980,984,988,991,994,996,999,1000,1002,1003,1003,1004,1006,1008,1010,1012,1015,1017,1019,1021,1024,1026,1028,1030,1033,1035,1037,1039,1042,1044,1046,1048,1051,1053,1055,1057,1060,1062,1064,1066,1068,1071,1073,1075,1077,1080,1082,1084,1086,1089,1091,1093,1095,1098,1100,1102,1104,1107,1111,1111,1114,1117,1120,1123,1126,1129,1132,1135,1138,1141,1144,1146,1149,1152,1154,1157,1160,1162,1165,1167,1170,1172,1174,1176,1178,1180,1182,1184,1186,1188,1189,1191,1192,1194,1195,1196,1197,1198,1199,1200,1201,1201,1202,1202,1203,1203,1203,1203,1203,1203,1202,1201,1199,1197,1195,1193,1190,1187,1184,1181,1177,1173,1169,1164,1160,1155,1150,1145,1140,1135,1130,1124,1119,1114,1108,1103,1097,1092,1087,1082,1077,1072,1067,1063,1058,1054,1050,1047,1043,1040,1037,1034,1032,1030,1028,1027,1025,1025,1024,1024,1024,1024,1024,1024,1024,1024,1024,1024,1024,1024,1024,1024,1024,1024,1024,1024,1024,1024,1024,1024,1024,1024,1024,1024,1024,1024,1024,1024,1024,1024,1024,1024,1024,1024,1024,1024,1024,1024,1024,1024,1024,1024,1024,1024,1024,1024,1024,1024,1024,1024,1024,1024,1024,1024,1024,1024,1024,1024,1024,1024,1024,1024,1024,1024,1024,1024,1024,1024,1024,1024,1024,1024,1024,1024,1024,1024,1024,1024,1024,1024,1024,1024,1024,1024,1024,1024,1024,1024,1024,1024,1024,1024,1024,1024,1024,1024,1024,1024,1024,1024,1024,1024,1024,1024,1024,1024,1024,1024,1024,1024,1024,1024,1024,1024,1024,1024,1024,1024,1024,1024,1024,1024,1024,1024,1024,1024,1024,1024,1024,1024,1024,1024,1024,1024,1024,1024,1024,1024,1024,1024,1024,1024,1024,1024,1024,1024,1024,1024,1024,1024,1024,1024,1024,1024,1024,1024,1024,1024,1024,1024,1024,1024,1024,1024,1024,1024,1024,1024,1024,1024,1024,1024,1024,1024,1024,1024,1024,1024,1024,1024,1024,1024,1024,1024,1024,1024,1024,1024,1024,1024,1024,1024,1024,1024,1024,1024,1024,1024,1024,1024,1024,1024,1024,1024,1024,1024,1024,1024,1024,1024,1024,1024,1024,1024,1024,1024,1024,1024,1024,1024,1024,1024,1024,1024,1024,1024,1024,1024,1024,1024,1024,1024,1024,1024,1024,1024,1024,1024,1024,1024,1024,1024,1024,1024,1024,1024,1024,1024,1024,1024,1024,1024,1024,1024,1024,1024,1024,1024,1024,1024,1024,1024,1024,1024,1024,1024,1024,1024,1024,1024,1024,1024,1025,1025,1026,1026,1027,1028,1029,1030,1032,1033,1034,1036,1038,1039,1041,1043,1045,1047,1049,1051,1053,1055,1057,1059,1061,1064,1066,1068,1070,1071,1073,1075,1077,1078,1080,1082,1083,1084,1085,1086,1087,1088,1089,1090,1090,1090,1090,1091,1090,1090,1090,1090,1089,1088,1087,1086,1085,1084,1083,1082,1080,1078,1077,1075,1073,1071,1070,1068,1066,1064,1061,1059,1057,1055,1053,1051,1049,1047,1045,1043,1041,1039,1038,1036,1034,1033,1032,1030,1029,1028,1027,1026,1026,1025,1025,1024,1024,1024,1024,1024,1024,1024,1024,1024,1024,1024,1024,1024,1024,1024,1024,1024,1024,1024,1024,1024,1024,1024,1024,1024,1024,1024,1024,1024,1024,1024,1024,1024,1024,1024,1024,1024,1024,1024,1024,1024,1024,1024,1024,1024,1024,1024,1024,1024,1024,1024,1024,1024,1024,1024,1024,1024,1024,1024,1024,1024,1024,1024,1024,1024,1024,1024,1024,1024,1024,1024,1024,1024,1024,1024,1024,1024,1024,1024,1024,1024,1024,1024,1024,1024,1024,1024,1024,1024,1024,1024,1024,1024,1024,1024,1024,1024,1024,1024,1024,1024,1024,1024,1024,1024,1024,1024,1024,1024,1024,1024,1024,1024,1024,1024,1024,1024,1024,1024,1024,1024,1024,1024,1024,1024,1024,1024,1024,1024,1024,1024,1024,1024,1024,1024,1024,1024,1024,1024,1024,1024,1024,1024,1024,1024,1024,1024,1024,1024,1024,1024,1024,1024,1024,1024,1024,1024,1024,1024,1024,1024,1024,1024,1024,1024,1024,1024,1024,1024,1024,1024,1024,1024,1024,1024,1024,1024,1024,1024,1024,1024,1024,1024,1024,1024,1024,1024,1024,1024,1024,1024,1024,1024,1024,1024,1024,1024,1024,1024,1024,1024,1024,1024,1024

lead:II
count:1706
points:1024,1024,1024,1025,1026,1027,1028,1029,1030,1032,1034,1036,1038,1040,1043,1045,1048,1051,1053,1056,1059,1062,1066,1069,1072,1075,1078,1082,1085,1088,1091,1094,1097,1100,1103,1105,1108,1110,1113,1115,1117,1118,1120,1122,1123,1124,1125,1125,1126,1126,1126,1126,1126,1125,1125,1124,1123,1122,1120,1118,1117,1115,1113,1110,1108,1105,1103,1100,1097,1094,1091,1088,1085,1082,1078,1075,1072,1069,1066,1062,1059,1056,1053,1051,1048,1045,1043,1040,1038,1036,1034,1032,1030,1029,1028,1027,1026,1025,1024,1024,1024,1024,1024,1024,1024,1024,1024,1024,1024,1024,1024,1024,1024,1024,1024,1024,1024,1024,1024,1024,1024,1024,1024,1024,1024,1024,1023,1023,1023,1022,1022,1021,1020,1019,1018,1016,1014,1012,1010,1004,1004,996,988,980,973,957,957,969,981,992,1004,1015,1027,1038,1050,1062,1073,1085,1096,1108,1119,1131,1143,1154,1166,1177,1189,1200,1212,1224,1235,1247,1258,1270,1281,1293,1305,1316,1328,1339,1351,1362,1374,1386,1397,1409,1420,1432,1443,1455,1467,1478,1490,1501,1513,1536,1536,1522,1509,1495,1481,1467,1454,1440,1426,1412,1399,1385,1371,1357,1344,1330,1316,1303,1289,1275,1261,1234,1234,1220,1205,1191,1177,1163,1149,1136,1122,1109,1096,1084,1072,1060,1049,1038,1028,1018,1008,1000,991,984,977,970,964,959,955,951,948,945,943,942,942,944,947,949,952,954,957,959,961,964,966,969,971,973,976,978,981,983,985,988,990,993,995,997,1000,1002,1005,1007,1010,1012,1014,1017,1019,1022,1024,1026,1028,1031,1033,1035,1037,1040,1042,1044,1046,1049,1051,1053,1055,1058,1060,1062,1064,1067,1069,1071,1073,1076,1078,1080,1082,1084,1087,1089,1091,1093,1096,1098,1100,1102,1105,1107,1109,1111,1114,1116,1118,1120,1123,1125,1127,1132,1132,1135,1139,1143,1146,1150,1153,1157,1161,1164,1168,1171,1175,1178,1181,1185,1188,1191,1194,1197,1200,1203,1206,1209,1211,1214,1216,1219,1221,1223,1225,1227,1229,1231,1233,1234,1236,1237,1238,1239,1240,1241,1242,1243,1243,1244,1244,1244,1244,1244,1243,1242,1241,1239,1237,1234,1232,1228,1225,1221,1216,1212,1207,1202,1197,1191,1185,1179,1173,1167,1160,1154,1147,1141,1134,1127,1121,1114,1108,1101,1095,1089,1083,1077,1072,1066,1061,1056,1052,1047,1043,1040,1037,1034,1031,1029,1027,1026,1025,1024,1024,1024,1024,1024,1024,1024,1024,1024,1024,1024,1024,1024,1024,1024,1024,1024,1024,1024,1024,1024,1024,1024,1024,1024,1024,1024,1024,1024,1024,1024,1024,1024,1024,1024,1024,1024,1024,1024,1024,1024,1024,1024,1024,1024,1024,1024,1024,1024,1024,1024,1024,1024,1024,1024,1024,1024,1024,1024,1024,1024,1024,1024,1024,1024,1024,1024,1024,1024,1024,1024,1024,1024,1024,1024,1024,1024,1024,1024,1024,1024,1024,1024,1024,1024,1024,1024,1024,1024,1024,1024,1024,1024,1024,1024,1024,1024,1024,1024,1024,1024,1024,1024,1024,1024,1024,1024,1024,1024,1024,1024,1024,1024,1024,1024,1024,1024,1024,1024,1024,1024,1024,1024,1024,1024,1024,1024,1024,1024,1024,1024,1024,1024,1024,1024,1024,1024,1024,1024,1024,1024,1024,1024,1024,1024,1024,1024,1024,1024,1024,1024,1024,1024,1024,1024,1024,1024,1024,1024,1024,1024,1024,1024,1024,1024,1024,1024,1024,1024,1024,1024,1024,1024,1024,1024,1024,1024,1024,1024,1024,1024,1024,1024,1024,1024,1024,1024,1024,1024,1024,1024,1024,1024,1024,1024,1024,1024,1024,1024,1024,1024,1024,1024,1024,1024,1024,1024,1024,1024,1024,1024,1024,1024,1024,1024,1024,1024,1024,1024,1024,1024,1024,1024,1024,1024,1024,1024,1024,1024,1024,1024,1024,1024,1024,1024,1024,1024,1024,1024,1024,1024,1024,1024,1024,1024,1024,1024,1024,1024,1024,1024,1024,1024,1024,1024,1024,1024,1024,1024,1024,1024,1024,1024,1024,1024,1024,1024,1024,1024,1024,1024,1024,1024,1024,1025,1026,1027,1028,1029,1030,1032,1034,1036,1038,1040,1043,1045,1048,1051,1053,1056,1059,1062,1066,1069,1072,1075,1078,1082,1085,1088,1091,1094,1097,1100,1103,1105,1108,1110,1113,1115,1117,1118,1120,1122,1123,1124,1125,1125,1126,1126,1126,1126,1126,1125,1125,1124,1123,1122,1120,1118,1117,1115,1113,1110,1108,1105,1103,1100,1097,1094,1091,1088,1085,1082,1078,1075,1072,1069,1066,1062,1059,1056,1053,1051,1048,1045,1043,1040,1038,1036,1034,1032,1030,1029,1028,1027,1026,1025,1024,1024,1024,1024,1024,1024,1024,1024,1024,1024,1024,1024,1024,1024,1024,1024,1024,1024,1024,1024,1024,1024,1024,1024,1024,1024,1024,1024,1023,1023,1023,1022,1022,1021,1020,1019,1018,1016,1014,1012,1010,1004,1004,996,988,980,973,957,957,969,981,992,1004,1015,1027,1038,1050,1062,1073,1085,1096,1108,1119,1131,1143,1154,1166,1177,1189,1200,1212,1224,1235,1247,1258,1270,1281,1293,1305,1316,1328,1339,1351,1362,1374,1386,1397,1409,1420,1432,1443,1455,1467,1478,1490,1501,1513,1536,1536,1522,1509,1495,1481,1467,1454,1440,1426,1412,1399,1385,1371,1357,1344,1330,1316,1303,1289,1275,1261,1234,1234,1220,1205,1191,1177,1163,1149,1136,1122,1109,1096,1084,1072,1060,1049,1038,1028,1018,1008,1000,991,984,977,970,964,959,955,951,948,945,943,942,942,944,947,949,952,954,957,959,961,964,966,969,971,973,976,978,981,983,985,988,990,993,995,997,1000,1002,1005,1007,1010,1012,1014,1017,1019,1022,1024,1026,1028,1031,1033,1035,1037,1040,1042,1044,1046,1049,1051,1053,1055,1058,1060,1062,1064,1067,1069,1071,1073,1076,1078,1080,1082,1084,1087,1089,1091,1093,1096,1098,1100,1102,1105,1107,1109,1111,1114,1116,1118,1120,1123,1125,1127,1132,1132,1135,1139,1143,1146,1150,1153,1157,1161,1164,1168,1171,1175,1178,1181,1185,1188,1191,1194,1197,1200,1203,1206,1209,1211,1214,1216,1219,1221,1223,1225,1227,1229,1231,1233,1234,1236,1237,1238,1239,1240,1241,1242,1243,1243,1244,1244,1244,1244,1244,1243,1242,1241,1239,1237,1234,1232,1228,1225,1221,1216,1212,1207,1202,1197,1191,1185,1179,1173,1167,1160,1154,1147,1141,1134,1127,1121,1114,1108,1101,1095,1089,1083,1077,1072,1066,1061,1056,1052,1047,1043,1040,1037,1034,1031,1029,1027,1026,1025,1024,1024,1024,1024,1024,1024,1024,1024,1024,1024,1024,1024,1024,1024,1024,1024,1024,1024,1024,1024,1024,1024,1024,1024,1024,1024,1024,1024,1024,1024,1024,1024,1024,1024,1024,1024,1024,1024,1024,1024,1024,1024,1024,1024,1024,1024,1024,1024,1024,1024,1024,1024,1024,1024,1024,1024,1024,1024,1024,1024,1024,1024,1024,1024,1024,1024,1024,1024,1024,1024,1024,1024,1024,1024,1024,1024,1024,1024,1024,1024,1024,1024,1024,1024,1024,1024,1024,1024,1024,1024,1024,1024,1024,1024,1024,1024,1024,1024,1024,1024,1024,1024,1024,1024,1024,1024,1024,1024,1024,1024,1024,1024,1024,1024,1024,1024,1024,1024,1024,1024,1024,1024,1024,1024,1024,1024,1024,1024,1024,1024,1024,1024,1024,1024,1024,1024,1024,1024,1024,1024,1024,1024,1024,1024,1024,1024,1024,1024,1024,1024,1024,1024,1024,1024,1024,1024,1024,1024,1024,1024,1024,1024,1024,1024,1024,1024,1024,1024,1024,1024,1024,1024,1024,1024,1024,1024,1024,1024,1024,1024,1024,1024,1024,1024,1024,1024,1024,1024,1024,1024,1024,1024,1024,1024,1024,1024,1024,1024,1024,1024,1024,1024,1024,1024,1024,1024,1024,1024,1024,1024,1024,1024,1024,1024,1024,1024,1024,1024,1024,1024,1024,1024,1024,1024,1024,1024,1024,1024,1024,1024,1024,1024,1024,1024,1024,1024,1024,1024,1024,1024,1024,1024,1024,1024,1024,1024,1024,1024,1024,1024,1024,1024,1024,1024,1024,1024,1024,1024,1024,1024,1024,1024,1024,1024,1024,1024,1024,1024,1024,1024,1024,1024,1024,1024,1025,1025,1026,1027,1028,1029,1030,1032,1033,1035,1037,1039,1041,1043,1045,1048,1050,1052,1055,1057,1060,1062,1065,1068,1070,1073,1075,1078,1080,1082,1085,1087,1089,1091,1093,1095,1097,1098,1100,1101,1102,1103,1104,1105,1105,1106,1106,1106,1106,1106,1105,1105,1104,1103,1102,1101,1100,1098,1097,1095,1093,1091,1089,1087,1085,1082,1080,1078,1075,1073,1070,1068,1065,1062,1060,1057,1055,1052,1050,1048,1045,1043,1041,1039,1037,1035,1033,1032,1030,1029,1028,1027,1026,1025,1025,1024,1024,1024,1024,1024,1024,1024,1024,1024,1024,1024,1024,1024,1024,1024,1024,1024,1024,1024,1024,1024,1024,1024,1024,1024,1024,1024,1024,1024,1024,1024,1024,1024,1024,1024,1024,1024,1024,1024,1024,1024,1024,1024,1024,1024,1024,1024,1024,1024,1024,1024,1024,1024,1024,1024,1024,1024,1024,1024,1024,1024,1024,1024,1024,1024,1024,1024,1024,1024,1024,1024,1024,1024,1024,1024,1024,1024,1024,1024,1024,1024,1024,1024,1024,1024,1024,1024,1024,1024,1024,1024,1024,1024,1024,1024,1024,1024,1024,1024,1024,1024,1024,1024,1024,1024,1024,1024,1024,1024,1024,1024,1024,1024,1024,1024,1024,1024,1024,1024,1024,1024,1024,1024,1024,1024,1024,1024,1024,1024,1024,1024,1024,1024,1024,1024,1024,1024,1024,1024,1024,1024,1024,1024,1024,1024,1024,1024,1024,1024,1024,1024,1024,1024,1024,1024,1024,1024,1024,1024,1024,1024,1024,1024,1024,1024,1024,1024,1024,1024,1024,1024,1024,1024,1024,1024,1024,1024,1024,1024,1024,1024,1024,1024,1024,1024,1024,1024,1024,1024,1024,1024,1024,1024,1024,1024,1024,1024,1024,1024,1024,1024,1024,1024,1024

lead:III
count:1706
points:1024,1024,1024,1024,1024,1025,1025,1025,1026,1026,1026,1027,1027,1028,1029,1029,1030,1031,1031,1032,1033,1034,1034,1035,1036,1037,1038,1038,1039,1040,1041,1042,1042,1043,1044,1044,1045,1046,1046,1047,1047,1048,1048,1048,1049,1049,1049,1049,1049,1050,1050,1050,1049,1049,1049,1049,1049,1048,1048,1048,1047,1047,1046,1046,1045,1044,1044,1043,1042,1042,1041,1040,1039,1038,1038,1037,1036,1035,1034,1034,1033,1032,1031,1031,1030,1029,1029,1028,1027,1027,1026,1026,1026,1025,1025,1025,1024,1024,1024,1024,1024,1024,1024,1024,1024,1024,1024,1024,1024,1024,1024,1024,1024,1024,1024,1024,1024,1024,1024,1024,1024,1024,1024,1024,1024,1024,1024,1025,1025,1025,1026,1026,1027,1028,1029,1030,1031,1033,1035,1039,1039,1049,1058,1068,1077,1096,1096,1094,1093,1092,1090,1089,1088,1086,1085,1084,1082,1081,1080,1078,1077,1076,1074,1073,1072,1070,1069,1068,1066,1065,1064,1062,1061,1060,1058,1057,1056,1054,1053,1052,1050,1049,1048,1046,1045,1044,1042,1041,1040,1038,1037,1036,1034,1033,1032,1029,1029,1032,1036,1039,1042,1045,1049,1052,1055,1058,1062,1065,1068,1071,1075,1078,1081,1085,1088,1091,1094,1101,1101,1103,1105,1108,1110,1112,1114,1116,1118,1121,1123,1124,1126,1128,1130,1132,1133,1135,1136,1138,1139,1140,1141,1142,1143,1144,1145,1145,1146,1146,1147,1147,1147,1142,1137,1133,1128,1123,1119,1114,1110,1106,1101,1097,1093,1089,1085,1081,1078,1074,1071,1068,1065,1062,1060,1057,1055,1053,1051,1050,1048,1047,1046,1045,1045,1045,1044,1044,1044,1044,1044,1044,1044,1044,1044,1044,1044,1044,1044,1044,1044,1044,1044,1044,1044,1044,1044,1044,1044,1044,1044,1044,1044,1044,1044,1044,1044,1044,1044,1044,1044,1044,1044,1044,1044,1044,1044,1044,1044,1044,1044,1044,1044,1044,1044,1045,1046,1046,1047,1048,1048,1049,1050,1050,1051,1052,1052,1053,1054,1054,1055,1055,1056,1056,1057,1057,1058,1058,1059,1059,1060,1060,1061,1061,1062,1062,1062,1063,1063,1063,1063,1064,1064,1064,1064,1064,1065,1065,1065,1065,1065,1065,1065,1065,1065,1065,1064,1064,1064,1063,1063,1062,1061,1061,1060,1059,1058,1057,1056,1055,1054,1053,1052,1051,1049,1048,1047,1046,1044,1043,1042,1041,1040,1038,1037,1036,1035,1034,1033,1032,1031,1030,1029,1028,1028,1027,1026,1026,1025,1025,1025,1024,1024,1024,1024,1024,1024,1024,1024,1024,1024,1024,1024,1024,1024,1024,1024,1024,1024,1024,1024,1024,1024,1024,1024,1024,1024,1024,1024,1024,1024,1024,1024,1024,1024,1024,1024,1024,1024,1024,1024,1024,1024,1024,1024,1024,1024,1024,1024,1024,1024,1024,1024,1024,1024,1024,1024,1024,1024,1024,1024,1024,1024,1024,1024,1024,1024,1024,1024,1024,1024,1024,1024,1024,1024,1024,1024,1024,1024,1024,1024,1024,1024,1024,1024,1024,1024,1024,1024,1024,1024,1024,1024,1024,1024,1024,1024,1024,1024,1024,1024,1024,1024,1024,1024,1024,1024,1024,1024,1024,1024,1024,1024,1024,1024,1024,1024,1024,1024,1024,1024,1024,1024,1024,1024,1024,1024,1024,1024,1024,1024,1024,1024,1024,1024,1024,1024,1024,1024,1024,1024,1024,1024,1024,1024,1024,1024,1024,1024,1024,1024,1024,1024,1024,1024,1024,1024,1024,1024,1024,1024,1024,1024,1024,1024,1024,1024,1024,1024,1024,1024,1024,1024,1024,1024,1024,1024,1024,1024,1024,1024,1024,1024,1024,1024,1024,1024,1024,1024,1024,1024,1024,1024,1024,1024,1024,1024,1024,1024,1024,1024,1024,1024,1024,1024,1024,1024,1024,1024,1024,1024,1024,1024,1024,1024,1024,1024,1024,1024,1024,1024,1024,1024,1024,1024,1024,1024,1024,1024,1024,1024,1024,1024,1024,1024,1024,1024,1024,1024,1024,1024,1024,1024,1024,1024,1024,1024,1024,1024,1024,1024,1024,1024,1024,1024,1024,1024,1024,1024,1024,1024,1024,1024,1024,1024,1024,1024,1024,1024,1024,1024,1024,1024,1024,1024,1024,1024,1024,1024,1025,1025,1025,1026,1026,1026,1027,1027,1028,1029,1029,1030,1031,1031,1032,1033,1034,1034,1035,1036,1037,1038,1038,1039,1040,1041,1042,1042,1043,1044,1044,1045,1046,1046,1047,1047,1048,1048,1048,1049,1049,1049,1049,1049,1050,1050,1050,1049,1049,1049,1049,1049,1048,1048,1048,1047,1047,1046,1046,1045,1044,1044,1043,1042,1042,1041,1040,1039,1038,1038,1037,1036,1035,1034,1034,1033,1032,1031,1031,1030,1029,1029,1028,1027,1027,1026,1026,1026,1025,1025,1025,1024,1024,1024,1024,1024,1024,1024,1024,1024,1024,1024,1024,1024,1024,1024,1024,1024,1024,1024,1024,1024,1024,1024,1024,1024,1024,1024,1024,1024,1024,1024,1025,1025,1025,1026,1026,1027,1028,1029,1030,1031,1033,1035,1039,1039,1049,1058,1068,1077,1096,1096,1094,1093,1092,1090,1089,1088,1086,1085,1084,1082,1081,1080,1078,1077,1076,1074,1073,1072,1070,1069,1068,1066,1065,1064,1062,1061,1060,1058,1057,1056,1054,1053,1052,1050,1049,1048,1046,1045,1044,1042,1041,1040,1038,1037,1036,1034,1033,1032,1029,1029,1032,1036,1039,1042,1045,1049,1052,1055,1058,1062,1065,1068,1071,1075,1078,1081,1085,1088,1091,1094,1101,1101,1103,1105,1108,1110,1112,1114,1116,1118,1121,1123,1124,1126,1128,1130,1132,1133,1135,1136,1138,1139,1140,1141,1142,1143,1144,1145,1145,1146,1146,1147,1147,1147,1142,1137,1133,1128,1123,1119,1114,1110,1106,1101,1097,1093,1089,1085,1081,1078,1074,1071,1068,1065,1062,1060,1057,1055,1053,1051,1050,1048,1047,1046,1045,1045,1045,1044,1044,1044,1044,1044,1044,1044,1044,1044,1044,1044,1044,1044,1044,1044,1044,1044,1044,1044,1044,1044,1044,1044,1044,1044,1044,1044,1044,1044,1044,1044,1044,1044,1044,1044,1044,1044,1044,1044,1044,1044,1044,1044,1044,1044,1044,1044,1044,1044,1045,1046,1046,1047,1048,1048,1049,1050,1050,1051,1052,1052,1053,1054,1054,1055,1055,1056,1056,1057,1057,1058,1058,1059,1059,1060,1060,1061,1061,1062,1062,1062,1063,1063,1063,1063,1064,1064,1064,1064,1064,1065,1065,1065,1065,1065,1065,1065,1065,1065,1065,1064,1064,1064,1063,1063,1062,1061,1061,1060,1059,1058,1057,1056,1055,1054,1053,1052,1051,1049,1048,1047,1046,1044,1043,1042,1041,1040,1038,1037,1036,1035,1034,1033,1032,1031,1030,1029,1028,1028,1027,1026,1026,1025,1025,1025,1024,1024,1024,1024,1024,1024,1024,1024,1024,1024,1024,1024,1024,1024,1024,1024,1024,1024,1024,1024,1024,1024,1024,1024,1024,1024,1024,1024,1024,1024,1024,1024,1024,1024,1024,1024,1024,1024,1024,1024,1024,1024,1024,1024,1024,1024,1024,1024,1024,1024,1024,1024,1024,1024,1024,1024,1024,1024,1024,1024,1024,1024,1024,1024,1024,1024,1024,1024,1024,1024,1024,1024,1024,1024,1024,1024,1024,1024,1024,1024,1024,1024,1024,1024,1024,1024,1024,1024,1024,1024,1024,1024,1024,1024,1024,1024,1024,1024,1024,1024,1024,1024,1024,1024,1024,1024,1024,1024,1024,1024,1024,1024,1024,1024,1024,1024,1024,1024,1024,1024,1024,1024,1024,1024,1024,1024,1024,1024,1024,1024,1024,1024,1024,1024,1024,1024,1024,1024,1024,1024,1024,1024,1024,1024,1024,1024,1024,1024,1024,1024,1024,1024,1024,1024,1024,1024,1024,1024,1024,1024,1024,1024,1024,1024,1024,1024,1024,1024,1024,1024,1024,1024,1024,1024,1024,1024,1024,1024,1024,1024,1024,1024,1024,1024,1024,1024,1024,1024,1024,1024,1024,1024,1024,1024,1024,1024,1024,1024,1024,1024,1024,1024,1024,1024,1024,1024,1024,1024,1024,1024,1024,1024,1024,1024,1024,1024,1024,1024,1024,1024,1024,1024,1024,1024,1024,1024,1024,1024,1024,1024,1024,1024,1024,1024,1024,1024,1024,1024,1024,1024,1024,1024,1024,1024,1024,1024,1024,1024,1024,1024,1024,1024,1024,1024,1024,1024,1024,1024,1024,1024,1024,1024,1024,1024,1024,1024,1024,1024,1024,1024,1024,1024,1024,1024,1024,1024,1024,1025,1025,1025,1026,1026,1027,1027,1028,1029,1030,1030,1031,1032,1033,1034,1035,1036,1037,1039,1040,1041,1042,1043,1044,1045,1046,1047,1049,1050,1051,1052,1052,1053,1054,1055,1056,1056,1057,1058,1058,1059,1059,1059,1060,1060,1060,1060,1060,1060,1060,1059,1059,1059,1058,1058,1057,1056,1056,1055,1054,1053,1052,1052,1051,1050,1049,1047,1046,1045,1044,1043,1042,1041,1040,1039,1037,1036,1035,1034,1033,1032,1031,1030,1030,1029,1028,1027,1027,1026,1026,1025,1025,1025,1024,1024,1024,1024,1024,1024,1024,1024,1024,1024,1024,1024,1024,1024,1024,1024,1024,1024,1024,1024,1024,1024,1024,1024,1024,1024,1024,1024,1024,1024,1024,1024,1024,1024,1024,1024,1024,1024,1024,1024,1024,1024,1024,1024,1024,1024,1024,1024,1024,1024,1024,1024,1024,1024,1024,1024,1024,1024,1024,1024,1024,1024,1024,1024,1024,1024,1024,1024,1024,1024,1024,1024,1024,1024,1024,1024,1024,1024,1024,1024,1024,1024,1024,1024,1024,1024,1024,1024,1024,1024,1024,1024,1024,1024,1024,1024,1024,1024,1024,1024,1024,1024,1024,1024,1024,1024,1024,1024,1024,1024,1024,1024,1024,1024,1024,1024,1024,1024,1024,1024,1024,1024,1024,1024,1024,1024,1024,1024,1024,1024,1024,1024,1024,1024,1024,1024,1024,1024,1024,1024,1024,1024,1024,1024,1024,1024,1024,1024,1024,1024,1024,1024,1024,1024,1024,1024,1024,1024,1024,1024,1024,1024,1024,1024,1024,1024,1024,1024,1024,1024,1024,1024,1024,1024,1024,1024,1024,1024,1024,1024,1024,1024,1024,1024,1024,1024,1024,1024,1024,1024,1024,1024,1024,1024,1024,1024,1024,1024,1024,1024,1024,1024,1024,1024,1024

lead:aVR
count:1706
points:1024,1024,1024,1023,1022,1021,1020,1019,1018,1016,1014,1012,1010,1008,1005,1003,1000,997,994,991,988,985,982,979,976,972,969,966,963,959,956,953,950,947,945,942,939,937,935,932,930,929,927,925,924,923,922,921,921,921,921,921,921,921,922,923,924,925,927,929,930,932,935,937,939,942,945,947,950,953,956,959,963,966,969,972,976,979,982,985,988,991,994,997,1000,1003,1005,1008,1010,1012,1014,1016,1018,1019,1020,1021,1022,1023,1024,1024,1024,1024,1024,1024,1024,1024,1024,1024,1024,1024,1024,1024,1024,1024,1024,1024,1024,1024,1024,1024,1024,1024,1024,1024,1024,1025,1025,1025,1026,1027,1028,1029,1030,1032,1034,1037,1040,1043,1047,1057,1057,1071,1085,1099,1114,1142,1142,1128,1114,1100,1086,1072,1057,1043,1029,1015,1001,987,973,959,944,930,916,902,888,874,860,846,831,817,803,789,775,761,747,732,718,704,690,676,662,648,634,619,605,591,577,563,549,535,521,506,492,478,464,436,436,453,471,489,507,524,542,560,578,595,613,631,649,666,684,702,720,737,755,773,790,826,826,844,862,879,897,914,931,948,965,981,997,1013,1028,1043,1057,1070,1083,1095,1107,1118,1128,1138,1147,1155,1162,1168,1174,1179,1183,1186,1188,1189,1190,1182,1175,1168,1161,1154,1147,1141,1134,1127,1121,1115,1109,1103,1097,1091,1086,1081,1076,1071,1067,1063,1059,1055,1052,1049,1046,1044,1042,1040,1038,1037,1036,1036,1036,1033,1031,1028,1025,1023,1020,1018,1015,1013,1010,1007,1005,1002,1000,997,994,992,989,987,984,982,979,976,974,971,969,966,963,961,958,956,953,950,948,945,943,940,938,935,932,930,927,925,922,919,917,912,912,908,904,900,896,892,889,885,881,877,874,870,866,863,859,856,853,849,846,843,840,837,834,831,828,825,823,820,818,816,813,811,809,807,806,804,802,801,800,799,797,797,796,795,794,794,794,793,793,794,794,795,797,799,801,804,807,810,814,818,822,827,832,838,843,849,855,861,868,874,881,888,895,902,909,916,923,929,936,943,950,956,962,968,974,980,985,990,995,999,1004,1007,1011,1014,1017,1019,1021,1022,1023,1024,1024,1024,1024,1024,1024,1024,1024,1024,1024,1024,1024,1024,1024,1024,1024,1024,1024,1024,1024,1024,1024,1024,1024,1024,1024,1024,1024,1024,1024,1024,1024,1024,1024,1024,1024,1024,1024,1024,1024,1024,1024,1024,1024,1024,1024,1024,1024,1024,1024,1024,1024,1024,1024,1024,1024,1024,1024,1024,1024,1024,1024,1024,1024,1024,1024,1024,1024,1024,1024,1024,1024,1024,1024,1024,1024,1024,1024,1024,1024,1024,1024,1024,1024,1024,1024,1024,1024,1024,1024,1024,1024,1024,1024,1024,1024,1024,1024,1024,1024,1024,1024,1024,1024,1024,1024,1024,1024,1024,1024,1024,1024,1024,1024,1024,1024,1024,1024,1024,1024,1024,1024,1024,1024,1024,1024,1024,1024,1024,1024,1024,1024,1024,1024,1024,1024,1024,1024,1024,1024,1024,1024,1024,1024,1024,1024,1024,1024,1024,1024,1024,1024,1024,1024,1024,1024,1024,1024,1024,1024,1024,1024,1024,1024,1024,1024,1024,1024,1024,1024,1024,1024,1024,1024,1024,1024,1024,1024,1024,1024,1024,1024,1024,1024,1024,1024,1024,1024,1024,1024,1024,1024,1024,1024,1024,1024,1024,1024,1024,1024,1024,1024,1024,1024,1024,1024,1024,1024,1024,1024,1024,1024,1024,1024,1024,1024,1024,1024,1024,1024,1024,1024,1024,1024,1024,1024,1024,1024,1024,1024,1024,1024,1024,1024,1024,1024,1024,1024,1024,1024,1024,1024,1024,1024,1024,1024,1024,1024,1024,1024,1024,1024,1024,1024,1024,1024,1024,1024,1024,1024,1024,1024,1024,1024,1024,1024,1024,1024,1024,1024,1024,1024,1024,1024,1023,1022,1021,1020,1019,1018,1016,1014,1012,1010,1008,1005,1003,1000,997,994,991,988,985,982,979,976,972,969,966,963,959,956,953,950,947,945,942,939,937,935,932,930,929,927,925,924,923,922,921,921,921,921,921,921,921,922,923,924,925,927,929,930,932,935,937,939,942,945,947,950,953,956,959,963,966,969,972,976,979,982,985,988,991,994,997,1000,1003,1005,1008,1010,1012,1014,1016,1018,1019,1020,1021,1022,1023,1024,1024,1024,1024,1024,1024,1024,1024,1024,1024,1024,1024,1024,1024,1024,1024,1024,1024,1024,1024,1024,1024,1024,1024,1024,1024,1024,1025,1025,1025,1026,1027,1028,1029,1030,1032,1034,1037,1040,1043,1047,1057,1057,1071,1085,1099,1114,1142,1142,1128,1114,1100,1086,1072,1057,1043,1029,1015,1001,987,973,959,944,930,916,902,888,874,860,846,831,817,803,789,775,761,747,732,718,704,690,676,662,648,634,619,605,591,577,563,549,535,521,506,492,478,464,436,436,453,471,489,507,524,542,560,578,595,613,631,649,666,684,702,720,737,755,773,790,826,826,844,862,879,897,914,931,948,965,981,997,1013,1028,1043,1057,1070,1083,1095,1107,1118,1128,1138,1147,1155,1162,1168,1174,1179,1183,1186,1188,1189,1190,1182,1175,1168,1161,1154,1147,1141,1134,1127,1121,1115,1109,1103,1097,1091,1086,1081,1076,1071,1067,1063,1059,1055,1052,1049,1046,1044,1042,1040,1038,1037,1036,1036,1036,1033,1031,1028,1025,1023,1020,1018,1015,1013,1010,1007,1005,1002,1000,997,994,992,989,987,984,982,979,976,974,971,969,966,963,961,958,956,953,950,948,945,943,940,938,935,932,930,927,925,922,919,917,912,912,908,904,900,896,892,889,885,881,877,874,870,866,863,859,856,853,849,846,843,840,837,834,831,828,825,823,820,818,816,813,811,809,807,806,804,802,801,800,799,797,797,796,795,794,794,794,793,793,794,794,795,797,799,801,804,807,810,814,818,822,827,832,838,843,849,855,861,868,874,881,888,895,902,909,916,923,929,936,943,950,956,962,968,974,980,985,990,995,999,1004,1007,1011,1014,1017,1019,1021,1022,1023,1024,1024,1024,1024,1024,1024,1024,1024,1024,1024,1024,1024,1024,1024,1024,1024,1024,1024,1024,1024,1024,1024,1024,1024,1024,1024,1024,1024,1024,1024,1024,1024,1024,1024,1024,1024,1024,1024,1024,1024,1024,1024,1024,1024,1024,1024,1024,1024,1024,1024,1024,1024,1024,1024,1024,1024,1024,1024,1024,1024,1024,1024,1024,1024,1024,1024,1024,1024,1024,1024,1024,1024,1024,1024,1024,1024,1024,1024,1024,1024,1024,1024,1024,1024,1024,1024,1024,1024,1024,1024,1024,1024,1024,1024,1024,1024,1024,1024,1024,1024,1024,1024,1024,1024,1024,1024,1024,1024,1024,1024,1024,1024,1024,1024,1024,1024,1024,1024,1024,1024,1024,1024,1024,1024,1024,1024,1024,1024,1024,1024,1024,1024,1024,1024,1024,1024,1024,1024,1024,1024,1024,1024,1024,1024,1024,1024,1024,1024,1024,1024,1024,1024,1024,1024,1024,1024,1024,1024,1024,1024,1024,1024,1024,1024,1024,1024,1024,1024,1024,1024,1024,1024,1024,1024,1024,1024,1024,1024,1024,1024,1024,1024,1024,1024,1024,1024,1024,1024,1024,1024,1024,1024,1024,1024,1024,1024,1024,1024,1024,1024,1024,1024,1024,1024,1024,1024,1024,1024,1024,1024,1024,1024,1024,1024,1024,1024,1024,1024,1024,1024,1024,1024,1024,1024,1024,1024,1024,1024,1024,1024,1024,1024,1024,1024,1024,1024,1024,1024,1024,1024,1024,1024,1024,1024,1024,1024,1024,1024,1024,1024,1024,1024,1024,1024,1024,1024,1024,1024,1024,1024,1024,1024,1024,1024,1024,1024,1024,1024,1024,1024,1024,1024,1024,1024,1023,1022,1022,1021,1019,1018,1016,1015,1013,1011,1009,1006,1004,1001,999,996,993,990,987,984,981,978,975,972,969,966,963,960,957,954,952,949,947,944,942,940,938,936,934,932,931,930,929,928,927,927,927,926,927,927,927,928,929,930,931,932,934,936,938,940,942,944,947,949,952,954,957,960,963,966,969,972,975,978,981,984,987,990,993,996,999,1001,1004,1006,1009,1011,1013,1015,1016,1018,1019,1021,1022,1022,1023,1024,1024,1024,1024,1024,1024,1024,1024,1024,1024,1024,1024,1024,1024,1024,1024,1024,1024,1024,1024,1024,1024,1024,1024,1024,1024,1024,1024,1024,1024,1024,1024,1024,1024,1024,1024,1024,1024,1024,1024,1024,1024,1024,1024,1024,1024,1024,1024,1024,1024,1024,1024,1024,1024,1024,1024,1024,1024,1024,1024,1024,1024,1024,1024,1024,1024,1024,1024,1024,1024,1024,1024,1024,1024,1024,1024,1024,1024,1024,1024,1024,1024,1024,1024,1024,1024,1024,1024,1024,1024,1024,1024,1024,1024,1024,1024,1024,1024,1024,1024,1024,1024,1024,1024,1024,1024,1024,1024,1024,1024,1024,1024,1024,1024,1024,1024,1024,1024,1024,1024,1024,1024,1024,1024,1024,1024,1024,1024,1024,1024,1024,1024,1024,1024,1024,1024,1024,1024,1024,1024,1024,1024,1024,1024,1024,1024,1024,1024,1024,1024,1024,1024,1024,1024,1024,1024,1024,1024,1024,1024,1024,1024,1024,1024,1024,1024,1024,1024,1024,1024,1024,1024,1024,1024,1024,1024,1024,1024,1024,1024,1024,1024,1024,1024,1024,1024,1024,1024,1024,1024,1024,1024,1024,1024,1024,1024,1024,1024,1024,1024,1024,1024,1024,1024

lead:aVL
count:1706
points:1024,1024,1024,1024,1024,1025,1025,1025,1026,1026,1027,1027,1028,1029,1029,1030,1031,1032,1032,1033,1034,1035,1036,1037,1038,1039,1040,1041,1042,1042,1043,1044,1045,1046,1047,1047,1048,1049,1050,1050,1051,1051,1052,1052,1053,1053,1053,1053,1053,1054,1054,1054,1053,1053,1053,1053,1053,1052,1052,1051,1051,1050,1050,1049,1048,1047,1047,1046,1045,1044,1043,1042,1042,1041,1040,1039,1038,1037,1036,1035,1034,1033,1032,1032,1031,1030,1029,1029,1028,1027,1027,1026,1026,1025,1025,1025,1024,1024,1024,1024,1024,1024,1024,1024,1024,1024,1024,1024,1024,1024,1024,1024,1024,1024,1024,1024,1024,1024,1024,1024,1024,1024,1024,1024,1024,1023,1023,1023,1022,1021,1021,1019,1018,1017,1015,1012,1010,1007,1003,994,994,979,964,949,933,903,903,911,919,927,936,944,952,960,969,977,985,993,1001,1010,1018,1026,1034,1043,1051,1059,1067,1075,1084,1092,1100,1108,1116,1125,1133,1141,1149,1158,1166,1174,1182,1190,1199,1207,1215,1223,1232,1240,1248,1256,1264,1273,1281,1289,1297,1314,1314,1302,1290,1279,1267,1255,1244,1232,1220,1208,1197,1185,1173,1162,1150,1138,1127,1115,1103,1092,1080,1057,1057,1046,1035,1024,1013,1003,992,982,972,962,952,943,933,924,916,908,900,892,885,878,872,866,861,856,852,848,844,841,839,837,836,835,835,842,850,858,865,873,880,887,895,902,909,915,922,928,935,941,946,952,957,962,967,971,976,979,983,986,989,992,994,996,998,999,1000,1000,1000,1002,1003,1004,1006,1007,1008,1009,1011,1012,1013,1015,1016,1017,1018,1020,1021,1022,1024,1025,1026,1028,1029,1030,1031,1033,1034,1035,1037,1038,1039,1040,1042,1043,1044,1046,1047,1048,1049,1051,1052,1053,1055,1056,1057,1059,1060,1062,1062,1064,1065,1066,1068,1069,1071,1072,1073,1074,1076,1077,1078,1080,1081,1082,1083,1084,1085,1087,1088,1089,1090,1091,1092,1093,1094,1094,1095,1096,1097,1098,1098,1099,1100,1100,1101,1101,1102,1102,1102,1103,1103,1103,1103,1104,1104,1104,1104,1104,1104,1103,1103,1102,1101,1100,1099,1098,1097,1095,1094,1092,1090,1089,1087,1085,1082,1080,1078,1076,1073,1071,1069,1066,1064,1061,1059,1057,1054,1052,1050,1048,1045,1043,1041,1039,1037,1036,1034,1032,1031,1030,1029,1028,1027,1026,1025,1025,1024,1024,1024,1024,1024,1024,1024,1024,1024,1024,1024,1024,1024,1024,1024,1024,1024,1024,1024,1024,1024,1024,1024,1024,1024,1024,1024,1024,1024,1024,1024,1024,1024,1024,1024,1024,1024,1024,1024,1024,1024,1024,1024,1024,1024,1024,1024,1024,1024,1024,1024,1024,1024,1024,1024,1024,1024,1024,1024,1024,1024,1024,1024,1024,1024,1024,1024,1024,1024,1024,1024,1024,1024,1024,1024,1024,1024,1024,1024,1024,1024,1024,1024,1024,1024,1024,1024,1024,1024,1024,1024,1024,1024,1024,1024,1024,1024,1024,1024,1024,1024,1024,1024,1024,1024,1024,1024,1024,1024,1024,1024,1024,1024,1024,1024,1024,1024,1024,1024,1024,1024,1024,1024,1024,1024,1024,1024,1024,1024,1024,1024,1024,1024,1024,1024,1024,1024,1024,1024,1024,1024,1024,1024,1024,1024,1024,1024,1024,1024,1024,1024,1024,1024,1024,1024,1024,1024,1024,1024,1024,1024,1024,1024,1024,1024,1024,1024,1024,1024,1024,1024,1024,1024,1024,1024,1024,1024,1024,1024,1024,1024,1024,1024,1024,1024,1024,1024,1024,1024,1024,1024,1024,1024,1024,1024,1024,1024,1024,1024,1024,1024,1024,1024,1024,1024,1024,1024,1024,1024,1024,1024,1024,1024,1024,1024,1024,1024,1024,1024,1024,1024,1024,1024,1024,1024,1024,1024,1024,1024,1024,1024,1024,1024,1024,1024,1024,1024,1024,1024,1024,1024,1024,1024,1024,1024,1024,1024,1024,1024,1024,1024,1024,1024,1024,1024,1024,1024,1024,1024,1024,1024,1024,1024,1024,1024,1024,1024,1024,1024,1024,1024,1024,1024,1024,1024,1024,1024,1025,1025,1025,1026,1026,1027,1027,1028,1029,1029,1030,1031,1032,1032,1033,1034,1035,1036,1037,1038,1039,1040,1041,1042,1042,1043,1044,1045,1046,1047,1047,1048,1049,1050,1050,1051,1051,1052,1052,1053,1053,1053,1053,1053,1054,1054,1054,1053,1053,1053,1053,1053,1052,1052,1051,1051,1050,1050,1049,1048,1047,1047,1046,1045,1044,1043,1042,1042,1041,1040,1039,1038,1037,1036,1035,1034,1033,1032,1032,1031,1030,1029,1029,1028,1027,1027,1026,1026,1025,1025,1025,1024,1024,1024,1024,1024,1024,1024,1024,1024,1024,1024,1024,1024,1024,1024,1024,1024,1024,1024,1024,1024,1024,1024,1024,1024,1024,1024,1024,1024,1023,1023,1023,1022,1021,1021,1019,1018,1017,1015,1012,1010,1007,1003,994,994,979,964,949,933,903,903,911,919,927,936,944,952,960,969,977,985,993,1001,1010,1018,1026,1034,1043,1051,1059,1067,1075,1084,1092,1100,1108,1116,1125,1133,1141,1149,1158,1166,1174,1182,1190,1199,1207,1215,1223,1232,1240,1248,1256,1264,1273,1281,1289,1297,1314,1314,1302,1290,1279,1267,1255,1244,1232,1220,1208,1197,1185,1173,1162,1150,1138,1127,1115,1103,1092,1080,1057,1057,1046,1035,1024,1013,1003,992,982,972,962,952,943,933,924,916,908,900,892,885,878,872,866,861,856,852,848,844,841,839,837,836,835,835,842,850,858,865,873,880,887,895,902,909,915,922,928,935,941,946,952,957,962,967,971,976,979,983,986,989,992,994,996,998,999,1000,1000,1000,1002,1003,1004,1006,1007,1008,1009,1011,1012,1013,1015,1016,1017,1018,1020,1021,1022,1024,1025,1026,1028,1029,1030,1031,1033,1034,1035,1037,1038,1039,1040,1042,1043,1044,1046,1047,1048,1049,1051,1052,1053,1055,1056,1057,1059,1060,1062,1062,1064,1065,1066,1068,1069,1071,1072,1073,1074,1076,1077,1078,1080,1081,1082,1083,1084,1085,1087,1088,1089,1090,1091,1092,1093,1094,1094,1095,1096,1097,1098,1098,1099,1100,1100,1101,1101,1102,1102,1102,1103,1103,1103,1103,1104,1104,1104,1104,1104,1104,1103,1103,1102,1101,1100,1099,1098,1097,1095,1094,1092,1090,1089,1087,1085,1082,1080,1078,1076,1073,1071,1069,1066,1064,1061,1059,1057,1054,1052,1050,1048,1045,1043,1041,1039,1037,1036,1034,1032,1031,1030,1029,1028,1027,1026,1025,1025,1024,1024,1024,1024,1024,1024,1024,1024,1024,1024,1024,1024,1024,1024,1024,1024,1024,1024,1024,1024,1024,1024,1024,1024,1024,1024,1024,1024,1024,1024,1024,1024,1024,1024,1024,1024,1024,1024,1024,1024,1024,1024,1024,1024,1024,1024,1024,1024,1024,1024,1024,1024,1024,1024,1024,1024,1024,1024,1024,1024,1024,1024,1024,1024,1024,1024,1024,1024,1024,1024,1024,1024,1024,1024,1024,1024,1024,1024,1024,1024,1024,1024,1024,1024,1024,1024,1024,1024,1024,1024,1024,1024,1024,1024,1024,1024,1024,1024,1024,1024,1024,1024,1024,1024,1024,1024,1024,1024,1024,1024,1024,1024,1024,1024,1024,1024,1024,1024,1024,1024,1024,1024,1024,1024,1024,1024,1024,1024,1024,1024,1024,1024,1024,1024,1024,1024,1024,1024,1024,1024,1024,1024,1024,1024,1024,1024,1024,1024,1024,1024,1024,1024,1024,1024,1024,1024,1024,1024,1024,1024,1024,1024,1024,1024,1024,1024,1024,1024,1024,1024,1024,1024,1024,1024,1024,1024,1024,1024,1024,1024,1024,1024,1024,1024,1024,1024,1024,1024,1024,1024,1024,1024,1024,1024,1024,1024,1024,1024,1024,1024,1024,1024,1024,1024,1024,1024,1024,1024,1024,1024,1024,1024,1024,1024,1024,1024,1024,1024,1024,1024,1024,1024,1024,1024,1024,1024,1024,1024,1024,1024,1024,1024,1024,1024,1024,1024,1024,1024,1024,1024,1024,1024,1024,1024,1024,1024,1024,1024,1024,1024,1024,1024,1024,1024,1024,1024,1024,1024,1024,1024,1024,1024,1024,1024,1024,1024,1024,1024,1024,1024,1024,1024,1024,1024,1024,1024,1024,1024,1025,1025,1025,1025,1026,1026,1026,1027,1027,1028,1028,1029,1029,1030,1030,1031,1031,1032,1032,1033,1033,1034,1035,1035,1036,1036,1037,1037,1038,1038,1039,1039,1039,1040,1040,1040,1041,1041,1041,1041,1041,1042,1042,1042,1042,1042,1042,1042,1041,1041,1041,1041,1041,1040,1040,1040,1039,1039,1039,1038,1038,1037,1037,1036,1036,1035,1035,1034,1033,1033,1032,1032,1031,1031,1030,1030,1029,1029,1028,1028,1027,1027,1026,1026,1026,1025,1025,1025,1025,1024,1024,1024,1024,1024,1024,1024,1024,1024,1024,1024,1024,1024,1024,1024,1024,1024,1024,1024,1024,1024,1024,1024,1024,1024,1024,1024,1024,1024,1024,1024,1024,1024,1024,1024,1024,1024,1024,1024,1024,1024,1024,1024,1024,1024,1024,1024,1024,1024,1024,1024,1024,1024,1024,1024,1024,1024,1024,1024,1024,1024,1024,1024,1024,1024,1024,1024,1024,1024,1024,1024,1024,1024,1024,1024,1024,1024,1024,1024,1024,1024,1024,1024,1024,1024,1024,1024,1024,1024,1024,1024,1024,1024,1024,1024,1024,1024,1024,1024,1024,1024,1024,1024,1024,1024,1024,1024,1024,1024,1024,1024,1024,1024,1024,1024,1024,1024,1024,1024,1024,1024,1024,1024,1024,1024,1024,1024,1024,1024,1024,1024,1024,1024,1024,1024,1024,1024,1024,1024,1024,1024,1024,1024,1024,1024,1024,1024,1024,1024,1024,1024,1024,1024,1024,1024,1024,1024,1024,1024,1024,1024,1024,1024,1024,1024,1024,1024,1024,1024,1024,1024,1024,1024,1024,1024,1024,1024,1024,1024,1024,1024,1024,1024,1024,1024,1024,1024,1024,1024,1024,1024,1024,1024,1024,1024,1024,1024,1024,1024,1024,1024,1024,1024,1024,1024,1024,1024

lead:aVF
count:1706
points:1024,1024,1024,1025,1025,1026,1027,1028,1029,1030,1031,1032,1034,1036,1037,1039,1041,1043,1045,1047,1050,1052,1054,1056,1059,1061,1063,1066,1068,1070,1072,1075,1077,1079,1081,1083,1085,1086,1088,1089,1091,1092,1093,1094,1095,1096,1097,1097,1098,1098,1098,1098,1098,1097,1097,1096,1095,1094,1093,1092,1091,1089,1088,1086,1085,1083,1081,1079,1077,1075,1072,1070,1068,1066,1063,1061,1059,1056,1054,1052,1050,1047,1045,1043,1041,1039,1037,1036,1034,1032,1031,1030,1029,1028,1027,1026,1025,1025,1024,1024,1024,1024,1024,1024,1024,1024,1024,1024,1024,1024,1024,1024,1024,1024,1024,1024,1024,1024,1024,1024,1024,1024,1024,1024,1024,1024,1024,1024,1024,1024,1024,1024,1023,1023,1023,1023,1023,1022,1022,1021,1021,1022,1023,1024,1025,1027,1027,1033,1039,1045,1051,1057,1062,1068,1074,1080,1086,1092,1098,1104,1110,1116,1122,1127,1133,1139,1145,1151,1157,1163,1169,1175,1181,1187,1192,1198,1204,1210,1216,1222,1228,1234,1240,1246,1252,1258,1263,1269,1275,1281,1287,1293,1299,1305,1311,1323,1323,1317,1310,1304,1298,1292,1286,1280,1274,1268,1262,1256,1250,1244,1238,1232,1226,1220,1214,1208,1202,1190,1190,1183,1176,1169,1162,1155,1148,1142,1135,1129,1123,1117,1111,1105,1100,1094,1089,1084,1080,1076,1072,1068,1064,1061,1058,1056,1054,1052,1050,1049,1048,1048,1048,1047,1047,1046,1045,1045,1044,1044,1043,1043,1042,1042,1041,1041,1041,1040,1040,1039,1039,1039,1038,1038,1038,1037,1037,1037,1037,1036,1036,1036,1036,1036,1036,1036,1036,1037,1038,1040,1041,1042,1044,1045,1046,1047,1049,1050,1051,1053,1054,1055,1057,1058,1059,1060,1062,1063,1064,1066,1067,1068,1069,1071,1072,1073,1075,1076,1077,1079,1080,1081,1082,1084,1085,1086,1088,1089,1090,1091,1093,1094,1095,1098,1098,1100,1103,1105,1108,1110,1113,1115,1118,1120,1123,1125,1127,1130,1132,1134,1136,1138,1141,1143,1145,1147,1149,1150,1152,1154,1156,1157,1159,1160,1162,1163,1164,1166,1167,1168,1169,1170,1171,1171,1172,1173,1173,1174,1174,1174,1175,1175,1175,1175,1174,1174,1173,1171,1170,1168,1166,1164,1161,1159,1156,1153,1149,1146,1142,1138,1134,1130,1126,1122,1117,1113,1108,1104,1099,1095,1090,1086,1081,1077,1073,1068,1064,1060,1057,1053,1049,1046,1043,1040,1037,1035,1033,1031,1029,1027,1026,1025,1025,1024,1024,1024,1024,1024,1024,1024,1024,1024,1024,1024,1024,1024,1024,1024,1024,1024,1024,1024,1024,1024,1024,1024,1024,1024,1024,1024,1024,1024,1024,1024,1024,1024,1024,1024,1024,1024,1024,1024,1024,1024,1024,1024,1024,1024,1024,1024,1024,1024,1024,1024,1024,1024,1024,1024,1024,1024,1024,1024,1024,1024,1024,1024,1024,1024,1024,1024,1024,1024,1024,1024,1024,1024,1024,1024,1024,1024,1024,1024,1024,1024,1024,1024,1024,1024,1024,1024,1024,1024,1024,1024,1024,1024,1024,1024,1024,1024,1024,1024,1024,1024,1024,1024,1024,1024,1024,1024,1024,1024,1024,1024,1024,1024,1024,1024,1024,1024,1024,1024,1024,1024,1024,1024,1024,1024,1024,1024,1024,1024,1024,1024,1024,1024,1024,1024,1024,1024,1024,1024,1024,1024,1024,1024,1024,1024,1024,1024,1024,1024,1024,1024,1024,1024,1024,1024,1024,1024,1024,1024,1024,1024,1024,1024,1024,1024,1024,1024,1024,1024,1024,1024,1024,1024,1024,1024,1024,1024,1024,1024,1024,1024,1024,1024,1024,1024,1024,1024,1024,1024,1024,1024,1024,1024,1024,1024,1024,1024,1024,1024,1024,1024,1024,1024,1024,1024,1024,1024,1024,1024,1024,1024,1024,1024,1024,1024,1024,1024,1024,1024,1024,1024,1024,1024,1024,1024,1024,1024,1024,1024,1024,1024,1024,1024,1024,1024,1024,1024,1024,1024,1024,1024,1024,1024,1024,1024,1024,1024,1024,1024,1024,1024,1024,1024,1024,1024,1024,1024,1024,1024,1024,1024,1024,1024,1024,1024,1024,1024,1024,1024,1024,1024,1024,1024,1024,1025,1025,1026,1027,1028,1029,1030,1031,1032,1034,1036,1037,1039,1041,1043,1045,1047,1050,1052,1054,1056,1059,1061,1063,1066,1068,1070,1072,1075,1077,1079,1081,1083,1085,1086,1088,1089,1091,1092,1093,1094,1095,1096,1097,1097,1098,1098,1098,1098,1098,1097,1097,1096,1095,1094,1093,1092,1091,1089,1088,1086,1085,1083,1081,1079,1077,1075,1072,1070,1068,1066,1063,1061,1059,1056,1054,1052,1050,1047,1045,1043,1041,1039,1037,1036,1034,1032,1031,1030,1029,1028,1027,1026,1025,1025,1024,1024,1024,1024,1024,1024,1024,1024,1024,1024,1024,1024,1024,1024,1024,1024,1024,1024,1024,1024,1024,1024,1024,1024,1024,1024,1024,1024,1024,1024,1024,1024,1024,1024,1023,1023,1023,1023,1023,1022,1022,1021,1021,1022,1023,1024,1025,1027,1027,1033,1039,1045,1051,1057,1062,1068,1074,1080,1086,1092,1098,1104,1110,1116,1122,1127,1133,1139,1145,1151,1157,1163,1169,1175,1181,1187,1192,1198,1204,1210,1216,1222,1228,1234,1240,1246,1252,1258,1263,1269,1275,1281,1287,1293,1299,1305,1311,1323,1323,1317,1310,1304,1298,1292,1286,1280,1274,1268,1262,1256,1250,1244,1238,1232,1226,1220,1214,1208,1202,1190,1190,1183,1176,1169,1162,1155,1148,1142,1135,1129,1123,1117,1111,1105,1100,1094,1089,1084,1080,1076,1072,1068,1064,1061,1058,1056,1054,1052,1050,1049,1048,1048,1048,1047,1047,1046,1045,1045,1044,1044,1043,1043,1042,1042,1041,1041,1041,1040,1040,1039,1039,1039,1038,1038,1038,1037,1037,1037,1037,1036,1036,1036,1036,1036,1036,1036,1036,1037,1038,1040,1041,1042,1044,1045,1046,1047,1049,1050,1051,1053,1054,1055,1057,1058,1059,1060,1062,1063,1064,1066,1067,1068,1069,1071,1072,1073,1075,1076,1077,1079,1080,1081,1082,1084,1085,1086,1088,1089,1090,1091,1093,1094,1095,1098,1098,1100,1103,1105,1108,1110,1113,1115,1118,1120,1123,1125,1127,1130,1132,1134,1136,1138,1141,1143,1145,1147,1149,1150,1152,1154,1156,1157,1159,1160,1162,1163,1164,1166,1167,1168,1169,1170,1171,1171,1172,1173,1173,1174,1174,1174,1175,1175,1175,1175,1174,1174,1173,1171,1170,1168,1166,1164,1161,1159,1156,1153,1149,1146,1142,1138,1134,1130,1126,1122,1117,1113,1108,1104,1099,1095,1090,1086,1081,1077,1073,1068,1064,1060,1057,1053,1049,1046,1043,1040,1037,1035,1033,1031,1029,1027,1026,1025,1025,1024,1024,1024,1024,1024,1024,1024,1024,1024,1024,1024,1024,1024,1024,1024,1024,1024,1024,1024,1024,1024,1024,1024,1024,1024,1024,1024,1024,1024,1024,1024,1024,1024,1024,1024,1024,1024,1024,1024,1024,1024,1024,1024,1024,1024,1024,1024,1024,1024,1024,1024,1024,1024,1024,1024,1024,1024,1024,1024,1024,1024,1024,1024,1024,1024,1024,1024,1024,1024,1024,1024,1024,1024,1024,1024,1024,1024,1024,1024,1024,1024,1024,1024,1024,1024,1024,1024,1024,1024,1024,1024,1024,1024,1024,1024,1024,1024,1024,1024,1024,1024,1024,1024,1024,1024,1024,1024,1024,1024,1024,1024,1024,1024,1024,1024,1024,1024,1024,1024,1024,1024,1024,1024,1024,1024,1024,1024,1024,1024,1024,1024,1024,1024,1024,1024,1024,1024,1024,1024,1024,1024,1024,1024,1024,1024,1024,1024,1024,1024,1024,1024,1024,1024,1024,1024,1024,1024,1024,1024,1024,1024,1024,1024,1024,1024,1024,1024,1024,1024,1024,1024,1024,1024,1024,1024,1024,1024,1024,1024,1024,1024,1024,1024,1024,1024,1024,1024,1024,1024,1024,1024,1024,1024,1024,1024,1024,1024,1024,1024,1024,1024,1024,1024,1024,1024,1024,1024,1024,1024,1024,1024,1024,1024,1024,1024,1024,1024,1024,1024,1024,1024,1024,1024,1024,1024,1024,1024,1024,1024,1024,1024,1024,1024,1024,1024,1024,1024,1024,1024,1024,1024,1024,1024,1024,1024,1024,1024,1024,1024,1024,1024,1024,1024,1024,1024,1024,1024,1024,1024,1024,1024,1024,1024,1024,1024,1024,1024,1024,1024,1024,1024,1024,1024,1024,1025,1025,1026,1027,1028,1029,1030,1032,1033,1035,1037,1038,1040,1043,1045,1047,1049,1052,1054,1056,1059,1061,1064,1066,1069,1071,1074,1076,1079,1081,1083,1085,1087,1089,1091,1093,1095,1096,1098,1099,1100,1101,1102,1103,1103,1103,1104,1104,1104,1103,1103,1103,1102,1101,1100,1099,1098,1096,1095,1093,1091,1089,1087,1085,1083,1081,1079,1076,1074,1071,1069,1066,1064,1061,1059,1056,1054,1052,1049,1047,1045,1043,1040,1038,1037,1035,1033,1032,1030,1029,1028,1027,1026,1025,1025,1024,1024,1024,1024,1024,1024,1024,1024,1024,1024,1024,1024,1024,1024,1024,1024,1024,1024,1024,1024,1024,1024,1024,1024,1024,1024,1024,1024,1024,1024,1024,1024,1024,1024,1024,1024,1024,1024,1024,1024,1024,1024,1024,1024,1024,1024,1024,1024,1024,1024,1024,1024,1024,1024,1024,1024,1024,1024,1024,1024,1024,1024,1024,1024,1024,1024,1024,1024,1024,1024,1024,1024,1024,1024,1024,1024,1024,1024,1024,1024,1024,1024,1024,1024,1024,1024,1024,1024,1024,1024,1024,1024,1024,1024,1024,1024,1024,1024,1024,1024,1024,1024,1024,1024,1024,1024,1024,1024,1024,1024,1024,1024,1024,1024,1024,1024,1024,1024,1024,1024,1024,1024,1024,1024,1024,1024,1024,1024,1024,1024,1024,1024,1024,1024,1024,1024,1024,1024,1024,1024,1024,1024,1024,1024,1024,1024,1024,1024,1024,1024,1024,1024,1024,1024,1024,1024,1024,1024,1024,1024,1024,1024,1024,1024,1024,1024,1024,1024,1024,1024,1024,1024,1024,1024,1024,1024,1024,1024,1024,1024,1024,1024,1024,1024,1024,1024,1024,1024,1024,1024,1024,1024,1024,1024,1024,1024,1024,1024,1024,1024,1024,1024,1024,1024

lead:V1
count:1706
points:1024,1024,1024,1024,1025,1025,1025,1026,1026,1027,1027,1028,1029,1030,1031,1031,1032,1033,1034,1035,1036,1038,1039,1040,1041,1042,1043,1044,1045,1047,1048,1049,1050,1051,1052,1053,1054,1054,1055,1056,1057,1057,1058,1058,1059,1059,1060,1060,1060,1060,1060,1060,1060,1060,1060,1059,1059,1058,1058,1057,1057,1056,1055,1054,1054,1053,1052,1051,1050,1049,1048,1047,1045,1044,1043,1042,1041,1040,1039,1038,1036,1035,1034,1033,1032,1031,1031,1030,1029,1028,1027,1027,1026,1026,1025,1025,1025,1024,1024,1024,1024,1024,1024,1024,1024,1024,1024,1024,1024,1024,1024,1024,1024,1024,1024,1024,1024,1024,1024,1024,1024,1024,1024,1024,1024,1024,1024,1024,1024,1024,1024,1024,1024,1024,1024,1024,1024,1024,1024,1024,1024,1024,1024,1024,1024,1024,1024,1024,1024,1024,1024,1025,1025,1025,1026,1026,1027,1027,1028,1029,1029,1030,1031,1032,1033,1034,1035,1036,1037,1038,1039,1041,1042,1043,1045,1046,1048,1049,1050,1052,1054,1055,1057,1058,1060,1062,1063,1065,1067,1069,1070,1072,1074,1076,1077,1081,1081,1072,1063,1053,1044,1035,1026,1017,1007,998,989,980,971,961,952,943,934,925,915,906,897,879,879,917,955,994,1032,1069,1106,1143,1178,1214,1248,1281,1314,1345,1376,1405,1433,1459,1484,1508,1530,1551,1570,1587,1602,1616,1628,1639,1647,1654,1658,1661,1662,1634,1606,1578,1550,1522,1495,1468,1441,1415,1389,1364,1340,1316,1294,1271,1250,1230,1210,1192,1174,1158,1142,1128,1115,1103,1092,1082,1074,1067,1061,1056,1053,1051,1051,1048,1046,1043,1041,1038,1036,1033,1031,1029,1026,1024,1021,1019,1016,1014,1012,1009,1007,1004,1002,999,997,994,992,990,987,985,982,980,977,975,973,970,968,965,963,960,958,955,953,951,948,946,943,941,938,934,934,930,926,922,918,914,910,907,903,899,895,892,888,885,881,878,874,871,868,864,861,858,855,852,850,847,844,842,839,837,835,833,831,829,827,825,824,822,821,820,819,818,817,816,816,815,815,815,815,815,816,817,819,821,824,827,831,835,840,845,851,857,863,869,876,884,891,899,907,915,923,932,940,949,957,966,974,983,991,1000,1008,1016,1024,1031,1038,1045,1052,1058,1064,1069,1075,1079,1083,1087,1091,1093,1096,1097,1099,1100,1100,1100,1100,1099,1099,1099,1098,1098,1097,1097,1096,1095,1094,1093,1092,1091,1090,1089,1087,1086,1085,1083,1082,1080,1079,1077,1076,1074,1072,1071,1069,1067,1065,1064,1062,1060,1058,1057,1055,1053,1052,1050,1048,1047,1045,1043,1042,1040,1039,1038,1036,1035,1034,1033,1032,1031,1030,1029,1028,1027,1027,1026,1025,1025,1025,1024,1024,1024,1024,1024,1024,1024,1024,1024,1024,1024,1024,1024,1024,1024,1024,1024,1024,1024,1024,1024,1024,1024,1024,1024,1024,1024,1024,1024,1024,1024,1024,1024,1024,1024,1024,1024,1024,1024,1024,1024,1024,1024,1024,1024,1024,1024,1024,1024,1024,1024,1024,1024,1024,1024,1024,1024,1024,1024,1024,1024,1024,1024,1024,1024,1024,1024,1024,1024,1024,1024,1024,1024,1024,1024,1024,1024,1024,1024,1024,1024,1024,1024,1024,1024,1024,1024,1024,1024,1024,1024,1024,1024,1024,1024,1024,1024,1024,1024,1024,1024,1024,1024,1024,1024,1024,1024,1024,1024,1024,1024,1024,1024,1024,1024,1024,1024,1024,1024,1024,1024,1024,1024,1024,1024,1024,1024,1024,1024,1024,1024,1024,1024,1024,1024,1024,1024,1024,1024,1024,1024,1024,1024,1024,1024,1024,1024,1024,1024,1024,1024,1024,1024,1024,1024,1024,1024,1024,1024,1024,1024,1024,1024,1024,1024,1024,1024,1024,1024,1024,1024,1024,1024,1024,1024,1024,1024,1024,1024,1024,1024,1024,1024,1024,1024,1024,1024,1024,1024,1024,1024,1024,1024,1024,1024,1024,1024,1024,1024,1024,1024,1024,1024,1024,1024,1024,1024,1024,1024,1025,1025,1025,1026,1026,1027,1027,1028,1029,1030,1031,1031,1032,1033,1034,1035,1036,1038,1039,1040,1041,1042,1043,1044,1045,1047,1048,1049,1050,1051,1052,1053,1054,1054,1055,1056,1057,1057,1058,1058,1059,1059,1060,1060,1060,1060,1060,1060,1060,1060,1060,1059,1059,1058,1058,1057,1057,1056,1055,1054,1054,1053,1052,1051,1050,1049,1048,1047,1045,1044,1043,1042,1041,1040,1039,1038,1036,1035,1034,1033,1032,1031,1031,1030,1029,1028,1027,1027,1026,1026,1025,1025,1025,1024,1024,1024,1024,1024,1024,1024,1024,1024,1024,1024,1024,1024,1024,1024,1024,1024,1024,1024,1024,1024,1024,1024,1024,1024,1024,1024,1024,1024,1024,1024,1024,1024,1024,1024,1024,1024,1024,1024,1024,1024,1024,1024,1024,1024,1024,1024,1024,1024,1024,1024,1024,1024,1024,1025,1025,1025,1026,1026,1027,1027,1028,1029,1029,1030,1031,1032,1033,1034,1035,1036,1037,1038,1039,1041,1042,1043,1045,1046,1048,1049,1050,1052,1054,1055,1057,1058,1060,1062,1063,1065,1067,1069,1070,1072,1074,1076,1077,1081,1081,1072,1063,1053,1044,1035,1026,1017,1007,998,989,980,971,961,952,943,934,925,915,906,897,879,879,917,955,994,1032,1069,1106,1143,1178,1214,1248,1281,1314,1345,1376,1405,1433,1459,1484,1508,1530,1551,1570,1587,1602,1616,1628,1639,1647,1654,1658,1661,1662,1634,1606,1578,1550,1522,1495,1468,1441,1415,1389,1364,1340,1316,1294,1271,1250,1230,1210,1192,1174,1158,1142,1128,1115,1103,1092,1082,1074,1067,1061,1056,1053,1051,1051,1048,1046,1043,1041,1038,1036,1033,1031,1029,1026,1024,1021,1019,1016,1014,1012,1009,1007,1004,1002,999,997,994,992,990,987,985,982,980,977,975,973,970,968,965,963,960,958,955,953,951,948,946,943,941,938,934,934,930,926,922,918,914,910,907,903,899,895,892,888,885,881,878,874,871,868,864,861,858,855,852,850,847,844,842,839,837,835,833,831,829,827,825,824,822,821,820,819,818,817,816,816,815,815,815,815,815,816,817,819,821,824,827,831,835,840,845,851,857,863,869,876,884,891,899,907,915,923,932,940,949,957,966,974,983,991,1000,1008,1016,1024,1031,1038,1045,1052,1058,1064,1069,1075,1079,1083,1087,1091,1093,1096,1097,1099,1100,1100,1100,1100,1099,1099,1099,1098,1098,1097,1097,1096,1095,1094,1093,1092,1091,1090,1089,1087,1086,1085,1083,1082,1080,1079,1077,1076,1074,1072,1071,1069,1067,1065,1064,1062,1060,1058,1057,1055,1053,1052,1050,1048,1047,1045,1043,1042,1040,1039,1038,1036,1035,1034,1033,1032,1031,1030,1029,1028,1027,1027,1026,1025,1025,1025,1024,1024,1024,1024,1024,1024,1024,1024,1024,1024,1024,1024,1024,1024,1024,1024,1024,1024,1024,1024,1024,1024,1024,1024,1024,1024,1024,1024,1024,1024,1024,1024,1024,1024,1024,1024,1024,1024,1024,1024,1024,1024,1024,1024,1024,1024,1024,1024,1024,1024,1024,1024,1024,1024,1024,1024,1024,1024,1024,1024,1024,1024,1024,1024,1024,1024,1024,1024,1024,1024,1024,1024,1024,1024,1024,1024,1024,1024,1024,1024,1024,1024,1024,1024,1024,1024,1024,1024,1024,1024,1024,1024,1024,1024,1024,1024,1024,1024,1024,1024,1024,1024,1024,1024,1024,1024,1024,1024,1024,1024,1024,1024,1024,1024,1024,1024,1024,1024,1024,1024,1024,1024,1024,1024,1024,1024,1024,1024,1024,1024,1024,1024,1024,1024,1024,1024,1024,1024,1024,1024,1024,1024,1024,1024,1024,1024,1024,1024,1024,1024,1024,1024,1024,1024,1024,1024,1024,1024,1024,1024,1024,1024,1024,1024,1024,1024,1024,1024,1024,1024,1024,1024,1024,1024,1024,1024,1024,1024,1024,1024,1024,1024,1024,1024,1024,1024,1024,1024,1024,1024,1024,1024,1024,1024,1024,1024,1024,1024,1024,1024,1024,1024,1024,1024,1024,1024,1024,1024,1024,1025,1025,1025,1026,1026,1027,1027,1028,1029,1030,1031,1032,1032,1033,1034,1036,1037,1038,1039,1040,1041,1042,1043,1045,1046,1047,1048,1049,1050,1051,1052,1053,1054,1055,1056,1056,1057,1058,1058,1059,1059,1060,1060,1060,1060,1060,1061,1060,1060,1060,1060,1060,1059,1059,1058,1058,1057,1056,1056,1055,1054,1053,1052,1051,1050,1049,1048,1047,1046,1045,1043,1042,1041,1040,1039,1038,1037,1036,1034,1033,1032,1032,1031,1030,1029,1028,1027,1027,1026,1026,1025,1025,1025,1024,1024,1024,1024,1024,1024,1024,1024,1024,1024,1024,1024,1024,1024,1024,1024,1024,1024,1024,1024,1024,1024,1024,1024,1024,1024,1024,1024,1024,1024,1024,1024,1024,1024,1024,1024,1024,1024,1024,1024,1024,1024,1024,1024,1024,1024,1024,1024,1024,1024,1024,1024,1024,1024,1024,1024,1024,1024,1024,1024,1024,1024,1024,1024,1024,1024,1024,1024,1024,1024,1024,1024,1024,1024,1024,1024,1024,1024,1024,1024,1024,1024,1024,1024,1024,1024,1024,1024,1024,1024,1024,1024,1024,1024,1024,1024,1024,1024,1024,1024,1024,1024,1024,1024,1024,1024,1024,1024,1024,1024,1024,1024,1024,1024,1024,1024,1024,1024,1024,1024,1024,1024,1024,1024,1024,1024,1024,1024,1024,1024,1024,1024,1024,1024,1024,1024,1024,1024,1024,1024,1024,1024,1024,1024,1024,1024,1024,1024,1024,1024,1024,1024,1024,1024,1024,1024,1024,1024,1024,1024,1024,1024,1024,1024,1024,1024,1024,1024,1024,1024,1024,1024,1024,1024,1024,1024,1024,1024,1024,1024,1024,1024,1024,1024,1024,1024,1024,1024,1024,1024,1024,1024,1024,1024,1024,1024,1024,1024,1024,1024,1024,1024,1024,1024,1024

lead:V2
count:1706
points:1024,1024,1024,1025,1025,1026,1026,1027,1028,1029,1031,1032,1034,1035,1037,1039,1040,1042,1044,1046,1048,1051,1053,1055,1057,1059,1062,1064,1066,1068,1070,1072,1074,1076,1078,1080,1082,1083,1085,1087,1088,1089,1090,1091,1092,1093,1094,1094,1094,1095,1095,1095,1094,1094,1094,1093,1092,1091,1090,1089,1088,1087,1085,1083,1082,1080,1078,1076,1074,1072,1070,1068,1066,1064,1062,1059,1057,1055,1053,1051,1048,1046,1044,1042,1040,1039,1037,1035,1034,1032,1031,1029,1028,1027,1026,1026,1025,1025,1024,1024,1024,1024,1024,1024,1024,1024,1024,1024,1024,1024,1024,1024,1024,1024,1024,1024,1024,1024,1024,1024,1024,1024,1024,1024,1024,1024,1024,1024,1024,1024,1024,1024,1024,1024,1024,1024,1024,1024,1024,1024,1024,1024,1024,1024,1024,1024,1024,1024,1025,1025,1026,1028,1029,1031,1034,1036,1039,1042,1046,1049,1053,1058,1062,1067,1072,1077,1083,1089,1095,1101,1107,1114,1121,1128,1136,1143,1151,1159,1167,1175,1183,1192,1201,1210,1218,1228,1237,1246,1255,1265,1274,1284,1293,1303,1312,1332,1332,1305,1279,1252,1226,1199,1173,1146,1120,1093,1067,1040,1014,987,961,935,908,882,855,829,802,749,749,789,828,868,907,946,984,1022,1059,1095,1131,1165,1199,1231,1262,1292,1321,1349,1375,1399,1422,1443,1463,1481,1497,1511,1523,1534,1543,1549,1554,1557,1558,1534,1510,1486,1462,1439,1415,1392,1369,1347,1325,1304,1283,1263,1243,1224,1206,1189,1172,1156,1141,1127,1114,1102,1091,1080,1071,1063,1056,1050,1045,1041,1038,1036,1036,1034,1033,1031,1029,1028,1026,1024,1023,1021,1020,1018,1016,1015,1013,1011,1010,1008,1007,1005,1003,1002,1000,998,997,995,994,992,990,989,987,985,984,982,981,979,977,976,974,972,971,969,968,966,964,963,961,958,958,956,954,952,950,948,947,945,943,941,939,938,936,934,933,931,929,928,926,925,923,922,920,919,918,916,915,914,913,912,911,910,909,908,907,906,905,905,904,903,903,902,902,902,901,901,901,901,901,901,902,903,904,906,908,910,913,916,919,923,927,931,935,940,945,950,956,961,967,973,979,985,991,997,1003,1010,1016,1022,1028,1034,1040,1045,1051,1056,1062,1067,1071,1076,1080,1084,1088,1091,1094,1097,1099,1101,1103,1104,1105,1106,1106,1106,1106,1106,1105,1105,1104,1104,1103,1102,1102,1101,1100,1099,1098,1096,1095,1094,1093,1091,1090,1088,1087,1085,1083,1082,1080,1078,1076,1074,1072,1071,1069,1067,1065,1063,1061,1059,1057,1056,1054,1052,1050,1048,1047,1045,1043,1042,1040,1039,1037,1036,1035,1033,1032,1031,1030,1029,1028,1027,1027,1026,1026,1025,1025,1024,1024,1024,1024,1024,1024,1024,1024,1024,1024,1024,1024,1024,1024,1024,1024,1024,1024,1024,1024,1024,1024,1024,1024,1024,1024,1024,1024,1024,1024,1024,1024,1024,1024,1024,1024,1024,1024,1024,1024,1024,1024,1024,1024,1024,1024,1024,1024,1024,1024,1024,1024,1024,1024,1024,1024,1024,1024,1024,1024,1024,1024,1024,1024,1024,1024,1024,1024,1024,1024,1024,1024,1024,1024,1024,1024,1024,1024,1024,1024,1024,1024,1024,1024,1024,1024,1024,1024,1024,1024,1024,1024,1024,1024,1024,1024,1024,1024,1024,1024,1024,1024,1024,1024,1024,1024,1024,1024,1024,1024,1024,1024,1024,1024,1024,1024,1024,1024,1024,1024,1024,1024,1024,1024,1024,1024,1024,1024,1024,1024,1024,1024,1024,1024,1024,1024,1024,1024,1024,1024,1024,1024,1024,1024,1024,1024,1024,1024,1024,1024,1024,1024,1024,1024,1024,1024,1024,1024,1024,1024,1024,1024,1024,1024,1024,1024,1024,1024,1024,1024,1024,1024,1024,1024,1024,1024,1024,1024,1024,1024,1024,1024,1024,1024,1024,1024,1024,1024,1024,1024,1024,1024,1024,1024,1024,1024,1024,1024,1024,1024,1024,1024,1024,1024,1024,1024,1024,1024,1025,1025,1026,1026,1027,1028,1029,1031,1032,1034,1035,1037,1039,1040,1042,1044,1046,1048,1051,1053,1055,1057,1059,1062,1064,1066,1068,1070,1072,1074,1076,1078,1080,1082,1083,1085,1087,1088,1089,1090,1091,1092,1093,1094,1094,1094,1095,1095,1095,1094,1094,1094,1093,1092,1091,1090,1089,1088,1087,1085,1083,1082,1080,1078,1076,1074,1072,1070,1068,1066,1064,1062,1059,1057,1055,1053,1051,1048,1046,1044,1042,1040,1039,1037,1035,1034,1032,1031,1029,1028,1027,1026,1026,1025,1025,1024,1024,1024,1024,1024,1024,1024,1024,1024,1024,1024,1024,1024,1024,1024,1024,1024,1024,1024,1024,1024,1024,1024,1024,1024,1024,1024,1024,1024,1024,1024,1024,1024,1024,1024,1024,1024,1024,1024,1024,1024,1024,1024,1024,1024,1024,1024,1024,1024,1024,1025,1025,1026,1028,1029,1031,1034,1036,1039,1042,1046,1049,1053,1058,1062,1067,1072,1077,1083,1089,1095,1101,1107,1114,1121,1128,1136,1143,1151,1159,1167,1175,1183,1192,1201,1210,1218,1228,1237,1246,1255,1265,1274,1284,1293,1303,1312,1332,1332,1305,1279,1252,1226,1199,1173,1146,1120,1093,1067,1040,1014,987,961,935,908,882,855,829,802,749,749,789,828,868,907,946,984,1022,1059,1095,1131,1165,1199,1231,1262,1292,1321,1349,1375,1399,1422,1443,1463,1481,1497,1511,1523,1534,1543,1549,1554,1557,1558,1534,1510,1486,1462,1439,1415,1392,1369,1347,1325,1304,1283,1263,1243,1224,1206,1189,1172,1156,1141,1127,1114,1102,1091,1080,1071,1063,1056,1050,1045,1041,1038,1036,1036,1034,1033,1031,1029,1028,1026,1024,1023,1021,1020,1018,1016,1015,1013,1011,1010,1008,1007,1005,1003,1002,1000,998,997,995,994,992,990,989,987,985,984,982,981,979,977,976,974,972,971,969,968,966,964,963,961,958,958,956,954,952,950,948,947,945,943,941,939,938,936,934,933,931,929,928,926,925,923,922,920,919,918,916,915,914,913,912,911,910,909,908,907,906,905,905,904,903,903,902,902,902,901,901,901,901,901,901,902,903,904,906,908,910,913,916,919,923,927,931,935,940,945,950,956,961,967,973,979,985,991,997,1003,1010,1016,1022,1028,1034,1040,1045,1051,1056,1062,1067,1071,1076,1080,1084,1088,1091,1094,1097,1099,1101,1103,1104,1105,1106,1106,1106,1106,1106,1105,1105,1104,1104,1103,1102,1102,1101,1100,1099,1098,1096,1095,1094,1093,1091,1090,1088,1087,1085,1083,1082,1080,1078,1076,1074,1072,1071,1069,1067,1065,1063,1061,1059,1057,1056,1054,1052,1050,1048,1047,1045,1043,1042,1040,1039,1037,1036,1035,1033,1032,1031,1030,1029,1028,1027,1027,1026,1026,1025,1025,1024,1024,1024,1024,1024,1024,1024,1024,1024,1024,1024,1024,1024,1024,1024,1024,1024,1024,1024,1024,1024,1024,1024,1024,1024,1024,1024,1024,1024,1024,1024,1024,1024,1024,1024,1024,1024,1024,1024,1024,1024,1024,1024,1024,1024,1024,1024,1024,1024,1024,1024,1024,1024,1024,1024,1024,1024,1024,1024,1024,1024,1024,1024,1024,1024,1024,1024,1024,1024,1024,1024,1024,1024,1024,1024,1024,1024,1024,1024,1024,1024,1024,1024,1024,1024,1024,1024,1024,1024,1024,1024,1024,1024,1024,1024,1024,1024,1024,1024,1024,1024,1024,1024,1024,1024,1024,1024,1024,1024,1024,1024,1024,1024,1024,1024,1024,1024,1024,1024,1024,1024,1024,1024,1024,1024,1024,1024,1024,1024,1024,1024,1024,1024,1024,1024,1024,1024,1024,1024,1024,1024,1024,1024,1024,1024,1024,1024,1024,1024,1024,1024,1024,1024,1024,1024,1024,1024,1024,1024,1024,1024,1024,1024,1024,1024,1024,1024,1024,1024,1024,1024,1024,1024,1024,1024,1024,1024,1024,1024,1024,1024,1024,1024,1024,1024,1024,1024,1024,1024,1024,1024,1024,1024,1024,1024,1024,1024,1024,1024,1024,1024,1024,1024,1024,1024,1024,1024,1024,1024,1024,1024,1024,1024,1024,1025,1025,1025,1025,1025,1025,1026,1026,1026,1026,1026,1027,1027,1027,1027,1027,1028,1028,1028,1028,1028,1028,1029,1029,1029,1029,1029,1029,1029,1029,1029,1029,1028,1027,1026,1025,1024,1023,1022,1021,1020,1019,1018,1017,1016,1015,1014,1013,1012,1011,1010,1009,1009,1009,1009,1009,1009,1009,1010,1010,1010,1011,1011,1012,1012,1013,1013,1014,1015,1015,1016,1016,1017,1018,1018,1019,1019,1020,1020,1021,1021,1022,1022,1023,1023,1023,1023,1024,1024,1024,1024,1024,1024,1024,1024,1024,1024,1024,1024,1024,1024,1024,1024,1024,1024,1024,1024,1024,1024,1024,1024,1024,1024,1024,1024,1024,1024,1024,1024,1024,1024,1024,1024,1024,1024,1024,1024,1024,1024,1024,1024,1024,1024,1024,1024,1024,1024,1024,1024,1024,1024,1024,1024,1024,1024,1024,1024,1024,1024,1024,1024,1024,1024,1024,1024,1024,1024,1024,1024,1024,1024,1024,1024,1024,1024,1024,1024,1024,1024,1024,1024,1024,1024,1024,1024,1024,1024,1024,1024,1024,1024,1024,1024,1024,1024,1024,1024,1024,1024,1024,1024,1024,1024,1024,1024,1024,1024,1024,1024,1024,1024,1024,1024,1024,1024,1024,1024,1024,1024,1024,1024,1024,1024,1024,1024,1024,1024,1024,1024,1024,1024,1024,1024,1024,1024,1024,1024,1024,1024,1024,1024,1024,1024,1024,1024,1024,1024,1024,1024,1024,1024,1024,1024,1024,1024,1024,1024,1024,1024,1024,1024,1024,1024,1024,1024,1024,1024,1024,1024,1024,1024,1024,1024,1024,1024,1024,1024,1024,1024,1024,1024,1024,1024,1024,1024,1024,1024,1024,1024,1024,1024,1024,1024,1024,1024,1024,1024,1024,1024,1024,1024,1024,1024

lead:V3
count:1706
points:1024,1024,1024,1025,1025,1026,1027,1028,1030,1031,1033,1035,1037,1039,1041,1043,1046,1048,1051,1054,1057,1060,1062,1065,1068,1071,1074,1077,1080,1083,1086,1089,1091,1094,1097,1099,1101,1104,1106,1108,1109,1111,1113,1114,1115,1116,1117,1118,1118,1118,1119,1118,1118,1118,1117,1116,1115,1114,1113,1111,1109,1108,1106,1104,1101,1099,1097,1094,1091,1089,1086,1083,1080,1077,1074,1071,1068,1065,1062,1060,1057,1054,1051,1048,1046,1043,1041,1039,1037,1035,1033,1031,1030,1028,1027,1026,1025,1025,1024,1024,1024,1024,1024,1024,1024,1024,1024,1024,1024,1024,1024,1024,1024,1024,1024,1024,1024,1024,1024,1024,1024,1024,1024,1024,1024,1024,1024,1024,1024,1024,1024,1024,1024,1024,1024,1024,1024,1024,1024,1024,1024,1025,1026,1027,1028,1031,1031,1031,1032,1033,1035,1037,1040,1043,1046,1051,1055,1060,1066,1072,1079,1086,1093,1101,1109,1118,1127,1137,1147,1157,1168,1179,1190,1202,1214,1226,1239,1252,1265,1279,1293,1307,1321,1335,1350,1365,1380,1395,1411,1426,1442,1457,1473,1489,1505,1536,1536,1497,1457,1417,1377,1337,1298,1258,1218,1178,1138,1099,1059,1019,979,939,900,860,820,780,740,661,661,696,731,765,800,834,868,901,934,966,997,1028,1057,1086,1113,1140,1165,1189,1212,1234,1254,1273,1290,1306,1320,1332,1343,1353,1360,1366,1371,1373,1374,1358,1342,1326,1310,1294,1278,1263,1248,1233,1218,1204,1190,1177,1163,1151,1139,1127,1116,1105,1095,1086,1077,1069,1061,1054,1048,1043,1038,1034,1030,1028,1026,1025,1024,1023,1022,1021,1020,1019,1018,1017,1016,1015,1014,1013,1012,1011,1010,1009,1008,1007,1006,1006,1005,1004,1003,1002,1001,1001,1000,999,999,998,997,997,996,996,995,995,994,994,994,993,993,993,993,992,992,992,992,992,992,992,992,992,992,992,993,993,993,994,994,994,995,995,996,997,997,998,999,999,1000,1001,1002,1002,1003,1004,1005,1006,1007,1008,1009,1010,1012,1013,1014,1015,1016,1017,1019,1020,1021,1022,1023,1025,1026,1027,1029,1031,1031,1033,1035,1037,1039,1041,1043,1046,1048,1050,1052,1054,1055,1057,1059,1061,1063,1065,1067,1068,1070,1072,1073,1075,1077,1078,1080,1081,1083,1084,1085,1086,1088,1089,1090,1091,1092,1093,1094,1095,1095,1096,1097,1097,1098,1098,1099,1099,1099,1099,1100,1100,1100,1100,1100,1099,1099,1099,1098,1098,1097,1097,1096,1095,1094,1093,1092,1091,1090,1089,1087,1086,1085,1083,1082,1080,1079,1077,1076,1074,1072,1071,1069,1067,1065,1064,1062,1060,1058,1057,1055,1053,1052,1050,1048,1047,1045,1043,1042,1040,1039,1038,1036,1035,1034,1033,1032,1031,1030,1029,1028,1027,1027,1026,1025,1025,1025,1024,1024,1024,1024,1024,1024,1024,1024,1024,1024,1024,1024,1024,1024,1024,1024,1024,1024,1024,1024,1024,1024,1024,1024,1024,1024,1024,1024,1024,1024,1024,1024,1024,1024,1024,1024,1024,1024,1024,1024,1024,1024,1024,1024,1024,1024,1024,1024,1024,1024,1024,1024,1024,1024,1024,1024,1024,1024,1024,1024,1024,1024,1024,1024,1024,1024,1024,1024,1024,1024,1024,1024,1024,1024,1024,1024,1024,1024,1024,1024,1024,1024,1024,1024,1024,1024,1024,1024,1024,1024,1024,1024,1024,1024,1024,1024,1024,1024,1024,1024,1024,1024,1024,1024,1024,1024,1024,1024,1024,1024,1024,1024,1024,1024,1024,1024,1024,1024,1024,1024,1024,1024,1024,1024,1024,1024,1024,1024,1024,1024,1024,1024,1024,1024,1024,1024,1024,1024,1024,1024,1024,1024,1024,1024,1024,1024,1024,1024,1024,1024,1024,1024,1024,1024,1024,1024,1024,1024,1024,1024,1024,1024,1024,1024,1024,1024,1024,1024,1024,1024,1024,1024,1024,1024,1024,1024,1024,1024,1024,1024,1024,1024,1024,1024,1024,1024,1024,1024,1024,1024,1024,1024,1024,1024,1024,1024,1024,1024,1024,1024,1024,1024,1024,1024,1024,1024,1024,1024,1025,1025,1026,1027,1028,1030,1031,1033,1035,1037,1039,1041,1043,1046,1048,1051,1054,1057,1060,1062,1065,1068,1071,1074,1077,1080,1083,1086,1089,1091,1094,1097,1099,1101,1104,1106,1108,1109,1111,1113,1114,1115,1116,1117,1118,1118,1118,1119,1118,1118,1118,1117,1116,1115,1114,1113,1111,1109,1108,1106,1104,1101,1099,1097,1094,1091,1089,1086,1083,1080,1077,1074,1071,1068,1065,1062,1060,1057,1054,1051,1048,1046,1043,1041,1039,1037,1035,1033,1031,1030,1028,1027,1026,1025,1025,1024,1024,1024,1024,1024,1024,1024,1024,1024,1024,1024,1024,1024,1024,1024,1024,1024,1024,1024,1024,1024,1024,1024,1024,1024,1024,1024,1024,1024,1024,1024,1024,1024,1024,1024,1024,1024,1024,1024,1024,1024,1024,1024,1025,1026,1027,1028,1031,1031,1031,1032,1033,1035,1037,1040,1043,1046,1051,1055,1060,1066,1072,1079,1086,1093,1101,1109,1118,1127,1137,1147,1157,1168,1179,1190,1202,1214,1226,1239,1252,1265,1279,1293,1307,1321,1335,1350,1365,1380,1395,1411,1426,1442,1457,1473,1489,1505,1536,1536,1497,1457,1417,1377,1337,1298,1258,1218,1178,1138,1099,1059,1019,979,939,900,860,820,780,740,661,661,696,731,765,800,834,868,901,934,966,997,1028,1057,1086,1113,1140,1165,1189,1212,1234,1254,1273,1290,1306,1320,1332,1343,1353,1360,1366,1371,1373,1374,1358,1342,1326,1310,1294,1278,1263,1248,1233,1218,1204,1190,1177,1163,1151,1139,1127,1116,1105,1095,1086,1077,1069,1061,1054,1048,1043,1038,1034,1030,1028,1026,1025,1024,1023,1022,1021,1020,1019,1018,1017,1016,1015,1014,1013,1012,1011,1010,1009,1008,1007,1006,1006,1005,1004,1003,1002,1001,1001,1000,999,999,998,997,997,996,996,995,995,994,994,994,993,993,993,993,992,992,992,992,992,992,992,992,992,992,992,993,993,993,994,994,994,995,995,996,997,997,998,999,999,1000,1001,1002,1002,1003,1004,1005,1006,1007,1008,1009,1010,1012,1013,1014,1015,1016,1017,1019,1020,1021,1022,1023,1025,1026,1027,1029,1031,1031,1033,1035,1037,1039,1041,1043,1046,1048,1050,1052,1054,1055,1057,1059,1061,1063,1065,1067,1068,1070,1072,1073,1075,1077,1078,1080,1081,1083,1084,1085,1086,1088,1089,1090,1091,1092,1093,1094,1095,1095,1096,1097,1097,1098,1098,1099,1099,1099,1099,1100,1100,1100,1100,1100,1099,1099,1099,1098,1098,1097,1097,1096,1095,1094,1093,1092,1091,1090,1089,1087,1086,1085,1083,1082,1080,1079,1077,1076,1074,1072,1071,1069,1067,1065,1064,1062,1060,1058,1057,1055,1053,1052,1050,1048,1047,1045,1043,1042,1040,1039,1038,1036,1035,1034,1033,1032,1031,1030,1029,1028,1027,1027,1026,1025,1025,1025,1024,1024,1024,1024,1024,1024,1024,1024,1024,1024,1024,1024,1024,1024,1024,1024,1024,1024,1024,1024,1024,1024,1024,1024,1024,1024,1024,1024,1024,1024,1024,1024,1024,1024,1024,1024,1024,1024,1024,1024,1024,1024,1024,1024,1024,1024,1024,1024,1024,1024,1024,1024,1024,1024,1024,1024,1024,1024,1024,1024,1024,1024,1024,1024,1024,1024,1024,1024,1024,1024,1024,1024,1024,1024,1024,1024,1024,1024,1024,1024,1024,1024,1024,1024,1024,1024,1024,1024,1024,1024,1024,1024,1024,1024,1024,1024,1024,1024,1024,1024,1024,1024,1024,1024,1024,1024,1024,1024,1024,1024,1024,1024,1024,1024,1024,1024,1024,1024,1024,1024,1024,1024,1024,1024,1024,1024,1024,1024,1024,1024,1024,1024,1024,1024,1024,1024,1024,1024,1024,1024,1024,1024,1024,1024,1024,1024,1024,1024,1024,1024,1024,1024,1024,1024,1024,1024,1024,1024,1024,1024,1024,1024,1024,1024,1024,1024,1024,1024,1024,1024,1024,1024,1024,1024,1024,1024,1024,1024,1024,1024,1024,1024,1024,1024,1024,1024,1024,1024,1024,1024,1024,1024,1024,1024,1024,1024,1024,1024,1024,1024,1024,1024,1024,1024,1024,1024,1024,1024,1025,1025,1026,1026,1027,1028,1029,1030,1032,1033,1035,1036,1038,1040,1042,1043,1045,1047,1049,1051,1054,1056,1058,1060,1062,1064,1066,1068,1070,1072,1074,1076,1078,1079,1081,1082,1084,1085,1086,1087,1088,1089,1090,1091,1091,1091,1092,1092,1092,1091,1091,1091,1090,1089,1088,1087,1086,1085,1084,1082,1081,1079,1078,1076,1074,1072,1070,1068,1066,1064,1062,1060,1058,1056,1054,1051,1049,1047,1045,1043,1042,1040,1038,1036,1035,1033,1032,1030,1029,1028,1027,1026,1026,1025,1025,1024,1024,1024,1024,1024,1024,1024,1024,1024,1024,1024,1024,1024,1024,1024,1024,1024,1024,1024,1024,1024,1024,1024,1024,1024,1024,1024,1024,1024,1024,1024,1024,1024,1024,1024,1024,1024,1024,1024,1024,1024,1024,1024,1024,1024,1024,1024,1024,1024,1024,1024,1024,1024,1024,1024,1024,1024,1024,1024,1024,1024,1024,1024,1024,1024,1024,1024,1024,1024,1024,1024,1024,1024,1024,1024,1024,1024,1024,1024,1024,1024,1024,1024,1024,1024,1024,1024,1024,1024,1024,1024,1024,1024,1024,1024,1024,1024,1024,1024,1024,1024,1024,1024,1024,1024,1024,1024,1024,1024,1024,1024,1024,1024,1024,1024,1024,1024,1024,1024,1024,1024,1024,1024,1024,1024,1024,1024,1024,1024,1024,1024,1024,1024,1024,1024,1024,1024,1024,1024,1024,1024,1024,1024,1024,1024,1024,1024,1024,1024,1024,1024,1024,1024,1024,1024,1024,1024,1024,1024,1024,1024,1024,1024,1024,1024,1024,1024,1024,1024,1024,1024,1024,1024,1024,1024,1024,1024,1024,1024,1024,1024,1024,1024,1024,1024,1024,1024,1024,1024,1024,1024,1024,1024,1024,1024,1024,1024,1024,1024,1024,1024,1024,1024,1024

lead:V4
count:1706
points:1024,1024,1024,1025,1026,1027,1028,1029,1030,1032,1034,1036,1038,1040,1043,1045,1048,1051,1054,1057,1060,1063,1066,1070,1073,1076,1079,1083,1086,1089,1092,1095,1098,1101,1104,1107,1109,1112,1114,1116,1118,1120,1122,1123,1125,1126,1127,1127,1128,1128,1128,1128,1128,1127,1127,1126,1125,1123,1122,1120,1118,1116,1114,1112,1109,1107,1104,1101,1098,1095,1092,1089,1086,1083,1079,1076,1073,1070,1066,1063,1060,1057,1054,1051,1048,1045,1043,1040,1038,1036,1034,1032,1030,1029,1028,1027,1026,1025,1024,1024,1024,1024,1024,1024,1024,1024,1024,1024,1024,1024,1024,1024,1024,1024,1024,1024,1024,1024,1024,1024,1024,1024,1024,1024,1024,1024,1024,1024,1024,1024,1024,1024,1024,1024,1024,1024,1024,1024,1024,1024,1024,1024,1024,1024,1024,1024,1024,1024,1025,1027,1029,1032,1035,1039,1044,1049,1055,1062,1069,1077,1085,1094,1103,1113,1124,1135,1147,1159,1171,1184,1198,1212,1227,1241,1257,1273,1289,1305,1322,1339,1357,1375,1393,1411,1430,1449,1468,1487,1506,1526,1546,1566,1586,1606,1626,1666,1666,1619,1572,1524,1477,1430,1383,1335,1288,1241,1194,1146,1099,1052,1005,958,910,863,816,769,721,627,627,652,676,701,725,749,773,797,820,842,865,886,907,927,947,965,983,1000,1017,1032,1046,1059,1072,1083,1093,1102,1109,1116,1121,1126,1129,1130,1131,1125,1119,1113,1108,1102,1096,1090,1085,1079,1074,1069,1064,1059,1054,1049,1045,1041,1037,1033,1029,1026,1022,1019,1017,1014,1012,1010,1008,1007,1005,1004,1004,1003,1003,1003,1003,1004,1004,1004,1004,1005,1005,1006,1006,1007,1007,1008,1009,1010,1011,1011,1012,1013,1014,1016,1017,1018,1019,1020,1022,1023,1024,1026,1027,1029,1030,1032,1033,1035,1037,1038,1040,1042,1043,1045,1047,1049,1050,1052,1054,1057,1057,1059,1061,1063,1065,1067,1069,1071,1073,1074,1076,1078,1080,1081,1083,1085,1086,1088,1090,1091,1093,1094,1096,1097,1099,1100,1101,1102,1104,1105,1106,1107,1108,1109,1110,1110,1111,1112,1112,1113,1114,1114,1114,1115,1115,1115,1115,1115,1115,1115,1115,1115,1115,1115,1115,1115,1115,1114,1114,1114,1113,1113,1113,1112,1112,1111,1111,1110,1110,1109,1108,1108,1107,1106,1106,1105,1104,1103,1103,1102,1101,1100,1099,1098,1097,1096,1096,1095,1094,1093,1092,1091,1090,1089,1088,1087,1086,1085,1084,1082,1082,1080,1079,1078,1076,1075,1074,1072,1071,1070,1068,1067,1066,1065,1063,1062,1061,1060,1058,1057,1056,1055,1054,1052,1051,1050,1049,1048,1047,1046,1045,1044,1043,1042,1041,1040,1039,1038,1037,1036,1036,1035,1034,1033,1033,1032,1031,1031,1030,1029,1029,1028,1028,1027,1027,1027,1026,1026,1026,1025,1025,1025,1025,1024,1024,1024,1024,1024,1024,1024,1024,1024,1024,1024,1024,1024,1024,1024,1024,1024,1024,1024,1024,1024,1024,1024,1024,1024,1024,1024,1024,1024,1024,1024,1024,1024,1024,1024,1024,1024,1024,1024,1024,1024,1024,1024,1024,1024,1024,1024,1024,1024,1024,1024,1024,1024,1024,1024,1024,1024,1024,1024,1024,1024,1024,1024,1024,1024,1024,1024,1024,1024,1024,1024,1024,1024,1024,1024,1024,1024,1024,1024,1024,1024,1024,1024,1024,1024,1024,1024,1024,1024,1024,1024,1024,1024,1024,1024,1024,1024,1024,1024,1024,1024,1024,1024,1024,1024,1024,1024,1024,1024,1024,1024,1024,1024,1024,1024,1024,1024,1024,1024,1024,1024,1024,1024,1024,1024,1024,1024,1024,1024,1024,1024,1024,1024,1024,1024,1024,1024,1024,1024,1024,1024,1024,1024,1024,1024,1024,1024,1024,1024,1024,1024,1024,1024,1024,1024,1024,1024,1024,1024,1024,1024,1024,1024,1024,1024,1024,1024,1024,1024,1024,1024,1024,1024,1024,1024,1024,1024,1024,1024,1024,1024,1024,1024,1024,1024,1024,1024,1024,1024,1024,1024,1024,1024,1024,1024,1024,1024,1024,1024,1024,1024,1024,1024,1024,1024,1024,1024,1024,1024,1024,1025,1026,1027,1028,1029,1030,1032,1034,1036,1038,1040,1043,1045,1048,1051,1054,1057,1060,1063,1066,1070,1073,1076,1079,1083,1086,1089,1092,1095,1098,1101,1104,1107,1109,1112,1114,1116,1118,1120,1122,1123,1125,1126,1127,1127,1128,1128,1128,1128,1128,1127,1127,1126,1125,1123,1122,1120,1118,1116,1114,1112,1109,1107,1104,1101,1098,1095,1092,1089,1086,1083,1079,1076,1073,1070,1066,1063,1060,1057,1054,1051,1048,1045,1043,1040,1038,1036,1034,1032,1030,1029,1028,1027,1026,1025,1024,1024,1024,1024,1024,1024,1024,1024,1024,1024,1024,1024,1024,1024,1024,1024,1024,1024,1024,1024,1024,1024,1024,1024,1024,1024,1024,1024,1024,1024,1024,1024,1024,1024,1024,1024,1024,1024,1024,1024,1024,1024,1024,1024,1024,1024,1024,1024,1024,1024,1025,1027,1029,1032,1035,1039,1044,1049,1055,1062,1069,1077,1085,1094,1103,1113,1124,1135,1147,1159,1171,1184,1198,1212,1227,1241,1257,1273,1289,1305,1322,1339,1357,1375,1393,1411,1430,1449,1468,1487,1506,1526,1546,1566,1586,1606,1626,1666,1666,1619,1572,1524,1477,1430,1383,1335,1288,1241,1194,1146,1099,1052,1005,958,910,863,816,769,721,627,627,652,676,701,725,749,773,797,820,842,865,886,907,927,947,965,983,1000,1017,1032,1046,1059,1072,1083,1093,1102,1109,1116,1121,1126,1129,1130,1131,1125,1119,1113,1108,1102,1096,1090,1085,1079,1074,1069,1064,1059,1054,1049,1045,1041,1037,1033,1029,1026,1022,1019,1017,1014,1012,1010,1008,1007,1005,1004,1004,1003,1003,1003,1003,1004,1004,1004,1004,1005,1005,1006,1006,1007,1007,1008,1009,1010,1011,1011,1012,1013,1014,1016,1017,1018,1019,1020,1022,1023,1024,1026,1027,1029,1030,1032,1033,1035,1037,1038,1040,1042,1043,1045,1047,1049,1050,1052,1054,1057,1057,1059,1061,1063,1065,1067,1069,1071,1073,1074,1076,1078,1080,1081,1083,1085,1086,1088,1090,1091,1093,1094,1096,1097,1099,1100,1101,1102,1104,1105,1106,1107,1108,1109,1110,1110,1111,1112,1112,1113,1114,1114,1114,1115,1115,1115,1115,1115,1115,1115,1115,1115,1115,1115,1115,1115,1115,1114,1114,1114,1113,1113,1113,1112,1112,1111,1111,1110,1110,1109,1108,1108,1107,1106,1106,1105,1104,1103,1103,1102,1101,1100,1099,1098,1097,1096,1096,1095,1094,1093,1092,1091,1090,1089,1088,1087,1086,1085,1084,1082,1082,1080,1079,1078,1076,1075,1074,1072,1071,1070,1068,1067,1066,1065,1063,1062,1061,1060,1058,1057,1056,1055,1054,1052,1051,1050,1049,1048,1047,1046,1045,1044,1043,1042,1041,1040,1039,1038,1037,1036,1036,1035,1034,1033,1033,1032,1031,1031,1030,1029,1029,1028,1028,1027,1027,1027,1026,1026,1026,1025,1025,1025,1025,1024,1024,1024,1024,1024,1024,1024,1024,1024,1024,1024,1024,1024,1024,1024,1024,1024,1024,1024,1024,1024,1024,1024,1024,1024,1024,1024,1024,1024,1024,1024,1024,1024,1024,1024,1024,1024,1024,1024,1024,1024,1024,1024,1024,1024,1024,1024,1024,1024,1024,1024,1024,1024,1024,1024,1024,1024,1024,1024,1024,1024,1024,1024,1024,1024,1024,1024,1024,1024,1024,1024,1024,1024,1024,1024,1024,1024,1024,1024,1024,1024,1024,1024,1024,1024,1024,1024,1024,1024,1024,1024,1024,1024,1024,1024,1024,1024,1024,1024,1024,1024,1024,1024,1024,1024,1024,1024,1024,1024,1024,1024,1024,1024,1024,1024,1024,1024,1024,1024,1024,1024,1024,1024,1024,1024,1024,1024,1024,1024,1024,1024,1024,1024,1024,1024,1024,1024,1024,1024,1024,1024,1024,1024,1024,1024,1024,1024,1024,1024,1024,1024,1024,1024,1024,1024,1024,1024,1024,1024,1024,1024,1024,1024,1024,1024,1024,1024,1024,1024,1024,1024,1024,1024,1024,1024,1024,1024,1024,1024,1024,1024,1024,1024,1024,1024,1024,1024,1024,1024,1024,1024,1024,1024,1024,1024,1024,1024,1024,1024,1024,1024,1024,1024,1024,1024,1024,1024,1024,1024,1024,1025,1025,1026,1026,1027,1028,1029,1031,1032,1033,1035,1036,1038,1040,1042,1044,1046,1048,1050,1052,1054,1056,1058,1061,1063,1065,1067,1069,1071,1073,1075,1077,1079,1080,1082,1083,1085,1086,1087,1088,1089,1090,1091,1092,1092,1092,1093,1093,1093,1092,1092,1092,1091,1090,1089,1088,1087,1086,1085,1083,1082,1080,1079,1077,1075,1073,1071,1069,1067,1065,1063,1061,1058,1056,1054,1052,1050,1048,1046,1044,1042,1040,1038,1036,1035,1033,1032,1031,1029,1028,1027,1026,1026,1025,1025,1024,1024,1024,1024,1024,1024,1024,1024,1024,1024,1024,1024,1024,1024,1024,1024,1024,1024,1024,1024,1024,1024,1024,1024,1024,1024,1024,1024,1024,1024,1024,1024,1024,1024,1024,1024,1024,1024,1024,1024,1024,1024,1024,1024,1024,1024,1024,1024,1024,1024,1024,1024,1024,1024,1024,1024,1024,1024,1024,1024,1024,1024,1024,1024,1024,1024,1024,1024,1024,1024,1024,1024,1024,1024,1024,1024,1024,1024,1024,1024,1024,1024,1024,1024,1024,1024,1024,1024,1024,1024,1024,1024,1024,1024,1024,1024,1024,1024,1024,1024,1024,1024,1024,1024,1024,1024,1024,1024,1024,1024,1024,1024,1024,1024,1024,1024,1024,1024,1024,1024,1024,1024,1024,1024,1024,1024,1024,1024,1024,1024,1024,1024,1024,1024,1024,1024,1024,1024,1024,1024,1024,1024,1024,1024,1024,1024,1024,1024,1024,1024,1024,1024,1024,1024,1024,1024,1024,1024,1024,1024,1024,1024,1024,1024,1024,1024,1024,1024,1024,1024,1024,1024,1024,1024,1024,1024,1024,1024,1024,1024,1024,1024,1024,1024,1024,1024,1024,1024,1024,1024,1024,1024,1024,1024,1024,1024,1024,1024,1024,1024,1024,1024,1024,1024

lead:V5
count:1706
points:1024,1024,1024,1025,1026,1026,1027,1029,1030,1032,1033,1035,1037,1039,1042,1044,1047,1049,1052,1055,1058,1061,1064,1067,1070,1073,1076,1079,1082,1085,1088,1091,1094,1097,1099,1102,1104,1106,1109,1111,1113,1114,1116,1117,1119,1120,1120,1121,1122,1122,1122,1122,1122,1121,1120,1120,1119,1117,1116,1114,1113,1111,1109,1106,1104,1102,1099,1097,1094,1091,1088,1085,1082,1079,1076,1073,1070,1067,1064,1061,1058,1055,1052,1049,1047,1044,1042,1039,1037,1035,1033,1032,1030,1029,1027,1026,1026,1025,1024,1024,1024,1024,1024,1024,1024,1024,1024,1024,1024,1024,1024,1024,1024,1024,1024,1024,1024,1024,1024,1024,1024,1024,1024,1024,1023,1023,1022,1022,1021,1020,1018,1016,1014,1011,1008,1004,999,994,988,973,973,981,990,998,1007,1024,1024,1037,1051,1064,1078,1091,1105,1118,1131,1145,1158,1172,1185,1199,1212,1225,1239,1252,1266,1279,1293,1306,1319,1333,1346,1360,1373,1387,1400,1413,1427,1440,1454,1467,1481,1494,1507,1521,1534,1548,1561,1575,1588,1601,1615,1628,1642,1655,1669,1695,1695,1656,1617,1579,1540,1501,1462,1423,1384,1345,1306,1267,1228,1189,1150,1111,1072,1033,994,955,916,838,838,835,831,827,823,819,815,812,808,805,801,798,794,791,788,785,782,780,777,775,773,771,769,767,765,764,763,762,761,760,760,759,759,770,781,791,802,812,823,833,843,853,862,872,881,890,899,907,915,923,930,937,944,950,956,961,966,971,975,979,982,984,987,988,990,990,991,992,994,996,997,999,1001,1002,1004,1005,1007,1009,1010,1012,1014,1015,1017,1019,1020,1022,1024,1025,1027,1029,1030,1032,1034,1035,1037,1038,1040,1042,1043,1045,1047,1048,1050,1052,1053,1055,1057,1058,1060,1062,1063,1065,1066,1070,1070,1074,1079,1083,1088,1093,1097,1101,1106,1110,1115,1119,1123,1127,1131,1136,1139,1143,1147,1151,1155,1158,1162,1165,1168,1172,1175,1178,1180,1183,1186,1188,1191,1193,1195,1197,1199,1200,1202,1203,1204,1206,1207,1207,1208,1209,1209,1209,1209,1209,1209,1208,1207,1205,1204,1202,1200,1197,1195,1192,1189,1185,1182,1178,1174,1170,1165,1161,1156,1152,1147,1142,1137,1132,1127,1122,1117,1112,1107,1103,1098,1093,1089,1085,1080,1076,1073,1069,1066,1062,1060,1057,1054,1052,1050,1049,1047,1046,1046,1045,1045,1045,1045,1045,1045,1045,1045,1044,1044,1044,1044,1044,1043,1043,1043,1043,1042,1042,1042,1041,1041,1040,1040,1040,1039,1039,1038,1038,1037,1037,1036,1036,1035,1035,1034,1034,1034,1033,1033,1032,1032,1031,1031,1030,1030,1029,1029,1029,1028,1028,1027,1027,1027,1026,1026,1026,1026,1025,1025,1025,1025,1025,1024,1024,1024,1024,1024,1024,1024,1024,1024,1024,1024,1024,1024,1024,1024,1024,1024,1024,1024,1024,1024,1024,1024,1024,1024,1024,1024,1024,1024,1024,1024,1024,1024,1024,1024,1024,1024,1024,1024,1024,1024,1024,1024,1024,1024,1024,1024,1024,1024,1024,1024,1024,1024,1024,1024,1024,1024,1024,1024,1024,1024,1024,1024,1024,1024,1024,1024,1024,1024,1024,1024,1024,1024,1024,1024,1024,1024,1024,1024,1024,1024,1024,1024,1024,1024,1024,1024,1024,1024,1024,1024,1024,1024,1024,1024,1024,1024,1024,1024,1024,1024,1024,1024,1024,1024,1024,1024,1024,1024,1024,1024,1024,1024,1024,1024,1024,1024,1024,1024,1024,1024,1024,1024,1024,1024,1024,1024,1024,1024,1024,1024,1024,1024,1024,1024,1024,1024,1024,1024,1024,1024,1024,1024,1024,1024,1024,1024,1024,1024,1024,1024,1024,1024,1024,1024,1024,1024,1024,1024,1024,1024,1024,1024,1024,1024,1024,1024,1024,1024,1024,1024,1024,1024,1024,1024,1024,1024,1024,1024,1024,1024,1024,1024,1024,1024,1024,1024,1024,1024,1024,1024,1024,1024,1024,1024,1024,1024,1024,1024,1024,1024,1024,1024,1024,1024,1024,1024,1024,1024,1024,1024,1025,1026,1026,1027,1029,1030,1032,1033,1035,1037,1039,1042,1044,1047,1049,1052,1055,1058,1061,1064,1067,1070,1073,1076,1079,1082,1085,1088,1091,1094,1097,1099,1102,1104,1106,1109,1111,1113,1114,1116,1117,1119,1120,1120,1121,1122,1122,1122,1122,1122,1121,1120,1120,1119,1117,1116,1114,1113,1111,1109,1106,1104,1102,1099,1097,1094,1091,1088,1085,1082,1079,1076,1073,1070,1067,1064,1061,1058,1055,1052,1049,1047,1044,1042,1039,1037,1035,1033,1032,1030,1029,1027,1026,1026,1025,1024,1024,1024,1024,1024,1024,1024,1024,1024,1024,1024,1024,1024,1024,1024,1024,1024,1024,1024,1024,1024,1024,1024,1024,1024,1024,1023,1023,1022,1022,1021,1020,1018,1016,1014,1011,1008,1004,999,994,988,973,973,981,990,998,1007,1024,1024,1037,1051,1064,1078,1091,1105,1118,1131,1145,1158,1172,1185,1199,1212,1225,1239,1252,1266,1279,1293,1306,1319,1333,1346,1360,1373,1387,1400,1413,1427,1440,1454,1467,1481,1494,1507,1521,1534,1548,1561,1575,1588,1601,1615,1628,1642,1655,1669,1695,1695,1656,1617,1579,1540,1501,1462,1423,1384,1345,1306,1267,1228,1189,1150,1111,1072,1033,994,955,916,838,838,835,831,827,823,819,815,812,808,805,801,798,794,791,788,785,782,780,777,775,773,771,769,767,765,764,763,762,761,760,760,759,759,770,781,791,802,812,823,833,843,853,862,872,881,890,899,907,915,923,930,937,944,950,956,961,966,971,975,979,982,984,987,988,990,990,991,992,994,996,997,999,1001,1002,1004,1005,1007,1009,1010,1012,1014,1015,1017,1019,1020,1022,1024,1025,1027,1029,1030,1032,1034,1035,1037,1038,1040,1042,1043,1045,1047,1048,1050,1052,1053,1055,1057,1058,1060,1062,1063,1065,1066,1070,1070,1074,1079,1083,1088,1093,1097,1101,1106,1110,1115,1119,1123,1127,1131,1136,1139,1143,1147,1151,1155,1158,1162,1165,1168,1172,1175,1178,1180,1183,1186,1188,1191,1193,1195,1197,1199,1200,1202,1203,1204,1206,1207,1207,1208,1209,1209,1209,1209,1209,1209,1208,1207,1205,1204,1202,1200,1197,1195,1192,1189,1185,1182,1178,1174,1170,1165,1161,1156,1152,1147,1142,1137,1132,1127,1122,1117,1112,1107,1103,1098,1093,1089,1085,1080,1076,1073,1069,1066,1062,1060,1057,1054,1052,1050,1049,1047,1046,1046,1045,1045,1045,1045,1045,1045,1045,1045,1044,1044,1044,1044,1044,1043,1043,1043,1043,1042,1042,1042,1041,1041,1040,1040,1040,1039,1039,1038,1038,1037,1037,1036,1036,1035,1035,1034,1034,1034,1033,1033,1032,1032,1031,1031,1030,1030,1029,1029,1029,1028,1028,1027,1027,1027,1026,1026,1026,1026,1025,1025,1025,1025,1025,1024,1024,1024,1024,1024,1024,1024,1024,1024,1024,1024,1024,1024,1024,1024,1024,1024,1024,1024,1024,1024,1024,1024,1024,1024,1024,1024,1024,1024,1024,1024,1024,1024,1024,1024,1024,1024,1024,1024,1024,1024,1024,1024,1024,1024,1024,1024,1024,1024,1024,1024,1024,1024,1024,1024,1024,1024,1024,1024,1024,1024,1024,1024,1024,1024,1024,1024,1024,1024,1024,1024,1024,1024,1024,1024,1024,1024,1024,1024,1024,1024,1024,1024,1024,1024,1024,1024,1024,1024,1024,1024,1024,1024,1024,1024,1024,1024,1024,1024,1024,1024,1024,1024,1024,1024,1024,1024,1024,1024,1024,1024,1024,1024,1024,1024,1024,1024,1024,1024,1024,1024,1024,1024,1024,1024,1024,1024,1024,1024,1024,1024,1024,1024,1024,1024,1024,1024,1024,1024,1024,1024,1024,1024,1024,1024,1024,1024,1024,1024,1024,1024,1024,1024,1024,1024,1024,1024,1024,1024,1024,1024,1024,1024,1024,1024,1024,1024,1024,1024,1024,1024,1024,1024,1024,1024,1024,1024,1024,1024,1024,1024,1024,1024,1024,1024,1024,1024,1024,1024,1024,1024,1024,1024,1024,1024,1024,1024,1024,1024,1024,1024,1024,1024,1024,1024,1024,1024,1024,1024,1024,1024,1025,1025,1025,1026,1027,1028,1029,1030,1031,1032,1033,1035,1036,1038,1039,1041,1043,1045,1046,1048,1050,1052,1054,1056,1057,1059,1061,1063,1065,1066,1068,1070,1071,1073,1074,1075,1077,1078,1079,1080,1081,1081,1082,1082,1083,1083,1083,1083,1083,1083,1083,1082,1082,1081,1081,1080,1079,1078,1077,1075,1074,1073,1071,1070,1068,1066,1065,1063,1061,1059,1057,1056,1054,1052,1050,1048,1046,1045,1043,1041,1039,1038,1036,1035,1033,1032,1031,1030,1029,1028,1027,1026,1025,1025,1025,1024,1024,1024,1024,1024,1024,1024,1024,1024,1024,1024,1024,1024,1024,1024,1024,1024,1024,1024,1024,1024,1024,1024,1024,1024,1024,1024,1024,1024,1024,1024,1024,1024,1024,1024,1024,1024,1024,1024,1024,1024,1024,1024,1024,1024,1024,1024,1024,1024,1024,1024,1024,1024,1024,1024,1024,1024,1024,1024,1024,1024,1024,1024,1024,1024,1024,1024,1024,1024,1024,1024,1024,1024,1024,1024,1024,1024,1024,1024,1024,1024,1024,1024,1024,1024,1024,1024,1024,1024,1024,1024,1024,1024,1024,1024,1024,1024,1024,1024,1024,1024,1024,1024,1024,1024,1024,1024,1024,1024,1024,1024,1024,1024,1024,1024,1024,1024,1024,1024,1024,1024,1024,1024,1024,1024,1024,1024,1024,1024,1024,1024,1024,1024,1024,1024,1024,1024,1024,1024,1024,1024,1024,1024,1024,1024,1024,1024,1024,1024,1024,1024,1024,1024,1024,1024,1024,1024,1024,1024,1024,1024,1024,1024,1024,1024,1024,1024,1024,1024,1024,1024,1024,1024,1024,1024,1024,1024,1024,1024,1024,1024,1024,1024,1024,1024,1024,1024,1024,1024,1024,1024,1024,1024,1024,1024,1024,1024,1024,1024,1024,1024,1024,1024,1024

lead:V6
count:1706
points:1024,1024,1024,1025,1025,1026,1027,1028,1029,1030,1031,1033,1034,1036,1038,1040,1042,1044,1046,1048,1051,1053,1055,1058,1060,1062,1065,1067,1070,1072,1074,1077,1079,1081,1083,1085,1087,1089,1090,1092,1093,1095,1096,1097,1098,1099,1100,1100,1100,1101,1101,1101,1100,1100,1100,1099,1098,1097,1096,1095,1093,1092,1090,1089,1087,1085,1083,1081,1079,1077,1074,1072,1070,1067,1065,1062,1060,1058,1055,1053,1051,1048,1046,1044,1042,1040,1038,1036,1034,1033,1031,1030,1029,1028,1027,1026,1025,1025,1024,1024,1024,1024,1024,1024,1024,1024,1024,1024,1024,1024,1024,1024,1024,1024,1024,1024,1024,1024,1024,1024,1024,1024,1024,1024,1024,1024,1023,1023,1023,1022,1022,1021,1020,1019,1018,1016,1014,1012,1010,1004,1004,1012,1021,1029,1038,1055,1055,1066,1077,1089,1100,1112,1123,1134,1146,1157,1168,1180,1191,1202,1214,1225,1237,1248,1259,1271,1282,1293,1305,1316,1328,1339,1350,1362,1373,1384,1396,1407,1418,1430,1441,1453,1464,1475,1487,1498,1509,1521,1532,1543,1555,1566,1578,1589,1600,1623,1623,1583,1543,1502,1462,1422,1381,1341,1301,1261,1220,1180,1140,1100,1059,1019,979,939,898,858,818,737,737,733,728,724,719,715,711,706,702,698,694,690,686,682,679,675,672,669,666,663,661,658,656,654,652,651,649,648,647,646,646,645,645,646,648,652,657,663,670,679,689,700,712,725,739,753,768,783,798,814,830,845,860,875,889,903,916,928,939,949,958,965,972,977,980,982,983,985,988,990,993,995,998,1000,1003,1005,1008,1010,1012,1015,1017,1020,1022,1025,1027,1030,1032,1035,1037,1039,1042,1044,1047,1049,1052,1054,1057,1059,1062,1064,1066,1069,1071,1074,1076,1079,1081,1084,1086,1089,1091,1093,1096,1101,1101,1106,1112,1118,1124,1129,1135,1140,1146,1151,1157,1162,1167,1173,1178,1183,1188,1193,1198,1202,1207,1211,1216,1220,1224,1228,1232,1235,1239,1242,1246,1249,1252,1254,1257,1259,1262,1264,1266,1267,1269,1270,1272,1273,1273,1274,1275,1275,1275,1275,1274,1273,1271,1269,1267,1264,1261,1257,1253,1248,1243,1238,1233,1227,1221,1214,1208,1201,1194,1187,1179,1172,1165,1157,1149,1142,1134,1127,1119,1112,1105,1098,1091,1085,1078,1072,1066,1061,1056,1051,1046,1042,1038,1035,1032,1030,1028,1026,1025,1024,1024,1024,1024,1024,1024,1024,1024,1024,1024,1024,1024,1024,1024,1024,1024,1024,1024,1024,1024,1024,1024,1024,1024,1024,1024,1024,1024,1024,1024,1024,1024,1024,1024,1024,1024,1024,1024,1024,1024,1024,1024,1024,1024,1024,1024,1024,1024,1024,1024,1024,1024,1024,1024,1024,1024,1024,1024,1024,1024,1024,1024,1024,1024,1024,1024,1024,1024,1024,1024,1024,1024,1024,1024,1024,1024,1024,1024,1024,1024,1024,1024,1024,1024,1024,1024,1024,1024,1024,1024,1024,1024,1024,1024,1024,1024,1024,1024,1024,1024,1024,1024,1024,1024,1024,1024,1024,1024,1024,1024,1024,1024,1024,1024,1024,1024,1024,1024,1024,1024,1024,1024,1024,1024,1024,1024,1024,1024,1024,1024,1024,1024,1024,1024,1024,1024,1024,1024,1024,1024,1024,1024,1024,1024,1024,1024,1024,1024,1024,1024,1024,1024,1024,1024,1024,1024,1024,1024,1024,1024,1024,1024,1024,1024,1024,1024,1024,1024,1024,1024,1024,1024,1024,1024,1024,1024,1024,1024,1024,1024,1024,1024,1024,1024,1024,1024,1024,1024,1024,1024,1024,1024,1024,1024,1024,1024,1024,1024,1024,1024,1024,1024,1024,1024,1024,1024,1024,1024,1024,1024,1024,1024,1024,1024,1024,1024,1024,1024,1024,1024,1024,1024,1024,1024,1024,1024,1024,1024,1024,1024,1024,1024,1024,1024,1024,1024,1024,1024,1024,1024,1024,1024,1024,1024,1024,1024,1024,1024,1024,1024,1024,1024,1024,1024,1024,1024,1024,1024,1024,1024,1024,1024,1024,1024,1024,1024,1024,1024,1024,1024,1024,1024,1024,1024,1025,1025,1026,1027,1028,1029,1030,1031,1033,1034,1036,1038,1040,1042,1044,1046,1048,1051,1053,1055,1058,1060,1062,1065,1067,1070,1072,1074,1077,1079,1081,1083,1085,1087,1089,1090,1092,1093,1095,1096,1097,1098,1099,1100,1100,1100,1101,1101,1101,1100,1100,1100,1099,1098,1097,1096,1095,1093,1092,1090,1089,1087,1085,1083,1081,1079,1077,1074,1072,1070,1067,1065,1062,1060,1058,1055,1053,1051,1048,1046,1044,1042,1040,1038,1036,1034,1033,1031,1030,1029,1028,1027,1026,1025,1025,1024,1024,1024,1024,1024,1024,1024,1024,1024,1024,1024,1024,1024,1024,1024,1024,1024,1024,1024,1024,1024,1024,1024,1024,1024,1024,1024,1024,1023,1023,1023,1022,1022,1021,1020,1019,1018,1016,1014,1012,1010,1004,1004,1012,1021,1029,1038,1055,1055,1066,1077,1089,1100,1112,1123,1134,1146,1157,1168,1180,1191,1202,1214,1225,1237,1248,1259,1271,1282,1293,1305,1316,1328,1339,1350,1362,1373,1384,1396,1407,1418,1430,1441,1453,1464,1475,1487,1498,1509,1521,1532,1543,1555,1566,1578,1589,1600,1623,1623,1583,1543,1502,1462,1422,1381,1341,1301,1261,1220,1180,1140,1100,1059,1019,979,939,898,858,818,737,737,733,728,724,719,715,711,706,702,698,694,690,686,682,679,675,672,669,666,663,661,658,656,654,652,651,649,648,647,646,646,645,645,646,648,652,657,663,670,679,689,700,712,725,739,753,768,783,798,814,830,845,860,875,889,903,916,928,939,949,958,965,972,977,980,982,983,985,988,990,993,995,998,1000,1003,1005,1008,1010,1012,1015,1017,1020,1022,1025,1027,1030,1032,1035,1037,1039,1042,1044,1047,1049,1052,1054,1057,1059,1062,1064,1066,1069,1071,1074,1076,1079,1081,1084,1086,1089,1091,1093,1096,1101,1101,1106,1112,1118,1124,1129,1135,1140,1146,1151,1157,1162,1167,1173,1178,1183,1188,1193,1198,1202,1207,1211,1216,1220,1224,1228,1232,1235,1239,1242,1246,1249,1252,1254,1257,1259,1262,1264,1266,1267,1269,1270,1272,1273,1273,1274,1275,1275,1275,1275,1274,1273,1271,1269,1267,1264,1261,1257,1253,1248,1243,1238,1233,1227,1221,1214,1208,1201,1194,1187,1179,1172,1165,1157,1149,1142,1134,1127,1119,1112,1105,1098,1091,1085,1078,1072,1066,1061,1056,1051,1046,1042,1038,1035,1032,1030,1028,1026,1025,1024,1024,1024,1024,1024,1024,1024,1024,1024,1024,1024,1024,1024,1024,1024,1024,1024,1024,1024,1024,1024,1024,1024,1024,1024,1024,1024,1024,1024,1024,1024,1024,1024,1024,1024,1024,1024,1024,1024,1024,1024,1024,1024,1024,1024,1024,1024,1024,1024,1024,1024,1024,1024,1024,1024,1024,1024,1024,1024,1024,1024,1024,1024,1024,1024,1024,1024,1024,1024,1024,1024,1024,1024,1024,1024,1024,1024,1024,1024,1024,1024,1024,1024,1024,1024,1024,1024,1024,1024,1024,1024,1024,1024,1024,1024,1024,1024,1024,1024,1024,1024,1024,1024,1024,1024,1024,1024,1024,1024,1024,1024,1024,1024,1024,1024,1024,1024,1024,1024,1024,1024,1024,1024,1024,1024,1024,1024,1024,1024,1024,1024,1024,1024,1024,1024,1024,1024,1024,1024,1024,1024,1024,1024,1024,1024,1024,1024,1024,1024,1024,1024,1024,1024,1024,1024,1024,1024,1024,1024,1024,1024,1024,1024,1024,1024,1024,1024,1024,1024,1024,1024,1024,1024,1024,1024,1024,1024,1024,1024,1024,1024,1024,1024,1024,1024,1024,1024,1024,1024,1024,1024,1024,1024,1024,1024,1024,1024,1024,1024,1024,1024,1024,1024,1024,1024,1024,1024,1024,1024,1024,1024,1024,1024,1024,1024,1024,1024,1024,1024,1024,1024,1024,1024,1024,1024,1024,1024,1024,1024,1024,1024,1024,1024,1024,1024,1024,1024,1024,1024,1024,1024,1024,1024,1024,1024,1024,1024,1024,1024,1024,1024,1024,1024,1024,1024,1024,1024,1024,1024,1024,1024,1024,1024,1024,1024,1024,1024,1024,1024,1024,1024,1024,1024,1024,1024,1025,1025,1025,1026,1026,1026,1027,1028,1028,1029,1030,1030,1031,1032,1033,1033,1034,1035,1036,1037,1037,1038,1039,1040,1040,1041,1041,1042,1043,1043,1043,1044,1044,1044,1044,1044,1044,1045,1045,1045,1045,1045,1046,1046,1046,1047,1047,1047,1048,1048,1049,1049,1049,1049,1049,1050,1050,1049,1048,1048,1047,1046,1046,1045,1044,1044,1043,1043,1042,1041,1041,1040,1039,1039,1038,1037,1037,1036,1036,1035,1034,1034,1033,1032,1032,1031,1030,1030,1029,1028,1028,1027,1027,1026,1025,1024,1024,1024,1024,1024,1024,1024,1024,1024,1024,1024,1024,1024,1024,1024,1024,1024,1024,1024,1024,1024,1024,1024,1024,1024,1024,1024,1024,1024,1024,1024,1024,1024,1024,1024,1024,1024,1024,1024,1024,1024,1024,1024,1024,1024,1024,1024,1024,1024,1024,1024,1024,1024,1024,1024,1024,1024,1024,1024,1024,1024,1024,1024,1024,1024,1024,1024,1024,1024,1024,1024,1024,1024,1024,1024,1024,1024,1024,1024,1024,1024,1024,1024,1024,1024,1024,1024,1024,1024,1024,1024,1024,1024,1024,1024,1024,1024,1024,1024,1024,1024,1024,1024,1024,1024,1024,1024,1024,1024,1024,1024,1024,1024,1024,1024,1024,1024,1024,1024,1024,1024,1024,1024,1024,1024,1024,1024,1024,1024,1024,1024,1024,1024,1024,1024,1024,1024,1024,1024,1024,1024,1024,1024,1024,1024,1024,1024,1024,1024,1024,1024,1024,1024,1024,1024,1024,1024,1024,1024,1024,1024,1024,1024,1024,1024,1024,1024,1024,1024,1024,1024,1024,1024,1024,1024,1024,1024,1024,1024,1024,1024,1024,1024,1024,1024,1024,1024,1024,1024,1024,1024,1024,1024,1024,1024,1024,1024,1024,1024,1024,1024,1024,1024

