pathology:tacht
group:arrhythmia
title:Torsades de pointes
name:Веретенообразная желудочковая тахикардия
leads:12

lead:I
count:1824
points:1024,1049,1070,1088,1104,1117,1128,1137,1145,1151,1156,1160,1163,1166,1168,1169,1170,1171,1172,1172,1172,1172,1172,1172,1172,1172,1172,1172,1172,1185,1196,1207,1216,1226,1234,1242,1249,1256,1262,1268,1273,1278,1282,1286,1289,1292,1294,1297,1299,1300,1302,1303,1304,1304,1305,1305,1305,1305,1306,1306,1306,1306,1306,1305,1305,1304,1303,1302,1300,1298,1295,1292,1288,1283,1277,1271,1263,1255,1245,1234,1222,1209,1195,1179,1162,1143,1123,1101,1077,1052,1027,1003,981,961,942,925,909,895,882,870,859,850,841,834,827,822,817,813,809,806,804,802,801,800,799,799,799,799,799,799,800,801,802,804,806,809,812,816,820,824,829,834,839,845,851,858,865,872,879,887,895,903,911,920,929,938,947,956,966,975,985,995,1004,1024,1024,1061,1075,1086,1095,1103,1110,1115,1121,1126,1130,1134,1137,1141,1144,1146,1149,1151,1153,1155,1156,1158,1159,1160,1161,1161,1162,1162,1162,1170,1178,1186,1194,1201,1209,1217,1224,1232,1239,1246,1253,1260,1267,1274,1280,1287,1293,1299,1305,1311,1316,1321,1326,1331,1336,1340,1344,1348,1351,1355,1358,1360,1363,1365,1367,1369,1370,1371,1372,1372,1372,1372,1372,1371,1370,1369,1368,1366,1364,1362,1360,1357,1355,1351,1348,1344,1340,1336,1331,1326,1321,1315,1308,1302,1294,1287,1278,1269,1260,1249,1237,1225,1210,1194,1175,1152,1122,1047,972,942,919,900,884,870,857,845,835,825,816,807,800,792,786,779,774,768,763,758,754,750,746,743,739,737,734,732,730,728,726,725,724,723,722,722,722,722,723,723,724,726,727,729,731,734,737,740,743,747,751,755,759,764,769,774,780,785,791,797,804,810,817,824,831,839,846,854,862,870,878,887,895,904,913,922,931,940,949,958,967,977,986,996,1005,1015,1024,1077,1098,1114,1127,1138,1148,1157,1165,1173,1180,1186,1192,1198,1203,1207,1212,1216,1220,1224,1227,1230,1233,1236,1238,1240,1243,1245,1246,1248,1249,1250,1252,1252,1253,1254,1254,1254,1254,1264,1274,1284,1294,1303,1313,1321,1330,1338,1345,1352,1358,1364,1368,1373,1376,1379,1381,1382,1382,1382,1382,1381,1380,1379,1378,1376,1374,1372,1370,1367,1364,1361,1357,1353,1349,1345,1340,1334,1329,1323,1316,1309,1302,1294,1286,1277,1267,1257,1246,1233,1220,1205,1189,1171,1149,1123,1089,1004,918,884,858,836,818,802,787,774,761,750,740,730,721,713,705,698,691,684,678,673,667,663,658,654,650,646,643,640,637,635,633,631,629,628,627,626,625,625,625,625,626,627,628,630,633,636,639,643,648,652,658,663,669,676,683,690,698,706,714,723,732,742,751,762,772,783,794,805,816,828,840,852,865,877,890,903,916,929,943,956,970,983,997,1024,1024,1117,1153,1179,1200,1216,1230,1241,1251,1258,1264,1269,1272,1275,1275,1280,1284,1289,1294,1299,1303,1308,1313,1318,1322,1327,1331,1336,1340,1344,1349,1353,1357,1361,1365,1369,1373,1376,1380,1384,1387,1390,1394,1397,1400,1403,1406,1408,1411,1413,1415,1418,1420,1422,1423,1425,1426,1428,1429,1430,1431,1432,1432,1433,1433,1434,1434,1433,1433,1431,1430,1428,1425,1422,1418,1414,1409,1403,1397,1391,1384,1376,1367,1357,1347,1336,1323,1310,1295,1279,1261,1240,1217,1190,1156,1112,1001,890,846,812,785,762,741,723,707,692,678,666,655,644,635,626,618,611,604,598,593,588,584,580,577,574,572,570,569,568,568,568,569,569,570,571,573,574,576,578,580,583,586,589,592,595,599,603,607,612,616,621,626,631,637,642,648,654,660,667,673,680,687,694,702,709,717,725,733,741,749,758,766,775,784,793,802,812,821,830,840,850,859,869,879,889,899,909,920,930,940,951,961,971,982,992,1003,1013,1024,1091,1118,1137,1153,1166,1177,1186,1194,1201,1207,1213,1217,1221,1224,1226,1228,1229,1229,1242,1255,1267,1279,1291,1302,1313,1323,1334,1343,1353,1362,1370,1379,1387,1395,1402,1409,1416,1422,1429,1434,1440,1446,1451,1456,1460,1464,1469,1473,1476,1480,1483,1486,1489,1492,1494,1496,1498,1500,1502,1504,1505,1507,1508,1509,1510,1511,1512,1513,1513,1514,1514,1514,1515,1515,1515,1515,1515,1515,1515,1516,1516,1516,1515,1515,1514,1513,1511,1509,1507,1505,1502,1499,1495,1491,1487,1483,1478,1473,1467,1462,1456,1449,1443,1436,1428,1421,1413,1405,1397,1388,1379,1370,1361,1351,1342,1332,1321,1311,1300,1289,1278,1267,1256,1244,1232,1220,1208,1196,1184,1171,1159,1146,1133,1120,1107,1094,1081,1068,1055,1042,1028,1015,988,988,914,887,868,855,846,839,835,835,780,758,742,728,716,705,695,686,677,670,662,655,649,643,637,631,626,621,616,611,607,603,599,595,591,587,584,581,577,574,571,569,566,563,561,558,556,554,552,550,548,546,544,543,541,540,538,537,536,535,534,533,532,531,530,530,529,529,528,528,528,528,527,527,527,528,528,529,530,531,533,534,536,538,540,543,545,548,551,554,558,561,565,569,573,578,582,587,592,597,603,608,614,620,626,632,638,645,652,659,666,673,680,688,695,703,711,719,727,735,744,752,761,770,779,788,797,806,815,825,834,843,853,863,872,882,892,902,912,922,932,942,952,963,973,983,993,1003,1014,1024,1072,1091,1105,1116,1126,1134,1141,1147,1152,1157,1161,1165,1168,1171,1173,1174,1176,1177,1177,1178,1187,1196,1205,1214,1223,1231,1240,1248,1256,1264,1271,1279,1286,1293,1300,1307,1313,1320,1326,1332,1338,1344,1349,1355,1360,1365,1370,1374,1379,1383,1387,1391,1395,1398,1402,1405,1408,1411,1414,1416,1419,1421,1423,1425,1426,1428,1429,1430,1431,1432,1433,1433,1434,1434,1434,1433,1433,1432,1431,1430,1429,1427,1426,1424,1422,1419,1417,1414,1411,1408,1405,1401,1397,1393,1389,1384,1379,1374,1368,1363,1356,1350,1343,1336,1328,1320,1312,1303,1293,1283,1272,1260,1248,1234,1220,1204,1186,1166,1143,1115,1079,988,969,950,932,914,897,881,865,850,835,821,807,794,781,769,757,745,735,724,714,705,696,687,679,671,663,656,649,643,637,631,626,621,616,612,607,603,600,596,593,590,588,585,583,581,579,578,576,575,574,573,572,571,570,570,569,569,569,569,569,568,568,568,568,568,568,569,570,571,572,574,576,578,580,583,586,590,593,597,601,606,610,615,620,626,631,637,643,649,656,662,669,676,683,690,697,705,712,720,728,736,743,751,759,767,775,783,786,795,810,829,854,883,915,950,986,1024,1067,1106,1142,1175,1205,1231,1255,1276,1295,1311,1325,1338,1348,1356,1364,1369,1374,1377,1379,1381,1382,1382,1382,1382,1382,1381,1379,1376,1372,1368,1363,1357,1350,1343,1335,1327,1317,1307,1297,1286,1275,1263,1250,1237,1224,1211,1197,1183,1169,1155,1126,1126,1100,1074,1048,1022,997,971,947,922,899,876,853,831,811,791,772,754,736,720,706,692,679,668,658,649,642,636,631,627,625,625,625,626,627,630,632,636,640,644,649,655,661,668,676,683,692,701,710,720,731,742,753,765,777,789,802,815,829,843,857,871,886,901,916,931,946,962,977,993,1008,1024,1035,1045,1056,1066,1076,1087,1097,1107,1117,1128,1138,1147,1157,1167,1176,1186,1195,1204,1213,1222,1230,1239,1247,1255,1263,1270,1278,1285,1291,1298,1304,1311,1316,1322,1327,1332,1337,1341,1346,1350,1353,1356,1359,1362,1364,1366,1368,1370,1371,1372,1372,1372,1372,1371,1370,1369,1367,1364,1362,1358,1355,1351,1346,1341,1336,1331,1325,1318,1311,1304,1297,1289,1281,1273,1264,1255,1246,1236,1226,1216,1206,1196,1185,1174,1163,1152,1141,1129,1118,1106,1094,1083,1071,1059,1047,1035,1023,1011,1000,988,976,965,953,942,931,920,909,898,888,878,868,858,848,839,830,821,813,805,797,790,783,776,770,764,758,753,748,743,739,736,732,730,727,725,724,723,722,722,722,722,723,724,725,726,727,729,731,733,735,738,740,743,747,750,753,757,761,765,769,774,779,784,789,794,799,805,810,816,822,828,835,841,848,854,861,868,875,883,890,897,905,912,920,928,935,943,951,959,967,975,983,991,999,1008,1024,1024,1030,1035,1041,1047,1052,1058,1064,1069,1075,1080,1086,1091,1097,1102,1108,1113,1119,1124,1129,1134,1140,1145,1150,1155,1160,1165,1170,1175,1179,1184,1189,1193,1198,1202,1206,1211,1215,1219,1223,1227,1231,1235,1238,1242,1246,1249,1252,1256,1259,1262,1265,1268,1271,1273,1276,1278,1281,1283,1285,1287,1289,1291,1293,1294,1296,1297,1299,1300,1301,1302,1303,1304,1304,1305,1305,1305,1306,1306,1305,1305,1305,1304,1303,1301,1300,1298,1296,1294,1291,1288,1286,1282,1279,1275,1272,1268,1263,1259,1254,1250,1245,1239,1234,1229,1223,1217,1211,1205,1199,1192,1186,1179,1172,1165,1158,1151,1144,1136,1129,1122,1114,1106,1099,1091,1083,1076,1068,1060,1052,1044,1037,1029,1021,1013,1006,998,990,983,975,968,961,953,946,939,932,925,919,912,906,899,893,887,881,876,870,865,860,855,850,845,841,837,833,829,825,822,819,816,813,811,808,806,805,803,802,801,800,799,799,799,799,799,799,800,800,801,801,802,803,804,805,806,808,809,811,812,814,816,818,820,822,824,826,829,831,834,837,839,842,845,848,851,855,858,861,865,868,872,875,879,883,887,891,895,899,903,907,911,916,920,924,929,933,938,942,947,952,956,961,966,970,975,980,985,990,995,999,1004,1009,1014,1024

lead:II
count:1824
points:1024,1054,1066,1075,1082,1088,1094,1099,1103,1107,1110,1114,1116,1119,1122,1124,1126,1128,1129,1131,1132,1133,1134,1135,1135,1136,1136,1137,1137,1142,1148,1154,1160,1165,1171,1176,1182,1187,1192,1197,1202,1207,1211,1216,1220,1224,1228,1231,1235,1238,1240,1243,1245,1248,1249,1251,1252,1253,1254,1254,1254,1254,1254,1254,1254,1253,1253,1252,1250,1248,1246,1243,1240,1236,1232,1226,1220,1214,1206,1198,1188,1178,1166,1154,1140,1125,1109,1091,1072,1052,1032,1013,996,979,965,951,938,927,916,907,898,891,884,878,873,868,864,861,858,856,854,853,852,851,850,850,850,850,850,850,851,851,853,854,856,858,860,863,866,870,873,877,881,886,891,896,901,906,912,918,924,930,937,944,950,957,964,972,979,986,994,1001,1009,1024,1024,1057,1070,1079,1087,1094,1100,1105,1110,1114,1118,1122,1125,1128,1130,1133,1135,1137,1139,1140,1142,1143,1144,1145,1146,1146,1147,1147,1147,1154,1161,1168,1174,1181,1188,1195,1201,1208,1214,1221,1227,1233,1239,1245,1251,1256,1262,1267,1272,1277,1282,1287,1291,1295,1299,1303,1307,1310,1313,1316,1318,1321,1323,1325,1327,1328,1329,1330,1331,1331,1331,1331,1330,1330,1328,1327,1325,1322,1320,1317,1313,1309,1305,1301,1296,1291,1285,1279,1273,1266,1259,1252,1244,1236,1228,1219,1210,1200,1190,1180,1170,1159,1147,1136,1124,1111,1099,1085,1072,1060,1047,1035,1024,1012,1001,991,980,971,961,952,943,935,927,919,911,904,898,892,886,880,875,870,866,861,858,854,851,848,846,844,843,841,840,840,840,840,840,840,841,842,843,844,845,847,849,851,853,855,857,860,862,865,868,872,875,878,882,886,890,894,898,902,907,911,916,920,925,930,935,940,946,951,956,962,967,973,978,984,989,995,1001,1007,1012,1018,1024,1074,1094,1109,1121,1131,1140,1148,1154,1160,1166,1170,1174,1178,1181,1184,1187,1189,1190,1191,1192,1193,1193,1200,1207,1214,1221,1227,1234,1241,1247,1254,1260,1266,1272,1278,1284,1290,1295,1300,1305,1310,1315,1319,1323,1327,1330,1334,1337,1340,1342,1344,1346,1348,1349,1350,1351,1352,1352,1352,1352,1352,1352,1352,1352,1351,1351,1351,1350,1350,1349,1348,1347,1345,1344,1341,1339,1336,1332,1328,1323,1317,1311,1303,1295,1286,1276,1264,1251,1237,1222,1205,1186,1166,1144,1119,1093,1065,1037,1011,986,964,944,925,908,893,879,866,854,844,835,827,819,813,807,802,798,794,791,789,786,785,783,782,781,780,779,779,779,779,778,778,778,778,778,778,778,778,779,779,780,781,782,784,786,788,790,792,795,798,801,804,808,812,816,820,825,829,834,840,845,851,857,863,869,876,883,890,897,905,913,921,929,937,946,955,964,973,983,993,1003,1024,1024,1079,1100,1116,1128,1138,1146,1153,1158,1163,1166,1169,1171,1172,1172,1180,1188,1195,1203,1210,1218,1225,1233,1240,1247,1254,1261,1268,1275,1282,1289,1296,1302,1309,1315,1321,1327,1333,1339,1344,1350,1355,1360,1365,1370,1375,1379,1383,1387,1391,1395,1398,1401,1404,1407,1410,1412,1414,1416,1418,1419,1421,1422,1422,1423,1423,1423,1423,1423,1422,1420,1419,1417,1414,1411,1408,1404,1400,1395,1390,1385,1378,1372,1364,1356,1348,1338,1327,1316,1303,1289,1273,1255,1234,1208,1174,1088,1002,968,942,921,903,887,873,860,849,838,828,820,812,804,798,791,786,781,776,772,768,765,762,759,757,756,754,753,753,753,753,753,753,754,754,755,756,757,758,760,761,763,765,767,769,771,773,776,778,781,784,787,790,793,797,800,804,807,811,815,819,823,828,832,837,841,846,851,856,860,866,871,876,881,887,892,897,903,909,914,920,926,932,938,944,950,956,962,968,974,980,987,993,999,1005,1011,1018,1024,1085,1108,1126,1140,1151,1161,1170,1177,1184,1189,1194,1198,1201,1204,1206,1207,1208,1208,1220,1232,1243,1254,1265,1275,1285,1295,1304,1313,1321,1329,1337,1345,1352,1359,1366,1372,1379,1385,1390,1396,1401,1406,1410,1415,1419,1423,1427,1430,1434,1437,1440,1443,1445,1448,1450,1452,1454,1456,1457,1459,1460,1461,1463,1464,1465,1465,1466,1467,1467,1468,1468,1468,1469,1469,1469,1469,1469,1469,1469,1469,1469,1469,1469,1469,1469,1469,1469,1469,1469,1469,1469,1469,1469,1469,1469,1469,1468,1468,1467,1467,1466,1466,1465,1464,1463,1462,1460,1459,1457,1455,1453,1450,1447,1444,1441,1437,1434,1429,1425,1420,1414,1408,1402,1395,1388,1380,1371,1362,1353,1343,1332,1320,1308,1295,1281,1266,1251,1234,1217,1199,1180,1160,1116,1116,1052,1028,1012,1001,993,987,983,983,939,921,907,896,886,877,869,862,855,848,842,837,831,826,822,817,813,809,805,801,797,794,790,787,784,781,778,776,773,770,768,766,764,761,759,757,756,754,752,750,749,747,746,745,743,742,741,740,739,738,737,737,736,735,735,734,734,733,733,733,732,732,732,732,732,732,733,733,734,734,735,736,737,738,740,741,743,744,746,748,750,752,754,757,759,762,765,767,770,773,776,780,783,786,790,794,797,801,805,809,813,818,822,826,831,835,840,845,850,854,859,864,869,875,880,885,890,896,901,907,912,918,924,929,935,941,947,952,958,964,970,976,982,988,994,1000,1006,1012,1018,1024,1059,1073,1083,1092,1099,1104,1110,1114,1118,1122,1125,1127,1130,1131,1133,1134,1135,1136,1136,1137,1147,1157,1168,1178,1187,1197,1206,1215,1224,1233,1242,1250,1258,1266,1274,1281,1289,1296,1303,1310,1316,1323,1329,1335,1341,1346,1352,1357,1362,1367,1371,1376,1380,1384,1388,1392,1395,1398,1401,1404,1407,1409,1411,1414,1415,1417,1419,1420,1421,1422,1422,1423,1423,1423,1423,1423,1422,1421,1419,1417,1415,1412,1409,1406,1402,1398,1394,1389,1384,1379,1373,1367,1361,1354,1347,1339,1332,1324,1315,1306,1297,1287,1278,1267,1257,1246,1235,1223,1211,1199,1186,1173,1160,1146,1132,1118,1103,1088,1072,1057,1040,1024,1011,999,988,976,965,955,944,934,925,916,907,898,890,882,874,867,860,853,847,841,835,829,824,819,814,809,805,801,797,793,790,787,783,781,778,775,773,771,769,767,765,764,762,761,760,759,758,757,756,755,755,754,754,754,753,753,753,753,753,753,753,753,753,753,753,753,753,753,754,754,755,755,756,757,758,759,760,761,762,763,765,766,768,770,772,774,776,778,781,783,786,789,792,796,799,803,807,812,817,822,828,835,843,852,865,896,898,902,910,920,933,949,966,984,1004,1024,1063,1099,1132,1162,1189,1213,1235,1255,1272,1287,1300,1311,1320,1328,1334,1340,1344,1347,1349,1350,1351,1351,1352,1352,1351,1350,1348,1344,1340,1335,1329,1323,1315,1307,1298,1288,1277,1266,1254,1242,1229,1215,1201,1186,1172,1156,1141,1125,1109,1093,1060,1060,1045,1030,1016,1001,987,973,959,945,932,919,906,894,883,871,861,851,841,832,824,816,809,803,797,792,788,784,782,780,778,778,778,779,780,781,783,785,787,790,793,797,801,805,810,814,820,825,831,837,844,850,857,864,872,880,887,896,904,912,921,930,939,948,957,967,976,986,995,1005,1014,1024,1033,1043,1052,1061,1070,1079,1088,1098,1106,1115,1124,1133,1142,1150,1158,1167,1175,1183,1191,1199,1206,1213,1221,1228,1235,1241,1248,1254,1260,1266,1271,1277,1282,1287,1292,1296,1300,1304,1308,1311,1314,1317,1320,1322,1324,1326,1328,1329,1330,1331,1331,1331,1331,1331,1330,1329,1327,1325,1323,1321,1318,1315,1312,1308,1304,1300,1295,1290,1285,1280,1274,1268,1262,1256,1249,1243,1236,1228,1221,1213,1206,1198,1190,1182,1173,1165,1156,1148,1139,1130,1121,1112,1103,1094,1085,1076,1068,1059,1050,1041,1032,1023,1015,1006,998,989,981,973,965,957,950,942,935,928,921,915,909,902,897,891,886,880,876,871,867,863,859,856,853,850,848,846,844,842,841,840,840,840,840,840,840,841,841,842,843,844,845,846,848,849,851,853,855,857,859,861,864,866,869,871,874,877,880,884,887,890,894,897,901,905,909,912,916,921,925,929,933,938,942,947,951,956,960,965,970,975,980,984,989,994,999,1004,1009,1014,1024,1024,1033,1041,1050,1058,1066,1073,1081,1088,1095,1102,1108,1115,1121,1127,1133,1139,1144,1150,1155,1160,1164,1169,1174,1178,1182,1186,1190,1194,1197,1201,1204,1207,1210,1213,1216,1218,1221,1223,1226,1228,1230,1232,1234,1235,1237,1238,1240,1241,1243,1244,1245,1246,1247,1248,1248,1249,1250,1251,1251,1252,1252,1252,1253,1253,1253,1254,1254,1254,1254,1254,1254,1254,1254,1254,1254,1254,1254,1254,1254,1254,1254,1253,1252,1251,1250,1248,1247,1245,1243,1241,1238,1236,1233,1230,1227,1224,1221,1217,1214,1210,1206,1202,1197,1193,1188,1184,1179,1174,1169,1164,1159,1153,1148,1142,1137,1131,1125,1119,1113,1108,1101,1095,1089,1083,1077,1071,1065,1058,1052,1046,1040,1033,1027,1021,1015,1009,1003,997,991,985,979,973,968,962,956,951,946,940,935,930,925,921,916,911,907,903,899,895,891,887,884,880,877,874,871,868,866,864,861,859,858,856,855,853,852,851,851,850,850,850,850,850,850,851,851,851,852,853,853,854,855,856,857,858,859,860,862,863,865,866,868,870,871,873,875,877,879,881,884,886,888,891,893,896,898,901,904,906,909,912,915,918,921,924,927,930,934,937,940,944,947,950,954,957,961,964,968,972,975,979,983,986,990,994,998,1001,1005,1009,1013,1016,1024

lead:III
count:1824
points:1024,1018,1013,1008,1005,1002,999,997,995,993,992,991,990,990,989,989,989,988,988,988,988,988,988,988,988,988,988,988,988,987,985,984,983,982,981,980,979,979,978,977,977,976,976,975,975,974,974,974,974,973,973,973,973,973,973,973,973,973,973,973,973,973,973,973,973,973,973,974,974,974,975,976,976,977,979,980,981,983,985,987,990,992,995,998,1002,1006,1010,1014,1019,1024,1029,1034,1038,1042,1046,1050,1053,1056,1058,1061,1063,1065,1067,1068,1069,1071,1072,1072,1073,1074,1074,1074,1075,1075,1075,1075,1075,1075,1075,1075,1075,1075,1074,1074,1073,1073,1072,1071,1070,1069,1068,1067,1066,1065,1063,1062,1060,1059,1057,1055,1053,1052,1050,1048,1046,1044,1042,1039,1037,1035,1033,1031,1028,1024,1024,1020,1018,1017,1016,1015,1014,1014,1013,1013,1012,1012,1011,1011,1011,1010,1010,1010,1010,1009,1009,1009,1009,1009,1009,1009,1009,1009,1009,1008,1007,1006,1005,1004,1003,1002,1001,1000,999,998,998,997,996,995,994,993,993,992,991,991,990,989,989,988,987,987,986,986,986,985,985,984,984,984,984,983,983,983,983,983,983,983,983,983,984,984,984,984,985,985,986,987,987,988,989,990,991,992,993,994,996,997,999,1000,1002,1004,1006,1008,1011,1013,1016,1019,1023,1027,1031,1037,1044,1062,1081,1088,1094,1098,1102,1106,1109,1112,1114,1117,1119,1121,1123,1125,1126,1128,1129,1130,1132,1133,1134,1135,1136,1137,1137,1138,1139,1139,1140,1140,1141,1141,1141,1141,1142,1142,1142,1142,1142,1141,1141,1140,1140,1139,1138,1137,1136,1135,1133,1132,1131,1129,1127,1125,1123,1121,1119,1117,1115,1112,1110,1107,1105,1102,1099,1096,1093,1090,1087,1084,1081,1077,1074,1071,1067,1064,1060,1057,1053,1050,1046,1042,1039,1035,1031,1028,1024,1010,1004,1000,997,994,991,988,986,984,982,981,979,978,976,975,974,973,972,971,970,969,968,968,967,966,966,965,965,964,964,964,963,963,963,963,963,963,963,965,967,970,972,974,977,979,981,983,984,986,987,989,990,991,992,992,993,993,993,993,993,994,994,994,994,995,995,996,996,997,998,999,999,1000,1001,1002,1004,1005,1006,1008,1009,1011,1013,1015,1017,1019,1021,1024,1027,1030,1033,1036,1040,1045,1050,1056,1065,1085,1106,1115,1121,1126,1131,1135,1138,1141,1144,1147,1150,1152,1154,1156,1158,1160,1162,1163,1165,1166,1167,1168,1169,1171,1171,1172,1173,1174,1175,1175,1176,1176,1177,1177,1177,1177,1177,1178,1178,1178,1177,1177,1176,1175,1174,1173,1172,1170,1169,1167,1165,1163,1160,1158,1155,1152,1149,1146,1143,1140,1136,1133,1129,1125,1121,1117,1113,1108,1104,1099,1095,1090,1085,1080,1075,1070,1065,1060,1055,1050,1045,1040,1034,1024,1024,986,971,961,952,946,940,935,931,928,926,924,923,922,922,924,927,930,933,935,938,941,944,946,949,952,954,957,959,962,964,967,969,972,974,976,978,981,983,985,987,989,991,992,994,996,997,999,1000,1002,1003,1004,1006,1007,1008,1009,1010,1010,1011,1012,1012,1013,1013,1013,1014,1014,1014,1014,1014,1014,1015,1015,1016,1016,1017,1018,1019,1021,1022,1023,1025,1027,1029,1031,1033,1036,1039,1042,1045,1049,1053,1057,1063,1069,1076,1086,1111,1136,1146,1153,1160,1165,1169,1173,1177,1181,1184,1186,1189,1191,1193,1195,1197,1199,1200,1202,1203,1204,1205,1206,1206,1207,1207,1208,1208,1208,1208,1208,1208,1208,1208,1207,1207,1206,1205,1204,1203,1202,1201,1200,1199,1197,1196,1194,1193,1191,1189,1187,1185,1183,1181,1178,1176,1174,1171,1168,1166,1163,1160,1157,1154,1151,1148,1145,1142,1138,1135,1132,1128,1125,1121,1117,1114,1110,1106,1102,1098,1095,1091,1087,1083,1079,1074,1070,1066,1062,1058,1054,1049,1045,1041,1037,1033,1028,1024,1017,1015,1013,1011,1010,1009,1008,1007,1006,1006,1005,1005,1004,1004,1004,1004,1004,1004,1002,1001,1000,999,998,997,996,995,994,993,992,992,991,990,989,989,988,987,987,986,986,985,985,984,984,983,983,982,982,982,981,981,981,981,980,980,980,980,979,979,979,979,979,979,979,978,978,978,978,978,978,978,978,978,978,978,978,978,978,978,978,978,978,978,978,978,978,979,979,980,981,981,982,983,985,986,987,989,990,992,994,996,998,1000,1002,1004,1007,1009,1012,1014,1017,1020,1023,1026,1029,1032,1035,1039,1042,1045,1049,1053,1056,1060,1064,1068,1071,1075,1079,1083,1087,1092,1096,1100,1104,1108,1113,1117,1121,1126,1130,1134,1139,1143,1152,1152,1162,1166,1168,1170,1171,1172,1172,1172,1182,1186,1190,1192,1194,1196,1198,1200,1201,1203,1204,1205,1207,1208,1209,1210,1211,1212,1213,1213,1214,1215,1216,1216,1217,1218,1218,1219,1220,1220,1221,1221,1222,1222,1223,1223,1224,1224,1224,1225,1225,1225,1226,1226,1226,1227,1227,1227,1227,1227,1228,1228,1228,1228,1228,1228,1228,1229,1229,1229,1229,1229,1229,1229,1229,1229,1228,1228,1228,1227,1227,1226,1225,1224,1224,1223,1221,1220,1219,1218,1216,1215,1213,1212,1210,1208,1206,1204,1202,1200,1198,1195,1193,1191,1188,1186,1183,1180,1178,1175,1172,1169,1166,1163,1160,1156,1153,1150,1146,1143,1140,1136,1132,1129,1125,1121,1118,1114,1110,1106,1102,1098,1094,1090,1086,1082,1078,1074,1070,1066,1062,1058,1054,1049,1045,1041,1037,1032,1028,1024,1011,1006,1002,999,997,995,993,991,990,989,987,986,986,985,984,984,984,983,983,983,984,985,986,987,988,989,990,991,992,993,994,995,996,997,998,999,999,1000,1001,1002,1002,1003,1004,1004,1005,1006,1006,1007,1007,1008,1008,1009,1009,1010,1010,1010,1011,1011,1011,1012,1012,1012,1012,1013,1013,1013,1013,1013,1013,1014,1014,1014,1014,1014,1014,1014,1014,1014,1014,1014,1014,1014,1015,1015,1015,1015,1015,1016,1016,1016,1017,1017,1018,1018,1018,1019,1019,1020,1021,1021,1022,1022,1023,1024,1025,1025,1026,1027,1028,1029,1030,1032,1033,1034,1036,1038,1039,1041,1044,1047,1050,1060,1067,1073,1080,1086,1092,1098,1103,1109,1114,1119,1124,1129,1133,1138,1142,1146,1150,1153,1157,1160,1163,1166,1169,1172,1175,1177,1180,1182,1184,1186,1188,1190,1191,1193,1195,1196,1197,1198,1199,1200,1201,1202,1203,1204,1204,1205,1206,1206,1206,1207,1207,1207,1208,1208,1208,1208,1208,1208,1208,1208,1208,1208,1208,1208,1208,1208,1208,1208,1207,1207,1206,1205,1204,1203,1202,1201,1200,1199,1197,1196,1194,1193,1191,1189,1187,1185,1183,1181,1179,1177,1175,1172,1170,1168,1165,1163,1160,1158,1155,1153,1150,1147,1145,1142,1139,1137,1135,1131,1124,1115,1104,1090,1075,1059,1042,1024,1020,1017,1014,1011,1009,1006,1004,1002,1001,999,998,997,996,996,995,994,994,994,994,993,993,993,993,993,993,993,993,992,992,991,991,990,989,988,987,985,984,983,981,980,978,977,975,973,971,969,967,965,963,961,957,957,969,980,992,1003,1014,1025,1036,1047,1057,1068,1077,1087,1096,1105,1113,1121,1129,1136,1142,1148,1154,1159,1163,1167,1170,1173,1175,1176,1178,1178,1177,1177,1177,1176,1175,1173,1172,1170,1168,1166,1163,1161,1158,1155,1152,1148,1145,1141,1137,1133,1128,1124,1119,1114,1109,1104,1099,1094,1088,1083,1077,1071,1066,1060,1054,1048,1042,1036,1030,1024,1023,1022,1020,1019,1018,1017,1015,1014,1013,1012,1011,1009,1008,1007,1006,1005,1004,1003,1002,1001,1000,999,998,997,996,995,994,993,993,992,991,990,990,989,988,988,987,987,986,986,985,985,985,984,984,984,984,983,983,983,983,983,983,983,984,984,984,985,986,986,987,988,989,991,992,993,995,996,998,1000,1001,1003,1005,1007,1009,1012,1014,1016,1019,1021,1024,1026,1029,1031,1034,1037,1040,1042,1045,1048,1051,1054,1057,1060,1062,1065,1068,1071,1074,1077,1080,1082,1085,1088,1091,1093,1096,1099,1101,1104,1106,1109,1111,1113,1115,1117,1120,1122,1123,1125,1127,1129,1130,1132,1133,1134,1135,1137,1138,1138,1139,1140,1140,1141,1141,1142,1142,1142,1142,1142,1141,1141,1141,1140,1140,1139,1138,1137,1137,1136,1135,1133,1132,1131,1129,1128,1127,1125,1123,1121,1120,1118,1116,1114,1112,1109,1107,1105,1103,1100,1098,1095,1093,1090,1087,1085,1082,1079,1076,1073,1071,1068,1065,1062,1059,1056,1052,1049,1046,1043,1040,1037,1034,1030,1024,1024,1023,1022,1021,1020,1019,1018,1017,1016,1015,1014,1013,1012,1011,1010,1009,1008,1007,1006,1005,1004,1003,1002,1001,1000,999,998,998,997,996,995,994,993,992,992,991,990,989,989,988,987,986,986,985,984,984,983,982,982,981,981,980,980,979,979,978,978,977,977,977,976,976,975,975,975,975,974,974,974,974,973,973,973,973,973,973,973,973,973,973,973,973,973,973,974,974,974,975,975,976,976,977,977,978,979,980,980,981,982,983,984,985,986,987,988,990,991,992,993,994,996,997,998,1000,1001,1003,1004,1006,1007,1008,1010,1012,1013,1015,1016,1018,1019,1021,1022,1024,1026,1027,1029,1030,1032,1033,1035,1036,1038,1040,1041,1042,1044,1045,1047,1048,1050,1051,1052,1054,1055,1056,1057,1058,1060,1061,1062,1063,1064,1065,1066,1067,1068,1068,1069,1070,1071,1071,1072,1072,1073,1073,1074,1074,1074,1075,1075,1075,1075,1075,1075,1075,1075,1075,1075,1075,1075,1075,1074,1074,1074,1074,1073,1073,1073,1072,1072,1072,1071,1071,1070,1070,1069,1069,1068,1068,1067,1067,1066,1065,1065,1064,1063,1062,1062,1061,1060,1059,1059,1058,1057,1056,1055,1054,1053,1052,1052,1051,1050,1049,1048,1047,1046,1045,1044,1043,1042,1040,1039,1038,1037,1036,1035,1034,1033,1032,1031,1030,1028,1027,1026,1024

lead:aVR
count:1824
points:1024,999,977,959,943,930,918,909,901,895,890,886,882,880,878,876,875,875,874,874,874,873,873,873,873,873,873,873,873,860,848,836,825,815,806,797,790,782,775,769,764,759,754,750,747,743,741,738,736,734,733,732,731,730,729,729,729,729,728,728,728,728,728,729,729,730,731,732,734,736,739,743,747,752,758,765,773,781,791,802,815,828,843,860,878,897,918,941,965,991,1018,1042,1065,1086,1105,1123,1140,1155,1168,1181,1192,1202,1210,1218,1225,1231,1236,1240,1244,1247,1249,1251,1252,1253,1254,1254,1254,1255,1255,1254,1254,1253,1251,1249,1247,1244,1241,1237,1233,1229,1224,1218,1213,1207,1201,1194,1187,1180,1172,1164,1156,1148,1139,1130,1121,1112,1103,1093,1084,1074,1064,1054,1044,1024,1024,984,968,956,946,938,931,924,918,913,909,904,900,897,893,890,888,885,883,881,880,878,877,876,875,874,874,873,873,865,856,848,839,831,823,814,806,798,790,782,774,767,759,752,745,738,731,725,718,712,706,701,695,690,685,681,676,672,668,665,661,658,656,653,651,650,648,647,646,646,646,646,646,647,648,649,650,652,653,656,658,661,663,667,670,674,678,682,687,692,698,704,710,717,724,732,741,750,760,771,782,795,810,826,845,868,899,975,1051,1082,1105,1124,1141,1155,1168,1180,1191,1201,1210,1218,1226,1233,1240,1247,1253,1258,1263,1268,1272,1277,1280,1284,1287,1290,1293,1295,1297,1299,1300,1302,1303,1304,1304,1305,1305,1305,1304,1304,1303,1301,1300,1298,1296,1294,1291,1288,1285,1282,1278,1274,1270,1266,1261,1256,1251,1246,1240,1235,1229,1223,1216,1210,1203,1196,1189,1182,1174,1167,1159,1151,1144,1136,1127,1119,1111,1102,1094,1085,1077,1068,1059,1050,1042,1033,1024,971,950,934,921,910,900,891,882,875,868,862,856,850,845,840,836,832,828,824,821,818,815,812,810,807,805,803,802,800,799,797,796,795,795,794,794,794,793,780,768,755,742,730,718,707,696,686,676,668,660,652,646,640,636,632,630,628,628,628,628,629,630,631,632,634,636,638,641,643,647,650,654,657,662,666,671,677,682,688,695,702,709,717,726,735,745,755,767,779,793,807,824,843,864,891,926,1012,1099,1134,1160,1182,1200,1217,1232,1245,1258,1269,1280,1289,1299,1307,1315,1323,1329,1336,1342,1348,1353,1358,1363,1367,1371,1374,1378,1381,1384,1386,1388,1390,1392,1393,1394,1395,1396,1396,1396,1396,1396,1395,1393,1391,1389,1386,1383,1379,1375,1370,1366,1360,1355,1349,1342,1335,1328,1321,1313,1305,1296,1287,1278,1269,1259,1249,1239,1228,1218,1207,1195,1184,1172,1161,1149,1137,1124,1112,1100,1087,1075,1062,1049,1024,1024,938,905,881,863,847,835,824,816,809,803,799,796,793,793,786,779,772,765,758,751,744,737,730,723,716,710,703,696,690,684,677,671,665,659,653,648,642,637,631,626,621,616,612,607,603,599,595,591,587,584,581,578,575,572,570,568,566,564,562,561,560,559,558,557,557,557,557,558,559,561,563,566,569,573,577,582,588,594,601,608,616,625,635,646,657,670,684,699,716,734,755,779,807,841,887,1001,1114,1160,1194,1222,1245,1266,1285,1302,1317,1331,1343,1355,1366,1375,1384,1393,1400,1407,1413,1418,1423,1428,1432,1435,1438,1440,1442,1443,1444,1444,1444,1443,1443,1442,1441,1440,1438,1437,1435,1433,1430,1428,1425,1422,1419,1415,1412,1408,1404,1400,1395,1391,1386,1381,1376,1370,1365,1359,1353,1347,1341,1334,1328,1321,1314,1307,1300,1292,1285,1277,1269,1261,1253,1245,1237,1228,1220,1211,1202,1194,1185,1176,1167,1157,1148,1139,1130,1120,1111,1101,1092,1082,1072,1063,1053,1043,1034,1024,950,921,900,883,869,857,846,837,829,823,817,812,808,805,802,801,799,799,785,771,757,744,731,718,706,695,684,673,663,653,643,634,625,616,608,600,593,586,579,572,566,560,555,549,544,539,535,530,526,523,519,516,512,510,507,504,502,500,498,496,494,493,491,490,489,488,487,486,486,485,485,484,484,484,483,483,483,483,483,483,483,483,483,484,485,486,487,489,491,493,496,499,503,506,510,515,519,524,529,535,541,547,553,560,567,574,582,589,597,606,614,623,632,641,651,660,670,680,691,701,712,723,734,745,756,768,779,791,803,815,827,839,852,864,877,889,902,914,927,940,953,966,991,991,1072,1101,1121,1135,1145,1152,1157,1157,1214,1237,1255,1269,1282,1293,1304,1313,1322,1330,1338,1345,1352,1358,1364,1370,1376,1381,1386,1391,1396,1400,1404,1409,1412,1416,1420,1423,1427,1430,1433,1436,1439,1442,1444,1447,1449,1451,1454,1456,1458,1460,1461,1463,1465,1466,1468,1469,1470,1471,1473,1474,1474,1475,1476,1477,1477,1478,1478,1479,1479,1479,1479,1479,1479,1479,1478,1478,1477,1476,1474,1473,1471,1470,1468,1465,1463,1460,1458,1455,1451,1448,1445,1441,1437,1433,1429,1424,1420,1415,1410,1405,1400,1394,1389,1383,1377,1371,1365,1359,1352,1346,1339,1332,1325,1318,1311,1304,1296,1289,1281,1273,1265,1257,1249,1241,1232,1224,1215,1207,1198,1189,1181,1172,1163,1154,1145,1136,1127,1117,1108,1099,1090,1080,1071,1062,1052,1043,1033,1024,976,957,943,932,922,914,907,901,896,891,887,883,880,877,875,873,872,871,870,870,859,848,836,826,815,805,794,784,775,765,756,746,738,729,720,712,704,696,689,681,674,667,660,654,647,641,635,630,624,619,614,609,604,600,596,592,588,584,581,578,575,572,570,568,566,564,562,561,560,559,558,557,557,557,557,557,558,559,560,561,562,564,566,568,570,572,575,578,581,585,589,593,597,601,606,611,617,622,628,635,641,649,656,664,672,681,690,700,711,722,734,747,760,775,791,809,828,850,875,905,946,1045,1063,1081,1098,1115,1131,1147,1162,1176,1190,1204,1217,1230,1242,1253,1265,1275,1286,1296,1305,1314,1323,1331,1339,1346,1353,1360,1367,1373,1378,1384,1389,1394,1398,1403,1407,1410,1414,1417,1420,1423,1425,1428,1430,1432,1433,1435,1436,1438,1439,1440,1440,1441,1442,1442,1443,1443,1443,1443,1444,1444,1444,1444,1444,1444,1444,1443,1442,1441,1440,1439,1437,1435,1432,1429,1426,1423,1420,1416,1412,1408,1403,1399,1394,1389,1383,1378,1372,1366,1360,1353,1347,1340,1334,1327,1320,1312,1305,1298,1290,1283,1275,1268,1260,1252,1245,1237,1234,1226,1214,1196,1174,1149,1121,1090,1057,1024,977,933,893,857,824,795,769,745,725,707,691,677,666,657,649,643,638,634,631,630,629,628,628,628,628,630,632,636,640,646,652,659,667,676,686,697,708,721,733,747,761,776,791,807,823,840,857,874,891,909,944,944,968,991,1015,1038,1061,1084,1106,1128,1150,1170,1191,1210,1229,1247,1264,1280,1296,1310,1323,1336,1347,1357,1366,1374,1381,1387,1391,1394,1396,1396,1396,1395,1394,1392,1389,1386,1382,1378,1373,1368,1362,1356,1349,1342,1334,1325,1316,1307,1298,1287,1277,1266,1255,1243,1231,1219,1206,1193,1180,1167,1153,1139,1125,1111,1097,1082,1068,1053,1039,1024,1013,1001,990,978,967,956,945,933,922,911,901,890,879,869,858,848,838,828,819,809,800,791,782,773,765,756,748,741,733,726,719,713,706,700,694,689,684,679,674,670,666,663,660,657,654,652,650,648,647,646,646,646,646,647,648,649,651,654,656,660,663,667,672,677,682,688,694,700,707,714,722,730,738,746,755,764,774,783,793,804,814,825,835,846,857,869,880,892,904,915,927,939,951,963,975,987,999,1011,1023,1035,1047,1059,1070,1082,1093,1104,1115,1126,1137,1147,1157,1167,1177,1186,1195,1204,1213,1221,1229,1236,1243,1250,1257,1263,1268,1274,1279,1283,1287,1291,1294,1297,1299,1301,1303,1304,1305,1305,1305,1304,1304,1303,1302,1301,1300,1298,1297,1295,1292,1290,1288,1285,1282,1279,1276,1272,1268,1265,1261,1256,1252,1248,1243,1238,1233,1228,1223,1217,1212,1206,1200,1194,1188,1182,1175,1169,1162,1156,1149,1142,1135,1128,1121,1114,1106,1099,1092,1084,1077,1069,1062,1054,1047,1039,1024,1024,1018,1012,1006,1000,994,988,982,977,971,965,959,953,947,942,936,930,925,919,914,908,903,897,892,887,881,876,871,866,861,856,851,846,842,837,832,828,824,819,815,811,807,803,799,795,791,788,784,781,777,774,771,768,765,762,760,757,754,752,750,748,746,744,742,740,738,737,736,734,733,732,731,731,730,729,729,729,728,728,729,729,730,730,732,733,734,736,738,741,743,746,749,752,756,760,764,768,772,777,782,787,792,797,803,808,814,820,827,833,839,846,853,860,867,874,882,889,896,904,912,919,927,935,943,951,959,967,975,983,991,1000,1008,1016,1024,1032,1040,1048,1056,1063,1071,1079,1087,1094,1101,1109,1116,1123,1130,1137,1143,1150,1156,1163,1169,1175,1180,1186,1191,1196,1201,1206,1211,1215,1219,1223,1227,1230,1234,1237,1240,1242,1245,1247,1248,1250,1251,1253,1253,1254,1254,1255,1255,1254,1254,1254,1253,1253,1252,1251,1250,1249,1248,1247,1245,1244,1242,1241,1239,1237,1235,1233,1231,1229,1226,1224,1221,1218,1216,1213,1210,1207,1204,1201,1197,1194,1191,1187,1183,1180,1176,1172,1168,1164,1160,1156,1152,1148,1144,1139,1135,1130,1126,1121,1117,1112,1108,1103,1098,1093,1089,1084,1079,1074,1069,1064,1059,1054,1049,1044,1039,1034,1024

lead:aVL
count:1824
points:1024,1042,1057,1070,1081,1091,1099,1105,1111,1115,1119,1122,1124,1126,1127,1128,1129,1129,1130,1130,1130,1130,1130,1130,1130,1130,1130,1130,1130,1138,1146,1152,1159,1165,1170,1175,1180,1184,1188,1192,1195,1198,1201,1203,1205,1207,1209,1210,1212,1213,1214,1214,1215,1215,1216,1216,1216,1216,1216,1216,1216,1216,1216,1216,1216,1215,1215,1214,1212,1211,1209,1207,1204,1200,1196,1192,1187,1181,1174,1167,1158,1149,1139,1128,1116,1103,1089,1074,1058,1040,1023,1006,991,977,964,952,941,931,922,914,906,900,894,889,884,880,877,874,872,870,868,867,866,865,865,865,864,864,864,865,865,866,867,868,870,872,874,877,879,882,886,889,893,897,902,906,911,916,921,927,932,938,944,950,957,963,969,976,983,989,996,1003,1010,1024,1024,1047,1057,1064,1070,1075,1079,1083,1086,1089,1092,1094,1097,1099,1101,1103,1104,1106,1107,1108,1109,1110,1111,1111,1112,1112,1112,1113,1113,1118,1123,1128,1133,1138,1143,1148,1153,1158,1162,1167,1172,1176,1181,1185,1189,1193,1197,1201,1205,1209,1212,1216,1219,1222,1225,1228,1230,1233,1235,1237,1239,1241,1243,1244,1245,1246,1247,1248,1248,1249,1249,1249,1248,1248,1247,1247,1246,1244,1243,1242,1240,1238,1236,1234,1231,1229,1226,1223,1219,1216,1212,1207,1203,1198,1193,1187,1181,1175,1168,1160,1152,1143,1132,1121,1107,1091,1069,1015,961,939,923,910,898,888,878,870,862,855,849,843,837,832,827,823,819,815,811,808,805,802,799,796,794,792,790,789,787,786,785,784,783,782,782,782,782,782,782,783,784,785,786,787,789,791,793,796,799,802,805,808,812,815,819,824,828,832,837,842,847,853,858,864,869,875,882,888,894,901,907,914,921,928,935,942,949,956,964,971,979,986,994,1001,1009,1016,1024,1062,1078,1090,1099,1108,1115,1121,1127,1133,1138,1143,1147,1151,1155,1158,1161,1164,1167,1170,1172,1175,1177,1179,1181,1182,1184,1185,1187,1188,1189,1190,1190,1191,1192,1192,1192,1192,1192,1197,1201,1206,1210,1214,1218,1222,1226,1229,1232,1235,1238,1240,1243,1244,1246,1247,1248,1248,1249,1249,1248,1248,1247,1246,1245,1244,1243,1241,1240,1238,1235,1233,1231,1228,1225,1221,1218,1214,1210,1206,1201,1196,1191,1185,1179,1173,1166,1159,1150,1142,1132,1122,1110,1097,1081,1063,1038,977,916,891,872,857,843,832,821,812,803,795,787,780,774,768,762,757,752,748,743,739,735,732,729,726,723,720,718,716,714,712,711,709,708,707,706,706,705,705,705,705,705,706,708,709,711,714,717,720,723,727,731,736,741,746,751,757,763,770,776,783,791,798,806,814,823,831,840,849,858,868,877,887,897,907,917,927,938,948,959,970,981,991,1002,1024,1024,1100,1129,1150,1167,1180,1191,1201,1208,1215,1219,1223,1226,1228,1228,1229,1230,1231,1233,1234,1235,1236,1237,1238,1239,1241,1242,1243,1244,1245,1246,1247,1248,1249,1250,1251,1252,1253,1253,1254,1255,1256,1257,1257,1258,1259,1260,1260,1261,1261,1262,1263,1263,1263,1264,1264,1265,1265,1265,1266,1266,1266,1266,1266,1266,1266,1266,1266,1266,1265,1264,1262,1260,1258,1255,1252,1249,1245,1241,1236,1231,1225,1219,1213,1205,1197,1188,1179,1168,1157,1144,1130,1113,1094,1070,1039,960,882,851,827,808,791,777,764,752,742,732,724,716,708,702,695,690,685,680,676,672,669,666,663,661,659,657,656,655,654,654,655,655,655,656,657,658,659,661,662,664,666,669,671,674,676,679,683,686,690,693,697,701,705,710,714,719,724,729,734,740,745,751,757,763,769,775,781,788,795,801,808,815,822,829,837,844,852,859,867,875,883,891,899,907,915,923,931,939,948,956,965,973,981,990,998,1007,1015,1024,1067,1084,1096,1106,1114,1121,1127,1132,1137,1141,1144,1147,1149,1151,1152,1153,1154,1154,1162,1170,1178,1186,1193,1200,1207,1214,1220,1226,1232,1238,1243,1248,1253,1258,1263,1267,1272,1276,1280,1283,1287,1290,1294,1297,1300,1302,1305,1307,1310,1312,1314,1316,1318,1319,1321,1322,1324,1325,1326,1327,1328,1329,1330,1330,1331,1332,1332,1332,1333,1333,1333,1334,1334,1334,1334,1334,1334,1334,1334,1334,1334,1334,1334,1334,1333,1332,1331,1330,1328,1326,1324,1321,1319,1316,1313,1309,1305,1302,1297,1293,1288,1283,1278,1273,1268,1262,1256,1250,1243,1237,1230,1223,1216,1208,1201,1193,1185,1177,1169,1161,1152,1144,1135,1126,1117,1108,1098,1089,1080,1070,1060,1051,1041,1031,1021,1011,1001,991,981,970,960,950,929,929,881,863,851,842,836,832,829,829,792,777,765,756,748,740,733,727,722,716,711,707,702,698,694,690,686,683,680,676,673,671,668,665,662,660,658,655,653,651,649,647,645,644,642,640,639,637,636,634,633,632,631,630,628,627,627,626,625,624,623,623,622,622,621,621,620,620,620,619,619,619,619,619,619,619,620,620,621,622,623,625,626,628,629,631,634,636,638,641,644,647,650,653,657,660,664,668,672,676,680,685,690,694,699,704,710,715,720,726,732,738,744,750,756,762,769,775,782,789,796,802,810,817,824,831,839,846,854,861,869,877,885,893,900,908,916,925,933,941,949,957,966,974,982,991,999,1007,1016,1024,1059,1073,1083,1091,1098,1104,1109,1114,1118,1121,1124,1127,1129,1131,1133,1134,1135,1136,1136,1136,1141,1146,1150,1155,1159,1164,1168,1172,1176,1180,1184,1188,1191,1195,1199,1202,1205,1209,1212,1215,1218,1221,1224,1226,1229,1231,1234,1236,1239,1241,1243,1245,1247,1249,1250,1252,1254,1255,1256,1258,1259,1260,1261,1262,1263,1264,1264,1265,1265,1266,1266,1266,1266,1266,1266,1266,1266,1265,1265,1264,1263,1262,1261,1260,1259,1257,1256,1254,1252,1250,1248,1246,1243,1241,1238,1235,1232,1228,1225,1221,1217,1213,1209,1204,1199,1194,1189,1183,1177,1170,1163,1156,1148,1139,1130,1120,1109,1096,1081,1064,1040,983,967,953,939,925,912,899,886,874,863,852,841,830,821,811,802,793,784,776,769,761,754,747,741,735,729,723,718,713,708,704,699,696,692,688,685,682,679,676,674,672,670,668,666,665,663,662,661,660,659,658,657,657,656,656,655,655,655,655,655,655,655,655,654,654,655,655,656,656,657,659,660,662,664,666,668,671,674,677,680,683,687,691,695,699,703,707,712,717,722,727,732,737,743,748,754,760,765,771,777,783,789,795,801,808,814,820,823,830,842,859,880,904,931,961,992,1024,1051,1076,1098,1119,1137,1154,1169,1182,1194,1204,1213,1221,1227,1232,1237,1240,1243,1245,1247,1248,1248,1249,1249,1249,1248,1248,1247,1245,1244,1242,1239,1236,1233,1229,1225,1221,1216,1211,1206,1201,1195,1189,1183,1177,1170,1164,1157,1150,1143,1136,1122,1122,1100,1078,1056,1035,1014,993,972,952,932,913,895,877,859,843,827,812,798,784,772,761,750,741,732,725,719,714,710,707,705,705,705,706,707,709,711,714,717,720,724,729,734,740,745,752,759,766,773,781,790,798,807,817,826,836,847,857,868,879,890,902,914,925,937,949,962,974,986,999,1011,1024,1031,1038,1044,1051,1058,1064,1071,1078,1084,1091,1097,1104,1110,1116,1122,1128,1134,1140,1146,1152,1157,1163,1168,1173,1178,1183,1188,1192,1197,1201,1205,1209,1213,1216,1220,1223,1226,1229,1232,1234,1236,1238,1240,1242,1244,1245,1246,1247,1248,1248,1249,1249,1249,1248,1247,1246,1245,1243,1241,1239,1236,1233,1230,1227,1223,1219,1214,1210,1205,1200,1195,1189,1183,1177,1171,1165,1158,1151,1144,1137,1129,1122,1114,1106,1099,1091,1082,1074,1066,1058,1049,1041,1032,1024,1015,1007,998,990,981,973,964,956,948,940,932,924,916,908,901,893,886,879,872,866,859,853,847,841,836,830,825,820,816,811,807,804,800,797,794,792,789,787,785,784,783,782,782,782,782,782,782,783,784,785,786,787,789,790,792,794,796,799,801,804,807,810,813,816,820,823,827,831,835,839,844,848,853,857,862,867,872,877,883,888,893,899,905,910,916,922,928,934,940,947,953,959,966,972,978,985,991,998,1004,1011,1024,1024,1028,1032,1036,1039,1043,1047,1051,1055,1059,1062,1066,1070,1074,1077,1081,1085,1089,1092,1096,1099,1103,1106,1110,1113,1117,1120,1123,1127,1130,1133,1136,1139,1142,1146,1148,1151,1154,1157,1160,1163,1165,1168,1170,1173,1175,1178,1180,1182,1184,1186,1188,1190,1192,1194,1196,1198,1199,1201,1202,1204,1205,1206,1207,1209,1210,1211,1211,1212,1213,1214,1214,1215,1215,1216,1216,1216,1216,1216,1216,1216,1215,1215,1214,1213,1212,1211,1209,1208,1206,1204,1202,1200,1198,1195,1193,1190,1187,1184,1181,1177,1174,1170,1167,1163,1159,1155,1151,1146,1142,1137,1133,1128,1123,1119,1114,1109,1104,1099,1094,1088,1083,1078,1073,1067,1062,1056,1051,1046,1040,1035,1029,1024,1019,1013,1008,1003,997,992,987,982,977,972,967,962,957,952,948,943,939,934,930,926,922,918,914,910,907,903,900,897,894,891,888,885,883,880,878,876,874,873,871,870,868,867,866,866,865,865,864,864,864,865,865,865,865,866,866,867,867,868,869,870,871,872,873,874,875,877,878,879,881,882,884,886,888,889,891,893,895,897,900,902,904,906,909,911,914,916,919,921,924,927,930,932,935,938,941,944,947,950,953,957,960,963,966,969,973,976,979,983,986,989,993,996,1000,1003,1007,1010,1014,1017,1024

lead:aVF
count:1824
points:1024,1031,1038,1043,1048,1052,1055,1058,1060,1062,1063,1065,1066,1066,1067,1067,1068,1068,1068,1068,1068,1068,1068,1068,1068,1068,1068,1068,1068,1074,1079,1083,1088,1092,1096,1099,1103,1106,1108,1111,1113,1115,1117,1119,1120,1121,1123,1123,1124,1125,1126,1126,1127,1127,1127,1127,1127,1127,1127,1127,1127,1127,1127,1127,1127,1127,1127,1126,1126,1125,1124,1123,1121,1120,1118,1115,1113,1110,1107,1103,1099,1094,1089,1084,1078,1072,1065,1057,1049,1040,1032,1023,1016,1009,1002,997,991,986,982,978,974,971,968,965,963,961,959,958,957,956,955,954,954,954,953,953,953,953,953,953,953,954,954,955,955,956,957,958,960,961,963,964,966,968,970,972,974,976,978,981,983,986,989,991,994,997,1000,1003,1006,1009,1012,1015,1018,1024,1024,1040,1047,1052,1056,1059,1062,1065,1067,1070,1072,1073,1075,1076,1078,1079,1080,1081,1082,1083,1083,1084,1085,1085,1085,1086,1086,1086,1086,1090,1093,1096,1100,1103,1106,1110,1113,1116,1120,1123,1126,1129,1132,1135,1138,1140,1143,1146,1148,1151,1153,1156,1158,1160,1162,1164,1165,1167,1169,1170,1171,1173,1174,1175,1175,1176,1177,1177,1177,1178,1178,1178,1178,1177,1177,1177,1176,1176,1175,1175,1174,1173,1173,1172,1171,1169,1168,1167,1166,1164,1162,1161,1159,1157,1155,1152,1150,1147,1144,1141,1138,1134,1130,1125,1120,1113,1104,1082,1059,1050,1044,1038,1033,1029,1025,1022,1019,1016,1013,1011,1009,1006,1004,1003,1001,999,998,996,995,994,993,992,991,990,989,988,988,987,987,986,986,986,986,986,986,986,986,986,986,986,986,986,987,987,987,988,988,989,989,990,990,991,992,992,993,994,994,995,996,997,998,999,1000,1000,1001,1002,1003,1004,1005,1007,1008,1009,1010,1011,1012,1013,1014,1016,1017,1018,1019,1020,1022,1023,1024,1038,1044,1048,1052,1055,1057,1060,1062,1064,1066,1068,1069,1071,1072,1073,1075,1076,1077,1078,1079,1080,1080,1081,1082,1082,1083,1083,1084,1084,1085,1085,1085,1086,1086,1086,1086,1086,1086,1095,1103,1112,1120,1128,1136,1143,1150,1157,1163,1169,1175,1179,1184,1187,1190,1192,1194,1195,1195,1195,1195,1195,1195,1195,1194,1194,1193,1192,1192,1191,1190,1189,1188,1187,1186,1184,1183,1181,1180,1178,1176,1174,1172,1169,1167,1164,1161,1158,1155,1151,1147,1143,1138,1133,1126,1119,1108,1083,1058,1048,1040,1034,1028,1023,1019,1015,1011,1008,1005,1002,999,997,995,992,990,988,987,985,983,982,981,979,978,977,976,975,975,974,973,973,972,972,971,971,971,971,971,971,971,971,971,972,972,972,973,973,974,975,975,976,977,978,979,980,981,982,983,984,985,986,988,989,990,992,993,995,996,998,1000,1001,1003,1004,1006,1008,1010,1011,1013,1015,1017,1019,1020,1024,1024,1034,1038,1040,1043,1044,1046,1047,1048,1049,1049,1050,1050,1051,1051,1057,1063,1069,1074,1080,1086,1092,1098,1104,1110,1115,1121,1126,1132,1137,1143,1148,1153,1158,1163,1168,1173,1177,1182,1186,1191,1195,1199,1203,1207,1210,1214,1217,1220,1223,1226,1229,1231,1234,1236,1238,1240,1241,1243,1244,1245,1246,1247,1248,1248,1249,1249,1249,1248,1248,1247,1247,1246,1245,1244,1242,1241,1239,1237,1235,1233,1230,1227,1224,1221,1218,1214,1209,1205,1199,1194,1187,1180,1171,1161,1146,1111,1076,1062,1051,1043,1035,1029,1023,1018,1013,1009,1005,1001,998,995,992,990,987,985,983,982,980,979,978,977,976,975,974,974,974,974,974,974,974,974,974,974,974,975,975,975,975,976,976,976,977,977,978,978,979,979,980,980,981,981,982,983,983,984,985,985,986,987,988,988,989,990,991,992,993,994,995,996,997,998,999,1000,1001,1002,1003,1004,1005,1006,1007,1008,1009,1010,1011,1012,1014,1015,1016,1017,1018,1019,1021,1022,1023,1024,1055,1067,1076,1083,1089,1095,1099,1103,1106,1109,1111,1113,1115,1116,1117,1118,1119,1119,1125,1131,1137,1143,1148,1153,1159,1163,1168,1173,1177,1182,1186,1190,1194,1197,1201,1204,1207,1210,1213,1216,1219,1221,1224,1226,1228,1230,1232,1234,1236,1238,1239,1241,1242,1243,1244,1245,1246,1247,1248,1249,1250,1250,1251,1252,1252,1252,1253,1253,1253,1254,1254,1254,1254,1254,1254,1254,1255,1255,1255,1255,1255,1255,1255,1254,1254,1254,1254,1253,1253,1252,1252,1251,1251,1250,1249,1248,1247,1246,1245,1244,1243,1242,1240,1239,1237,1236,1235,1233,1231,1230,1228,1226,1224,1222,1220,1219,1216,1214,1212,1210,1208,1206,1204,1201,1199,1197,1194,1192,1189,1187,1185,1182,1180,1177,1174,1172,1169,1167,1164,1162,1159,1156,1151,1151,1120,1108,1100,1095,1091,1088,1086,1086,1066,1058,1052,1047,1043,1039,1035,1032,1029,1026,1023,1021,1018,1016,1014,1012,1010,1008,1006,1005,1003,1001,1000,998,997,996,994,993,992,991,990,989,988,987,986,985,984,983,983,982,981,981,980,979,979,978,978,977,977,976,976,976,975,975,975,975,974,974,974,974,974,974,974,974,974,974,974,974,974,974,974,974,975,975,975,975,976,976,976,976,977,977,978,978,978,979,979,980,980,981,981,982,983,983,984,984,985,986,986,987,988,988,989,990,991,992,992,993,994,995,996,997,997,998,999,1000,1001,1002,1003,1004,1005,1006,1007,1008,1009,1010,1011,1012,1013,1014,1015,1016,1017,1018,1019,1020,1021,1022,1023,1024,1037,1042,1046,1049,1051,1054,1055,1057,1059,1060,1061,1062,1063,1063,1064,1065,1065,1065,1065,1065,1072,1079,1085,1092,1098,1104,1110,1116,1121,1127,1132,1138,1143,1148,1153,1158,1163,1167,1172,1176,1180,1184,1188,1192,1196,1199,1203,1206,1209,1212,1215,1218,1221,1224,1226,1228,1230,1233,1235,1236,1238,1240,1241,1242,1244,1245,1246,1246,1247,1248,1248,1248,1249,1249,1249,1248,1248,1248,1248,1247,1246,1246,1245,1244,1243,1242,1241,1240,1238,1237,1235,1234,1232,1230,1228,1226,1224,1221,1219,1216,1213,1210,1207,1204,1200,1197,1193,1189,1184,1180,1175,1169,1164,1157,1151,1143,1135,1126,1116,1103,1086,1045,1041,1038,1035,1032,1029,1027,1024,1021,1019,1016,1014,1012,1010,1008,1006,1004,1002,1000,998,997,995,994,992,991,990,989,987,986,985,984,983,983,982,981,980,980,979,979,978,977,977,977,976,976,976,975,975,975,975,974,974,974,974,974,974,974,974,974,974,974,974,974,974,974,974,974,974,974,974,975,975,976,976,977,977,978,979,979,980,981,982,983,984,985,986,987,988,989,991,992,993,994,996,997,999,1000,1001,1003,1004,1006,1007,1009,1010,1012,1014,1015,1015,1016,1016,1017,1018,1019,1020,1021,1023,1024,1045,1063,1081,1096,1110,1123,1135,1145,1154,1161,1168,1174,1179,1183,1186,1189,1191,1193,1194,1195,1195,1195,1195,1195,1195,1194,1193,1191,1188,1185,1181,1177,1172,1166,1161,1154,1147,1140,1132,1124,1116,1107,1098,1088,1079,1069,1059,1048,1038,1027,1006,1006,1004,1003,1001,999,997,995,994,992,990,989,987,985,984,983,981,980,979,978,977,976,975,974,973,973,972,972,971,971,971,971,971,971,971,971,972,972,973,973,974,975,976,977,978,979,980,981,982,984,985,986,988,989,991,993,994,996,998,1000,1002,1004,1006,1008,1010,1012,1014,1016,1018,1020,1022,1024,1029,1033,1038,1043,1047,1052,1056,1061,1065,1070,1074,1079,1083,1087,1091,1095,1100,1104,1107,1111,1115,1119,1122,1126,1129,1133,1136,1139,1142,1145,1148,1151,1153,1156,1158,1160,1162,1164,1166,1168,1169,1171,1172,1173,1174,1175,1176,1177,1177,1177,1178,1178,1178,1177,1177,1177,1176,1175,1175,1174,1173,1171,1170,1169,1167,1165,1164,1162,1160,1158,1155,1153,1151,1148,1146,1143,1140,1138,1135,1132,1129,1126,1122,1119,1116,1113,1109,1106,1103,1099,1096,1092,1089,1085,1082,1078,1075,1071,1068,1064,1061,1057,1054,1051,1047,1044,1041,1038,1035,1032,1029,1026,1023,1020,1018,1015,1012,1010,1008,1006,1004,1002,1000,998,996,995,993,992,991,990,989,988,987,987,986,986,986,986,986,986,986,986,986,986,986,986,987,987,987,988,988,988,989,989,990,990,991,991,992,992,993,993,994,995,995,996,997,998,998,999,1000,1001,1002,1002,1003,1004,1005,1006,1007,1008,1009,1010,1011,1012,1013,1014,1015,1016,1017,1018,1019,1020,1021,1022,1024,1024,1026,1028,1030,1032,1034,1036,1039,1041,1043,1045,1047,1049,1051,1053,1055,1057,1059,1061,1063,1065,1066,1068,1070,1072,1074,1076,1078,1079,1081,1083,1084,1086,1088,1089,1091,1093,1094,1096,1097,1099,1100,1101,1103,1104,1105,1107,1108,1109,1110,1111,1113,1114,1115,1116,1117,1117,1118,1119,1120,1121,1121,1122,1123,1123,1124,1124,1125,1125,1126,1126,1126,1127,1127,1127,1127,1127,1127,1127,1127,1127,1127,1127,1126,1126,1125,1125,1124,1123,1123,1122,1121,1119,1118,1117,1116,1114,1113,1111,1110,1108,1106,1105,1103,1101,1099,1097,1095,1093,1091,1088,1086,1084,1082,1079,1077,1074,1072,1069,1067,1064,1062,1059,1056,1054,1051,1048,1046,1043,1040,1038,1035,1032,1030,1027,1024,1022,1019,1016,1014,1011,1009,1006,1004,1001,999,997,994,992,990,988,986,984,982,980,978,976,974,972,971,969,968,966,965,963,962,961,960,959,958,957,956,956,955,955,954,954,953,953,953,953,953,953,953,953,953,954,954,954,954,955,955,955,956,956,957,957,958,958,959,960,960,961,962,963,963,964,965,966,967,968,969,970,971,972,973,974,975,976,977,978,980,981,982,983,985,986,987,989,990,991,993,994,995,997,998,1000,1001,1003,1004,1006,1007,1009,1010,1012,1013,1015,1016,1018,1019,1021,1024

lead:V1
count:1824
points:1024,1005,997,991,986,982,978,975,973,970,968,966,964,962,960,959,958,956,955,954,953,953,952,952,951,951,951,950,950,936,931,926,923,920,917,915,913,911,909,908,906,905,903,902,901,900,899,899,898,897,896,896,895,895,895,894,894,894,894,894,894,894,894,894,895,895,896,897,898,900,901,903,905,907,909,912,914,917,920,924,928,932,937,942,948,955,963,972,985,1018,1050,1063,1073,1081,1087,1093,1099,1103,1108,1111,1115,1118,1121,1124,1126,1129,1131,1133,1134,1136,1137,1138,1139,1140,1141,1141,1141,1142,1142,1142,1141,1141,1140,1139,1138,1136,1135,1133,1131,1128,1126,1123,1120,1117,1114,1111,1107,1104,1100,1096,1092,1087,1083,1078,1074,1069,1064,1059,1054,1049,1044,1039,1034,1024,1024,1017,1010,1003,996,989,983,976,970,963,957,951,946,940,935,930,926,922,918,914,911,908,906,903,902,900,899,899,899,895,891,888,885,882,879,876,873,871,869,867,865,863,861,859,858,856,855,854,853,852,851,850,849,849,848,847,847,847,846,846,846,846,845,845,845,845,845,845,845,845,845,845,846,847,849,851,853,856,859,863,867,871,876,881,887,893,899,906,913,920,928,935,944,952,961,970,979,988,997,1007,1017,1027,1037,1047,1057,1067,1078,1088,1098,1109,1119,1129,1139,1149,1159,1169,1179,1188,1198,1207,1216,1224,1233,1241,1249,1256,1264,1271,1277,1284,1289,1295,1300,1305,1310,1314,1317,1320,1323,1326,1328,1329,1330,1331,1331,1331,1331,1330,1329,1327,1326,1324,1321,1319,1316,1313,1310,1306,1302,1298,1293,1288,1283,1278,1272,1267,1261,1254,1248,1241,1234,1227,1220,1212,1205,1197,1189,1180,1172,1163,1155,1146,1137,1128,1119,1110,1100,1091,1082,1072,1062,1053,1043,1034,1024,994,967,940,915,892,869,849,829,811,794,778,763,750,737,725,715,705,696,688,681,675,669,664,659,656,652,650,647,645,644,643,642,641,641,640,640,640,640,641,642,644,647,651,655,660,666,673,680,688,696,705,715,724,734,745,755,766,777,789,802,815,828,840,853,866,878,891,903,916,928,941,953,965,977,990,1002,1013,1025,1037,1049,1060,1071,1083,1094,1105,1116,1126,1137,1147,1158,1168,1178,1188,1197,1207,1216,1225,1234,1243,1251,1260,1268,1276,1284,1291,1299,1306,1313,1319,1326,1332,1338,1344,1350,1355,1360,1365,1370,1374,1378,1382,1386,1389,1392,1395,1398,1401,1403,1405,1406,1408,1409,1410,1410,1411,1411,1411,1410,1409,1407,1405,1403,1400,1397,1393,1389,1384,1379,1373,1368,1361,1355,1348,1340,1332,1324,1316,1307,1298,1288,1278,1268,1258,1247,1236,1225,1214,1202,1190,1178,1166,1154,1141,1128,1116,1103,1090,1077,1064,1050,1024,1024,1019,1014,1009,1004,999,995,991,988,985,983,981,979,978,978,970,962,954,946,938,930,922,915,907,899,892,884,877,869,862,855,848,841,834,828,821,815,809,802,797,791,785,780,775,770,765,760,756,752,747,744,740,737,734,731,728,725,723,721,719,718,716,715,714,714,713,713,713,713,714,714,715,717,719,721,725,729,734,741,748,756,766,778,791,805,821,839,859,881,904,930,959,989,1022,1058,1096,1137,1178,1217,1252,1285,1316,1344,1370,1394,1416,1436,1454,1470,1484,1497,1508,1518,1527,1534,1540,1546,1550,1553,1556,1558,1559,1560,1561,1561,1561,1561,1561,1561,1560,1559,1558,1556,1554,1552,1550,1547,1544,1541,1537,1533,1529,1525,1520,1515,1510,1505,1499,1493,1487,1481,1474,1467,1460,1453,1445,1437,1429,1421,1413,1404,1395,1386,1377,1367,1358,1348,1338,1328,1317,1307,1296,1285,1275,1263,1252,1241,1230,1218,1206,1195,1183,1171,1159,1147,1135,1123,1110,1098,1086,1074,1061,1049,1036,1024,1003,995,989,984,980,977,974,971,969,967,966,964,963,962,962,961,961,961,946,931,917,904,891,878,866,854,843,832,821,811,802,792,783,774,766,758,751,743,736,730,723,717,711,706,701,696,691,687,683,679,675,672,669,666,663,660,658,656,653,652,650,648,647,646,645,644,643,642,641,641,640,640,639,639,639,639,639,639,639,639,639,639,639,639,639,639,639,639,639,639,639,639,639,639,639,639,639,639,640,640,640,641,641,642,643,643,644,645,646,648,649,650,652,654,656,658,660,663,666,669,672,676,680,684,688,693,698,704,710,716,723,730,737,745,754,763,772,782,793,804,815,828,854,854,956,1032,1087,1123,1146,1157,1162,1162,1162,1163,1165,1167,1171,1174,1179,1184,1190,1197,1204,1211,1220,1229,1238,1248,1259,1270,1281,1293,1305,1318,1331,1344,1357,1371,1385,1399,1413,1428,1442,1457,1471,1486,1500,1514,1528,1542,1556,1569,1583,1596,1608,1620,1632,1644,1655,1665,1675,1685,1693,1702,1710,1717,1723,1729,1734,1739,1743,1746,1748,1750,1751,1751,1751,1751,1750,1749,1748,1746,1744,1742,1739,1736,1733,1729,1725,1721,1717,1712,1707,1702,1696,1690,1684,1678,1671,1664,1656,1649,1641,1633,1625,1616,1607,1598,1589,1579,1569,1559,1549,1538,1528,1517,1506,1494,1483,1471,1459,1447,1434,1422,1409,1396,1383,1370,1357,1343,1330,1316,1302,1288,1274,1260,1246,1232,1217,1203,1188,1173,1159,1144,1129,1114,1099,1084,1069,1054,1039,1024,1016,1008,1000,992,985,977,970,964,957,951,946,941,937,933,929,926,924,923,922,921,914,907,899,892,885,878,872,865,859,852,846,840,834,829,823,818,812,807,802,797,793,788,784,779,775,771,767,764,760,757,753,750,747,744,741,739,736,734,732,730,728,726,725,723,722,721,720,719,718,717,717,716,716,716,716,717,717,718,720,721,723,725,728,730,734,737,740,744,749,753,758,763,768,774,780,786,792,799,806,814,821,829,837,846,855,864,873,883,893,903,914,925,936,947,959,971,983,996,1008,1022,1035,1049,1083,1116,1148,1179,1209,1238,1266,1293,1319,1344,1368,1391,1414,1436,1456,1476,1495,1514,1531,1548,1564,1579,1594,1608,1621,1633,1645,1656,1667,1677,1687,1696,1704,1712,1719,1726,1733,1739,1744,1749,1754,1758,1762,1766,1769,1772,1774,1777,1779,1780,1782,1783,1784,1785,1786,1787,1787,1787,1788,1788,1788,1788,1788,1788,1788,1786,1784,1781,1777,1773,1767,1761,1753,1745,1736,1727,1716,1705,1693,1680,1667,1653,1638,1623,1607,1590,1573,1555,1536,1518,1498,1478,1458,1437,1416,1395,1373,1351,1329,1306,1284,1261,1238,1215,1192,1168,1167,1162,1153,1141,1127,1110,1091,1071,1049,1024,1013,1003,994,986,979,972,966,961,956,952,949,946,943,941,939,938,937,936,935,935,935,934,934,934,934,932,930,927,922,917,912,905,898,890,882,874,865,856,848,839,831,823,815,808,801,795,790,786,783,780,778,778,826,873,919,966,1011,1057,1101,1145,1187,1228,1269,1307,1345,1381,1415,1447,1478,1507,1533,1558,1580,1601,1619,1634,1648,1659,1667,1674,1678,1678,1678,1676,1674,1670,1666,1660,1654,1646,1638,1629,1618,1607,1595,1582,1568,1553,1538,1522,1505,1487,1468,1449,1429,1409,1388,1366,1344,1321,1298,1274,1251,1226,1202,1177,1152,1126,1101,1075,1050,1024,1018,1013,1008,1002,997,991,986,980,975,970,965,959,954,949,944,939,934,930,925,920,916,912,907,903,899,895,891,888,884,880,877,874,871,868,865,863,860,858,856,854,852,850,848,847,846,845,844,843,842,842,842,842,842,843,843,845,847,849,851,854,858,861,866,870,875,880,886,891,898,904,911,918,926,933,941,950,958,967,976,985,995,1004,1014,1024,1034,1044,1055,1065,1076,1087,1098,1108,1119,1130,1141,1152,1163,1174,1185,1196,1206,1217,1227,1238,1248,1258,1268,1278,1288,1297,1306,1315,1324,1333,1341,1349,1357,1364,1371,1378,1385,1391,1397,1402,1407,1412,1417,1421,1425,1428,1431,1433,1436,1437,1439,1440,1440,1441,1440,1440,1439,1438,1437,1435,1433,1431,1428,1425,1422,1419,1415,1411,1407,1402,1397,1392,1387,1381,1375,1369,1362,1356,1349,1342,1334,1326,1319,1310,1302,1294,1285,1276,1267,1258,1248,1239,1229,1219,1209,1199,1189,1178,1168,1157,1146,1135,1125,1114,1103,1091,1080,1069,1058,1047,1024,1024,1022,1021,1019,1018,1016,1015,1013,1011,1010,1008,1007,1005,1004,1002,1001,999,998,996,995,993,992,990,989,987,986,985,983,982,981,979,978,977,976,974,973,972,971,970,968,967,966,965,964,963,962,961,960,959,958,958,957,956,955,954,954,953,952,952,951,950,950,949,949,948,948,948,947,947,947,946,946,946,946,946,946,945,945,945,952,959,966,973,979,986,993,999,1006,1012,1018,1024,1030,1037,1043,1048,1054,1060,1066,1072,1077,1083,1088,1093,1099,1104,1109,1114,1119,1124,1129,1134,1139,1143,1148,1153,1157,1162,1166,1170,1174,1179,1183,1187,1191,1194,1198,1202,1206,1209,1213,1216,1220,1223,1226,1229,1233,1236,1239,1241,1244,1247,1250,1252,1255,1258,1260,1262,1265,1267,1269,1271,1273,1275,1277,1279,1281,1282,1284,1285,1287,1288,1290,1291,1292,1293,1294,1295,1296,1297,1298,1299,1299,1300,1300,1301,1301,1301,1302,1302,1302,1302,1302,1302,1301,1301,1300,1300,1299,1298,1297,1295,1294,1292,1291,1289,1287,1285,1283,1281,1278,1276,1273,1271,1268,1265,1262,1258,1255,1252,1248,1245,1241,1237,1233,1229,1225,1221,1216,1212,1207,1203,1198,1193,1188,1183,1178,1173,1168,1163,1158,1152,1147,1141,1136,1130,1125,1119,1113,1108,1102,1096,1090,1084,1078,1072,1066,1060,1054,1048,1042,1036,1024

lead:V2
count:1824
points:1024,1024,1024,1025,1026,1027,1028,1029,1031,1033,1035,1037,1040,1042,1045,1048,1051,1054,1058,1061,1065,1068,1072,1076,1080,1084,1088,1092,1096,1098,1100,1102,1105,1107,1109,1111,1113,1115,1117,1119,1121,1123,1125,1127,1128,1130,1131,1133,1134,1135,1136,1137,1138,1139,1140,1140,1141,1141,1142,1142,1142,1142,1141,1140,1139,1137,1135,1133,1130,1127,1124,1120,1116,1112,1107,1103,1098,1092,1087,1081,1075,1069,1063,1056,1050,1043,1037,1030,1023,1016,1010,1003,996,989,983,976,970,964,958,952,946,940,935,930,925,921,916,912,909,905,902,900,897,895,894,893,892,891,891,891,891,892,893,894,895,897,899,901,903,906,909,912,915,918,922,926,930,934,938,943,948,952,957,963,968,973,978,984,990,995,1001,1007,1012,1024,1024,1033,1042,1051,1060,1069,1078,1087,1095,1103,1111,1119,1126,1133,1140,1146,1152,1158,1163,1167,1172,1175,1179,1181,1184,1186,1187,1188,1188,1190,1192,1194,1195,1197,1199,1201,1203,1205,1207,1208,1210,1212,1213,1215,1217,1218,1220,1221,1223,1224,1225,1227,1228,1229,1230,1231,1232,1233,1234,1235,1236,1236,1237,1237,1238,1238,1238,1239,1239,1239,1239,1239,1238,1238,1237,1235,1234,1232,1230,1227,1225,1222,1218,1215,1211,1207,1202,1197,1192,1187,1181,1176,1169,1163,1156,1149,1142,1134,1126,1118,1109,1101,1092,1082,1073,1063,1052,1042,1031,1021,1011,1002,992,983,974,966,958,950,942,935,928,921,914,908,902,897,891,886,882,877,873,869,866,862,859,856,854,852,850,848,847,846,845,845,845,845,845,846,846,847,848,849,850,852,854,855,857,860,862,864,867,870,873,876,879,882,886,890,893,897,901,905,910,914,919,923,928,933,938,943,948,953,958,963,969,974,979,985,990,996,1002,1007,1013,1018,1024,1044,1063,1081,1098,1114,1129,1143,1157,1169,1181,1191,1201,1211,1219,1227,1234,1241,1247,1252,1257,1262,1266,1269,1272,1275,1277,1279,1280,1282,1283,1283,1284,1285,1285,1285,1285,1285,1285,1285,1285,1285,1285,1285,1285,1285,1285,1285,1285,1285,1285,1285,1285,1285,1285,1285,1285,1285,1285,1285,1284,1283,1282,1280,1278,1275,1272,1269,1265,1261,1256,1251,1246,1240,1234,1228,1221,1214,1207,1200,1192,1184,1176,1167,1158,1149,1140,1131,1122,1112,1102,1092,1082,1072,1062,1052,1042,1032,1021,1011,1001,991,981,971,961,951,942,932,923,914,905,896,888,879,871,864,856,849,842,835,829,823,817,812,807,803,799,795,791,788,786,783,782,780,779,778,778,778,779,780,781,782,783,785,787,790,792,795,799,802,806,810,814,818,823,828,833,839,844,850,856,862,869,876,882,889,896,904,911,918,926,934,942,950,958,966,974,982,991,999,1007,1024,1024,1036,1048,1060,1071,1081,1091,1100,1108,1115,1121,1125,1129,1132,1132,1141,1150,1160,1169,1179,1188,1197,1206,1215,1224,1233,1242,1251,1260,1268,1277,1285,1293,1301,1309,1317,1324,1331,1339,1346,1352,1359,1365,1371,1377,1383,1389,1394,1399,1404,1408,1412,1416,1420,1424,1427,1430,1432,1435,1437,1439,1440,1442,1443,1443,1444,1444,1443,1442,1439,1436,1431,1426,1420,1412,1404,1395,1385,1374,1363,1350,1337,1324,1309,1294,1278,1262,1245,1228,1211,1193,1174,1156,1137,1118,1099,1080,1061,1042,1023,1005,986,968,950,932,915,899,882,867,852,837,823,810,798,786,775,766,756,748,741,735,729,725,721,719,717,717,717,717,718,718,719,720,721,722,723,725,727,729,731,733,735,738,740,743,746,749,752,756,759,763,767,771,775,779,783,788,792,797,802,807,812,817,822,828,833,839,845,850,856,862,868,875,881,887,893,900,906,913,920,926,933,940,947,954,961,968,975,982,989,996,1003,1010,1017,1024,1041,1059,1076,1092,1108,1124,1139,1152,1165,1177,1188,1197,1205,1212,1217,1221,1224,1224,1241,1257,1273,1289,1304,1318,1332,1345,1358,1371,1383,1395,1406,1417,1427,1437,1446,1455,1464,1473,1481,1488,1495,1502,1509,1515,1521,1527,1532,1537,1542,1546,1550,1554,1558,1561,1565,1568,1570,1573,1575,1577,1579,1581,1583,1584,1585,1587,1588,1588,1589,1590,1590,1591,1591,1592,1592,1592,1592,1592,1592,1592,1592,1592,1592,1592,1592,1592,1592,1592,1592,1592,1592,1592,1592,1592,1591,1591,1591,1590,1590,1589,1588,1587,1586,1585,1584,1582,1580,1578,1576,1573,1571,1567,1564,1560,1556,1551,1546,1541,1535,1528,1521,1513,1505,1496,1487,1477,1466,1454,1442,1429,1415,1400,1384,1367,1349,1330,1310,1289,1267,1243,1219,1193,1137,1137,1054,992,947,917,899,890,886,886,886,885,884,883,882,880,878,876,873,871,868,864,861,857,853,848,844,839,834,829,824,818,812,807,801,795,789,783,777,770,764,758,751,745,739,733,727,721,715,709,703,697,692,687,682,677,672,667,663,659,655,651,648,645,642,640,637,635,634,632,631,630,630,630,630,630,631,631,632,633,634,635,637,638,640,642,644,646,649,651,654,657,660,663,666,670,673,677,681,685,690,694,698,703,708,713,718,723,728,734,740,745,751,757,763,769,775,782,788,795,802,808,815,822,829,836,844,851,858,866,873,881,888,896,904,912,919,927,935,943,951,959,967,975,983,991,1000,1008,1016,1024,1030,1035,1041,1046,1051,1057,1061,1066,1071,1075,1079,1082,1085,1088,1090,1092,1094,1095,1095,1096,1109,1123,1136,1149,1162,1174,1186,1198,1210,1221,1232,1243,1254,1264,1274,1284,1294,1303,1312,1321,1330,1338,1346,1354,1362,1369,1376,1383,1389,1396,1402,1407,1413,1418,1423,1428,1432,1437,1441,1444,1448,1451,1454,1457,1459,1461,1463,1465,1466,1467,1468,1469,1469,1469,1469,1469,1468,1466,1464,1462,1460,1456,1453,1449,1445,1440,1435,1430,1424,1418,1411,1404,1396,1389,1380,1372,1362,1353,1343,1333,1322,1311,1299,1287,1275,1262,1249,1236,1222,1207,1193,1177,1162,1146,1130,1113,1096,1078,1060,1042,1023,1004,990,977,965,953,941,930,919,909,899,889,880,871,862,854,845,838,830,823,816,810,804,798,792,787,782,777,772,768,764,760,756,753,749,746,743,741,738,736,734,732,730,728,727,726,724,723,722,721,720,720,719,719,718,718,718,717,717,717,717,717,717,717,717,717,717,717,718,719,720,722,724,726,728,731,733,737,740,744,747,751,756,760,765,770,775,781,786,792,798,804,810,817,823,830,837,844,851,858,865,872,879,887,894,902,909,916,918,922,929,938,949,963,978,994,1011,1024,1067,1106,1142,1175,1205,1231,1255,1276,1295,1311,1325,1338,1348,1356,1364,1369,1374,1377,1379,1381,1382,1382,1382,1382,1382,1381,1379,1376,1372,1368,1363,1357,1350,1343,1335,1327,1317,1307,1297,1286,1275,1263,1250,1237,1224,1211,1197,1183,1169,1155,1126,1126,1108,1090,1072,1054,1036,1019,1002,985,968,952,937,922,907,893,880,868,856,845,834,825,816,808,801,795,790,786,783,780,778,778,778,779,780,781,783,785,787,790,793,797,801,805,810,814,820,825,831,837,844,850,857,864,872,880,887,896,904,912,921,930,939,948,957,967,976,986,995,1005,1014,1024,1032,1040,1048,1056,1064,1072,1080,1088,1095,1103,1111,1118,1126,1133,1141,1148,1155,1162,1169,1175,1182,1188,1194,1201,1206,1212,1218,1223,1229,1234,1238,1243,1248,1252,1256,1260,1263,1267,1270,1273,1276,1278,1280,1283,1284,1286,1287,1288,1289,1290,1290,1290,1290,1290,1290,1289,1288,1288,1287,1285,1284,1283,1281,1280,1278,1276,1274,1271,1269,1266,1264,1261,1258,1255,1252,1248,1245,1241,1237,1233,1229,1225,1221,1216,1212,1207,1202,1197,1192,1187,1182,1177,1171,1165,1160,1154,1148,1142,1136,1130,1123,1117,1111,1104,1097,1091,1084,1077,1070,1063,1056,1048,1041,1034,1026,1019,1011,1004,996,989,981,973,965,957,950,942,934,926,918,910,902,894,885,877,869,861,853,845,845,845,845,846,846,847,848,849,850,851,853,854,856,858,859,861,863,866,868,870,873,876,878,881,884,887,891,894,897,901,904,908,912,916,919,923,927,932,936,940,944,949,953,958,962,967,971,976,981,985,990,995,1000,1005,1009,1014,1024,1024,1027,1031,1034,1038,1041,1044,1048,1051,1054,1058,1061,1064,1068,1071,1074,1078,1081,1084,1087,1090,1093,1096,1099,1103,1106,1108,1111,1114,1117,1120,1123,1126,1128,1131,1133,1136,1139,1141,1143,1146,1148,1150,1153,1155,1157,1159,1161,1163,1165,1167,1169,1170,1172,1174,1175,1177,1178,1179,1181,1182,1183,1184,1185,1186,1187,1188,1189,1190,1190,1191,1191,1192,1192,1192,1193,1193,1193,1193,1193,1193,1192,1192,1191,1191,1190,1189,1188,1187,1186,1184,1183,1181,1179,1177,1175,1173,1171,1169,1167,1164,1162,1159,1156,1153,1150,1147,1144,1141,1138,1135,1131,1128,1124,1121,1117,1113,1110,1106,1102,1098,1094,1090,1086,1082,1078,1074,1070,1066,1062,1058,1054,1050,1046,1042,1038,1034,1031,1027,1023,1019,1015,1012,1008,1004,1001,997,994,990,987,984,981,977,974,972,969,966,963,961,958,956,954,951,949,947,946,944,942,941,939,938,937,936,935,934,933,933,932,932,932,932,932,932,932,932,932,933,933,933,934,934,934,935,936,936,937,937,938,939,940,940,941,942,943,944,945,946,947,949,950,951,952,953,955,956,957,959,960,962,963,965,966,968,970,971,973,974,976,978,980,981,983,985,987,989,991,992,994,996,998,1000,1002,1004,1006,1008,1010,1012,1014,1016,1018,1020,1024

lead:V3
count:1824
points:1024,1024,1025,1025,1026,1028,1029,1031,1033,1036,1038,1041,1044,1048,1051,1055,1059,1063,1068,1072,1077,1082,1087,1092,1097,1102,1107,1112,1118,1120,1123,1126,1129,1132,1135,1138,1141,1143,1146,1148,1151,1153,1156,1158,1160,1162,1164,1166,1168,1169,1171,1172,1173,1174,1175,1176,1177,1177,1177,1178,1178,1177,1177,1176,1174,1172,1170,1167,1164,1161,1157,1153,1148,1143,1138,1133,1127,1121,1114,1108,1101,1094,1087,1079,1072,1064,1057,1049,1041,1033,1026,1018,1010,1002,995,987,980,973,966,959,952,946,940,934,929,923,918,914,910,906,902,899,897,894,892,891,890,889,889,889,890,890,891,892,894,895,897,899,902,904,907,910,913,917,921,925,929,933,937,942,947,951,957,962,967,972,978,983,989,995,1001,1006,1012,1024,1024,1037,1051,1064,1077,1090,1103,1116,1128,1140,1151,1162,1173,1183,1193,1202,1211,1219,1226,1233,1239,1245,1250,1254,1257,1260,1262,1263,1263,1266,1269,1272,1275,1277,1280,1283,1286,1288,1291,1294,1296,1299,1301,1304,1306,1309,1311,1313,1315,1317,1319,1321,1323,1325,1326,1328,1329,1331,1332,1333,1334,1335,1336,1337,1338,1338,1339,1339,1339,1340,1340,1339,1339,1337,1336,1333,1331,1327,1324,1319,1315,1310,1304,1298,1291,1284,1277,1269,1261,1253,1244,1235,1226,1216,1206,1195,1185,1174,1163,1152,1141,1129,1117,1106,1094,1082,1070,1058,1046,1034,1022,1011,999,987,976,964,953,942,931,921,911,901,891,881,872,863,855,847,839,832,825,819,812,807,802,797,793,789,786,783,781,779,778,777,777,777,777,778,779,780,781,783,785,787,789,791,794,797,800,804,807,811,815,820,824,829,833,839,844,849,855,860,866,872,879,885,892,898,905,912,919,926,933,940,948,955,963,970,978,985,993,1001,1008,1016,1024,1054,1082,1108,1133,1157,1179,1200,1220,1238,1255,1271,1286,1300,1312,1324,1335,1344,1353,1361,1369,1375,1381,1386,1390,1394,1397,1400,1402,1404,1406,1407,1408,1409,1409,1409,1409,1410,1410,1410,1410,1410,1410,1410,1410,1410,1410,1410,1410,1410,1410,1410,1411,1411,1411,1411,1411,1411,1411,1411,1410,1409,1407,1404,1401,1398,1394,1389,1384,1378,1372,1365,1358,1350,1342,1334,1325,1315,1305,1295,1284,1273,1262,1251,1239,1226,1214,1201,1188,1175,1162,1149,1135,1121,1108,1094,1080,1066,1052,1038,1024,1010,997,983,970,956,943,930,918,905,893,881,870,858,847,837,826,817,807,798,790,781,774,767,760,754,748,743,738,734,730,727,725,723,721,721,720,720,721,722,723,725,727,729,732,735,738,741,745,750,754,759,765,770,776,782,788,795,802,809,817,824,832,840,849,857,866,875,884,894,903,913,922,932,942,952,962,972,983,993,1003,1024,1024,1037,1050,1063,1075,1086,1097,1107,1115,1123,1129,1134,1138,1141,1141,1155,1170,1184,1198,1212,1226,1240,1254,1268,1282,1295,1309,1322,1335,1348,1361,1374,1386,1398,1410,1422,1433,1444,1455,1466,1476,1486,1496,1505,1514,1523,1531,1539,1546,1554,1560,1567,1573,1579,1584,1589,1593,1597,1601,1604,1607,1609,1611,1613,1614,1615,1615,1614,1612,1609,1605,1599,1593,1585,1576,1566,1554,1542,1529,1514,1499,1483,1466,1448,1429,1410,1390,1369,1348,1326,1304,1281,1258,1235,1212,1188,1165,1141,1118,1094,1071,1048,1026,1004,982,960,940,920,900,882,864,847,830,815,801,787,775,764,754,745,737,730,725,720,717,715,715,715,715,716,716,717,718,719,720,721,723,725,727,729,731,733,736,738,741,744,747,750,754,757,761,765,769,773,777,782,786,791,796,800,805,810,816,821,826,832,838,843,849,855,861,867,874,880,886,893,899,906,912,919,926,933,939,946,953,960,967,974,981,988,995,1003,1010,1017,1024,1055,1086,1116,1146,1174,1202,1228,1253,1276,1297,1316,1332,1347,1358,1368,1375,1380,1380,1401,1420,1440,1458,1477,1494,1511,1527,1543,1558,1573,1587,1600,1613,1626,1638,1649,1660,1671,1681,1691,1700,1709,1717,1725,1733,1740,1747,1753,1759,1765,1770,1775,1780,1784,1789,1792,1796,1799,1802,1805,1808,1810,1812,1814,1816,1818,1819,1820,1821,1822,1823,1824,1824,1825,1825,1825,1826,1826,1826,1826,1826,1826,1826,1826,1826,1826,1826,1826,1826,1826,1826,1826,1826,1825,1825,1825,1824,1824,1823,1822,1821,1820,1819,1818,1816,1814,1812,1809,1806,1803,1800,1796,1791,1786,1781,1775,1769,1762,1754,1746,1737,1727,1716,1705,1693,1679,1665,1650,1634,1617,1598,1579,1558,1536,1512,1488,1461,1434,1404,1373,1341,1306,1270,1192,1192,1078,992,930,889,864,851,846,846,845,845,844,843,842,841,839,837,835,833,830,827,824,821,817,814,810,806,802,797,793,788,783,778,774,768,763,758,753,748,742,737,732,726,721,716,711,705,700,695,690,686,681,677,672,668,664,660,656,653,650,647,644,641,639,637,635,633,632,630,630,629,628,628,628,629,629,630,630,631,632,634,635,637,639,640,643,645,647,650,653,655,658,662,665,669,672,676,680,684,688,693,697,702,707,712,717,722,727,733,738,744,750,756,762,768,775,781,787,794,801,808,814,821,829,836,843,850,858,865,873,880,888,896,903,911,919,927,935,943,951,959,967,975,983,991,999,1008,1016,1024,1032,1039,1047,1054,1061,1068,1075,1081,1087,1093,1098,1102,1107,1110,1114,1116,1118,1120,1121,1121,1143,1165,1186,1207,1228,1248,1268,1287,1306,1324,1342,1360,1377,1394,1410,1426,1442,1457,1472,1486,1500,1513,1527,1539,1551,1563,1575,1586,1596,1606,1616,1626,1634,1643,1651,1659,1666,1673,1679,1685,1691,1696,1701,1705,1709,1713,1716,1718,1721,1723,1724,1725,1726,1726,1726,1725,1723,1721,1718,1714,1710,1706,1700,1694,1687,1680,1672,1664,1654,1644,1634,1623,1611,1599,1585,1572,1557,1542,1527,1511,1494,1476,1458,1439,1420,1400,1379,1358,1336,1313,1290,1266,1242,1216,1191,1164,1137,1109,1081,1052,1022,992,979,967,955,943,932,921,910,900,890,880,871,862,854,846,838,830,823,816,810,803,797,791,786,781,776,771,766,762,758,754,751,747,744,741,738,736,733,731,729,727,725,724,722,721,720,718,718,717,716,715,715,714,714,713,713,713,713,712,712,712,712,712,712,712,712,713,713,714,715,716,718,720,721,724,726,728,731,734,737,741,744,748,752,756,760,764,769,774,778,783,789,794,799,804,810,816,821,827,833,839,845,851,857,863,869,875,877,883,892,905,921,939,960,983,1006,1024,1093,1157,1215,1268,1316,1359,1397,1431,1461,1488,1511,1530,1547,1561,1572,1581,1588,1594,1597,1600,1601,1602,1603,1603,1602,1600,1598,1594,1589,1583,1576,1568,1558,1548,1537,1525,1513,1499,1485,1470,1454,1437,1420,1402,1384,1366,1347,1328,1308,1289,1249,1249,1224,1200,1175,1151,1127,1103,1080,1057,1035,1013,992,972,952,934,916,899,883,868,854,841,829,818,809,801,794,788,783,780,778,778,778,778,779,781,782,784,787,790,793,796,800,804,809,814,819,825,830,837,843,850,857,864,871,879,887,895,904,912,921,930,939,948,957,966,976,985,995,1005,1014,1024,1036,1048,1060,1072,1084,1096,1108,1120,1131,1143,1154,1166,1177,1188,1199,1209,1220,1230,1241,1251,1261,1270,1280,1289,1298,1306,1315,1323,1331,1338,1345,1352,1359,1366,1372,1377,1383,1388,1393,1397,1401,1405,1408,1412,1414,1417,1419,1420,1421,1422,1423,1423,1423,1423,1422,1422,1421,1420,1418,1417,1415,1413,1411,1409,1407,1404,1401,1398,1395,1392,1388,1385,1381,1377,1372,1368,1363,1359,1354,1348,1343,1338,1332,1326,1320,1314,1308,1301,1295,1288,1281,1274,1267,1260,1252,1244,1237,1229,1221,1213,1204,1196,1188,1179,1170,1161,1152,1143,1134,1125,1116,1106,1097,1087,1077,1068,1058,1048,1038,1028,1018,1007,997,987,976,966,956,945,935,924,914,903,892,882,871,860,850,839,839,839,840,840,841,842,842,843,845,846,847,849,850,852,854,856,858,861,863,866,868,871,874,877,880,883,886,890,893,897,901,904,908,912,916,920,924,929,933,937,942,946,951,956,960,965,970,975,979,984,989,994,999,1004,1009,1014,1024,1024,1029,1034,1039,1045,1050,1055,1060,1065,1070,1075,1080,1085,1090,1095,1100,1105,1110,1114,1119,1124,1129,1133,1138,1143,1147,1152,1156,1160,1165,1169,1173,1177,1181,1185,1189,1193,1197,1201,1204,1208,1211,1215,1218,1222,1225,1228,1231,1234,1237,1240,1242,1245,1247,1250,1252,1254,1257,1259,1261,1262,1264,1266,1267,1269,1270,1272,1273,1274,1275,1276,1276,1277,1278,1278,1279,1279,1279,1279,1273,1266,1260,1253,1247,1241,1235,1229,1223,1217,1211,1205,1200,1194,1188,1183,1177,1172,1166,1161,1156,1151,1146,1141,1136,1131,1126,1121,1117,1112,1107,1103,1098,1094,1090,1085,1081,1077,1073,1069,1065,1061,1057,1054,1050,1046,1043,1039,1036,1033,1029,1026,1023,1020,1017,1014,1011,1008,1005,1002,1000,997,995,992,990,987,985,983,981,979,977,975,973,971,969,968,966,964,963,961,960,959,958,956,955,954,953,952,951,951,950,949,949,948,948,947,947,947,946,946,946,946,946,946,946,946,946,947,947,947,947,948,948,949,949,950,950,951,951,952,953,953,954,955,956,956,957,958,959,960,961,962,963,964,965,966,968,969,970,971,973,974,975,977,978,979,981,982,984,985,986,988,990,991,993,994,996,997,999,1001,1002,1004,1005,1007,1009,1010,1012,1014,1016,1017,1019,1021,1024

lead:V4
count:1824
points:1024,1024,1025,1025,1027,1028,1030,1032,1034,1037,1040,1043,1046,1050,1054,1058,1062,1067,1071,1076,1081,1087,1092,1097,1103,1108,1114,1120,1125,1129,1132,1135,1138,1141,1144,1147,1150,1153,1156,1159,1162,1164,1167,1169,1171,1174,1176,1178,1180,1181,1183,1184,1186,1187,1188,1189,1189,1190,1190,1191,1191,1190,1190,1189,1187,1185,1183,1180,1177,1173,1169,1165,1160,1155,1150,1144,1138,1132,1125,1119,1112,1105,1097,1090,1082,1074,1066,1058,1050,1042,1034,1026,1018,1010,1003,995,987,980,973,966,959,953,946,940,935,929,924,920,915,911,908,905,902,899,897,896,895,894,894,894,895,895,896,897,898,900,902,904,906,909,911,914,918,921,924,928,932,936,940,945,949,954,959,964,969,974,980,985,990,996,1001,1007,1013,1024,1024,1040,1055,1071,1086,1101,1116,1131,1145,1159,1172,1185,1198,1210,1221,1232,1242,1251,1260,1268,1275,1282,1287,1292,1296,1299,1301,1303,1303,1306,1310,1313,1316,1320,1323,1326,1330,1333,1336,1339,1342,1345,1348,1351,1354,1357,1359,1362,1365,1367,1369,1372,1374,1376,1378,1380,1381,1383,1385,1386,1387,1388,1389,1390,1391,1392,1392,1393,1393,1394,1394,1393,1393,1392,1390,1388,1386,1384,1381,1377,1373,1369,1365,1360,1354,1348,1342,1335,1328,1321,1313,1305,1296,1287,1278,1268,1258,1247,1236,1224,1212,1200,1188,1174,1161,1147,1133,1118,1103,1089,1075,1062,1049,1036,1024,1012,1001,989,979,969,959,949,940,932,923,915,908,901,894,888,882,877,872,867,863,859,856,853,850,848,846,845,844,843,843,843,843,844,844,845,846,847,849,850,852,854,856,858,860,863,865,868,871,874,877,881,884,888,892,896,900,904,909,913,918,922,927,932,937,942,947,952,957,963,968,973,979,984,990,996,1001,1007,1013,1018,1024,1059,1092,1123,1152,1180,1206,1231,1254,1276,1296,1314,1332,1348,1363,1376,1389,1400,1411,1420,1429,1436,1443,1449,1454,1459,1463,1466,1469,1471,1473,1474,1475,1476,1476,1477,1477,1477,1477,1477,1477,1477,1477,1477,1477,1477,1478,1478,1478,1478,1478,1479,1479,1479,1479,1480,1480,1480,1480,1480,1479,1478,1476,1473,1470,1467,1462,1458,1452,1446,1440,1433,1426,1418,1410,1401,1392,1382,1372,1362,1351,1340,1328,1317,1304,1292,1279,1266,1253,1240,1226,1213,1199,1185,1171,1157,1143,1128,1114,1100,1086,1072,1058,1044,1030,1017,1004,990,977,965,952,940,928,917,906,895,885,874,865,856,847,839,831,824,817,810,805,799,794,790,787,783,781,779,777,777,776,776,777,778,779,780,782,783,786,788,791,794,797,800,804,808,812,817,822,827,832,837,843,849,855,861,868,874,881,888,895,903,910,918,925,933,941,949,957,965,974,982,990,999,1007,1024,1024,1036,1048,1060,1071,1082,1092,1101,1109,1116,1122,1126,1130,1132,1132,1149,1167,1184,1201,1217,1234,1251,1268,1284,1301,1317,1333,1349,1364,1380,1395,1410,1425,1439,1453,1467,1481,1494,1507,1520,1532,1544,1555,1567,1577,1588,1598,1607,1616,1625,1633,1641,1648,1655,1661,1667,1672,1677,1681,1685,1688,1691,1694,1695,1697,1698,1698,1697,1695,1692,1687,1681,1674,1665,1655,1644,1632,1618,1604,1588,1571,1553,1535,1515,1494,1473,1451,1429,1405,1381,1357,1332,1307,1282,1256,1231,1205,1179,1153,1128,1102,1077,1053,1028,1004,981,958,936,915,895,875,856,839,822,806,792,778,766,755,745,736,729,723,718,715,712,712,712,712,713,713,714,715,716,717,719,720,722,724,726,728,731,733,736,739,742,745,748,751,755,759,763,767,771,775,779,784,789,793,798,803,809,814,819,825,830,836,842,848,854,860,866,872,879,885,891,898,905,911,918,925,932,939,946,953,960,967,974,981,988,995,1002,1010,1017,1024,1064,1104,1143,1181,1219,1254,1288,1320,1350,1377,1401,1423,1441,1457,1469,1477,1484,1484,1506,1526,1546,1565,1583,1601,1618,1635,1651,1666,1681,1696,1710,1723,1736,1748,1760,1771,1782,1792,1802,1811,1820,1829,1837,1845,1852,1859,1866,1872,1878,1883,1888,1893,1898,1902,1906,1910,1913,1916,1919,1922,1924,1926,1928,1930,1932,1933,1934,1936,1936,1937,1938,1939,1939,1939,1940,1940,1940,1940,1940,1940,1940,1940,1940,1940,1940,1940,1940,1940,1940,1940,1940,1940,1940,1939,1939,1938,1938,1937,1936,1935,1934,1933,1931,1929,1927,1924,1921,1918,1915,1910,1906,1901,1895,1889,1883,1875,1867,1859,1849,1839,1828,1816,1803,1789,1774,1758,1741,1723,1704,1683,1661,1637,1612,1585,1557,1528,1496,1463,1428,1391,1352,1311,1223,1223,1094,997,928,881,853,838,832,832,832,832,831,830,829,828,826,824,822,820,817,815,812,809,805,802,798,794,790,786,782,777,773,768,763,758,753,748,743,738,733,728,723,718,713,708,703,698,693,688,684,679,675,670,666,662,658,655,651,648,645,642,639,636,634,632,630,629,627,626,625,625,624,624,624,625,625,626,626,627,628,630,631,633,634,636,639,641,643,646,649,652,655,658,661,665,669,672,676,681,685,689,694,699,703,708,714,719,724,730,736,741,747,753,759,766,772,778,785,792,798,805,812,819,826,834,841,848,856,863,871,879,886,894,902,910,918,926,934,942,950,958,966,975,983,991,999,1007,1016,1024,1034,1044,1054,1063,1073,1082,1090,1099,1106,1114,1120,1127,1132,1137,1141,1145,1147,1149,1150,1151,1178,1204,1229,1255,1279,1304,1327,1351,1373,1396,1417,1439,1459,1480,1499,1519,1537,1555,1573,1590,1607,1623,1639,1654,1669,1683,1697,1710,1723,1735,1747,1758,1769,1779,1789,1798,1807,1815,1823,1830,1837,1843,1849,1854,1859,1863,1867,1870,1873,1875,1877,1878,1879,1879,1879,1878,1876,1873,1870,1865,1860,1855,1848,1841,1833,1824,1814,1804,1793,1781,1768,1755,1741,1726,1710,1693,1676,1658,1639,1620,1599,1578,1556,1534,1510,1486,1461,1436,1409,1382,1354,1325,1296,1265,1234,1202,1170,1136,1102,1067,1031,995,981,967,954,941,928,916,905,894,883,872,862,853,843,834,826,817,809,802,795,788,781,775,768,763,757,752,747,742,738,734,730,726,723,719,716,713,711,708,706,704,702,700,699,697,696,695,693,692,692,691,690,690,689,689,689,688,688,688,688,688,688,688,688,688,688,688,689,689,690,692,693,695,697,699,701,703,706,709,712,715,719,722,726,730,734,738,743,747,752,757,762,767,772,778,783,788,794,800,805,811,817,823,829,835,841,847,849,856,867,882,901,923,947,974,1002,1024,1110,1188,1260,1325,1384,1437,1484,1526,1564,1596,1625,1649,1669,1686,1700,1712,1720,1727,1732,1735,1737,1738,1738,1738,1737,1735,1732,1728,1722,1716,1708,1699,1688,1677,1665,1651,1637,1621,1605,1588,1570,1552,1532,1512,1492,1471,1450,1428,1406,1384,1340,1340,1310,1281,1251,1222,1193,1165,1137,1110,1083,1057,1032,1008,984,962,940,920,901,883,866,851,836,824,812,802,794,787,782,778,775,775,775,776,777,778,780,782,784,787,790,794,798,802,807,812,817,822,828,835,841,848,855,862,870,878,886,894,902,911,920,929,938,947,956,966,975,985,995,1004,1014,1024,1038,1053,1067,1082,1096,1110,1124,1138,1152,1166,1180,1194,1207,1220,1233,1246,1259,1271,1284,1296,1307,1319,1330,1341,1352,1362,1372,1382,1391,1400,1409,1418,1426,1433,1441,1447,1454,1460,1466,1471,1476,1481,1485,1488,1492,1494,1497,1499,1500,1501,1502,1502,1502,1502,1501,1501,1500,1498,1497,1495,1493,1491,1489,1487,1484,1481,1478,1474,1471,1467,1463,1459,1454,1450,1445,1440,1435,1429,1424,1418,1412,1406,1399,1393,1386,1379,1372,1365,1357,1350,1342,1334,1326,1318,1309,1301,1292,1283,1274,1265,1255,1246,1236,1227,1217,1207,1197,1187,1176,1166,1155,1145,1134,1123,1112,1101,1090,1079,1067,1056,1045,1033,1022,1010,998,987,975,963,951,939,927,915,903,891,879,867,855,843,843,843,844,844,845,846,846,847,849,850,851,853,854,856,858,860,862,864,867,869,872,874,877,880,883,886,889,893,896,900,903,907,911,915,919,923,927,931,935,939,944,948,953,957,962,966,971,976,980,985,990,995,1000,1004,1009,1014,1024,1024,1030,1035,1041,1046,1052,1058,1063,1069,1074,1080,1085,1091,1096,1101,1107,1112,1117,1123,1128,1133,1138,1143,1148,1153,1158,1163,1168,1173,1177,1182,1187,1191,1196,1200,1204,1208,1213,1217,1221,1225,1228,1232,1236,1239,1243,1246,1250,1253,1256,1259,1262,1265,1268,1270,1273,1275,1278,1280,1282,1284,1286,1288,1290,1291,1293,1294,1295,1297,1298,1299,1299,1300,1301,1301,1302,1302,1302,1302,1302,1302,1301,1301,1300,1299,1298,1297,1295,1294,1292,1290,1288,1286,1283,1281,1278,1275,1272,1269,1266,1263,1259,1255,1252,1248,1244,1240,1235,1231,1226,1222,1217,1213,1208,1203,1198,1193,1188,1182,1177,1172,1167,1161,1156,1150,1145,1139,1134,1128,1123,1117,1112,1106,1101,1095,1090,1085,1079,1074,1069,1063,1058,1053,1048,1043,1038,1033,1029,1024,1019,1015,1011,1006,1002,998,994,990,987,983,980,977,974,971,968,965,962,960,958,956,954,952,951,949,948,947,946,945,944,944,944,944,944,944,944,944,944,944,945,945,945,946,946,946,947,947,948,949,949,950,950,951,952,953,954,954,955,956,957,958,959,960,961,962,964,965,966,967,968,970,971,972,974,975,977,978,979,981,982,984,985,987,988,990,992,993,995,997,998,1000,1002,1003,1005,1007,1008,1010,1012,1014,1015,1017,1019,1020,1024

lead:V5
count:1824
points:1024,1024,1025,1025,1026,1028,1029,1031,1033,1036,1038,1041,1044,1048,1051,1055,1059,1063,1068,1072,1077,1082,1087,1092,1097,1102,1107,1112,1118,1121,1124,1126,1129,1132,1135,1138,1141,1143,1146,1149,1151,1153,1156,1158,1160,1162,1164,1166,1168,1169,1171,1172,1173,1174,1175,1176,1177,1177,1178,1178,1178,1178,1177,1176,1174,1172,1170,1167,1164,1160,1156,1151,1146,1141,1136,1130,1123,1117,1110,1103,1096,1088,1081,1073,1065,1057,1049,1040,1032,1024,1015,1007,999,991,983,975,967,959,952,944,937,931,924,918,912,906,901,896,892,888,884,881,878,875,873,872,871,870,870,870,870,871,872,873,875,877,879,882,884,887,890,894,898,902,906,910,915,920,925,930,936,941,947,953,959,965,971,978,984,991,997,1004,1011,1024,1024,1039,1055,1070,1085,1100,1115,1129,1144,1157,1171,1183,1196,1208,1219,1229,1239,1249,1257,1265,1272,1279,1284,1289,1293,1296,1298,1300,1300,1303,1306,1310,1313,1316,1320,1323,1326,1329,1333,1336,1339,1342,1345,1348,1351,1353,1356,1359,1361,1364,1366,1368,1370,1372,1374,1376,1378,1380,1381,1383,1384,1385,1386,1387,1388,1389,1389,1390,1390,1390,1390,1390,1389,1388,1387,1385,1383,1380,1377,1374,1370,1366,1361,1356,1351,1345,1339,1332,1325,1318,1310,1302,1293,1284,1275,1265,1255,1244,1233,1222,1210,1198,1185,1172,1159,1145,1131,1116,1102,1087,1074,1060,1047,1035,1022,1011,999,988,977,967,957,948,939,930,922,914,907,900,893,887,881,876,871,866,862,858,855,852,849,847,845,844,843,842,842,842,843,843,844,844,845,847,848,849,851,853,855,857,860,862,865,868,871,874,877,880,884,888,891,895,900,904,908,913,917,922,927,931,936,941,947,952,957,962,968,973,979,984,990,996,1001,1007,1013,1018,1024,1059,1091,1122,1152,1179,1205,1230,1253,1274,1294,1313,1330,1346,1361,1374,1387,1398,1408,1418,1426,1434,1440,1446,1451,1456,1460,1463,1466,1468,1470,1471,1472,1473,1473,1474,1474,1474,1474,1474,1474,1474,1474,1474,1474,1475,1475,1475,1475,1476,1476,1476,1477,1477,1477,1478,1478,1478,1479,1478,1478,1476,1474,1472,1468,1465,1461,1456,1451,1445,1438,1432,1424,1416,1408,1399,1390,1381,1371,1360,1349,1338,1327,1315,1303,1290,1278,1265,1252,1238,1225,1211,1197,1183,1169,1155,1141,1127,1113,1099,1084,1070,1057,1043,1029,1016,1002,989,976,963,951,939,927,916,904,894,883,873,864,854,846,837,830,822,815,809,803,798,793,789,785,782,780,778,776,775,775,775,776,776,777,779,780,782,784,787,789,792,796,799,803,807,811,816,821,826,831,836,842,848,854,860,867,874,880,887,895,902,909,917,925,933,941,949,957,965,973,982,990,999,1007,1024,1024,1033,1043,1052,1060,1068,1076,1083,1089,1095,1099,1103,1105,1108,1108,1125,1142,1159,1176,1193,1210,1227,1244,1260,1277,1293,1309,1325,1341,1357,1372,1387,1402,1416,1431,1445,1458,1472,1485,1498,1510,1522,1533,1545,1555,1566,1576,1585,1594,1603,1611,1619,1626,1633,1640,1645,1651,1656,1660,1664,1667,1670,1672,1674,1675,1677,1677,1676,1674,1671,1666,1660,1653,1645,1635,1624,1612,1599,1585,1570,1553,1536,1518,1499,1479,1458,1437,1415,1392,1369,1345,1321,1297,1272,1247,1222,1197,1172,1147,1122,1097,1073,1049,1025,1002,979,957,935,915,895,876,858,840,824,809,794,781,769,759,749,741,733,728,723,720,717,717,717,717,718,718,719,720,721,722,724,725,727,729,731,733,735,738,740,743,746,749,752,756,759,763,767,771,775,779,783,788,792,797,802,807,812,817,823,828,833,839,845,851,856,862,868,875,881,887,894,900,907,913,920,926,933,940,947,954,961,968,975,982,989,996,1003,1010,1017,1024,1067,1110,1152,1193,1232,1270,1307,1341,1372,1402,1428,1451,1471,1487,1500,1509,1517,1517,1535,1553,1570,1587,1603,1618,1633,1648,1662,1675,1688,1701,1713,1724,1735,1746,1756,1766,1775,1784,1793,1801,1809,1816,1823,1830,1836,1843,1848,1854,1859,1864,1868,1872,1876,1880,1883,1886,1889,1892,1895,1897,1899,1901,1903,1904,1906,1907,1908,1909,1910,1910,1911,1912,1912,1912,1913,1913,1913,1913,1913,1913,1913,1913,1913,1913,1913,1913,1913,1913,1913,1913,1913,1913,1912,1912,1912,1911,1911,1910,1909,1908,1907,1906,1904,1902,1900,1898,1895,1892,1888,1885,1880,1876,1870,1864,1858,1851,1844,1835,1826,1816,1806,1794,1782,1769,1755,1739,1723,1706,1687,1667,1646,1623,1600,1574,1547,1519,1489,1457,1424,1389,1352,1312,1228,1228,1103,1009,941,896,868,854,848,848,848,848,847,846,845,843,842,840,838,835,832,830,826,823,820,816,812,808,804,799,795,790,785,780,775,770,765,759,754,749,743,738,732,727,722,716,711,706,700,695,690,686,681,676,672,668,664,660,656,652,649,646,643,640,638,636,634,632,631,629,628,628,627,627,627,628,628,629,629,630,631,633,634,636,637,639,641,644,646,649,651,654,657,661,664,668,671,675,679,683,687,692,696,701,706,711,716,721,727,732,738,743,749,755,761,768,774,780,787,793,800,807,814,821,828,835,842,850,857,865,872,880,887,895,903,911,919,927,935,943,951,959,967,975,983,991,999,1008,1016,1024,1034,1044,1054,1063,1073,1082,1090,1099,1106,1114,1120,1127,1132,1137,1141,1145,1147,1149,1150,1151,1178,1205,1232,1258,1283,1308,1332,1356,1380,1402,1425,1447,1468,1489,1509,1529,1548,1567,1585,1603,1620,1636,1653,1668,1683,1698,1712,1726,1739,1752,1764,1775,1786,1797,1807,1816,1825,1834,1842,1849,1856,1862,1868,1874,1879,1883,1887,1890,1893,1895,1897,1898,1899,1899,1899,1898,1896,1893,1890,1885,1880,1874,1868,1860,1852,1843,1833,1823,1811,1799,1786,1773,1758,1743,1727,1710,1692,1674,1655,1635,1614,1592,1570,1547,1523,1498,1473,1447,1420,1392,1363,1334,1304,1273,1241,1209,1175,1141,1106,1071,1034,997,984,972,959,948,936,925,915,904,894,885,875,867,858,850,842,834,827,820,813,807,801,795,790,784,779,774,770,766,761,758,754,751,747,744,742,739,737,734,732,730,728,727,725,724,723,722,721,720,719,718,718,717,717,716,716,716,716,716,716,715,715,715,715,715,715,716,716,717,718,719,720,721,723,725,727,729,731,733,736,739,742,745,748,751,755,759,762,766,770,774,779,783,787,792,796,801,806,811,815,820,825,830,835,840,845,850,853,859,870,885,903,925,949,975,1002,1024,1112,1194,1268,1335,1396,1451,1500,1543,1582,1616,1645,1670,1691,1709,1723,1735,1744,1750,1755,1759,1761,1762,1762,1762,1761,1760,1757,1752,1747,1741,1733,1724,1714,1704,1692,1679,1665,1650,1635,1618,1601,1583,1565,1546,1526,1506,1486,1465,1444,1423,1380,1380,1349,1317,1285,1254,1223,1193,1163,1134,1105,1077,1050,1024,999,974,951,929,909,889,871,855,840,826,814,803,794,787,781,777,774,774,774,774,775,777,778,781,783,786,789,793,797,801,806,811,816,821,827,834,840,847,854,861,869,877,885,893,902,910,919,928,937,947,956,966,975,985,995,1004,1014,1024,1039,1053,1068,1082,1097,1111,1125,1140,1154,1168,1182,1195,1209,1222,1235,1249,1261,1274,1286,1298,1310,1322,1333,1344,1355,1366,1376,1386,1395,1404,1413,1422,1430,1437,1445,1452,1458,1465,1470,1476,1481,1485,1489,1493,1496,1499,1502,1504,1505,1506,1507,1507,1507,1507,1506,1505,1504,1503,1502,1500,1498,1496,1494,1491,1489,1486,1482,1479,1475,1472,1468,1463,1459,1454,1449,1444,1439,1434,1428,1422,1416,1410,1404,1397,1390,1383,1376,1369,1361,1354,1346,1338,1330,1321,1313,1304,1296,1287,1277,1268,1259,1249,1240,1230,1220,1210,1200,1190,1179,1169,1158,1147,1136,1126,1115,1103,1092,1081,1070,1058,1047,1035,1024,1012,1000,988,976,965,953,941,929,917,905,893,880,868,856,844,844,844,845,845,846,847,847,848,850,851,852,854,855,857,859,861,863,865,867,870,872,875,878,881,884,887,890,893,897,900,904,908,911,915,919,923,927,931,936,940,944,948,953,957,962,967,971,976,981,985,990,995,1000,1005,1009,1014,1024,1024,1030,1036,1041,1047,1053,1059,1064,1070,1076,1082,1087,1093,1099,1104,1110,1115,1121,1126,1132,1137,1142,1148,1153,1158,1163,1168,1173,1178,1183,1188,1192,1197,1202,1206,1211,1215,1219,1224,1228,1232,1236,1240,1243,1247,1251,1254,1258,1261,1264,1268,1271,1274,1276,1279,1282,1284,1287,1289,1291,1293,1295,1297,1299,1301,1302,1304,1305,1306,1307,1308,1309,1310,1311,1311,1312,1312,1312,1312,1312,1312,1311,1311,1310,1309,1308,1307,1305,1304,1302,1300,1298,1295,1293,1290,1288,1285,1282,1279,1275,1272,1268,1264,1261,1257,1253,1248,1244,1240,1235,1230,1226,1221,1216,1211,1206,1201,1196,1190,1185,1180,1174,1169,1163,1158,1152,1146,1141,1135,1130,1124,1118,1113,1107,1102,1096,1091,1085,1080,1074,1069,1064,1058,1053,1048,1043,1038,1034,1029,1024,1020,1015,1011,1007,1003,999,995,991,987,984,981,977,974,972,969,966,964,961,959,957,956,954,953,951,950,949,948,948,947,947,947,947,947,947,947,948,948,948,948,949,949,949,950,950,951,951,952,952,953,954,954,955,956,957,957,958,959,960,961,962,963,964,965,966,967,968,970,971,972,973,975,976,977,979,980,981,983,984,986,987,988,990,991,993,995,996,998,999,1001,1002,1004,1006,1007,1009,1011,1012,1014,1016,1017,1019,1021,1024

lead:V6
count:1824
points:1024,1024,1024,1025,1026,1027,1028,1029,1031,1033,1035,1037,1040,1042,1045,1048,1051,1054,1058,1061,1065,1068,1072,1076,1080,1084,1088,1092,1096,1098,1100,1102,1105,1107,1109,1111,1113,1115,1117,1119,1121,1123,1125,1127,1128,1130,1131,1133,1134,1135,1136,1137,1138,1139,1140,1140,1141,1141,1142,1142,1142,1142,1141,1140,1139,1137,1136,1133,1131,1128,1125,1121,1118,1114,1109,1105,1100,1095,1090,1085,1079,1073,1068,1062,1056,1049,1043,1037,1030,1024,1018,1011,1005,999,992,986,980,975,969,963,958,953,948,943,939,934,930,927,923,920,917,915,912,911,909,908,907,906,906,906,907,907,908,909,910,912,913,915,917,920,922,925,928,931,934,937,941,944,948,952,956,961,965,970,974,979,984,989,994,999,1004,1009,1014,1024,1024,1037,1050,1063,1075,1088,1100,1112,1124,1135,1147,1157,1168,1178,1187,1196,1204,1212,1219,1226,1232,1237,1241,1245,1249,1251,1253,1254,1254,1257,1260,1263,1266,1269,1271,1274,1277,1280,1282,1285,1288,1290,1293,1295,1298,1300,1302,1304,1307,1309,1311,1313,1314,1316,1318,1319,1321,1322,1324,1325,1326,1327,1328,1329,1329,1330,1330,1331,1331,1331,1331,1331,1330,1329,1327,1325,1322,1319,1315,1310,1306,1300,1294,1288,1282,1275,1267,1259,1251,1242,1233,1224,1214,1204,1194,1183,1172,1161,1150,1138,1127,1115,1103,1091,1079,1066,1054,1042,1030,1017,1005,993,981,969,957,946,934,923,912,901,890,880,870,860,851,842,833,825,817,809,802,796,789,784,778,774,769,765,762,759,757,755,754,753,753,753,753,754,755,756,757,759,761,763,766,769,772,775,778,782,786,790,795,800,804,810,815,820,826,832,838,845,851,858,864,871,879,886,893,901,908,916,924,932,940,948,957,965,973,982,990,998,1007,1015,1024,1053,1081,1107,1131,1155,1177,1197,1216,1234,1251,1267,1282,1295,1307,1319,1329,1339,1348,1356,1363,1369,1375,1380,1384,1388,1391,1394,1396,1398,1399,1401,1401,1402,1402,1403,1403,1403,1403,1403,1403,1403,1403,1403,1403,1404,1404,1404,1404,1405,1405,1405,1406,1406,1406,1407,1407,1408,1408,1408,1407,1405,1403,1401,1398,1394,1390,1385,1380,1374,1368,1361,1353,1345,1337,1328,1319,1310,1299,1289,1278,1267,1255,1244,1231,1219,1206,1193,1180,1167,1153,1139,1125,1111,1097,1083,1069,1055,1040,1026,1012,998,984,970,956,943,929,916,903,891,878,866,854,842,831,820,810,800,790,781,772,764,756,749,742,736,730,724,720,715,712,709,706,704,703,702,701,702,702,703,704,706,708,711,713,717,720,724,728,733,738,743,748,754,760,767,774,781,788,796,804,812,820,829,838,847,856,866,876,885,895,906,916,926,937,948,958,969,980,991,1002,1024,1024,1029,1034,1039,1044,1049,1053,1057,1060,1063,1066,1067,1069,1070,1070,1085,1099,1114,1129,1143,1158,1172,1186,1201,1215,1229,1243,1256,1270,1283,1296,1309,1322,1334,1346,1358,1370,1381,1393,1403,1414,1424,1434,1444,1453,1462,1470,1479,1486,1494,1501,1507,1514,1519,1525,1530,1534,1539,1542,1546,1549,1551,1553,1554,1556,1556,1556,1556,1554,1551,1547,1541,1535,1527,1518,1508,1497,1485,1472,1458,1443,1428,1411,1393,1375,1356,1336,1316,1295,1274,1252,1230,1208,1185,1162,1139,1116,1093,1070,1047,1025,1002,980,958,937,916,896,876,857,839,822,805,789,774,760,747,735,724,714,705,697,691,685,681,678,676,676,676,676,677,677,678,679,680,682,683,685,687,689,691,694,697,699,702,706,709,712,716,720,724,728,732,737,741,746,751,756,761,767,772,778,784,789,795,802,808,814,821,827,834,841,848,855,862,869,876,883,891,898,906,913,921,929,936,944,952,960,968,976,984,992,1000,1008,1016,1024,1063,1102,1141,1178,1214,1249,1282,1314,1343,1369,1393,1414,1432,1447,1459,1468,1475,1475,1487,1500,1512,1523,1534,1545,1556,1566,1576,1585,1594,1603,1611,1619,1627,1634,1642,1648,1655,1661,1667,1673,1678,1684,1688,1693,1698,1702,1706,1710,1713,1716,1720,1723,1725,1728,1730,1733,1735,1736,1738,1740,1741,1743,1744,1745,1746,1747,1747,1748,1749,1749,1750,1750,1750,1751,1751,1751,1751,1751,1751,1751,1751,1751,1751,1751,1751,1751,1751,1751,1751,1751,1751,1751,1750,1750,1750,1750,1749,1749,1748,1747,1746,1745,1744,1742,1740,1739,1736,1734,1731,1728,1724,1720,1716,1711,1706,1701,1694,1688,1680,1672,1664,1654,1644,1634,1622,1609,1596,1582,1567,1551,1533,1515,1496,1475,1453,1430,1405,1380,1352,1324,1293,1262,1193,1193,1093,1018,965,929,907,896,891,891,891,890,889,888,887,885,883,881,878,875,872,869,865,861,857,853,848,843,838,833,827,822,816,810,804,798,792,786,779,773,767,760,754,748,741,735,729,722,716,710,704,699,693,688,683,677,673,668,664,659,655,652,648,645,642,640,637,635,634,632,631,630,630,630,630,630,631,631,632,633,634,635,637,638,640,642,644,646,649,651,654,657,660,663,666,670,673,677,681,685,690,694,698,703,708,713,718,723,728,734,740,745,751,757,763,769,775,782,788,795,802,808,815,822,829,836,844,851,858,866,873,881,888,896,904,912,919,927,935,943,951,959,967,975,983,991,1000,1008,1016,1024,1032,1041,1049,1057,1065,1073,1080,1087,1094,1100,1106,1111,1116,1120,1123,1126,1129,1130,1131,1132,1156,1179,1202,1225,1247,1269,1290,1311,1332,1352,1371,1390,1409,1427,1445,1462,1479,1496,1512,1527,1542,1557,1571,1585,1598,1611,1623,1635,1646,1657,1668,1678,1688,1697,1706,1714,1722,1729,1736,1743,1749,1755,1760,1764,1769,1772,1776,1779,1781,1783,1785,1786,1787,1787,1787,1786,1784,1781,1778,1775,1770,1765,1759,1753,1746,1738,1729,1720,1710,1700,1689,1677,1664,1651,1637,1622,1607,1591,1574,1557,1539,1520,1501,1481,1460,1439,1417,1394,1370,1346,1321,1296,1270,1243,1215,1187,1158,1129,1098,1067,1036,1004,991,979,967,956,945,934,924,914,904,895,886,878,869,862,854,847,840,833,826,820,814,809,804,798,794,789,785,780,777,773,769,766,763,760,757,755,753,750,748,746,745,743,742,740,739,738,737,736,736,735,734,734,734,733,733,733,733,732,732,732,732,732,732,732,732,733,733,734,735,736,737,739,740,742,745,747,749,752,755,758,761,765,768,772,776,780,784,788,792,797,802,806,811,816,821,826,832,837,842,848,853,859,864,870,875,881,882,888,897,909,924,942,962,983,1006,1024,1102,1173,1239,1298,1352,1400,1443,1482,1515,1545,1571,1593,1612,1627,1640,1650,1658,1664,1668,1671,1673,1674,1674,1674,1674,1672,1670,1667,1662,1657,1651,1644,1636,1627,1618,1607,1596,1584,1572,1559,1545,1530,1516,1500,1485,1469,1452,1435,1418,1401,1367,1367,1338,1310,1281,1253,1225,1198,1171,1144,1118,1093,1069,1045,1022,1000,980,960,941,924,908,893,879,867,856,846,838,831,826,822,819,819,819,820,821,822,823,825,827,829,832,835,838,842,845,849,854,858,863,868,874,879,885,891,897,904,910,917,924,931,938,946,953,961,968,976,984,992,1000,1008,1016,1024,1037,1049,1062,1074,1086,1099,1111,1123,1135,1147,1159,1171,1183,1194,1206,1217,1228,1239,1249,1260,1270,1280,1290,1299,1308,1317,1326,1334,1343,1350,1358,1365,1372,1379,1385,1391,1397,1402,1407,1412,1416,1420,1423,1427,1429,1432,1434,1436,1437,1438,1439,1439,1439,1438,1437,1436,1434,1432,1429,1426,1423,1419,1415,1411,1406,1401,1396,1390,1384,1378,1371,1364,1357,1349,1342,1334,1325,1317,1308,1299,1290,1280,1271,1261,1251,1241,1231,1221,1210,1200,1189,1179,1168,1158,1147,1136,1126,1115,1104,1094,1083,1073,1063,1053,1043,1033,1023,1013,1004,995,986,977,969,960,952,944,937,930,923,916,910,903,898,892,887,883,878,874,871,867,865,862,860,858,857,856,855,855,855,855,856,856,857,857,858,859,860,861,862,864,865,867,869,871,873,875,877,879,882,884,887,889,892,895,898,901,905,908,911,915,918,922,925,929,933,937,941,945,949,953,957,961,966,970,974,979,983,988,992,997,1001,1006,1010,1015,1024,1024,1030,1035,1041,1046,1052,1057,1063,1068,1074,1079,1085,1090,1096,1101,1106,1112,1117,1122,1127,1132,1137,1143,1148,1152,1157,1162,1167,1172,1176,1181,1186,1190,1195,1199,1203,1207,1211,1216,1220,1223,1227,1231,1235,1238,1242,1245,1248,1252,1255,1258,1261,1263,1266,1269,1271,1274,1276,1278,1280,1283,1284,1286,1288,1290,1291,1292,1294,1295,1296,1297,1298,1298,1299,1300,1300,1300,1300,1300,1300,1300,1300,1299,1298,1297,1296,1295,1294,1292,1290,1288,1286,1284,1282,1279,1276,1274,1271,1268,1264,1261,1257,1254,1250,1246,1242,1238,1234,1229,1225,1220,1216,1211,1206,1201,1196,1191,1186,1181,1176,1170,1165,1160,1154,1149,1143,1138,1132,1127,1121,1116,1110,1105,1099,1094,1088,1083,1078,1072,1067,1062,1057,1051,1046,1041,1037,1032,1027,1022,1018,1013,1009,1005,1001,997,993,989,985,982,978,975,972,969,966,963,961,958,956,954,952,951,949,947,946,945,944,943,943,942,942,942,942,942,942,942,943,943,943,943,944,944,944,945,945,946,946,947,948,948,949,950,951,951,952,953,954,955,956,957,958,959,960,961,962,964,965,966,967,969,970,971,973,974,976,977,978,980,982,983,985,986,988,989,991,993,994,996,998,999,1001,1003,1005,1006,1008,1010,1012,1013,1015,1017,1019,1020,1024

