pathology:wandpacemaker
group:arrhythmia
title:Wandering pacemaker
name:Миграция наджелудочкового водителя ритма
leads:12

lead:I
count:2460
points:1024,1024,1024,1024,1024,1025,1025,1025,1026,1026,1026,1027,1027,1028,1029,1029,1030,1031,1031,1032,1033,1034,1034,1035,1036,1037,1038,1038,1039,1040,1041,1042,1042,1043,1044,1044,1045,1046,1046,1047,1047,1048,1048,1048,1049,1049,1049,1049,1049,1050,1050,1050,1049,1049,1049,1049,1049,1048,1048,1048,1047,1047,1046,1046,1045,1044,1044,1043,1042,1042,1041,1040,1039,1038,1038,1037,1036,1035,1034,1034,1033,1032,1031,1031,1030,1029,1029,1028,1027,1027,1026,1026,1026,1025,1025,1025,1024,1024,1024,1024,1024,1024,1024,1024,1024,1024,1024,1024,1024,1024,1024,1024,1024,1024,1024,1024,1024,1024,1024,1024,1024,1024,1024,1024,1024,1024,1024,1024,1024,1024,1024,1024,1024,1024,1024,1023,1023,1023,1023,1023,1023,1022,1022,1022,1022,1021,1021,1020,1020,1019,1019,1018,1018,1017,1016,1015,1014,1013,1012,1011,1010,1008,1007,1005,1004,1000,997,993,990,983,983,1004,1025,1046,1067,1088,1109,1130,1151,1172,1193,1214,1235,1256,1277,1298,1319,1340,1361,1403,1403,1388,1373,1358,1344,1329,1314,1300,1286,1272,1258,1244,1231,1218,1205,1192,1180,1168,1157,1146,1135,1125,1115,1105,1096,1088,1080,1072,1065,1059,1053,1047,1043,1038,1034,1031,1029,1027,1025,1024,1024,1024,1024,1024,1024,1024,1024,1024,1024,1024,1024,1024,1024,1024,1024,1024,1024,1024,1024,1024,1024,1024,1024,1024,1024,1024,1024,1024,1024,1024,1024,1024,1024,1024,1024,1024,1024,1024,1024,1024,1024,1024,1024,1024,1024,1024,1024,1024,1024,1024,1024,1024,1024,1024,1024,1024,1024,1024,1024,1024,1024,1024,1024,1024,1024,1024,1024,1024,1024,1024,1024,1024,1024,1024,1024,1024,1024,1024,1024,1024,1024,1024,1024,1024,1024,1024,1024,1024,1024,1024,1024,1024,1024,1024,1024,1024,1024,1024,1024,1024,1024,1024,1024,1024,1024,1024,1024,1024,1024,1024,1024,1024,1024,1024,1024,1024,1024,1024,1024,1024,1024,1024,1024,1024,1024,1024,1024,1024,1024,1024,1024,1024,1024,1024,1024,1024,1024,1024,1024,1024,1024,1024,1024,1024,1024,1024,1024,1024,1024,1024,1024,1024,1024,1024,1024,1024,1024,1024,1025,1025,1025,1026,1026,1027,1028,1028,1029,1030,1031,1032,1033,1035,1036,1037,1038,1040,1041,1043,1044,1046,1048,1049,1051,1053,1055,1057,1059,1060,1062,1064,1066,1069,1071,1073,1075,1077,1079,1081,1083,1085,1088,1090,1092,1094,1096,1098,1100,1102,1104,1106,1108,1110,1112,1114,1116,1118,1120,1122,1123,1125,1127,1128,1130,1131,1133,1134,1135,1136,1138,1139,1140,1141,1142,1142,1143,1144,1144,1145,1146,1146,1146,1147,1147,1147,1147,1147,1147,1147,1146,1146,1146,1145,1145,1144,1143,1142,1142,1141,1140,1139,1138,1136,1135,1134,1133,1131,1130,1128,1127,1125,1123,1122,1120,1118,1116,1114,1112,1110,1108,1106,1104,1102,1100,1098,1096,1094,1092,1090,1088,1085,1083,1081,1079,1077,1075,1073,1071,1069,1066,1064,1062,1060,1059,1057,1055,1053,1051,1049,1048,1046,1044,1043,1041,1040,1038,1037,1036,1035,1033,1032,1031,1030,1029,1028,1028,1027,1026,1026,1025,1025,1025,1024,1024,1024,1024,1024,1024,1024,1024,1024,1024,1024,1024,1024,1024,1024,1024,1024,1024,1024,1024,1024,1024,1024,1024,1024,1024,1024,1024,1024,1024,1024,1024,1024,1024,1024,1024,1024,1024,1024,1024,1024,1024,1024,1024,1024,1024,1024,1024,1024,1024,1024,1024,1024,1024,1024,1024,1024,1024,1024,1024,1024,1024,1024,1024,1024,1024,1024,1024,1024,1024,1024,1024,1024,1024,1024,1024,1024,1024,1024,1024,1024,1024,1024,1024,1024,1024,1024,1024,1024,1024,1024,1024,1024,1024,1024,1024,1024,1024,1024,1024,1024,1024,1024,1024,1024,1024,1024,1024,1024,1024,1024,1024,1024,1024,1024,1024,1024,1024,1024,1024,1024,1024,1024,1024,1024,1024,1024,1024,1024,1024,1024,1024,1024,1024,1024,1024,1024,1024,1024,1024,1024,1024,1024,1024,1024,1024,1024,1024,1024,1024,1024,1024,1024,1024,1024,1024,1024,1024,1024,1024,1024,1024,1024,1024,1024,1024,1024,1024,1024,1024,1024,1024,1024,1024,1023,1023,1023,1023,1023,1023,1022,1022,1022,1022,1021,1021,1020,1020,1019,1019,1018,1018,1017,1016,1015,1014,1013,1012,1011,1010,1008,1007,1005,1004,1000,997,993,990,983,983,1004,1025,1046,1067,1088,1109,1130,1151,1172,1193,1214,1235,1256,1277,1298,1319,1340,1361,1403,1403,1388,1373,1358,1344,1329,1314,1300,1286,1272,1258,1244,1231,1218,1205,1192,1180,1168,1157,1146,1135,1125,1115,1105,1096,1088,1080,1072,1065,1059,1053,1047,1043,1038,1034,1031,1029,1027,1025,1024,1024,1024,1024,1024,1024,1024,1024,1024,1024,1024,1024,1024,1024,1024,1024,1024,1024,1024,1024,1024,1024,1024,1024,1024,1024,1024,1024,1024,1024,1024,1024,1024,1024,1024,1024,1024,1024,1024,1024,1024,1024,1024,1024,1024,1024,1024,1024,1024,1024,1024,1024,1024,1024,1024,1024,1024,1024,1024,1024,1024,1024,1024,1024,1024,1024,1024,1024,1024,1024,1024,1024,1024,1024,1024,1024,1024,1024,1024,1024,1024,1024,1024,1024,1024,1024,1024,1024,1024,1024,1024,1024,1024,1024,1024,1024,1024,1024,1024,1024,1024,1024,1024,1024,1024,1024,1024,1024,1024,1024,1024,1024,1024,1024,1024,1024,1024,1024,1024,1024,1024,1024,1024,1024,1024,1024,1024,1024,1024,1024,1024,1024,1024,1024,1024,1024,1024,1024,1024,1024,1024,1024,1024,1024,1024,1024,1024,1024,1024,1024,1024,1024,1024,1024,1024,1024,1024,1024,1024,1025,1025,1025,1026,1026,1027,1028,1028,1029,1030,1031,1032,1033,1035,1036,1037,1038,1040,1041,1043,1044,1046,1048,1049,1051,1053,1055,1057,1059,1060,1062,1064,1066,1069,1071,1073,1075,1077,1079,1081,1083,1085,1088,1090,1092,1094,1096,1098,1100,1102,1104,1106,1108,1110,1112,1114,1116,1118,1120,1122,1123,1125,1127,1128,1130,1131,1133,1134,1135,1136,1138,1139,1140,1141,1142,1142,1143,1144,1144,1145,1146,1146,1146,1147,1147,1147,1147,1147,1147,1147,1146,1146,1146,1145,1145,1144,1143,1142,1142,1141,1140,1139,1138,1136,1135,1134,1133,1131,1130,1128,1127,1125,1123,1122,1120,1118,1116,1114,1112,1110,1108,1106,1104,1102,1100,1098,1096,1094,1092,1090,1088,1085,1083,1081,1079,1077,1075,1073,1071,1069,1066,1064,1062,1060,1059,1057,1055,1053,1051,1049,1048,1046,1044,1043,1041,1040,1038,1037,1036,1035,1033,1032,1031,1030,1029,1028,1028,1027,1026,1026,1025,1025,1025,1024,1024,1024,1024,1024,1024,1024,1024,1024,1024,1024,1024,1024,1024,1024,1024,1024,1024,1024,1024,1024,1024,1024,1024,1024,1024,1024,1024,1024,1024,1024,1024,1024,1024,1024,1024,1024,1024,1024,1024,1024,1024,1025,1025,1026,1026,1027,1028,1029,1030,1032,1033,1034,1035,1037,1038,1039,1041,1042,1043,1044,1045,1046,1047,1048,1048,1049,1049,1050,1050,1050,1049,1049,1048,1048,1047,1046,1045,1043,1042,1041,1039,1037,1036,1034,1032,1030,1028,1026,1024,1022,1020,1018,1016,1014,1012,1011,1009,1007,1006,1005,1003,1002,1001,1000,1000,999,999,998,998,999,1000,1001,1002,1003,1004,1004,1005,1006,1007,1008,1009,1009,1010,1011,1012,1013,1014,1015,1015,1016,1017,1018,1019,1020,1021,1021,1022,1023,1024,1024,1024,1024,1024,1024,1024,1024,1024,1024,1024,1024,1024,1024,1024,1024,1024,1024,1024,1024,1024,1024,1024,1024,1024,1024,1024,1024,1024,1024,1024,1024,1024,1024,1024,1023,1023,1023,1023,1023,1023,1022,1022,1022,1022,1021,1021,1020,1020,1019,1019,1018,1018,1017,1016,1015,1014,1013,1012,1011,1010,1008,1007,1005,1004,1000,997,993,990,983,983,1004,1025,1046,1067,1088,1109,1130,1151,1172,1193,1214,1235,1256,1277,1298,1319,1340,1361,1403,1403,1388,1373,1358,1344,1329,1314,1300,1286,1272,1258,1244,1231,1218,1205,1192,1180,1168,1157,1146,1135,1125,1115,1105,1096,1088,1080,1072,1065,1059,1053,1047,1043,1038,1034,1031,1029,1027,1025,1024,1024,1024,1024,1024,1024,1024,1024,1024,1024,1024,1024,1024,1024,1024,1024,1024,1024,1024,1024,1024,1024,1024,1024,1024,1024,1024,1024,1024,1024,1024,1024,1024,1024,1024,1024,1024,1024,1024,1024,1024,1024,1024,1024,1024,1024,1024,1024,1024,1024,1024,1024,1024,1024,1024,1024,1024,1024,1024,1024,1024,1024,1024,1024,1024,1024,1024,1024,1024,1024,1024,1024,1024,1024,1024,1024,1024,1024,1024,1024,1024,1024,1024,1024,1024,1024,1024,1024,1024,1024,1024,1024,1024,1024,1024,1024,1024,1024,1024,1024,1024,1024,1024,1024,1024,1024,1024,1024,1024,1024,1024,1024,1024,1024,1024,1024,1024,1024,1024,1024,1024,1024,1024,1024,1024,1024,1024,1024,1024,1024,1024,1024,1024,1024,1024,1024,1024,1024,1024,1024,1024,1024,1024,1024,1024,1024,1024,1024,1024,1024,1024,1024,1024,1024,1024,1024,1024,1024,1024,1025,1025,1025,1026,1026,1027,1028,1028,1029,1030,1031,1032,1033,1035,1036,1037,1038,1040,1041,1043,1044,1046,1048,1049,1051,1053,1055,1057,1059,1060,1062,1064,1066,1069,1071,1073,1075,1077,1079,1081,1083,1085,1088,1090,1092,1094,1096,1098,1100,1102,1104,1106,1108,1110,1112,1114,1116,1118,1120,1122,1123,1125,1127,1128,1130,1131,1133,1134,1135,1136,1138,1139,1140,1141,1142,1142,1143,1144,1144,1145,1146,1146,1146,1147,1147,1147,1147,1147,1147,1147,1146,1146,1146,1145,1145,1144,1143,1142,1142,1141,1140,1139,1138,1136,1135,1134,1133,1131,1130,1128,1127,1125,1123,1122,1120,1118,1116,1114,1112,1110,1108,1106,1104,1102,1100,1098,1096,1094,1092,1090,1088,1085,1083,1081,1079,1077,1075,1073,1071,1069,1066,1064,1062,1060,1059,1057,1055,1053,1051,1049,1048,1046,1044,1043,1041,1040,1038,1037,1036,1035,1033,1032,1031,1030,1029,1028,1028,1027,1026,1026,1025,1025,1025,1024,1024,1024,1024,1024,1024,1024,1024,1024,1024,1024,1024,1024,1024,1024,1024,1024,1024,1024,1024,1024,1024,1024,1024,1024,1024,1024,1024,1024,1024,1024,1024,1024,1024,1024,1024,1024,1024,1024,1024,1024,1024,1024,1024,1025,1025,1025,1026,1026,1026,1027,1027,1028,1029,1029,1030,1031,1031,1032,1033,1034,1034,1035,1036,1037,1038,1038,1039,1040,1041,1042,1042,1043,1044,1044,1045,1046,1046,1047,1047,1048,1048,1048,1049,1049,1049,1049,1049,1050,1050,1050,1049,1049,1049,1049,1049,1048,1048,1048,1047,1047,1046,1046,1045,1044,1044,1043,1042,1042,1041,1040,1039,1038,1038,1037,1036,1035,1034,1034,1033,1032,1031,1031,1030,1029,1029,1028,1027,1027,1026,1026,1026,1025,1025,1025,1024,1024,1024,1024,1024,1024,1023,1023,1022,1022,1021,1021,1021,1020,1020,1019,1019,1019,1018,1018,1017,1017,1017,1016,1016,1015,1015,1015,1014,1014,1014,1013,1013,1013,1013,1012,1012,1012,1011,1011,1011,1011,1011,1010,1010,1010,1010,1010,1010,1009,1009,1009,1009,1009,1009,1009,1009,1009,1009,1009,1009,1009,1009,1009,1009,1009,1009,1009,1009,1009,1010,1010,1010,1010,1010,1010,1010,1010,1010,1010,1010,1011,1011,1011,1011,1011,1011,1011,1011,1011,1011,1011,1012,1012,1012,1012,1012,1012,1012,1012,1012,1012,1012,1013,1013,1013,1013,1013,1013,1013,1013,1013,1013,1013,1014,1014,1014,1014,1014,1014,1014,1014,1014,1014,1014,1015,1015,1015,1015,1015,1015,1015,1015,1015,1015,1015,1016,1016,1016,1016,1016,1016,1016,1016,1016,1016,1017,1017,1017,1017,1017,1017,1017,1017,1017,1017,1017,1018,1018,1018,1018,1018,1018,1018,1018,1018,1018,1018,1019,1019,1019,1019,1019,1019,1019,1019,1018,1018,1017,1015,1012,1008,1002,994,983,997,1011,1025,1039,1053,1067,1081,1095,1109,1123,1137,1151,1165,1179,1193,1207,1221,1235,1249,1263,1277,1291,1305,1319,1333,1347,1361,1375,1403,1403,1384,1365,1347,1328,1310,1292,1274,1257,1240,1224,1208,1192,1177,1163,1149,1137,1124,1113,1102,1092,1084,1075,1068,1062,1057,1052,1049,1046,1044,1044,1043,1042,1042,1041,1040,1039,1038,1037,1037,1036,1035,1034,1034,1033,1033,1032,1032,1031,1031,1030,1030,1029,1029,1028,1028,1028,1027,1027,1027,1027,1026,1026,1026,1026,1025,1025,1025,1025,1025,1025,1025,1025,1024,1024,1024,1024,1024,1024,1024,1024,1024,1024,1024,1024,1024,1024,1024,1024,1024,1024,1024,1024,1024,1024,1024,1024,1024,1024,1024,1024,1024,1024,1024,1024,1024,1024,1024,1024,1024,1024,1024,1024,1024,1024,1024,1024,1024,1024,1024,1024,1024,1024,1024,1024,1024,1024,1024,1024,1024,1024,1024,1024,1024,1024,1024,1024,1024,1024,1024,1024,1024,1024,1024,1024,1024,1024,1024,1024,1024,1024,1024,1024,1024,1024,1024,1024,1024,1024,1024,1024,1024,1024,1024,1024,1024,1024,1024,1024,1024,1024,1024,1024,1024,1025,1025,1025,1026,1026,1027,1028,1028,1029,1030,1031,1032,1033,1035,1036,1037,1038,1040,1041,1043,1044,1046,1048,1049,1051,1053,1055,1057,1059,1060,1062,1064,1066,1069,1071,1073,1075,1077,1079,1081,1083,1085,1088,1090,1092,1094,1096,1098,1100,1102,1104,1106,1108,1110,1112,1114,1116,1118,1120,1122,1123,1125,1127,1128,1130,1131,1133,1134,1135,1136,1138,1139,1140,1141,1142,1142,1143,1144,1145,1145,1146,1146,1146,1147,1147,1147,1147,1147,1147,1147,1146,1146,1146,1145,1145,1144,1143,1142,1142,1141,1140,1139,1138,1136,1135,1134,1133,1131,1130,1128,1127,1125,1123,1122,1120,1118,1116,1114,1112,1110,1108,1106,1104,1102,1100,1098,1096,1094,1092,1090,1088,1085,1083,1081,1079,1077,1075,1073,1071,1069,1066,1064,1062,1060,1059,1057,1055,1053,1051,1049,1048,1046,1044,1043,1041,1040,1038,1037,1036,1035,1033,1032,1031,1030,1029,1028,1028,1027,1026,1026,1025,1025,1025,1024,1024,1024

lead:II
count:2460
points:1024,1024,1024,1023,1023,1022,1022,1021,1020,1019,1018,1016,1015,1014,1012,1010,1009,1007,1005,1003,1001,999,997,995,993,991,989,987,984,982,980,978,977,975,973,971,970,968,966,965,964,963,962,961,960,959,958,958,958,958,957,958,958,958,958,959,960,961,962,963,964,965,966,968,970,971,973,975,977,978,980,982,984,987,989,991,993,995,997,999,1001,1003,1005,1007,1009,1010,1012,1014,1015,1016,1018,1019,1020,1021,1022,1022,1023,1023,1024,1024,1024,1024,1024,1024,1024,1024,1024,1024,1024,1024,1024,1024,1024,1024,1024,1024,1024,1024,1024,1024,1024,1024,1024,1024,1024,1024,1024,1024,1024,1024,1024,1024,1024,1023,1023,1023,1023,1023,1022,1022,1022,1021,1021,1020,1020,1019,1019,1018,1017,1016,1015,1014,1013,1011,1010,1008,1007,1005,1003,1001,999,996,994,991,988,984,980,975,971,963,963,984,1005,1026,1047,1068,1089,1110,1130,1151,1172,1193,1214,1235,1256,1277,1298,1319,1340,1382,1382,1368,1354,1340,1326,1311,1298,1284,1270,1257,1243,1230,1217,1205,1192,1180,1169,1157,1146,1136,1125,1115,1106,1097,1088,1080,1072,1065,1059,1052,1047,1041,1037,1033,1029,1026,1023,1021,1020,1019,1019,1020,1021,1022,1022,1023,1023,1023,1024,1024,1024,1024,1024,1024,1024,1024,1024,1024,1024,1024,1024,1024,1024,1024,1024,1024,1024,1024,1024,1024,1024,1024,1024,1024,1024,1024,1024,1024,1024,1024,1024,1024,1024,1024,1024,1024,1024,1024,1024,1024,1024,1024,1024,1024,1024,1024,1024,1024,1024,1024,1024,1024,1024,1024,1024,1024,1024,1024,1024,1024,1024,1024,1024,1024,1024,1024,1024,1024,1024,1024,1024,1024,1024,1024,1024,1024,1024,1024,1024,1024,1024,1024,1024,1024,1024,1024,1024,1024,1024,1024,1024,1024,1024,1024,1024,1024,1024,1024,1024,1024,1024,1024,1024,1024,1024,1024,1024,1024,1024,1024,1024,1024,1024,1024,1024,1024,1024,1024,1024,1024,1024,1024,1024,1024,1024,1024,1024,1024,1024,1024,1024,1024,1024,1024,1024,1024,1024,1024,1024,1024,1024,1024,1024,1024,1024,1024,1024,1024,1025,1025,1026,1026,1027,1028,1029,1030,1031,1032,1033,1034,1036,1037,1039,1040,1042,1044,1046,1047,1049,1051,1054,1056,1058,1060,1062,1065,1067,1070,1072,1075,1077,1080,1082,1085,1087,1090,1093,1095,1098,1101,1103,1106,1109,1111,1114,1117,1119,1122,1125,1127,1130,1132,1134,1137,1139,1141,1144,1146,1148,1150,1152,1154,1156,1158,1160,1161,1163,1164,1166,1167,1169,1170,1171,1172,1173,1174,1175,1175,1176,1176,1177,1177,1177,1178,1178,1178,1177,1177,1177,1176,1176,1175,1175,1174,1173,1172,1171,1170,1169,1167,1166,1164,1163,1161,1160,1158,1156,1154,1152,1150,1148,1146,1144,1141,1139,1137,1134,1132,1130,1127,1125,1122,1119,1117,1114,1111,1109,1106,1103,1101,1098,1095,1093,1090,1087,1085,1082,1080,1077,1075,1072,1070,1067,1065,1062,1060,1058,1056,1054,1051,1049,1047,1046,1044,1042,1040,1039,1037,1036,1034,1033,1032,1031,1030,1029,1028,1027,1026,1026,1025,1025,1024,1024,1024,1024,1024,1024,1024,1024,1024,1024,1024,1024,1024,1024,1024,1024,1024,1024,1024,1024,1024,1024,1024,1024,1024,1024,1024,1024,1024,1024,1024,1024,1024,1024,1024,1024,1024,1024,1024,1024,1024,1024,1024,1024,1024,1024,1024,1024,1024,1024,1024,1024,1024,1024,1024,1024,1024,1024,1024,1024,1024,1024,1024,1024,1024,1024,1024,1024,1024,1024,1024,1024,1024,1024,1024,1024,1024,1024,1024,1024,1024,1024,1024,1024,1024,1024,1024,1024,1024,1024,1024,1024,1024,1024,1024,1024,1024,1024,1024,1024,1024,1024,1024,1024,1024,1024,1024,1024,1024,1024,1024,1024,1024,1024,1024,1024,1024,1024,1024,1024,1024,1024,1024,1024,1024,1024,1024,1024,1024,1024,1024,1024,1024,1024,1024,1024,1024,1024,1024,1024,1024,1024,1024,1024,1024,1024,1024,1024,1024,1024,1024,1024,1024,1024,1024,1024,1024,1024,1024,1024,1024,1024,1024,1024,1024,1024,1024,1024,1024,1024,1024,1024,1023,1023,1023,1023,1023,1022,1022,1022,1021,1021,1020,1020,1019,1019,1018,1017,1016,1015,1014,1013,1011,1010,1008,1007,1005,1003,1001,999,996,994,991,988,984,980,975,971,963,963,984,1005,1026,1047,1068,1089,1110,1130,1151,1172,1193,1214,1235,1256,1277,1298,1319,1340,1382,1382,1368,1354,1340,1326,1312,1299,1285,1272,1258,1245,1232,1220,1207,1195,1183,1172,1161,1150,1139,1129,1119,1110,1101,1092,1084,1077,1070,1063,1057,1051,1046,1042,1037,1034,1031,1028,1026,1025,1024,1024,1024,1024,1024,1024,1024,1024,1024,1024,1024,1024,1024,1024,1024,1024,1024,1024,1024,1024,1024,1024,1024,1024,1024,1024,1024,1024,1024,1024,1024,1024,1024,1024,1024,1024,1024,1024,1024,1024,1024,1024,1024,1024,1024,1024,1024,1024,1024,1024,1024,1024,1024,1024,1024,1024,1024,1024,1024,1024,1024,1024,1024,1024,1024,1024,1024,1024,1024,1024,1024,1024,1024,1024,1024,1024,1024,1024,1024,1024,1024,1024,1024,1024,1024,1024,1024,1024,1024,1024,1024,1024,1024,1024,1024,1024,1024,1024,1024,1024,1024,1024,1024,1024,1024,1024,1024,1024,1024,1024,1024,1024,1024,1024,1024,1024,1024,1024,1024,1024,1024,1024,1024,1024,1024,1024,1024,1024,1024,1024,1024,1024,1024,1024,1024,1024,1024,1024,1024,1024,1024,1024,1024,1024,1024,1024,1024,1024,1024,1024,1024,1024,1024,1024,1024,1024,1024,1024,1024,1025,1025,1026,1026,1027,1028,1029,1030,1031,1032,1033,1034,1036,1037,1039,1040,1042,1044,1046,1047,1049,1051,1054,1056,1058,1060,1062,1065,1067,1070,1072,1075,1077,1080,1082,1085,1087,1090,1093,1095,1098,1101,1103,1106,1109,1111,1114,1117,1119,1122,1125,1127,1130,1132,1134,1137,1139,1141,1144,1146,1148,1150,1152,1154,1156,1158,1160,1161,1163,1164,1166,1167,1169,1170,1171,1172,1173,1174,1175,1175,1176,1176,1177,1177,1177,1178,1178,1178,1177,1177,1177,1176,1176,1175,1175,1174,1173,1172,1171,1170,1169,1167,1166,1164,1163,1161,1160,1158,1156,1154,1152,1150,1148,1146,1144,1141,1139,1137,1134,1132,1130,1127,1125,1122,1119,1117,1114,1111,1109,1106,1103,1101,1098,1095,1093,1090,1087,1085,1082,1080,1077,1075,1072,1070,1067,1065,1062,1060,1058,1056,1054,1051,1049,1047,1046,1044,1042,1040,1039,1037,1036,1034,1033,1032,1031,1030,1029,1028,1027,1026,1026,1025,1025,1024,1024,1024,1024,1024,1024,1024,1024,1024,1024,1024,1024,1024,1024,1024,1024,1024,1024,1024,1024,1024,1024,1024,1024,1024,1024,1024,1024,1024,1024,1024,1024,1024,1024,1024,1024,1024,1024,1024,1024,1024,1024,1025,1026,1027,1028,1029,1031,1032,1034,1036,1038,1040,1042,1044,1047,1049,1051,1053,1055,1057,1058,1060,1061,1062,1063,1064,1065,1065,1065,1065,1064,1064,1063,1062,1060,1059,1057,1055,1053,1051,1048,1045,1043,1040,1037,1034,1030,1027,1024,1021,1018,1014,1011,1008,1005,1003,1000,997,995,993,991,989,988,986,985,984,984,983,983,983,983,984,985,986,987,988,990,991,993,995,997,999,1001,1004,1006,1008,1010,1012,1014,1016,1017,1019,1020,1021,1022,1023,1024,1024,1024,1024,1024,1024,1024,1024,1024,1024,1024,1024,1024,1024,1024,1024,1024,1024,1024,1024,1024,1024,1024,1024,1024,1024,1024,1024,1024,1024,1024,1024,1024,1024,1024,1023,1023,1023,1023,1023,1022,1022,1022,1021,1021,1020,1020,1019,1019,1018,1017,1016,1015,1014,1013,1011,1010,1008,1007,1005,1003,1001,999,996,994,991,988,984,980,975,971,963,963,984,1005,1026,1047,1068,1089,1110,1130,1151,1172,1193,1214,1235,1256,1277,1298,1319,1340,1382,1382,1368,1354,1340,1326,1312,1299,1285,1272,1258,1245,1232,1220,1207,1195,1183,1172,1161,1150,1139,1129,1119,1110,1101,1092,1084,1077,1070,1063,1057,1051,1046,1042,1037,1034,1031,1028,1026,1025,1024,1024,1024,1024,1024,1024,1024,1024,1024,1024,1024,1024,1024,1024,1024,1024,1024,1024,1024,1024,1024,1024,1024,1024,1024,1024,1024,1024,1024,1024,1024,1024,1024,1024,1024,1024,1024,1024,1024,1024,1024,1024,1024,1024,1024,1024,1024,1024,1024,1024,1024,1024,1024,1024,1024,1024,1024,1024,1024,1024,1024,1024,1024,1024,1024,1024,1024,1024,1024,1024,1024,1024,1024,1024,1024,1024,1024,1024,1024,1024,1024,1024,1024,1024,1024,1024,1024,1024,1024,1024,1024,1024,1024,1024,1024,1024,1024,1024,1024,1024,1024,1024,1024,1024,1024,1024,1024,1024,1024,1024,1024,1024,1024,1024,1024,1024,1024,1024,1024,1024,1024,1024,1024,1024,1024,1024,1024,1024,1024,1024,1024,1024,1024,1024,1024,1024,1024,1024,1024,1024,1024,1024,1024,1024,1024,1024,1024,1024,1024,1024,1024,1024,1024,1024,1024,1024,1024,1024,1024,1025,1025,1026,1026,1027,1028,1029,1030,1031,1032,1033,1034,1036,1037,1039,1040,1042,1044,1046,1047,1049,1051,1054,1056,1058,1060,1062,1065,1067,1070,1072,1075,1077,1080,1082,1085,1087,1090,1093,1095,1098,1101,1103,1106,1109,1111,1114,1117,1119,1122,1125,1127,1130,1132,1134,1137,1139,1141,1144,1146,1148,1150,1152,1154,1156,1158,1160,1161,1163,1164,1166,1167,1169,1170,1171,1172,1173,1174,1175,1175,1176,1176,1177,1177,1177,1178,1178,1178,1177,1177,1177,1176,1176,1175,1175,1174,1173,1172,1171,1170,1169,1167,1166,1164,1163,1161,1160,1158,1156,1154,1152,1150,1148,1146,1144,1141,1139,1137,1134,1132,1130,1127,1125,1122,1119,1117,1114,1111,1109,1106,1103,1101,1098,1095,1093,1090,1087,1085,1082,1080,1077,1075,1072,1070,1067,1065,1062,1060,1058,1056,1054,1051,1049,1047,1046,1044,1042,1040,1039,1037,1036,1034,1033,1032,1031,1030,1029,1028,1027,1026,1026,1025,1025,1024,1024,1024,1024,1024,1024,1024,1024,1024,1024,1024,1024,1024,1024,1024,1024,1024,1024,1024,1024,1024,1024,1024,1024,1024,1024,1024,1024,1024,1024,1024,1024,1024,1024,1024,1024,1024,1024,1024,1024,1024,1024,1025,1025,1026,1027,1028,1029,1030,1032,1033,1035,1037,1039,1041,1043,1045,1048,1050,1052,1055,1057,1060,1062,1065,1068,1070,1073,1075,1078,1080,1082,1085,1087,1089,1091,1093,1095,1097,1098,1100,1101,1102,1103,1104,1105,1105,1106,1106,1106,1106,1106,1105,1105,1104,1103,1102,1101,1100,1098,1097,1095,1093,1091,1089,1087,1085,1082,1080,1078,1075,1073,1070,1068,1065,1062,1060,1057,1055,1052,1050,1048,1045,1043,1041,1039,1037,1035,1033,1032,1030,1029,1028,1027,1026,1025,1025,1024,1024,1024,1024,1024,1024,1024,1024,1024,1024,1024,1024,1024,1024,1024,1024,1024,1024,1024,1024,1024,1024,1024,1024,1024,1024,1024,1024,1024,1024,1024,1024,1024,1024,1024,1024,1024,1024,1024,1024,1024,1024,1024,1024,1024,1024,1024,1024,1024,1024,1024,1024,1024,1024,1024,1024,1024,1024,1024,1024,1024,1024,1024,1024,1024,1024,1024,1024,1024,1024,1024,1024,1024,1024,1024,1024,1024,1024,1024,1024,1024,1024,1024,1024,1024,1024,1024,1024,1024,1024,1024,1024,1024,1024,1024,1024,1024,1024,1024,1024,1024,1024,1024,1024,1024,1024,1023,1023,1023,1023,1023,1023,1023,1023,1023,1023,1023,1023,1023,1023,1023,1022,1022,1022,1022,1022,1022,1022,1022,1022,1021,1021,1021,1021,1021,1021,1020,1020,1020,1020,1020,1019,1019,1019,1019,1018,1018,1018,1018,1017,1017,1017,1016,1016,1016,1015,1015,1015,1014,1014,1013,1013,1013,1012,1012,1011,1011,1010,1010,1009,1009,1008,1007,1004,1000,995,989,983,975,965,955,944,932,947,962,977,992,1007,1022,1037,1052,1067,1082,1097,1112,1127,1142,1157,1172,1187,1202,1217,1232,1247,1262,1277,1292,1307,1322,1337,1352,1382,1382,1371,1360,1349,1337,1326,1315,1304,1292,1281,1270,1258,1247,1236,1225,1213,1202,1191,1180,1168,1157,1146,1135,1123,1112,1101,1090,1078,1067,1044,1044,1043,1042,1042,1041,1040,1039,1038,1037,1037,1036,1035,1034,1034,1033,1033,1032,1032,1031,1031,1030,1030,1029,1029,1028,1028,1028,1027,1027,1027,1027,1026,1026,1026,1026,1025,1025,1025,1025,1025,1025,1025,1025,1024,1024,1024,1024,1024,1024,1024,1024,1024,1024,1024,1024,1024,1024,1024,1024,1024,1024,1024,1024,1024,1024,1024,1024,1024,1024,1024,1024,1024,1024,1024,1024,1024,1024,1024,1024,1024,1024,1024,1024,1024,1024,1024,1024,1024,1024,1024,1024,1024,1024,1024,1024,1024,1024,1024,1024,1024,1024,1024,1024,1024,1024,1024,1024,1024,1024,1024,1024,1024,1024,1024,1024,1024,1024,1024,1024,1024,1024,1024,1024,1024,1024,1024,1024,1024,1024,1024,1024,1024,1024,1024,1024,1024,1024,1024,1024,1024,1024,1024,1024,1024,1025,1025,1026,1026,1027,1028,1029,1030,1031,1032,1033,1034,1036,1037,1039,1040,1042,1044,1046,1047,1049,1051,1054,1056,1058,1060,1062,1065,1067,1070,1072,1075,1077,1080,1082,1085,1087,1090,1093,1095,1098,1101,1103,1106,1109,1111,1114,1117,1119,1122,1125,1127,1130,1132,1134,1137,1139,1141,1144,1146,1148,1150,1152,1154,1156,1158,1160,1161,1163,1164,1166,1167,1169,1170,1171,1172,1173,1174,1175,1175,1176,1176,1177,1177,1177,1178,1178,1178,1177,1177,1177,1176,1176,1175,1175,1174,1173,1172,1171,1170,1169,1167,1166,1164,1163,1161,1160,1158,1156,1154,1152,1150,1148,1146,1144,1141,1139,1137,1134,1132,1130,1127,1125,1122,1119,1117,1114,1111,1109,1106,1103,1101,1098,1095,1093,1090,1087,1085,1082,1080,1077,1075,1072,1070,1067,1065,1062,1060,1058,1056,1054,1051,1049,1047,1046,1044,1042,1040,1039,1037,1036,1034,1033,1032,1031,1030,1029,1028,1027,1026,1026,1025,1025,1024,1024,1024

lead:III
count:2460
points:1024,1024,1024,1024,1023,1023,1022,1022,1021,1020,1019,1018,1017,1016,1015,1013,1012,1011,1009,1008,1006,1005,1003,1002,1000,998,997,995,994,992,990,989,988,986,985,983,982,981,980,979,978,977,976,975,975,974,974,973,973,973,973,973,973,973,974,974,975,975,976,977,978,979,980,981,982,983,985,986,988,989,990,992,994,995,997,998,1000,1002,1003,1005,1006,1008,1009,1011,1012,1013,1015,1016,1017,1018,1019,1020,1021,1022,1022,1023,1023,1024,1024,1024,1024,1024,1024,1024,1024,1024,1024,1024,1024,1024,1024,1024,1024,1024,1024,1024,1024,1024,1024,1024,1024,1024,1024,1024,1024,1024,1024,1024,1024,1024,1024,1024,1024,1024,1024,1025,1025,1025,1025,1025,1025,1026,1026,1026,1026,1027,1027,1028,1028,1029,1029,1030,1030,1031,1032,1033,1034,1035,1036,1037,1038,1040,1041,1043,1044,1046,1049,1053,1060,1075,1075,1067,1058,1050,1041,1033,1025,1016,1008,999,991,982,974,965,957,948,940,932,923,906,906,911,915,919,924,928,933,937,941,945,949,953,957,961,965,969,972,976,979,983,986,989,992,995,997,1000,1002,1005,1007,1009,1010,1012,1013,1015,1016,1017,1017,1018,1019,1019,1019,1020,1021,1022,1022,1023,1023,1023,1024,1024,1024,1024,1024,1024,1024,1024,1024,1024,1024,1024,1024,1024,1024,1024,1024,1024,1024,1024,1024,1024,1024,1024,1024,1024,1024,1024,1024,1024,1024,1024,1024,1024,1024,1024,1024,1024,1024,1024,1024,1024,1024,1024,1024,1024,1024,1024,1024,1024,1024,1024,1024,1024,1024,1024,1024,1024,1024,1024,1024,1024,1024,1024,1024,1024,1024,1024,1024,1024,1024,1024,1024,1024,1024,1024,1024,1024,1024,1024,1024,1024,1024,1024,1024,1024,1024,1024,1024,1024,1024,1024,1024,1024,1024,1024,1024,1024,1024,1024,1024,1024,1024,1024,1024,1024,1024,1024,1024,1024,1024,1024,1024,1024,1024,1024,1024,1024,1024,1024,1024,1024,1024,1024,1024,1024,1024,1024,1024,1024,1024,1024,1024,1024,1024,1024,1024,1024,1024,1024,1024,1024,1024,1024,1024,1024,1024,1024,1024,1024,1024,1024,1024,1024,1025,1025,1025,1025,1025,1026,1026,1026,1026,1027,1027,1027,1028,1028,1028,1029,1029,1029,1030,1030,1031,1031,1032,1032,1033,1033,1034,1034,1035,1035,1036,1036,1037,1037,1038,1038,1039,1039,1040,1040,1041,1041,1042,1043,1043,1044,1044,1045,1045,1046,1046,1047,1047,1047,1048,1048,1049,1049,1050,1050,1050,1051,1051,1051,1052,1052,1052,1053,1053,1053,1053,1054,1054,1054,1054,1054,1054,1054,1055,1055,1055,1055,1055,1055,1055,1055,1055,1054,1054,1054,1054,1054,1054,1054,1053,1053,1053,1053,1052,1052,1052,1051,1051,1051,1050,1050,1050,1049,1049,1048,1048,1047,1047,1047,1046,1046,1045,1045,1044,1044,1043,1043,1042,1041,1041,1040,1040,1039,1039,1038,1038,1037,1037,1036,1036,1035,1035,1034,1034,1033,1033,1032,1032,1031,1031,1030,1030,1029,1029,1029,1028,1028,1028,1027,1027,1027,1026,1026,1026,1026,1025,1025,1025,1025,1025,1024,1024,1024,1024,1024,1024,1024,1024,1024,1024,1024,1024,1024,1024,1024,1024,1024,1024,1024,1024,1024,1024,1024,1024,1024,1024,1024,1024,1024,1024,1024,1024,1024,1024,1024,1024,1024,1024,1024,1024,1024,1024,1024,1024,1024,1024,1024,1024,1024,1024,1024,1024,1024,1024,1024,1024,1024,1024,1024,1024,1024,1024,1024,1024,1024,1024,1024,1024,1024,1024,1024,1024,1024,1024,1024,1024,1024,1024,1024,1024,1024,1024,1024,1024,1024,1024,1024,1024,1024,1024,1024,1024,1024,1024,1024,1024,1024,1024,1024,1024,1024,1024,1024,1024,1024,1024,1024,1024,1024,1024,1024,1024,1024,1024,1024,1024,1024,1024,1024,1024,1024,1024,1024,1024,1024,1024,1024,1024,1024,1024,1024,1024,1024,1024,1024,1024,1024,1024,1024,1024,1024,1024,1024,1024,1024,1024,1024,1024,1024,1024,1024,1024,1024,1024,1024,1024,1024,1024,1024,1024,1024,1024,1024,1024,1024,1024,1024,1024,1024,1024,1024,1024,1024,1024,1024,1024,1024,1024,1025,1025,1025,1025,1025,1025,1026,1026,1026,1026,1027,1027,1028,1028,1029,1029,1030,1030,1031,1032,1033,1034,1035,1036,1037,1038,1040,1041,1043,1044,1050,1055,1060,1065,1075,1075,1067,1058,1050,1041,1033,1025,1016,1008,999,991,982,974,965,957,948,940,932,923,906,906,911,915,920,925,929,934,938,943,947,951,956,960,964,968,972,975,979,983,986,990,993,996,999,1002,1004,1007,1009,1011,1013,1015,1017,1018,1020,1021,1022,1023,1023,1024,1024,1024,1024,1024,1024,1024,1024,1024,1024,1024,1024,1024,1024,1024,1024,1024,1024,1024,1024,1024,1024,1024,1024,1024,1024,1024,1024,1024,1024,1024,1024,1024,1024,1024,1024,1024,1024,1024,1024,1024,1024,1024,1024,1024,1024,1024,1024,1024,1024,1024,1024,1024,1024,1024,1024,1024,1024,1024,1024,1024,1024,1024,1024,1024,1024,1024,1024,1024,1024,1024,1024,1024,1024,1024,1024,1024,1024,1024,1024,1024,1024,1024,1024,1024,1024,1024,1024,1024,1024,1024,1024,1024,1024,1024,1024,1024,1024,1024,1024,1024,1024,1024,1024,1024,1024,1024,1024,1024,1024,1024,1024,1024,1024,1024,1024,1024,1024,1024,1024,1024,1024,1024,1024,1024,1024,1024,1024,1024,1024,1024,1024,1024,1024,1024,1024,1024,1024,1024,1024,1024,1024,1024,1024,1024,1024,1024,1024,1024,1024,1024,1024,1024,1024,1024,1024,1024,1024,1024,1024,1024,1024,1024,1024,1025,1025,1025,1025,1025,1026,1026,1026,1026,1027,1027,1027,1028,1028,1028,1029,1029,1029,1030,1030,1031,1031,1032,1032,1033,1033,1034,1034,1035,1035,1036,1036,1037,1037,1038,1038,1039,1039,1040,1040,1041,1041,1042,1043,1043,1044,1044,1045,1045,1046,1046,1047,1047,1047,1048,1048,1049,1049,1050,1050,1050,1051,1051,1051,1052,1052,1052,1053,1053,1053,1053,1054,1054,1054,1054,1054,1054,1054,1055,1055,1055,1055,1055,1055,1055,1055,1055,1054,1054,1054,1054,1054,1054,1054,1053,1053,1053,1053,1052,1052,1052,1051,1051,1051,1050,1050,1050,1049,1049,1048,1048,1047,1047,1047,1046,1046,1045,1045,1044,1044,1043,1043,1042,1041,1041,1040,1040,1039,1039,1038,1038,1037,1037,1036,1036,1035,1035,1034,1034,1033,1033,1032,1032,1031,1031,1030,1030,1029,1029,1029,1028,1028,1028,1027,1027,1027,1026,1026,1026,1026,1025,1025,1025,1025,1025,1024,1024,1024,1024,1024,1024,1024,1024,1024,1024,1024,1024,1024,1024,1024,1024,1024,1024,1024,1024,1024,1024,1024,1024,1024,1024,1024,1024,1024,1024,1024,1024,1024,1024,1024,1024,1024,1024,1024,1024,1024,1024,1024,1024,1024,1025,1025,1026,1027,1029,1031,1032,1035,1037,1039,1042,1044,1047,1050,1052,1055,1058,1060,1062,1065,1067,1069,1070,1072,1073,1074,1075,1075,1075,1075,1075,1074,1073,1071,1070,1068,1065,1063,1060,1057,1054,1051,1047,1044,1040,1036,1032,1028,1024,1020,1016,1012,1008,1004,1001,997,994,991,988,985,983,980,978,977,975,974,973,973,973,975,976,978,980,981,983,985,986,988,990,992,993,995,997,998,1000,1002,1004,1005,1007,1009,1010,1012,1014,1015,1017,1019,1021,1022,1024,1024,1024,1024,1024,1024,1024,1024,1024,1024,1024,1024,1024,1024,1024,1024,1024,1024,1024,1024,1024,1024,1024,1024,1024,1024,1024,1024,1024,1024,1024,1024,1024,1024,1024,1024,1024,1025,1025,1025,1025,1025,1025,1026,1026,1026,1026,1027,1027,1027,1028,1028,1029,1029,1030,1031,1031,1032,1033,1034,1035,1036,1037,1038,1039,1041,1044,1050,1057,1075,1075,1067,1058,1050,1041,1033,1025,1016,1008,999,991,982,974,965,957,948,940,932,923,906,906,911,915,920,925,929,934,938,943,947,951,956,960,964,968,972,975,979,983,986,990,993,996,999,1002,1004,1007,1009,1011,1013,1015,1017,1018,1020,1021,1022,1023,1023,1024,1024,1024,1024,1024,1024,1024,1024,1024,1024,1024,1024,1024,1024,1024,1024,1024,1024,1024,1024,1024,1024,1024,1024,1024,1024,1024,1024,1024,1024,1024,1024,1024,1024,1024,1024,1024,1024,1024,1024,1024,1024,1024,1024,1024,1024,1024,1024,1024,1024,1024,1024,1024,1024,1024,1024,1024,1024,1024,1024,1024,1024,1024,1024,1024,1024,1024,1024,1024,1024,1024,1024,1024,1024,1024,1024,1024,1024,1024,1024,1024,1024,1024,1024,1024,1024,1024,1024,1024,1024,1024,1024,1024,1024,1024,1024,1024,1024,1024,1024,1024,1024,1024,1024,1024,1024,1024,1024,1024,1024,1024,1024,1024,1024,1024,1024,1024,1024,1024,1024,1024,1024,1024,1024,1024,1024,1024,1024,1024,1024,1024,1024,1024,1024,1024,1024,1024,1024,1024,1024,1024,1024,1024,1024,1024,1024,1024,1024,1024,1024,1024,1024,1024,1024,1024,1024,1024,1024,1024,1024,1024,1024,1024,1024,1025,1025,1025,1025,1025,1026,1026,1026,1026,1027,1027,1027,1028,1028,1028,1029,1029,1029,1030,1030,1031,1031,1032,1032,1033,1033,1034,1034,1035,1035,1036,1036,1037,1037,1038,1038,1039,1039,1040,1040,1041,1041,1042,1043,1043,1044,1044,1045,1045,1046,1046,1047,1047,1047,1048,1048,1049,1049,1050,1050,1050,1051,1051,1051,1052,1052,1052,1053,1053,1053,1053,1054,1054,1054,1054,1054,1054,1054,1055,1055,1055,1055,1055,1055,1055,1055,1055,1054,1054,1054,1054,1054,1054,1054,1053,1053,1053,1053,1052,1052,1052,1051,1051,1051,1050,1050,1050,1049,1049,1048,1048,1047,1047,1047,1046,1046,1045,1045,1044,1044,1043,1043,1042,1041,1041,1040,1040,1039,1039,1038,1038,1037,1037,1036,1036,1035,1035,1034,1034,1033,1033,1032,1032,1031,1031,1030,1030,1029,1029,1029,1028,1028,1028,1027,1027,1027,1026,1026,1026,1026,1025,1025,1025,1025,1025,1024,1024,1024,1024,1024,1024,1024,1024,1024,1024,1024,1024,1024,1024,1024,1024,1024,1024,1024,1024,1024,1024,1024,1024,1024,1024,1024,1024,1024,1024,1024,1024,1024,1024,1024,1024,1024,1024,1024,1024,1024,1024,1024,1024,1024,1024,1024,1025,1025,1026,1026,1027,1028,1029,1030,1031,1032,1033,1035,1036,1037,1039,1040,1042,1043,1045,1046,1048,1050,1051,1053,1054,1056,1058,1059,1061,1062,1063,1065,1066,1067,1068,1069,1070,1071,1072,1073,1073,1074,1074,1075,1075,1075,1075,1075,1075,1075,1074,1074,1073,1073,1072,1071,1070,1069,1068,1067,1066,1065,1063,1062,1061,1059,1058,1056,1054,1053,1051,1050,1048,1046,1045,1043,1042,1040,1039,1037,1036,1035,1033,1032,1031,1030,1029,1028,1027,1026,1026,1025,1025,1024,1024,1024,1024,1024,1025,1025,1026,1026,1027,1027,1027,1028,1028,1029,1029,1029,1030,1030,1031,1031,1031,1032,1032,1033,1033,1033,1034,1034,1034,1035,1035,1035,1035,1036,1036,1036,1037,1037,1037,1037,1037,1038,1038,1038,1038,1038,1038,1039,1039,1039,1039,1039,1039,1039,1039,1039,1039,1039,1039,1039,1039,1039,1039,1039,1039,1039,1039,1039,1039,1039,1039,1039,1039,1039,1039,1039,1039,1039,1039,1039,1039,1039,1039,1039,1039,1039,1039,1039,1039,1039,1039,1039,1039,1039,1039,1039,1039,1039,1039,1039,1039,1039,1039,1039,1039,1039,1039,1039,1039,1039,1039,1039,1039,1039,1039,1039,1039,1039,1039,1039,1039,1039,1039,1039,1039,1039,1039,1039,1039,1039,1039,1039,1039,1039,1039,1039,1039,1039,1039,1039,1039,1039,1039,1039,1039,1039,1039,1039,1039,1039,1039,1039,1039,1039,1039,1039,1039,1039,1039,1039,1039,1039,1039,1039,1039,1039,1039,1039,1039,1039,1039,1039,1039,1040,1040,1040,1042,1044,1046,1051,1057,1065,1075,1070,1064,1058,1053,1047,1041,1036,1030,1025,1019,1013,1008,1002,996,991,985,979,974,968,963,957,951,946,940,934,929,923,918,906,906,912,919,925,931,937,943,948,954,960,965,970,975,980,985,990,994,998,1002,1005,1008,1011,1014,1016,1018,1020,1021,1023,1023,1024,1024,1024,1024,1024,1024,1024,1024,1024,1024,1024,1024,1024,1024,1024,1024,1024,1024,1024,1024,1024,1024,1024,1024,1024,1024,1024,1024,1024,1024,1024,1024,1024,1024,1024,1024,1024,1024,1024,1024,1024,1024,1024,1024,1024,1024,1024,1024,1024,1024,1024,1024,1024,1024,1024,1024,1024,1024,1024,1024,1024,1024,1024,1024,1024,1024,1024,1024,1024,1024,1024,1024,1024,1024,1024,1024,1024,1024,1024,1024,1024,1024,1024,1024,1024,1024,1024,1024,1024,1024,1024,1024,1024,1024,1024,1024,1024,1024,1024,1024,1024,1024,1024,1024,1024,1024,1024,1024,1024,1024,1024,1024,1024,1024,1024,1024,1024,1024,1024,1024,1024,1024,1024,1024,1024,1024,1024,1024,1024,1024,1024,1024,1024,1024,1024,1024,1024,1024,1024,1024,1024,1024,1024,1024,1024,1024,1024,1024,1024,1025,1025,1025,1025,1025,1026,1026,1026,1026,1027,1027,1027,1028,1028,1028,1029,1029,1029,1030,1030,1031,1031,1032,1032,1033,1033,1034,1034,1035,1035,1036,1036,1037,1037,1038,1038,1039,1039,1040,1040,1041,1041,1042,1043,1043,1044,1044,1045,1045,1046,1046,1047,1047,1047,1048,1048,1049,1049,1050,1050,1050,1051,1051,1051,1052,1052,1052,1053,1053,1053,1053,1054,1054,1054,1054,1054,1054,1054,1055,1055,1055,1055,1055,1055,1055,1055,1055,1054,1054,1054,1054,1054,1054,1054,1053,1053,1053,1053,1052,1052,1052,1051,1051,1051,1050,1050,1050,1049,1049,1048,1048,1047,1047,1047,1046,1046,1045,1045,1044,1044,1043,1043,1042,1041,1041,1040,1040,1039,1039,1038,1038,1037,1037,1036,1036,1035,1035,1034,1034,1033,1033,1032,1032,1031,1031,1030,1030,1029,1029,1029,1028,1028,1028,1027,1027,1027,1026,1026,1026,1026,1025,1025,1025,1025,1025,1024,1024,1024,1024,1024,1024,1024

lead:aVR
count:2460
points:1024,1024,1024,1024,1024,1024,1025,1025,1025,1025,1026,1026,1027,1027,1027,1028,1028,1029,1029,1030,1030,1031,1032,1032,1033,1033,1034,1034,1035,1036,1036,1037,1037,1038,1038,1039,1039,1040,1040,1040,1041,1041,1041,1042,1042,1042,1042,1042,1042,1043,1043,1043,1042,1042,1042,1042,1042,1042,1041,1041,1041,1040,1040,1040,1039,1039,1038,1038,1037,1037,1036,1036,1035,1034,1034,1033,1033,1032,1032,1031,1030,1030,1029,1029,1028,1028,1027,1027,1027,1026,1026,1025,1025,1025,1025,1024,1024,1024,1024,1024,1024,1024,1024,1024,1024,1024,1024,1024,1024,1024,1024,1024,1024,1024,1024,1024,1024,1024,1024,1024,1024,1024,1024,1024,1024,1024,1024,1024,1024,1024,1024,1024,1024,1025,1025,1025,1025,1025,1025,1026,1026,1026,1027,1027,1028,1028,1029,1030,1030,1031,1032,1033,1034,1035,1037,1038,1040,1041,1043,1045,1047,1049,1051,1054,1057,1061,1065,1070,1074,1083,1083,1059,1035,1010,986,962,938,913,889,865,841,816,792,768,744,720,695,671,647,598,598,615,632,649,665,682,698,715,731,747,762,778,793,808,822,836,850,864,877,889,901,913,924,935,945,955,964,972,980,988,994,1000,1006,1011,1015,1019,1022,1024,1026,1027,1027,1026,1026,1025,1025,1025,1025,1024,1024,1024,1024,1024,1024,1024,1024,1024,1024,1024,1024,1024,1024,1024,1024,1024,1024,1024,1024,1024,1024,1024,1024,1024,1024,1024,1024,1024,1024,1024,1024,1024,1024,1024,1024,1024,1024,1024,1024,1024,1024,1024,1024,1024,1024,1024,1024,1024,1024,1024,1024,1024,1024,1024,1024,1024,1024,1024,1024,1024,1024,1024,1024,1024,1024,1024,1024,1024,1024,1024,1024,1024,1024,1024,1024,1024,1024,1024,1024,1024,1024,1024,1024,1024,1024,1024,1024,1024,1024,1024,1024,1024,1024,1024,1024,1024,1024,1024,1024,1024,1024,1024,1024,1024,1024,1024,1024,1024,1024,1024,1024,1024,1024,1024,1024,1024,1024,1024,1024,1024,1024,1024,1024,1024,1024,1024,1024,1024,1024,1024,1024,1024,1024,1024,1024,1024,1024,1024,1024,1024,1024,1024,1024,1024,1024,1024,1024,1024,1024,1024,1023,1023,1023,1022,1022,1021,1020,1020,1019,1018,1017,1016,1015,1014,1013,1011,1010,1009,1007,1006,1004,1003,1001,1000,998,996,994,993,991,989,987,985,983,981,979,977,975,973,971,969,967,965,963,961,958,956,954,952,950,948,946,944,942,941,939,937,935,933,931,930,928,927,925,923,922,921,919,918,917,915,914,913,912,911,910,910,909,908,908,907,907,906,906,906,905,905,905,905,905,906,906,906,907,907,908,908,909,910,910,911,912,913,914,915,917,918,919,921,922,923,925,927,928,930,931,933,935,937,939,941,942,944,946,948,950,952,954,956,958,961,963,965,967,969,971,973,975,977,979,981,983,985,987,989,991,993,994,996,998,1000,1001,1003,1004,1006,1007,1009,1010,1011,1013,1014,1015,1016,1017,1018,1019,1020,1020,1021,1022,1022,1023,1023,1023,1024,1024,1024,1024,1024,1024,1024,1024,1024,1024,1024,1024,1024,1024,1024,1024,1024,1024,1024,1024,1024,1024,1024,1024,1024,1024,1024,1024,1024,1024,1024,1024,1024,1024,1024,1024,1024,1024,1024,1024,1024,1024,1024,1024,1024,1024,1024,1024,1024,1024,1024,1024,1024,1024,1024,1024,1024,1024,1024,1024,1024,1024,1024,1024,1024,1024,1024,1024,1024,1024,1024,1024,1024,1024,1024,1024,1024,1024,1024,1024,1024,1024,1024,1024,1024,1024,1024,1024,1024,1024,1024,1024,1024,1024,1024,1024,1024,1024,1024,1024,1024,1024,1024,1024,1024,1024,1024,1024,1024,1024,1024,1024,1024,1024,1024,1024,1024,1024,1024,1024,1024,1024,1024,1024,1024,1024,1024,1024,1024,1024,1024,1024,1024,1024,1024,1024,1024,1024,1024,1024,1024,1024,1024,1024,1024,1024,1024,1024,1024,1024,1024,1024,1024,1024,1024,1024,1024,1024,1024,1024,1024,1024,1024,1024,1024,1024,1024,1024,1024,1024,1024,1024,1025,1025,1025,1025,1025,1025,1026,1026,1026,1027,1027,1028,1028,1029,1030,1030,1031,1032,1033,1034,1035,1037,1038,1040,1041,1043,1045,1047,1049,1051,1054,1057,1061,1065,1070,1074,1083,1083,1059,1035,1010,986,962,938,913,889,865,841,816,792,768,744,720,695,671,647,598,598,615,632,648,665,681,698,714,730,746,761,777,792,806,821,835,849,862,875,887,899,911,922,933,943,952,961,970,978,985,992,998,1003,1008,1012,1016,1019,1021,1023,1024,1024,1024,1024,1024,1024,1024,1024,1024,1024,1024,1024,1024,1024,1024,1024,1024,1024,1024,1024,1024,1024,1024,1024,1024,1024,1024,1024,1024,1024,1024,1024,1024,1024,1024,1024,1024,1024,1024,1024,1024,1024,1024,1024,1024,1024,1024,1024,1024,1024,1024,1024,1024,1024,1024,1024,1024,1024,1024,1024,1024,1024,1024,1024,1024,1024,1024,1024,1024,1024,1024,1024,1024,1024,1024,1024,1024,1024,1024,1024,1024,1024,1024,1024,1024,1024,1024,1024,1024,1024,1024,1024,1024,1024,1024,1024,1024,1024,1024,1024,1024,1024,1024,1024,1024,1024,1024,1024,1024,1024,1024,1024,1024,1024,1024,1024,1024,1024,1024,1024,1024,1024,1024,1024,1024,1024,1024,1024,1024,1024,1024,1024,1024,1024,1024,1024,1024,1024,1024,1024,1024,1024,1024,1024,1024,1024,1024,1024,1024,1024,1024,1024,1024,1024,1024,1024,1024,1024,1024,1023,1023,1023,1022,1022,1021,1020,1020,1019,1018,1017,1016,1015,1014,1013,1011,1010,1009,1007,1006,1004,1003,1001,1000,998,996,994,993,991,989,987,985,983,981,979,977,975,973,971,969,967,965,963,961,958,956,954,952,950,948,946,944,942,941,939,937,935,933,931,930,928,927,925,923,922,921,919,918,917,915,914,913,912,911,910,910,909,908,908,907,907,906,906,906,905,905,905,905,905,906,906,906,907,907,908,908,909,910,910,911,912,913,914,915,917,918,919,921,922,923,925,927,928,930,931,933,935,937,939,941,942,944,946,948,950,952,954,956,958,961,963,965,967,969,971,973,975,977,979,981,983,985,987,989,991,993,994,996,998,1000,1001,1003,1004,1006,1007,1009,1010,1011,1013,1014,1015,1016,1017,1018,1019,1020,1020,1021,1022,1022,1023,1023,1023,1024,1024,1024,1024,1024,1024,1024,1024,1024,1024,1024,1024,1024,1024,1024,1024,1024,1024,1024,1024,1024,1024,1024,1024,1024,1024,1024,1024,1024,1024,1024,1024,1024,1024,1024,1024,1024,1024,1024,1024,1024,1024,1024,1023,1023,1022,1022,1021,1020,1020,1019,1018,1017,1016,1015,1014,1013,1012,1011,1011,1010,1009,1008,1008,1007,1007,1006,1006,1006,1006,1006,1006,1007,1007,1007,1008,1009,1009,1010,1011,1012,1013,1015,1016,1017,1018,1020,1021,1023,1024,1025,1027,1028,1030,1031,1032,1033,1035,1036,1037,1038,1039,1039,1040,1041,1041,1041,1042,1042,1042,1041,1041,1040,1040,1039,1038,1038,1037,1037,1036,1035,1035,1034,1034,1033,1032,1032,1031,1031,1030,1029,1029,1028,1028,1027,1026,1026,1025,1025,1024,1024,1024,1024,1024,1024,1024,1024,1024,1024,1024,1024,1024,1024,1024,1024,1024,1024,1024,1024,1024,1024,1024,1024,1024,1024,1024,1024,1024,1024,1024,1024,1024,1025,1025,1025,1025,1025,1025,1026,1026,1026,1027,1027,1028,1028,1029,1030,1030,1031,1032,1033,1034,1035,1037,1038,1040,1041,1043,1045,1047,1049,1051,1054,1057,1061,1065,1070,1074,1083,1083,1059,1035,1010,986,962,938,913,889,865,841,816,792,768,744,720,695,671,647,598,598,615,632,648,665,681,698,714,730,746,761,777,792,806,821,835,849,862,875,887,899,911,922,933,943,952,961,970,978,985,992,998,1003,1008,1012,1016,1019,1021,1023,1024,1024,1024,1024,1024,1024,1024,1024,1024,1024,1024,1024,1024,1024,1024,1024,1024,1024,1024,1024,1024,1024,1024,1024,1024,1024,1024,1024,1024,1024,1024,1024,1024,1024,1024,1024,1024,1024,1024,1024,1024,1024,1024,1024,1024,1024,1024,1024,1024,1024,1024,1024,1024,1024,1024,1024,1024,1024,1024,1024,1024,1024,1024,1024,1024,1024,1024,1024,1024,1024,1024,1024,1024,1024,1024,1024,1024,1024,1024,1024,1024,1024,1024,1024,1024,1024,1024,1024,1024,1024,1024,1024,1024,1024,1024,1024,1024,1024,1024,1024,1024,1024,1024,1024,1024,1024,1024,1024,1024,1024,1024,1024,1024,1024,1024,1024,1024,1024,1024,1024,1024,1024,1024,1024,1024,1024,1024,1024,1024,1024,1024,1024,1024,1024,1024,1024,1024,1024,1024,1024,1024,1024,1024,1024,1024,1024,1024,1024,1024,1024,1024,1024,1024,1024,1024,1024,1024,1024,1024,1023,1023,1023,1022,1022,1021,1020,1020,1019,1018,1017,1016,1015,1014,1013,1011,1010,1009,1007,1006,1004,1003,1001,1000,998,996,994,993,991,989,987,985,983,981,979,977,975,973,971,969,967,965,963,961,958,956,954,952,950,948,946,944,942,941,939,937,935,933,931,930,928,927,925,923,922,921,919,918,917,915,914,913,912,911,910,910,909,908,908,907,907,906,906,906,905,905,905,905,905,906,906,906,907,907,908,908,909,910,910,911,912,913,914,915,917,918,919,921,922,923,925,927,928,930,931,933,935,937,939,941,942,944,946,948,950,952,954,956,958,961,963,965,967,969,971,973,975,977,979,981,983,985,987,989,991,993,994,996,998,1000,1001,1003,1004,1006,1007,1009,1010,1011,1013,1014,1015,1016,1017,1018,1019,1020,1020,1021,1022,1022,1023,1023,1023,1024,1024,1024,1024,1024,1024,1024,1024,1024,1024,1024,1024,1024,1024,1024,1024,1024,1024,1024,1024,1024,1024,1024,1024,1024,1024,1024,1024,1024,1024,1024,1024,1024,1024,1024,1024,1024,1024,1024,1024,1024,1024,1023,1023,1022,1022,1021,1020,1019,1018,1017,1016,1014,1013,1011,1010,1008,1006,1004,1003,1001,999,997,995,993,991,989,987,985,983,982,980,978,976,975,973,972,970,969,968,967,966,965,964,963,963,962,962,962,962,962,962,962,963,963,964,965,966,967,968,969,970,972,973,975,976,978,980,982,983,985,987,989,991,993,995,997,999,1001,1003,1004,1006,1008,1010,1011,1013,1014,1016,1017,1018,1019,1020,1021,1022,1022,1023,1023,1024,1024,1024,1024,1024,1025,1025,1025,1025,1026,1026,1026,1026,1027,1027,1027,1027,1028,1028,1028,1028,1029,1029,1029,1029,1029,1030,1030,1030,1030,1030,1030,1031,1031,1031,1031,1031,1031,1032,1032,1032,1032,1032,1032,1032,1032,1032,1032,1033,1033,1033,1033,1033,1033,1033,1033,1033,1033,1033,1033,1033,1033,1033,1033,1033,1033,1033,1033,1033,1033,1033,1033,1033,1033,1033,1033,1033,1033,1033,1033,1033,1033,1034,1034,1034,1034,1034,1034,1034,1034,1034,1034,1034,1034,1034,1034,1034,1034,1034,1034,1034,1034,1034,1034,1034,1034,1034,1034,1034,1034,1034,1034,1034,1034,1034,1034,1034,1034,1034,1034,1035,1035,1035,1035,1035,1035,1035,1035,1035,1035,1035,1035,1035,1035,1035,1035,1035,1035,1035,1035,1035,1035,1035,1035,1035,1035,1035,1035,1035,1035,1035,1035,1035,1035,1035,1035,1035,1035,1036,1036,1036,1036,1036,1036,1036,1036,1036,1036,1036,1036,1036,1036,1036,1036,1036,1037,1039,1042,1046,1052,1060,1071,1085,1069,1053,1037,1021,1004,988,972,956,939,923,907,891,874,858,842,826,809,793,777,761,744,728,712,696,680,663,647,631,598,598,619,640,661,682,702,723,742,762,781,799,817,835,851,867,883,897,911,924,935,946,957,966,974,981,987,992,995,998,1000,1000,1002,1003,1004,1005,1006,1007,1008,1009,1009,1010,1011,1012,1013,1013,1014,1015,1015,1016,1016,1017,1018,1018,1018,1019,1019,1020,1020,1020,1021,1021,1021,1022,1022,1022,1022,1022,1023,1023,1023,1023,1023,1023,1023,1024,1024,1024,1024,1024,1024,1024,1024,1024,1024,1024,1024,1024,1024,1024,1024,1024,1024,1024,1024,1024,1024,1024,1024,1024,1024,1024,1024,1024,1024,1024,1024,1024,1024,1024,1024,1024,1024,1024,1024,1024,1024,1024,1024,1024,1024,1024,1024,1024,1024,1024,1024,1024,1024,1024,1024,1024,1024,1024,1024,1024,1024,1024,1024,1024,1024,1024,1024,1024,1024,1024,1024,1024,1024,1024,1024,1024,1024,1024,1024,1024,1024,1024,1024,1024,1024,1024,1024,1024,1024,1024,1024,1024,1024,1024,1024,1024,1024,1024,1024,1023,1023,1023,1022,1022,1021,1020,1020,1019,1018,1017,1016,1015,1014,1013,1011,1010,1009,1007,1006,1004,1003,1001,1000,998,996,994,993,991,989,987,985,983,981,979,977,975,973,971,969,967,965,963,961,958,956,954,952,950,948,946,944,942,941,939,937,935,933,931,930,928,927,925,923,922,921,919,918,917,915,914,913,912,911,910,910,909,908,908,907,907,906,906,906,905,905,905,905,905,906,906,906,907,907,908,908,909,910,910,911,912,913,914,915,917,918,919,921,922,923,925,927,928,930,931,933,935,937,939,941,942,944,946,948,950,952,954,956,958,961,963,965,967,969,971,973,975,977,979,981,983,985,987,989,991,993,994,996,998,1000,1001,1003,1004,1006,1007,1009,1010,1011,1013,1014,1015,1016,1017,1018,1019,1020,1020,1021,1022,1022,1023,1023,1023,1024,1024,1024

lead:aVL
count:2460
points:1024,1024,1024,1025,1025,1026,1026,1027,1028,1029,1030,1032,1033,1035,1036,1038,1040,1042,1044,1045,1047,1050,1052,1054,1056,1058,1060,1062,1064,1066,1068,1071,1072,1074,1076,1078,1080,1081,1083,1084,1085,1087,1088,1089,1090,1090,1091,1091,1092,1092,1092,1092,1092,1091,1091,1090,1090,1089,1088,1087,1085,1084,1083,1081,1080,1078,1076,1074,1072,1071,1068,1066,1064,1062,1060,1058,1056,1054,1052,1050,1047,1045,1044,1042,1040,1038,1036,1035,1033,1032,1030,1029,1028,1027,1026,1026,1025,1025,1024,1024,1024,1024,1024,1024,1024,1024,1024,1024,1024,1024,1024,1024,1024,1024,1024,1024,1024,1024,1024,1024,1024,1024,1024,1024,1024,1024,1024,1024,1024,1024,1024,1024,1024,1024,1024,1024,1024,1024,1024,1024,1024,1024,1024,1024,1024,1024,1024,1023,1023,1023,1023,1023,1023,1023,1023,1023,1023,1022,1022,1022,1022,1022,1022,1021,1021,1020,1018,1017,1015,1012,1012,1026,1039,1052,1066,1079,1093,1106,1119,1133,1146,1160,1173,1186,1200,1213,1227,1240,1253,1280,1280,1270,1260,1250,1241,1231,1221,1211,1202,1193,1183,1174,1165,1156,1148,1139,1131,1123,1116,1108,1101,1094,1088,1081,1075,1070,1064,1059,1055,1050,1046,1043,1039,1036,1034,1032,1030,1029,1028,1027,1027,1026,1026,1025,1025,1025,1025,1024,1024,1024,1024,1024,1024,1024,1024,1024,1024,1024,1024,1024,1024,1024,1024,1024,1024,1024,1024,1024,1024,1024,1024,1024,1024,1024,1024,1024,1024,1024,1024,1024,1024,1024,1024,1024,1024,1024,1024,1024,1024,1024,1024,1024,1024,1024,1024,1024,1024,1024,1024,1024,1024,1024,1024,1024,1024,1024,1024,1024,1024,1024,1024,1024,1024,1024,1024,1024,1024,1024,1024,1024,1024,1024,1024,1024,1024,1024,1024,1024,1024,1024,1024,1024,1024,1024,1024,1024,1024,1024,1024,1024,1024,1024,1024,1024,1024,1024,1024,1024,1024,1024,1024,1024,1024,1024,1024,1024,1024,1024,1024,1024,1024,1024,1024,1024,1024,1024,1024,1024,1024,1024,1024,1024,1024,1024,1024,1024,1024,1024,1024,1024,1024,1024,1024,1024,1024,1024,1024,1024,1024,1024,1024,1024,1024,1024,1024,1024,1024,1024,1024,1024,1025,1025,1025,1025,1026,1026,1026,1027,1027,1028,1028,1029,1029,1030,1030,1031,1031,1032,1033,1034,1034,1035,1036,1037,1037,1038,1039,1040,1041,1042,1042,1043,1044,1045,1046,1047,1048,1049,1050,1051,1052,1052,1053,1054,1055,1056,1057,1058,1059,1060,1061,1061,1062,1063,1064,1065,1065,1066,1067,1068,1068,1069,1070,1070,1071,1072,1072,1073,1073,1074,1074,1075,1075,1075,1076,1076,1076,1076,1077,1077,1077,1077,1077,1077,1077,1077,1077,1077,1077,1077,1077,1076,1076,1076,1076,1075,1075,1075,1074,1074,1073,1073,1072,1072,1071,1070,1070,1069,1068,1068,1067,1066,1065,1065,1064,1063,1062,1061,1061,1060,1059,1058,1057,1056,1055,1054,1053,1052,1052,1051,1050,1049,1048,1047,1046,1045,1044,1043,1042,1042,1041,1040,1039,1038,1037,1037,1036,1035,1034,1034,1033,1032,1031,1031,1030,1030,1029,1029,1028,1028,1027,1027,1026,1026,1026,1025,1025,1025,1025,1024,1024,1024,1024,1024,1024,1024,1024,1024,1024,1024,1024,1024,1024,1024,1024,1024,1024,1024,1024,1024,1024,1024,1024,1024,1024,1024,1024,1024,1024,1024,1024,1024,1024,1024,1024,1024,1024,1024,1024,1024,1024,1024,1024,1024,1024,1024,1024,1024,1024,1024,1024,1024,1024,1024,1024,1024,1024,1024,1024,1024,1024,1024,1024,1024,1024,1024,1024,1024,1024,1024,1024,1024,1024,1024,1024,1024,1024,1024,1024,1024,1024,1024,1024,1024,1024,1024,1024,1024,1024,1024,1024,1024,1024,1024,1024,1024,1024,1024,1024,1024,1024,1024,1024,1024,1024,1024,1024,1024,1024,1024,1024,1024,1024,1024,1024,1024,1024,1024,1024,1024,1024,1024,1024,1024,1024,1024,1024,1024,1024,1024,1024,1024,1024,1024,1024,1024,1024,1024,1024,1024,1024,1024,1024,1024,1024,1024,1024,1024,1024,1024,1024,1024,1024,1024,1024,1024,1024,1024,1024,1024,1024,1024,1024,1024,1024,1024,1024,1024,1024,1024,1024,1024,1024,1024,1024,1024,1024,1024,1024,1024,1024,1024,1024,1024,1024,1024,1024,1023,1023,1023,1023,1023,1023,1023,1023,1023,1023,1022,1022,1022,1022,1022,1022,1021,1021,1020,1018,1017,1015,1012,1012,1026,1039,1052,1066,1079,1093,1106,1119,1133,1146,1160,1173,1186,1200,1213,1227,1240,1253,1280,1280,1270,1260,1250,1240,1230,1220,1211,1201,1192,1182,1173,1164,1155,1146,1138,1130,1122,1114,1106,1099,1092,1085,1079,1073,1067,1062,1057,1052,1048,1043,1040,1037,1034,1031,1029,1027,1026,1025,1024,1024,1024,1024,1024,1024,1024,1024,1024,1024,1024,1024,1024,1024,1024,1024,1024,1024,1024,1024,1024,1024,1024,1024,1024,1024,1024,1024,1024,1024,1024,1024,1024,1024,1024,1024,1024,1024,1024,1024,1024,1024,1024,1024,1024,1024,1024,1024,1024,1024,1024,1024,1024,1024,1024,1024,1024,1024,1024,1024,1024,1024,1024,1024,1024,1024,1024,1024,1024,1024,1024,1024,1024,1024,1024,1024,1024,1024,1024,1024,1024,1024,1024,1024,1024,1024,1024,1024,1024,1024,1024,1024,1024,1024,1024,1024,1024,1024,1024,1024,1024,1024,1024,1024,1024,1024,1024,1024,1024,1024,1024,1024,1024,1024,1024,1024,1024,1024,1024,1024,1024,1024,1024,1024,1024,1024,1024,1024,1024,1024,1024,1024,1024,1024,1024,1024,1024,1024,1024,1024,1024,1024,1024,1024,1024,1024,1024,1024,1024,1024,1024,1024,1024,1024,1024,1024,1024,1024,1024,1024,1024,1025,1025,1025,1025,1026,1026,1026,1027,1027,1028,1028,1029,1029,1030,1030,1031,1031,1032,1033,1034,1034,1035,1036,1037,1037,1038,1039,1040,1041,1042,1042,1043,1044,1045,1046,1047,1048,1049,1050,1051,1052,1052,1053,1054,1055,1056,1057,1058,1059,1060,1061,1061,1062,1063,1064,1065,1065,1066,1067,1068,1068,1069,1070,1070,1071,1072,1072,1073,1073,1074,1074,1075,1075,1075,1076,1076,1076,1076,1077,1077,1077,1077,1077,1077,1077,1077,1077,1077,1077,1077,1077,1076,1076,1076,1076,1075,1075,1075,1074,1074,1073,1073,1072,1072,1071,1070,1070,1069,1068,1068,1067,1066,1065,1065,1064,1063,1062,1061,1061,1060,1059,1058,1057,1056,1055,1054,1053,1052,1052,1051,1050,1049,1048,1047,1046,1045,1044,1043,1042,1042,1041,1040,1039,1038,1037,1037,1036,1035,1034,1034,1033,1032,1031,1031,1030,1030,1029,1029,1028,1028,1027,1027,1026,1026,1026,1025,1025,1025,1025,1024,1024,1024,1024,1024,1024,1024,1024,1024,1024,1024,1024,1024,1024,1024,1024,1024,1024,1024,1024,1024,1024,1024,1024,1024,1024,1024,1024,1024,1024,1024,1024,1024,1024,1024,1024,1024,1024,1024,1024,1024,1024,1024,1024,1025,1025,1026,1027,1027,1028,1029,1031,1032,1033,1034,1036,1037,1039,1040,1041,1043,1044,1045,1046,1047,1048,1049,1049,1050,1050,1050,1050,1050,1050,1050,1049,1048,1048,1047,1045,1044,1043,1041,1040,1038,1036,1034,1032,1030,1028,1026,1024,1022,1020,1018,1016,1014,1012,1010,1008,1007,1005,1004,1003,1001,1000,1000,999,998,998,998,998,998,999,1000,1001,1002,1003,1004,1005,1006,1006,1007,1008,1009,1010,1011,1012,1013,1013,1014,1015,1016,1017,1018,1019,1020,1020,1021,1022,1023,1024,1024,1024,1024,1024,1024,1024,1024,1024,1024,1024,1024,1024,1024,1024,1024,1024,1024,1024,1024,1024,1024,1024,1024,1024,1024,1024,1024,1024,1024,1024,1024,1024,1024,1024,1024,1024,1024,1024,1024,1024,1024,1024,1024,1024,1024,1024,1023,1023,1023,1023,1023,1023,1023,1023,1023,1023,1022,1022,1022,1022,1022,1022,1021,1021,1020,1018,1017,1015,1012,1012,1026,1039,1052,1066,1079,1093,1106,1119,1133,1146,1160,1173,1186,1200,1213,1227,1240,1253,1280,1280,1270,1260,1250,1240,1230,1220,1211,1201,1192,1182,1173,1164,1155,1146,1138,1130,1122,1114,1106,1099,1092,1085,1079,1073,1067,1062,1057,1052,1048,1043,1040,1037,1034,1031,1029,1027,1026,1025,1024,1024,1024,1024,1024,1024,1024,1024,1024,1024,1024,1024,1024,1024,1024,1024,1024,1024,1024,1024,1024,1024,1024,1024,1024,1024,1024,1024,1024,1024,1024,1024,1024,1024,1024,1024,1024,1024,1024,1024,1024,1024,1024,1024,1024,1024,1024,1024,1024,1024,1024,1024,1024,1024,1024,1024,1024,1024,1024,1024,1024,1024,1024,1024,1024,1024,1024,1024,1024,1024,1024,1024,1024,1024,1024,1024,1024,1024,1024,1024,1024,1024,1024,1024,1024,1024,1024,1024,1024,1024,1024,1024,1024,1024,1024,1024,1024,1024,1024,1024,1024,1024,1024,1024,1024,1024,1024,1024,1024,1024,1024,1024,1024,1024,1024,1024,1024,1024,1024,1024,1024,1024,1024,1024,1024,1024,1024,1024,1024,1024,1024,1024,1024,1024,1024,1024,1024,1024,1024,1024,1024,1024,1024,1024,1024,1024,1024,1024,1024,1024,1024,1024,1024,1024,1024,1024,1024,1024,1024,1024,1024,1025,1025,1025,1025,1026,1026,1026,1027,1027,1028,1028,1029,1029,1030,1030,1031,1031,1032,1033,1034,1034,1035,1036,1037,1037,1038,1039,1040,1041,1042,1042,1043,1044,1045,1046,1047,1048,1049,1050,1051,1052,1052,1053,1054,1055,1056,1057,1058,1059,1060,1061,1061,1062,1063,1064,1065,1065,1066,1067,1068,1068,1069,1070,1070,1071,1072,1072,1073,1073,1074,1074,1075,1075,1075,1076,1076,1076,1076,1077,1077,1077,1077,1077,1077,1077,1077,1077,1077,1077,1077,1077,1076,1076,1076,1076,1075,1075,1075,1074,1074,1073,1073,1072,1072,1071,1070,1070,1069,1068,1068,1067,1066,1065,1065,1064,1063,1062,1061,1061,1060,1059,1058,1057,1056,1055,1054,1053,1052,1052,1051,1050,1049,1048,1047,1046,1045,1044,1043,1042,1042,1041,1040,1039,1038,1037,1037,1036,1035,1034,1034,1033,1032,1031,1031,1030,1030,1029,1029,1028,1028,1027,1027,1026,1026,1026,1025,1025,1025,1025,1024,1024,1024,1024,1024,1024,1024,1024,1024,1024,1024,1024,1024,1024,1024,1024,1024,1024,1024,1024,1024,1024,1024,1024,1024,1024,1024,1024,1024,1024,1024,1024,1024,1024,1024,1024,1024,1024,1024,1024,1024,1024,1024,1024,1024,1024,1024,1025,1025,1025,1025,1026,1026,1026,1027,1027,1028,1028,1029,1029,1030,1030,1031,1031,1032,1032,1033,1034,1034,1035,1035,1036,1036,1037,1037,1038,1038,1039,1039,1040,1040,1040,1041,1041,1041,1041,1042,1042,1042,1042,1042,1042,1042,1042,1042,1042,1042,1041,1041,1041,1041,1040,1040,1040,1039,1039,1038,1038,1037,1037,1036,1036,1035,1035,1034,1034,1033,1032,1032,1031,1031,1030,1030,1029,1029,1028,1028,1027,1027,1026,1026,1026,1025,1025,1025,1025,1024,1024,1024,1024,1024,1024,1024,1023,1023,1022,1022,1021,1021,1020,1020,1019,1019,1018,1018,1017,1017,1016,1016,1015,1015,1015,1014,1014,1013,1013,1013,1012,1012,1011,1011,1011,1010,1010,1010,1010,1009,1009,1009,1008,1008,1008,1008,1008,1007,1007,1007,1007,1007,1007,1007,1007,1006,1006,1006,1006,1006,1006,1006,1007,1007,1007,1007,1007,1008,1008,1008,1008,1008,1008,1009,1009,1009,1009,1009,1010,1010,1010,1010,1010,1011,1011,1011,1011,1011,1011,1012,1012,1012,1012,1012,1013,1013,1013,1013,1013,1013,1014,1014,1014,1014,1014,1015,1015,1015,1015,1015,1016,1016,1016,1016,1016,1016,1017,1017,1017,1017,1017,1018,1018,1018,1018,1018,1018,1019,1019,1019,1019,1019,1020,1020,1020,1020,1020,1020,1021,1021,1021,1021,1021,1022,1022,1022,1022,1022,1023,1023,1023,1023,1023,1023,1024,1024,1024,1024,1024,1025,1025,1025,1025,1025,1025,1026,1026,1026,1026,1026,1027,1027,1027,1027,1027,1027,1027,1027,1027,1027,1028,1028,1028,1029,1030,1038,1047,1055,1063,1072,1080,1088,1097,1105,1113,1122,1130,1138,1147,1155,1163,1172,1180,1188,1197,1205,1213,1222,1230,1238,1247,1255,1263,1280,1280,1267,1255,1242,1229,1217,1205,1193,1181,1169,1158,1147,1137,1126,1117,1107,1099,1090,1082,1075,1069,1062,1057,1052,1048,1044,1041,1039,1037,1036,1036,1035,1035,1034,1034,1033,1033,1032,1032,1031,1031,1030,1030,1030,1029,1029,1029,1028,1028,1028,1028,1027,1027,1027,1027,1026,1026,1026,1026,1026,1025,1025,1025,1025,1025,1025,1025,1025,1025,1025,1024,1024,1024,1024,1024,1024,1024,1024,1024,1024,1024,1024,1024,1024,1024,1024,1024,1024,1024,1024,1024,1024,1024,1024,1024,1024,1024,1024,1024,1024,1024,1024,1024,1024,1024,1024,1024,1024,1024,1024,1024,1024,1024,1024,1024,1024,1024,1024,1024,1024,1024,1024,1024,1024,1024,1024,1024,1024,1024,1024,1024,1024,1024,1024,1024,1024,1024,1024,1024,1024,1024,1024,1024,1024,1024,1024,1024,1024,1024,1024,1024,1024,1024,1024,1024,1024,1024,1024,1024,1024,1024,1024,1024,1024,1024,1024,1024,1024,1024,1024,1024,1024,1024,1024,1024,1024,1025,1025,1025,1025,1026,1026,1026,1027,1027,1028,1028,1029,1029,1030,1030,1031,1031,1032,1033,1034,1034,1035,1036,1037,1037,1038,1039,1040,1041,1042,1042,1043,1044,1045,1046,1047,1048,1049,1050,1051,1052,1052,1053,1054,1055,1056,1057,1058,1059,1060,1061,1061,1062,1063,1064,1065,1065,1066,1067,1068,1068,1069,1070,1070,1071,1072,1072,1073,1073,1074,1074,1075,1075,1075,1076,1076,1076,1076,1077,1077,1077,1077,1077,1077,1077,1077,1077,1077,1077,1077,1077,1076,1076,1076,1076,1075,1075,1075,1074,1074,1073,1073,1072,1072,1071,1070,1070,1069,1068,1068,1067,1066,1065,1065,1064,1063,1062,1061,1061,1060,1059,1058,1057,1056,1055,1054,1053,1052,1052,1051,1050,1049,1048,1047,1046,1045,1044,1043,1042,1042,1041,1040,1039,1038,1037,1037,1036,1035,1034,1034,1033,1032,1031,1031,1030,1030,1029,1029,1028,1028,1027,1027,1026,1026,1026,1025,1025,1025,1025,1024,1024,1024,1024,1024

lead:aVF
count:2460
points:1024,1024,1024,1024,1023,1023,1022,1021,1021,1020,1019,1018,1016,1015,1014,1012,1011,1010,1008,1006,1005,1003,1001,1000,998,996,994,993,991,989,987,986,984,983,981,980,978,977,976,975,974,973,972,971,970,970,969,969,968,968,968,968,968,969,969,970,970,971,972,973,974,975,976,977,978,980,981,983,984,986,987,989,991,993,994,996,998,1000,1001,1003,1005,1006,1008,1010,1011,1012,1014,1015,1016,1018,1019,1020,1021,1021,1022,1023,1023,1024,1024,1024,1024,1024,1024,1024,1024,1024,1024,1024,1024,1024,1024,1024,1024,1024,1024,1024,1024,1024,1024,1024,1024,1024,1024,1024,1024,1024,1024,1024,1024,1024,1024,1024,1024,1024,1023,1023,1023,1023,1023,1022,1022,1022,1021,1021,1021,1020,1019,1019,1018,1017,1017,1016,1015,1014,1012,1011,1010,1008,1007,1005,1003,1001,999,997,994,991,989,986,983,977,977,987,997,1007,1017,1027,1037,1047,1057,1067,1077,1087,1098,1108,1118,1128,1138,1148,1158,1178,1178,1172,1166,1159,1153,1147,1141,1135,1129,1123,1117,1111,1105,1100,1095,1089,1084,1079,1074,1069,1065,1061,1056,1052,1049,1045,1042,1038,1036,1033,1030,1028,1026,1024,1023,1021,1020,1019,1019,1018,1018,1019,1020,1021,1022,1022,1023,1023,1024,1024,1024,1024,1024,1024,1024,1024,1024,1024,1024,1024,1024,1024,1024,1024,1024,1024,1024,1024,1024,1024,1024,1024,1024,1024,1024,1024,1024,1024,1024,1024,1024,1024,1024,1024,1024,1024,1024,1024,1024,1024,1024,1024,1024,1024,1024,1024,1024,1024,1024,1024,1024,1024,1024,1024,1024,1024,1024,1024,1024,1024,1024,1024,1024,1024,1024,1024,1024,1024,1024,1024,1024,1024,1024,1024,1024,1024,1024,1024,1024,1024,1024,1024,1024,1024,1024,1024,1024,1024,1024,1024,1024,1024,1024,1024,1024,1024,1024,1024,1024,1024,1024,1024,1024,1024,1024,1024,1024,1024,1024,1024,1024,1024,1024,1024,1024,1024,1024,1024,1024,1024,1024,1024,1024,1024,1024,1024,1024,1024,1024,1024,1024,1024,1024,1024,1024,1024,1024,1024,1024,1024,1024,1024,1024,1024,1024,1024,1024,1024,1024,1025,1025,1025,1026,1026,1026,1027,1027,1028,1029,1029,1030,1031,1032,1033,1033,1034,1035,1036,1037,1038,1040,1041,1042,1043,1044,1045,1047,1048,1049,1051,1052,1053,1055,1056,1057,1059,1060,1062,1063,1064,1066,1067,1069,1070,1071,1073,1074,1076,1077,1078,1080,1081,1082,1083,1085,1086,1087,1088,1089,1090,1091,1092,1093,1094,1095,1096,1097,1098,1099,1099,1100,1101,1101,1102,1102,1103,1103,1104,1104,1104,1104,1105,1105,1105,1105,1105,1105,1105,1104,1104,1104,1104,1103,1103,1102,1102,1101,1101,1100,1099,1099,1098,1097,1096,1095,1094,1093,1092,1091,1090,1089,1088,1087,1086,1085,1083,1082,1081,1080,1078,1077,1076,1074,1073,1071,1070,1069,1067,1066,1064,1063,1062,1060,1059,1057,1056,1055,1053,1052,1051,1049,1048,1047,1045,1044,1043,1042,1041,1040,1038,1037,1036,1035,1034,1033,1033,1032,1031,1030,1029,1029,1028,1027,1027,1026,1026,1026,1025,1025,1025,1024,1024,1024,1024,1024,1024,1024,1024,1024,1024,1024,1024,1024,1024,1024,1024,1024,1024,1024,1024,1024,1024,1024,1024,1024,1024,1024,1024,1024,1024,1024,1024,1024,1024,1024,1024,1024,1024,1024,1024,1024,1024,1024,1024,1024,1024,1024,1024,1024,1024,1024,1024,1024,1024,1024,1024,1024,1024,1024,1024,1024,1024,1024,1024,1024,1024,1024,1024,1024,1024,1024,1024,1024,1024,1024,1024,1024,1024,1024,1024,1024,1024,1024,1024,1024,1024,1024,1024,1024,1024,1024,1024,1024,1024,1024,1024,1024,1024,1024,1024,1024,1024,1024,1024,1024,1024,1024,1024,1024,1024,1024,1024,1024,1024,1024,1024,1024,1024,1024,1024,1024,1024,1024,1024,1024,1024,1024,1024,1024,1024,1024,1024,1024,1024,1024,1024,1024,1024,1024,1024,1024,1024,1024,1024,1024,1024,1024,1024,1024,1024,1024,1024,1024,1024,1024,1024,1024,1024,1024,1024,1024,1024,1024,1024,1024,1024,1024,1024,1024,1024,1024,1024,1024,1024,1023,1023,1023,1023,1023,1022,1022,1022,1021,1021,1021,1020,1019,1019,1018,1017,1017,1016,1015,1014,1012,1011,1010,1008,1007,1005,1003,1001,999,997,994,991,989,986,983,977,977,987,997,1007,1017,1027,1037,1047,1057,1067,1077,1087,1098,1108,1118,1128,1138,1148,1158,1178,1178,1172,1166,1160,1154,1148,1142,1136,1131,1125,1119,1114,1108,1103,1098,1093,1088,1083,1078,1074,1069,1065,1061,1057,1053,1050,1047,1044,1041,1038,1036,1034,1032,1030,1028,1027,1026,1025,1024,1024,1024,1024,1024,1024,1024,1024,1024,1024,1024,1024,1024,1024,1024,1024,1024,1024,1024,1024,1024,1024,1024,1024,1024,1024,1024,1024,1024,1024,1024,1024,1024,1024,1024,1024,1024,1024,1024,1024,1024,1024,1024,1024,1024,1024,1024,1024,1024,1024,1024,1024,1024,1024,1024,1024,1024,1024,1024,1024,1024,1024,1024,1024,1024,1024,1024,1024,1024,1024,1024,1024,1024,1024,1024,1024,1024,1024,1024,1024,1024,1024,1024,1024,1024,1024,1024,1024,1024,1024,1024,1024,1024,1024,1024,1024,1024,1024,1024,1024,1024,1024,1024,1024,1024,1024,1024,1024,1024,1024,1024,1024,1024,1024,1024,1024,1024,1024,1024,1024,1024,1024,1024,1024,1024,1024,1024,1024,1024,1024,1024,1024,1024,1024,1024,1024,1024,1024,1024,1024,1024,1024,1024,1024,1024,1024,1024,1024,1024,1024,1024,1024,1024,1024,1024,1024,1024,1024,1024,1024,1024,1025,1025,1025,1026,1026,1026,1027,1027,1028,1029,1029,1030,1031,1032,1033,1033,1034,1035,1036,1037,1038,1040,1041,1042,1043,1044,1045,1047,1048,1049,1051,1052,1053,1055,1056,1057,1059,1060,1062,1063,1064,1066,1067,1069,1070,1071,1073,1074,1076,1077,1078,1080,1081,1082,1083,1085,1086,1087,1088,1089,1090,1091,1092,1093,1094,1095,1096,1097,1098,1099,1099,1100,1101,1101,1102,1102,1103,1103,1104,1104,1104,1104,1105,1105,1105,1105,1105,1105,1105,1104,1104,1104,1104,1103,1103,1102,1102,1101,1101,1100,1099,1099,1098,1097,1096,1095,1094,1093,1092,1091,1090,1089,1088,1087,1086,1085,1083,1082,1081,1080,1078,1077,1076,1074,1073,1071,1070,1069,1067,1066,1064,1063,1062,1060,1059,1057,1056,1055,1053,1052,1051,1049,1048,1047,1045,1044,1043,1042,1041,1040,1038,1037,1036,1035,1034,1033,1033,1032,1031,1030,1029,1029,1028,1027,1027,1026,1026,1026,1025,1025,1025,1024,1024,1024,1024,1024,1024,1024,1024,1024,1024,1024,1024,1024,1024,1024,1024,1024,1024,1024,1024,1024,1024,1024,1024,1024,1024,1024,1024,1024,1024,1024,1024,1024,1024,1024,1024,1024,1024,1024,1024,1024,1024,1024,1025,1025,1026,1027,1028,1029,1031,1032,1034,1035,1037,1039,1040,1042,1044,1045,1047,1048,1050,1051,1052,1053,1054,1055,1056,1056,1056,1057,1056,1056,1056,1055,1054,1053,1052,1050,1049,1047,1045,1043,1041,1039,1036,1034,1032,1029,1027,1024,1021,1019,1016,1014,1012,1009,1007,1005,1003,1001,999,998,996,995,994,993,992,992,991,991,993,994,995,996,997,998,999,1000,1001,1002,1003,1004,1006,1007,1008,1009,1010,1011,1012,1013,1014,1015,1016,1017,1019,1020,1021,1022,1023,1024,1024,1024,1024,1024,1024,1024,1024,1024,1024,1024,1024,1024,1024,1024,1024,1024,1024,1024,1024,1024,1024,1024,1024,1024,1024,1024,1024,1024,1024,1024,1024,1024,1024,1023,1023,1023,1023,1023,1022,1022,1022,1021,1021,1021,1020,1019,1019,1018,1017,1017,1016,1015,1014,1012,1011,1010,1008,1007,1005,1003,1001,999,997,994,991,989,986,983,977,977,987,997,1007,1017,1027,1037,1047,1057,1067,1077,1087,1098,1108,1118,1128,1138,1148,1158,1178,1178,1172,1166,1160,1154,1148,1142,1136,1131,1125,1119,1114,1108,1103,1098,1093,1088,1083,1078,1074,1069,1065,1061,1057,1053,1050,1047,1044,1041,1038,1036,1034,1032,1030,1028,1027,1026,1025,1024,1024,1024,1024,1024,1024,1024,1024,1024,1024,1024,1024,1024,1024,1024,1024,1024,1024,1024,1024,1024,1024,1024,1024,1024,1024,1024,1024,1024,1024,1024,1024,1024,1024,1024,1024,1024,1024,1024,1024,1024,1024,1024,1024,1024,1024,1024,1024,1024,1024,1024,1024,1024,1024,1024,1024,1024,1024,1024,1024,1024,1024,1024,1024,1024,1024,1024,1024,1024,1024,1024,1024,1024,1024,1024,1024,1024,1024,1024,1024,1024,1024,1024,1024,1024,1024,1024,1024,1024,1024,1024,1024,1024,1024,1024,1024,1024,1024,1024,1024,1024,1024,1024,1024,1024,1024,1024,1024,1024,1024,1024,1024,1024,1024,1024,1024,1024,1024,1024,1024,1024,1024,1024,1024,1024,1024,1024,1024,1024,1024,1024,1024,1024,1024,1024,1024,1024,1024,1024,1024,1024,1024,1024,1024,1024,1024,1024,1024,1024,1024,1024,1024,1024,1024,1024,1024,1024,1024,1024,1024,1024,1025,1025,1025,1026,1026,1026,1027,1027,1028,1029,1029,1030,1031,1032,1033,1033,1034,1035,1036,1037,1038,1040,1041,1042,1043,1044,1045,1047,1048,1049,1051,1052,1053,1055,1056,1057,1059,1060,1062,1063,1064,1066,1067,1069,1070,1071,1073,1074,1076,1077,1078,1080,1081,1082,1083,1085,1086,1087,1088,1089,1090,1091,1092,1093,1094,1095,1096,1097,1098,1099,1099,1100,1101,1101,1102,1102,1103,1103,1104,1104,1104,1104,1105,1105,1105,1105,1105,1105,1105,1104,1104,1104,1104,1103,1103,1102,1102,1101,1101,1100,1099,1099,1098,1097,1096,1095,1094,1093,1092,1091,1090,1089,1088,1087,1086,1085,1083,1082,1081,1080,1078,1077,1076,1074,1073,1071,1070,1069,1067,1066,1064,1063,1062,1060,1059,1057,1056,1055,1053,1052,1051,1049,1048,1047,1045,1044,1043,1042,1041,1040,1038,1037,1036,1035,1034,1033,1033,1032,1031,1030,1029,1029,1028,1027,1027,1026,1026,1026,1025,1025,1025,1024,1024,1024,1024,1024,1024,1024,1024,1024,1024,1024,1024,1024,1024,1024,1024,1024,1024,1024,1024,1024,1024,1024,1024,1024,1024,1024,1024,1024,1024,1024,1024,1024,1024,1024,1024,1024,1024,1024,1024,1024,1024,1024,1024,1025,1025,1026,1027,1027,1028,1029,1030,1031,1033,1034,1035,1037,1038,1040,1041,1043,1044,1046,1048,1049,1051,1053,1055,1056,1058,1059,1061,1063,1064,1066,1067,1068,1070,1071,1072,1073,1074,1075,1076,1076,1077,1077,1078,1078,1078,1078,1078,1078,1078,1077,1077,1076,1076,1075,1074,1073,1072,1071,1070,1068,1067,1066,1064,1063,1061,1059,1058,1056,1055,1053,1051,1049,1048,1046,1044,1043,1041,1040,1038,1037,1035,1034,1033,1031,1030,1029,1028,1027,1027,1026,1025,1025,1024,1024,1024,1024,1024,1024,1025,1025,1025,1025,1026,1026,1026,1026,1027,1027,1027,1027,1028,1028,1028,1028,1029,1029,1029,1029,1029,1030,1030,1030,1030,1030,1030,1031,1031,1031,1031,1031,1031,1032,1032,1032,1032,1032,1032,1032,1032,1032,1032,1033,1033,1033,1033,1033,1033,1033,1033,1033,1033,1033,1033,1032,1032,1032,1032,1032,1031,1031,1031,1031,1031,1030,1030,1030,1030,1029,1029,1029,1029,1029,1028,1028,1028,1028,1028,1027,1027,1027,1027,1027,1026,1026,1026,1026,1025,1025,1025,1025,1025,1024,1024,1024,1024,1024,1023,1023,1023,1023,1023,1022,1022,1022,1022,1021,1021,1021,1021,1021,1020,1020,1020,1020,1020,1019,1019,1019,1019,1019,1018,1018,1018,1018,1017,1017,1017,1017,1017,1016,1016,1016,1016,1016,1015,1015,1015,1015,1014,1014,1014,1014,1014,1013,1013,1013,1013,1013,1012,1012,1012,1012,1012,1011,1011,1011,1011,1010,1010,1010,1010,1010,1009,1009,1009,1009,1009,1009,1009,1008,1008,1007,1006,1004,1001,998,1004,1010,1016,1022,1028,1034,1040,1046,1052,1058,1064,1070,1076,1082,1088,1094,1100,1106,1112,1118,1124,1130,1136,1142,1148,1154,1160,1166,1178,1178,1171,1163,1156,1149,1141,1134,1127,1120,1114,1107,1101,1094,1089,1083,1078,1072,1068,1063,1059,1055,1051,1048,1045,1043,1041,1039,1038,1037,1036,1036,1035,1035,1034,1034,1033,1033,1032,1032,1031,1031,1030,1030,1030,1029,1029,1029,1028,1028,1028,1028,1027,1027,1027,1027,1026,1026,1026,1026,1026,1025,1025,1025,1025,1025,1025,1025,1025,1025,1025,1024,1024,1024,1024,1024,1024,1024,1024,1024,1024,1024,1024,1024,1024,1024,1024,1024,1024,1024,1024,1024,1024,1024,1024,1024,1024,1024,1024,1024,1024,1024,1024,1024,1024,1024,1024,1024,1024,1024,1024,1024,1024,1024,1024,1024,1024,1024,1024,1024,1024,1024,1024,1024,1024,1024,1024,1024,1024,1024,1024,1024,1024,1024,1024,1024,1024,1024,1024,1024,1024,1024,1024,1024,1024,1024,1024,1024,1024,1024,1024,1024,1024,1024,1024,1024,1024,1024,1024,1024,1024,1024,1024,1024,1024,1024,1024,1024,1024,1024,1024,1024,1024,1024,1024,1024,1025,1025,1025,1026,1026,1026,1027,1027,1028,1029,1029,1030,1031,1032,1033,1033,1034,1035,1036,1037,1038,1040,1041,1042,1043,1044,1045,1047,1048,1049,1051,1052,1053,1055,1056,1057,1059,1060,1062,1063,1064,1066,1067,1069,1070,1071,1073,1074,1076,1077,1078,1080,1081,1082,1083,1085,1086,1087,1088,1089,1090,1091,1092,1093,1094,1095,1096,1097,1098,1099,1099,1100,1101,1101,1102,1102,1103,1103,1104,1104,1104,1104,1105,1105,1105,1105,1105,1105,1105,1104,1104,1104,1104,1103,1103,1102,1102,1101,1101,1100,1099,1099,1098,1097,1096,1095,1094,1093,1092,1091,1090,1089,1088,1087,1086,1085,1083,1082,1081,1080,1078,1077,1076,1074,1073,1071,1070,1069,1067,1066,1064,1063,1062,1060,1059,1057,1056,1055,1053,1052,1051,1049,1048,1047,1045,1044,1043,1042,1041,1040,1038,1037,1036,1035,1034,1033,1033,1032,1031,1030,1029,1029,1028,1027,1027,1026,1026,1026,1025,1025,1025,1024,1024,1024,1024

lead:V1
count:2460
points:1024,1024,1024,1024,1024,1023,1023,1023,1022,1022,1022,1021,1021,1020,1019,1019,1018,1017,1017,1016,1015,1015,1014,1013,1012,1011,1011,1010,1009,1008,1007,1007,1006,1005,1005,1004,1003,1003,1002,1002,1001,1001,1000,1000,1000,999,999,999,999,999,999,999,999,999,999,999,1000,1000,1000,1001,1001,1002,1002,1003,1003,1004,1005,1005,1006,1007,1007,1008,1009,1010,1011,1011,1012,1013,1014,1015,1015,1016,1017,1017,1018,1019,1019,1020,1021,1021,1022,1022,1022,1023,1023,1023,1024,1024,1024,1024,1024,1024,1024,1024,1024,1024,1024,1024,1024,1024,1024,1024,1024,1024,1024,1024,1024,1024,1024,1024,1024,1024,1024,1024,1024,1024,1024,1024,1024,1025,1025,1025,1025,1025,1025,1025,1025,1025,1025,1025,1025,1025,1025,1025,1025,1025,1025,1025,1025,1025,1025,1025,1025,1025,1026,1026,1026,1026,1026,1026,1026,1026,1026,1026,1026,1027,1028,1029,1031,1033,1033,1033,1033,1034,1035,1036,1037,1038,1040,1042,1044,1047,1049,1052,1055,1059,1062,1066,1070,1079,1079,1060,1041,1022,1003,984,966,948,929,911,894,876,859,843,826,810,795,780,765,751,737,724,711,699,688,677,667,657,648,640,632,625,619,614,609,605,601,599,597,595,595,681,754,816,868,910,944,970,990,1004,1014,1020,1023,1024,1024,1024,1024,1024,1024,1025,1025,1025,1025,1025,1025,1025,1025,1025,1026,1026,1026,1026,1026,1026,1026,1026,1026,1027,1027,1027,1027,1027,1027,1027,1027,1028,1028,1028,1028,1028,1028,1028,1028,1028,1029,1029,1029,1029,1029,1029,1029,1029,1029,1030,1030,1030,1030,1030,1030,1030,1030,1030,1031,1031,1031,1031,1031,1031,1031,1031,1031,1032,1032,1032,1032,1032,1032,1032,1032,1033,1033,1033,1033,1033,1033,1033,1033,1033,1034,1034,1034,1034,1034,1034,1034,1034,1034,1035,1035,1035,1035,1035,1035,1035,1035,1035,1036,1036,1036,1036,1036,1036,1036,1036,1036,1037,1037,1037,1037,1037,1037,1037,1037,1038,1038,1038,1038,1038,1038,1038,1038,1038,1039,1039,1039,1039,1039,1039,1039,1039,1039,1040,1040,1040,1040,1040,1040,1040,1040,1040,1040,1039,1039,1039,1039,1039,1038,1038,1038,1038,1037,1037,1037,1036,1036,1036,1035,1035,1034,1034,1033,1033,1032,1032,1031,1031,1030,1030,1029,1029,1028,1028,1027,1027,1026,1025,1025,1024,1024,1023,1022,1022,1021,1021,1020,1020,1019,1018,1018,1017,1017,1016,1016,1015,1015,1014,1014,1013,1013,1012,1012,1011,1011,1010,1010,1010,1009,1009,1009,1008,1008,1008,1008,1007,1007,1007,1007,1007,1007,1006,1006,1006,1006,1006,1006,1006,1006,1006,1006,1006,1006,1006,1007,1007,1007,1007,1007,1007,1007,1007,1008,1008,1008,1008,1008,1008,1009,1009,1009,1009,1010,1010,1010,1010,1011,1011,1011,1011,1012,1012,1012,1013,1013,1013,1014,1014,1014,1014,1015,1015,1015,1016,1016,1016,1017,1017,1017,1018,1018,1018,1018,1019,1019,1019,1020,1020,1020,1020,1021,1021,1021,1021,1021,1022,1022,1022,1022,1022,1023,1023,1023,1023,1023,1023,1023,1024,1024,1024,1024,1024,1024,1024,1024,1024,1024,1024,1024,1024,1024,1024,1024,1024,1024,1024,1024,1024,1024,1024,1024,1024,1024,1024,1024,1024,1024,1024,1024,1024,1024,1024,1024,1024,1024,1024,1024,1024,1024,1024,1024,1024,1024,1024,1024,1024,1024,1024,1024,1024,1024,1025,1025,1025,1025,1025,1025,1026,1026,1026,1026,1026,1027,1027,1027,1027,1028,1028,1028,1028,1028,1029,1029,1029,1029,1030,1030,1030,1030,1030,1031,1031,1031,1031,1031,1031,1031,1031,1031,1031,1031,1032,1032,1032,1031,1031,1031,1031,1031,1031,1031,1031,1031,1031,1031,1030,1030,1030,1030,1030,1029,1029,1029,1029,1028,1028,1028,1028,1028,1027,1027,1027,1027,1026,1026,1026,1026,1026,1025,1025,1025,1025,1025,1025,1024,1024,1024,1024,1024,1024,1024,1024,1024,1024,1024,1024,1024,1024,1024,1024,1024,1024,1024,1024,1024,1024,1024,1024,1024,1024,1024,1024,1024,1024,1024,1024,1024,1024,1024,1024,1024,1024,1024,1024,1024,1024,1024,1024,1024,1024,1024,1024,1024,1024,1024,1024,1024,1024,1024,1024,1024,1024,1024,1025,1025,1025,1025,1025,1025,1025,1025,1025,1025,1026,1026,1026,1026,1026,1026,1026,1027,1027,1027,1030,1032,1035,1037,1040,1042,1045,1048,1050,1053,1055,1058,1061,1063,1066,1068,1071,1074,1079,1079,1060,1041,1022,1003,984,966,948,929,911,894,876,859,843,826,810,795,780,765,751,737,724,711,699,688,677,667,657,648,640,632,625,619,614,609,605,601,599,597,595,595,681,754,816,868,910,944,970,990,1004,1014,1020,1023,1024,1024,1024,1024,1024,1024,1025,1025,1025,1025,1025,1025,1025,1025,1025,1026,1026,1026,1026,1026,1026,1026,1026,1026,1027,1027,1027,1027,1027,1027,1027,1027,1028,1028,1028,1028,1028,1028,1028,1028,1028,1029,1029,1029,1029,1029,1029,1029,1029,1029,1030,1030,1030,1030,1030,1030,1030,1030,1030,1031,1031,1031,1031,1031,1031,1031,1031,1031,1032,1032,1032,1032,1032,1032,1032,1032,1033,1033,1033,1033,1033,1033,1033,1033,1033,1034,1034,1034,1034,1034,1034,1034,1034,1034,1035,1035,1035,1035,1035,1035,1035,1035,1035,1036,1036,1036,1036,1036,1036,1036,1036,1036,1037,1037,1037,1037,1037,1037,1037,1037,1038,1038,1038,1038,1038,1038,1038,1038,1038,1039,1039,1039,1039,1039,1039,1039,1039,1039,1040,1040,1040,1040,1040,1040,1040,1040,1040,1040,1039,1039,1039,1039,1039,1038,1038,1038,1038,1037,1037,1037,1036,1036,1036,1035,1035,1034,1034,1033,1033,1032,1032,1031,1031,1030,1030,1029,1029,1028,1028,1027,1027,1026,1025,1025,1024,1024,1023,1022,1022,1021,1021,1020,1020,1019,1018,1018,1017,1017,1016,1016,1015,1015,1014,1014,1013,1013,1012,1012,1011,1011,1010,1010,1010,1009,1009,1009,1008,1008,1008,1008,1007,1007,1007,1007,1007,1007,1006,1006,1006,1006,1006,1006,1006,1006,1006,1006,1006,1006,1006,1007,1007,1007,1007,1007,1007,1007,1007,1008,1008,1008,1008,1008,1008,1009,1009,1009,1009,1010,1010,1010,1010,1011,1011,1011,1011,1012,1012,1012,1013,1013,1013,1014,1014,1014,1014,1015,1015,1015,1016,1016,1016,1017,1017,1017,1018,1018,1018,1018,1019,1019,1019,1020,1020,1020,1020,1021,1021,1021,1021,1021,1022,1022,1022,1022,1022,1023,1023,1023,1023,1023,1023,1023,1024,1024,1024,1024,1024,1024,1024,1024,1024,1024,1024,1024,1024,1024,1024,1024,1024,1024,1024,1024,1024,1024,1024,1024,1024,1024,1024,1024,1024,1024,1024,1024,1024,1024,1024,1024,1024,1024,1024,1024,1024,1024,1024,1024,1024,1024,1024,1024,1025,1025,1025,1026,1027,1027,1028,1029,1030,1031,1032,1033,1034,1035,1036,1038,1039,1039,1040,1041,1042,1043,1043,1044,1044,1044,1045,1045,1045,1044,1044,1044,1043,1042,1042,1041,1040,1039,1037,1036,1035,1033,1032,1030,1029,1027,1026,1024,1022,1021,1019,1018,1016,1015,1013,1012,1011,1009,1008,1007,1006,1006,1005,1004,1004,1004,1003,1003,1003,1004,1004,1004,1005,1005,1006,1007,1008,1009,1009,1010,1012,1013,1014,1015,1016,1017,1018,1019,1020,1021,1021,1022,1023,1023,1023,1024,1024,1024,1024,1024,1024,1024,1024,1024,1024,1024,1024,1024,1024,1024,1024,1024,1024,1024,1024,1024,1024,1024,1024,1024,1024,1024,1024,1024,1024,1024,1024,1024,1024,1024,1024,1024,1024,1024,1024,1024,1024,1024,1024,1024,1024,1024,1024,1024,1024,1024,1024,1024,1025,1025,1025,1025,1025,1025,1025,1025,1025,1025,1026,1026,1026,1026,1027,1029,1031,1032,1035,1035,1037,1040,1042,1044,1046,1048,1050,1053,1055,1057,1059,1061,1064,1066,1068,1070,1072,1074,1079,1079,1060,1041,1022,1003,984,966,948,929,911,894,876,859,843,826,810,795,780,765,751,737,724,711,699,688,677,667,657,648,640,632,625,619,614,609,605,601,599,597,595,595,681,754,816,868,910,944,970,990,1004,1014,1020,1023,1024,1024,1024,1024,1024,1024,1025,1025,1025,1025,1025,1025,1025,1025,1025,1026,1026,1026,1026,1026,1026,1026,1026,1026,1027,1027,1027,1027,1027,1027,1027,1027,1028,1028,1028,1028,1028,1028,1028,1028,1028,1029,1029,1029,1029,1029,1029,1029,1029,1029,1030,1030,1030,1030,1030,1030,1030,1030,1030,1031,1031,1031,1031,1031,1031,1031,1031,1031,1032,1032,1032,1032,1032,1032,1032,1032,1033,1033,1033,1033,1033,1033,1033,1033,1033,1034,1034,1034,1034,1034,1034,1034,1034,1034,1035,1035,1035,1035,1035,1035,1035,1035,1035,1036,1036,1036,1036,1036,1036,1036,1036,1036,1037,1037,1037,1037,1037,1037,1037,1037,1038,1038,1038,1038,1038,1038,1038,1038,1038,1039,1039,1039,1039,1039,1039,1039,1039,1039,1040,1040,1040,1040,1040,1040,1040,1040,1040,1040,1039,1039,1039,1039,1039,1038,1038,1038,1038,1037,1037,1037,1036,1036,1036,1035,1035,1034,1034,1033,1033,1032,1032,1031,1031,1030,1030,1029,1029,1028,1028,1027,1027,1026,1025,1025,1024,1024,1023,1022,1022,1021,1021,1020,1020,1019,1018,1018,1017,1017,1016,1016,1015,1015,1014,1014,1013,1013,1012,1012,1011,1011,1010,1010,1010,1009,1009,1009,1008,1008,1008,1008,1007,1007,1007,1007,1007,1007,1006,1006,1006,1006,1006,1006,1006,1006,1006,1006,1006,1006,1006,1007,1007,1007,1007,1007,1007,1007,1007,1008,1008,1008,1008,1008,1008,1009,1009,1009,1009,1010,1010,1010,1010,1011,1011,1011,1011,1012,1012,1012,1013,1013,1013,1014,1014,1014,1014,1015,1015,1015,1016,1016,1016,1017,1017,1017,1018,1018,1018,1018,1019,1019,1019,1020,1020,1020,1020,1021,1021,1021,1021,1021,1022,1022,1022,1022,1022,1023,1023,1023,1023,1023,1023,1023,1024,1024,1024,1024,1024,1024,1024,1024,1024,1024,1024,1024,1024,1024,1024,1024,1024,1024,1024,1024,1024,1024,1024,1024,1024,1024,1024,1024,1024,1024,1024,1024,1024,1024,1024,1024,1024,1024,1024,1024,1024,1024,1024,1024,1024,1024,1024,1024,1023,1023,1022,1021,1020,1019,1018,1016,1015,1013,1011,1009,1007,1005,1003,1001,998,996,994,991,989,986,984,981,978,976,973,971,969,966,964,962,960,958,956,954,952,951,949,948,947,946,945,944,944,943,943,943,943,943,943,944,944,944,945,945,946,946,947,948,949,949,950,951,952,953,954,955,956,957,958,960,961,962,963,964,965,966,967,968,969,970,971,972,973,974,974,975,976,976,977,977,977,978,978,978,978,978,978,978,979,979,979,980,980,981,981,982,983,983,984,985,986,987,988,989,990,991,992,994,995,996,997,999,1000,1001,1002,1004,1005,1006,1007,1009,1010,1011,1012,1013,1014,1015,1016,1017,1018,1019,1020,1020,1021,1022,1022,1023,1023,1023,1024,1024,1024,1024,1024,1024,1024,1024,1024,1024,1025,1025,1025,1025,1025,1025,1025,1025,1025,1025,1025,1025,1026,1026,1026,1026,1026,1026,1026,1026,1026,1026,1026,1026,1026,1027,1027,1027,1027,1027,1027,1027,1027,1027,1027,1027,1027,1027,1027,1028,1028,1028,1028,1028,1028,1028,1028,1028,1028,1028,1028,1028,1028,1028,1028,1028,1029,1029,1029,1029,1029,1029,1029,1029,1029,1029,1029,1029,1029,1029,1029,1029,1029,1029,1029,1029,1029,1029,1029,1029,1029,1030,1030,1030,1030,1030,1030,1030,1030,1030,1030,1030,1030,1030,1030,1030,1030,1030,1030,1030,1030,1030,1030,1030,1030,1030,1030,1030,1030,1030,1030,1030,1030,1030,1030,1030,1029,1029,1029,1030,1030,1030,1031,1032,1033,1034,1035,1036,1037,1039,1040,1042,1044,1046,1048,1050,1052,1054,1056,1059,1061,1064,1066,1069,1071,1074,1079,1079,1053,1028,1003,978,953,928,904,881,858,835,814,793,772,753,735,717,701,685,671,657,645,634,624,616,609,603,598,595,592,592,614,635,655,674,693,711,729,746,762,777,792,807,820,834,846,858,870,881,891,901,911,920,929,937,945,952,959,965,971,977,982,987,992,996,1000,1004,1007,1010,1013,1015,1018,1020,1022,1023,1025,1026,1027,1028,1029,1030,1030,1031,1031,1031,1032,1032,1032,1032,1032,1032,1032,1031,1031,1031,1031,1030,1030,1030,1030,1029,1029,1029,1029,1029,1028,1028,1028,1028,1027,1027,1027,1027,1027,1026,1026,1026,1026,1025,1025,1025,1025,1024,1024,1024,1024,1024,1023,1023,1023,1023,1022,1022,1022,1022,1021,1021,1021,1021,1021,1020,1020,1020,1020,1019,1019,1019,1019,1018,1018,1018,1018,1018,1017,1017,1017,1017,1016,1016,1016,1016,1015,1015,1015,1015,1015,1014,1014,1014,1014,1013,1013,1013,1013,1013,1013,1013,1013,1013,1013,1013,1013,1013,1013,1013,1013,1013,1012,1012,1012,1012,1012,1012,1012,1012,1011,1011,1011,1011,1011,1011,1011,1010,1010,1010,1010,1010,1009,1009,1009,1009,1009,1009,1008,1008,1008,1008,1008,1007,1007,1007,1007,1007,1006,1006,1006,1006,1006,1006,1005,1005,1005,1005,1005,1005,1004,1004,1004,1004,1004,1004,1004,1004,1003,1003,1003,1003,1003,1003,1003,1003,1003,1003,1003,1003,1003,1003,1003,1002,1002,1002,1002,1002,1003,1003,1003,1003,1003,1003,1003,1003,1003,1003,1004,1004,1004,1004,1004,1005,1005,1005,1005,1005,1006,1006,1006,1007,1007,1007,1008,1008,1008,1009,1009,1009,1010,1010,1010,1011,1011,1011,1012,1012,1012,1013,1013,1014,1014,1014,1015,1015,1015,1016,1016,1017,1017,1017,1018,1018,1018,1019,1019,1019,1020,1020,1020,1020,1021,1021,1021,1021,1022,1022,1022,1022,1023,1023,1023,1023,1023,1023,1023,1024,1024,1024,1024,1024,1024,1024,1024

lead:V2
count:2460
points:1024,1024,1024,1024,1024,1025,1025,1025,1026,1026,1027,1028,1028,1029,1030,1030,1031,1032,1033,1034,1035,1036,1036,1037,1038,1039,1040,1041,1042,1043,1044,1045,1046,1047,1048,1048,1049,1050,1051,1051,1052,1052,1053,1053,1054,1054,1054,1054,1055,1055,1055,1055,1055,1054,1054,1054,1054,1053,1053,1052,1052,1051,1051,1050,1049,1048,1048,1047,1046,1045,1044,1043,1042,1041,1040,1039,1038,1037,1036,1036,1035,1034,1033,1032,1031,1030,1030,1029,1028,1028,1027,1026,1026,1025,1025,1025,1024,1024,1024,1024,1024,1024,1024,1024,1024,1024,1024,1024,1024,1024,1024,1024,1024,1024,1024,1024,1024,1024,1024,1024,1024,1024,1024,1024,1024,1024,1024,1024,1024,1024,1024,1024,1024,1024,1024,1024,1024,1024,1024,1024,1024,1024,1024,1024,1024,1024,1024,1024,1024,1024,1024,1024,1024,1024,1024,1024,1024,1024,1024,1024,1024,1024,1024,1024,1024,1025,1026,1027,1027,1029,1029,1029,1030,1030,1031,1033,1034,1036,1038,1041,1043,1046,1049,1053,1057,1061,1065,1070,1075,1085,1085,1069,1052,1035,1018,1002,985,969,953,937,921,905,890,875,861,847,833,819,806,794,781,770,758,748,737,728,719,710,702,695,688,682,676,672,667,664,661,658,657,655,655,729,792,845,890,926,955,978,995,1007,1015,1020,1023,1024,1024,1024,1024,1025,1025,1025,1025,1025,1025,1026,1026,1026,1026,1026,1027,1027,1027,1027,1027,1027,1028,1028,1028,1028,1028,1029,1029,1029,1029,1029,1029,1030,1030,1030,1030,1030,1031,1031,1031,1031,1031,1031,1032,1032,1032,1032,1032,1033,1033,1033,1033,1033,1034,1034,1034,1034,1034,1034,1035,1035,1035,1035,1035,1036,1036,1036,1036,1036,1036,1037,1037,1037,1037,1037,1038,1038,1038,1038,1038,1038,1039,1039,1039,1039,1039,1040,1040,1040,1040,1040,1040,1041,1041,1041,1041,1041,1042,1042,1042,1042,1042,1042,1043,1043,1043,1043,1043,1044,1044,1044,1044,1044,1044,1045,1045,1045,1045,1045,1046,1046,1046,1046,1046,1046,1047,1047,1047,1047,1047,1048,1048,1048,1048,1048,1049,1049,1049,1049,1049,1050,1050,1050,1050,1050,1050,1050,1050,1050,1051,1051,1051,1051,1052,1052,1053,1053,1053,1054,1054,1055,1056,1056,1057,1057,1058,1059,1059,1060,1061,1062,1062,1063,1064,1065,1066,1066,1067,1068,1069,1070,1071,1072,1073,1073,1074,1075,1076,1077,1078,1079,1080,1081,1081,1082,1083,1084,1085,1086,1086,1087,1088,1089,1090,1090,1091,1092,1092,1093,1094,1094,1095,1095,1096,1096,1097,1097,1098,1098,1099,1099,1099,1100,1100,1100,1100,1100,1101,1101,1101,1101,1101,1101,1101,1101,1100,1100,1100,1100,1099,1099,1098,1098,1097,1097,1096,1096,1095,1094,1093,1093,1092,1091,1090,1089,1088,1087,1086,1085,1084,1083,1082,1080,1079,1078,1077,1076,1074,1073,1072,1070,1069,1068,1066,1065,1064,1062,1061,1060,1058,1057,1056,1054,1053,1052,1051,1049,1048,1047,1046,1044,1043,1042,1041,1040,1039,1038,1037,1036,1035,1034,1033,1032,1031,1031,1030,1029,1028,1028,1027,1027,1026,1026,1025,1025,1025,1025,1024,1024,1024,1024,1024,1024,1024,1024,1024,1024,1024,1024,1024,1024,1024,1024,1024,1024,1024,1024,1024,1024,1024,1024,1024,1024,1024,1024,1024,1024,1024,1024,1024,1024,1024,1024,1024,1024,1024,1024,1024,1024,1024,1024,1024,1024,1024,1024,1025,1025,1025,1025,1025,1026,1026,1026,1026,1027,1027,1027,1028,1028,1028,1028,1029,1029,1029,1030,1030,1030,1031,1031,1031,1032,1032,1032,1032,1033,1033,1033,1033,1033,1034,1034,1034,1034,1034,1034,1034,1034,1034,1034,1034,1034,1034,1034,1034,1034,1034,1033,1033,1033,1033,1033,1032,1032,1032,1032,1031,1031,1031,1030,1030,1030,1029,1029,1029,1028,1028,1028,1028,1027,1027,1027,1026,1026,1026,1026,1025,1025,1025,1025,1025,1024,1024,1024,1024,1024,1024,1024,1024,1024,1024,1024,1024,1024,1024,1024,1024,1024,1024,1024,1024,1024,1024,1024,1024,1024,1024,1024,1024,1024,1024,1024,1024,1024,1024,1024,1024,1024,1024,1024,1024,1024,1024,1024,1024,1024,1024,1024,1024,1024,1024,1024,1024,1024,1024,1024,1024,1024,1024,1024,1024,1024,1024,1024,1024,1024,1024,1024,1024,1024,1024,1024,1024,1027,1029,1032,1034,1039,1039,1042,1044,1046,1049,1051,1053,1055,1058,1060,1062,1065,1067,1069,1072,1074,1076,1079,1081,1085,1085,1069,1052,1035,1018,1002,985,969,953,937,921,905,890,875,861,847,833,819,806,794,781,770,758,748,737,728,719,710,702,695,688,682,676,672,667,664,661,658,657,655,655,729,792,845,890,926,955,978,995,1007,1015,1020,1023,1024,1024,1024,1024,1025,1025,1025,1025,1025,1025,1026,1026,1026,1026,1026,1027,1027,1027,1027,1027,1027,1028,1028,1028,1028,1028,1029,1029,1029,1029,1029,1029,1030,1030,1030,1030,1030,1031,1031,1031,1031,1031,1031,1032,1032,1032,1032,1032,1033,1033,1033,1033,1033,1034,1034,1034,1034,1034,1034,1035,1035,1035,1035,1035,1036,1036,1036,1036,1036,1036,1037,1037,1037,1037,1037,1038,1038,1038,1038,1038,1038,1039,1039,1039,1039,1039,1040,1040,1040,1040,1040,1040,1041,1041,1041,1041,1041,1042,1042,1042,1042,1042,1042,1043,1043,1043,1043,1043,1044,1044,1044,1044,1044,1044,1045,1045,1045,1045,1045,1046,1046,1046,1046,1046,1046,1047,1047,1047,1047,1047,1048,1048,1048,1048,1048,1049,1049,1049,1049,1049,1050,1050,1050,1050,1050,1050,1050,1050,1050,1051,1051,1051,1051,1052,1052,1053,1053,1053,1054,1054,1055,1056,1056,1057,1057,1058,1059,1059,1060,1061,1062,1062,1063,1064,1065,1066,1066,1067,1068,1069,1070,1071,1072,1073,1073,1074,1075,1076,1077,1078,1079,1080,1081,1081,1082,1083,1084,1085,1086,1086,1087,1088,1089,1090,1090,1091,1092,1092,1093,1094,1094,1095,1095,1096,1096,1097,1097,1098,1098,1099,1099,1099,1100,1100,1100,1100,1100,1101,1101,1101,1101,1101,1101,1101,1101,1100,1100,1100,1100,1099,1099,1098,1098,1097,1097,1096,1096,1095,1094,1093,1093,1092,1091,1090,1089,1088,1087,1086,1085,1084,1083,1082,1080,1079,1078,1077,1076,1074,1073,1072,1070,1069,1068,1066,1065,1064,1062,1061,1060,1058,1057,1056,1054,1053,1052,1051,1049,1048,1047,1046,1044,1043,1042,1041,1040,1039,1038,1037,1036,1035,1034,1033,1032,1031,1031,1030,1029,1028,1028,1027,1027,1026,1026,1025,1025,1025,1025,1024,1024,1024,1024,1024,1024,1024,1024,1024,1024,1024,1024,1024,1024,1024,1024,1024,1024,1024,1024,1024,1024,1024,1024,1024,1024,1024,1024,1024,1024,1024,1024,1024,1024,1024,1024,1024,1024,1024,1024,1024,1024,1024,1025,1025,1026,1027,1028,1029,1030,1032,1033,1035,1036,1038,1039,1041,1043,1044,1046,1047,1048,1050,1051,1052,1053,1053,1054,1054,1055,1055,1055,1054,1054,1053,1052,1051,1050,1049,1047,1046,1044,1042,1040,1038,1036,1033,1031,1029,1026,1024,1022,1019,1017,1015,1012,1010,1008,1006,1004,1002,1001,999,998,997,996,995,994,994,993,993,993,994,994,995,995,996,997,998,1000,1001,1002,1004,1005,1007,1009,1010,1012,1013,1015,1016,1018,1019,1020,1021,1022,1023,1023,1024,1024,1024,1024,1024,1024,1024,1024,1024,1024,1024,1024,1024,1024,1024,1024,1024,1024,1024,1024,1024,1024,1024,1024,1024,1024,1024,1024,1024,1024,1024,1024,1024,1024,1024,1024,1024,1024,1024,1024,1024,1024,1024,1024,1024,1024,1024,1024,1024,1024,1024,1024,1024,1024,1024,1024,1024,1024,1024,1024,1024,1024,1024,1024,1024,1024,1024,1024,1024,1024,1024,1024,1024,1027,1030,1033,1036,1039,1042,1046,1049,1052,1055,1058,1061,1064,1067,1070,1073,1076,1079,1085,1085,1069,1052,1035,1018,1002,985,969,953,937,921,905,890,875,861,847,833,819,806,794,781,770,758,748,737,728,719,710,702,695,688,682,676,672,667,664,661,658,657,655,655,729,792,845,890,926,955,978,995,1007,1015,1020,1023,1024,1024,1024,1024,1025,1025,1025,1025,1025,1025,1026,1026,1026,1026,1026,1027,1027,1027,1027,1027,1027,1028,1028,1028,1028,1028,1029,1029,1029,1029,1029,1029,1030,1030,1030,1030,1030,1031,1031,1031,1031,1031,1031,1032,1032,1032,1032,1032,1033,1033,1033,1033,1033,1034,1034,1034,1034,1034,1034,1035,1035,1035,1035,1035,1036,1036,1036,1036,1036,1036,1037,1037,1037,1037,1037,1038,1038,1038,1038,1038,1038,1039,1039,1039,1039,1039,1040,1040,1040,1040,1040,1040,1041,1041,1041,1041,1041,1042,1042,1042,1042,1042,1042,1043,1043,1043,1043,1043,1044,1044,1044,1044,1044,1044,1045,1045,1045,1045,1045,1046,1046,1046,1046,1046,1046,1047,1047,1047,1047,1047,1048,1048,1048,1048,1048,1049,1049,1049,1049,1049,1050,1050,1050,1050,1050,1050,1050,1050,1050,1051,1051,1051,1051,1052,1052,1053,1053,1053,1054,1054,1055,1056,1056,1057,1057,1058,1059,1059,1060,1061,1062,1062,1063,1064,1065,1066,1066,1067,1068,1069,1070,1071,1072,1073,1073,1074,1075,1076,1077,1078,1079,1080,1081,1081,1082,1083,1084,1085,1086,1086,1087,1088,1089,1090,1090,1091,1092,1092,1093,1094,1094,1095,1095,1096,1096,1097,1097,1098,1098,1099,1099,1099,1100,1100,1100,1100,1100,1101,1101,1101,1101,1101,1101,1101,1101,1100,1100,1100,1100,1099,1099,1098,1098,1097,1097,1096,1096,1095,1094,1093,1093,1092,1091,1090,1089,1088,1087,1086,1085,1084,1083,1082,1080,1079,1078,1077,1076,1074,1073,1072,1070,1069,1068,1066,1065,1064,1062,1061,1060,1058,1057,1056,1054,1053,1052,1051,1049,1048,1047,1046,1044,1043,1042,1041,1040,1039,1038,1037,1036,1035,1034,1033,1032,1031,1031,1030,1029,1028,1028,1027,1027,1026,1026,1025,1025,1025,1025,1024,1024,1024,1024,1024,1024,1024,1024,1024,1024,1024,1024,1024,1024,1024,1024,1024,1024,1024,1024,1024,1024,1024,1024,1024,1024,1024,1024,1024,1024,1024,1024,1024,1024,1024,1024,1024,1024,1024,1024,1024,1024,1024,1024,1024,1025,1025,1025,1025,1026,1026,1026,1027,1027,1028,1028,1029,1029,1030,1030,1031,1032,1032,1033,1034,1034,1035,1036,1036,1037,1037,1038,1039,1039,1040,1040,1041,1041,1042,1042,1043,1043,1043,1044,1044,1044,1044,1044,1044,1044,1044,1044,1043,1043,1042,1042,1041,1041,1040,1040,1039,1039,1038,1038,1037,1037,1036,1036,1035,1035,1034,1034,1033,1033,1032,1032,1031,1031,1030,1030,1029,1029,1028,1028,1027,1027,1026,1026,1025,1025,1024,1023,1023,1022,1022,1021,1021,1020,1020,1019,1019,1019,1019,1019,1019,1019,1019,1019,1019,1019,1019,1019,1019,1020,1020,1020,1020,1020,1020,1020,1020,1020,1021,1021,1021,1021,1021,1021,1021,1022,1022,1022,1022,1022,1022,1022,1023,1023,1023,1023,1023,1023,1023,1023,1023,1024,1024,1024,1024,1024,1024,1024,1024,1024,1024,1024,1024,1024,1024,1024,1024,1024,1024,1024,1024,1024,1024,1024,1024,1024,1024,1024,1024,1024,1024,1024,1024,1024,1024,1024,1024,1024,1024,1024,1024,1024,1024,1024,1024,1024,1024,1024,1024,1024,1024,1024,1024,1024,1024,1024,1024,1024,1024,1024,1024,1024,1024,1024,1024,1024,1024,1024,1024,1024,1024,1024,1024,1024,1024,1024,1024,1024,1024,1024,1024,1024,1024,1024,1024,1024,1024,1024,1024,1024,1024,1024,1024,1024,1024,1024,1024,1024,1024,1024,1024,1024,1024,1024,1024,1024,1024,1024,1024,1024,1024,1024,1024,1024,1024,1024,1024,1024,1024,1024,1024,1024,1024,1024,1024,1024,1024,1024,1024,1024,1024,1024,1024,1024,1024,1024,1024,1024,1024,1025,1025,1026,1027,1028,1029,1031,1032,1034,1036,1038,1040,1042,1044,1047,1049,1052,1055,1058,1060,1063,1066,1070,1073,1076,1079,1085,1085,1063,1040,1018,996,974,953,931,911,890,870,851,833,815,798,781,766,751,737,725,713,702,693,684,676,670,665,661,658,655,655,673,691,708,724,740,755,770,784,798,811,823,835,847,858,868,879,888,898,906,915,923,930,938,944,951,957,963,968,973,978,982,987,990,994,997,1000,1003,1006,1008,1010,1012,1014,1016,1017,1018,1019,1020,1021,1022,1022,1023,1023,1023,1024,1024,1024,1024,1024,1024,1024,1024,1024,1024,1024,1024,1024,1024,1023,1023,1023,1023,1023,1023,1023,1023,1023,1023,1023,1023,1023,1023,1023,1023,1022,1022,1022,1022,1022,1022,1022,1022,1022,1022,1022,1022,1022,1022,1022,1022,1021,1021,1021,1021,1021,1021,1021,1021,1021,1021,1021,1021,1021,1021,1021,1020,1020,1020,1020,1020,1020,1020,1020,1020,1020,1020,1020,1020,1020,1020,1020,1019,1019,1019,1019,1019,1019,1019,1019,1019,1019,1019,1019,1019,1019,1020,1020,1020,1020,1021,1021,1022,1022,1023,1024,1024,1025,1026,1027,1028,1028,1029,1030,1031,1032,1034,1035,1036,1037,1038,1039,1041,1042,1043,1044,1046,1047,1049,1050,1051,1053,1054,1056,1057,1058,1060,1061,1063,1064,1066,1067,1068,1070,1071,1072,1074,1075,1076,1078,1079,1080,1082,1083,1084,1085,1086,1087,1088,1089,1090,1091,1092,1093,1094,1095,1095,1096,1097,1097,1098,1098,1099,1099,1100,1100,1100,1100,1101,1101,1101,1101,1101,1101,1101,1100,1100,1100,1100,1099,1099,1098,1098,1097,1097,1096,1096,1095,1094,1093,1093,1092,1091,1090,1089,1088,1087,1086,1085,1084,1083,1082,1080,1079,1078,1077,1076,1074,1073,1072,1070,1069,1068,1066,1065,1064,1062,1061,1060,1058,1057,1056,1054,1053,1052,1051,1049,1048,1047,1046,1044,1043,1042,1041,1040,1039,1038,1037,1036,1035,1034,1033,1032,1031,1031,1030,1029,1028,1028,1027,1027,1026,1026,1025,1025,1025,1025,1024,1024,1024,1024

lead:V3
count:2460
points:1024,1024,1024,1024,1024,1023,1023,1023,1022,1022,1022,1021,1021,1020,1019,1019,1018,1017,1017,1016,1015,1014,1014,1013,1012,1011,1010,1010,1009,1008,1007,1007,1006,1005,1004,1004,1003,1003,1002,1001,1001,1001,1000,1000,999,999,999,999,999,999,999,999,999,999,999,999,999,1000,1000,1001,1001,1001,1002,1003,1003,1004,1004,1005,1006,1007,1007,1008,1009,1010,1010,1011,1012,1013,1014,1014,1015,1016,1017,1017,1018,1019,1019,1020,1021,1021,1022,1022,1022,1023,1023,1023,1024,1024,1024,1024,1024,1024,1024,1024,1024,1024,1024,1024,1024,1024,1024,1024,1024,1024,1024,1024,1024,1024,1024,1024,1024,1024,1024,1024,1024,1024,1024,1024,1024,1023,1023,1023,1023,1023,1023,1023,1023,1023,1023,1023,1023,1023,1023,1023,1023,1023,1023,1023,1023,1023,1023,1023,1023,1023,1022,1022,1022,1022,1022,1022,1022,1022,1022,1022,1022,1020,1018,1016,1014,1009,1009,1011,1015,1021,1030,1042,1057,1074,1094,1116,1142,1169,1200,1233,1269,1307,1348,1392,1438,1539,1539,1515,1491,1467,1443,1420,1396,1373,1350,1328,1305,1283,1262,1241,1220,1200,1180,1161,1143,1125,1108,1091,1075,1060,1046,1032,1019,1007,996,985,976,967,959,952,946,941,937,934,931,929,929,948,964,978,989,999,1006,1012,1017,1020,1022,1023,1024,1024,1024,1024,1024,1025,1025,1025,1025,1026,1026,1026,1026,1026,1027,1027,1027,1027,1028,1028,1028,1028,1028,1029,1029,1029,1029,1030,1030,1030,1030,1031,1031,1031,1031,1031,1032,1032,1032,1032,1033,1033,1033,1033,1033,1034,1034,1034,1034,1035,1035,1035,1035,1035,1036,1036,1036,1036,1037,1037,1037,1037,1037,1038,1038,1038,1038,1039,1039,1039,1039,1040,1040,1040,1040,1040,1041,1041,1041,1041,1042,1042,1042,1042,1042,1043,1043,1043,1043,1044,1044,1044,1044,1044,1045,1045,1045,1045,1046,1046,1046,1046,1046,1047,1047,1047,1047,1048,1048,1048,1048,1048,1049,1049,1049,1049,1050,1050,1050,1050,1051,1051,1051,1051,1051,1052,1052,1052,1052,1053,1053,1053,1053,1053,1054,1054,1054,1054,1055,1055,1055,1055,1055,1055,1056,1056,1056,1056,1057,1057,1058,1058,1059,1060,1061,1062,1063,1064,1065,1066,1067,1069,1070,1071,1073,1074,1076,1077,1079,1081,1083,1084,1086,1088,1090,1092,1094,1096,1098,1100,1102,1104,1106,1109,1111,1113,1115,1117,1119,1121,1124,1126,1128,1130,1132,1134,1136,1138,1140,1142,1144,1146,1148,1150,1152,1153,1155,1157,1158,1160,1161,1163,1164,1166,1167,1168,1169,1171,1172,1173,1173,1174,1175,1176,1176,1177,1177,1178,1178,1178,1179,1179,1179,1179,1179,1178,1178,1178,1177,1177,1176,1175,1174,1173,1172,1171,1170,1168,1167,1166,1164,1162,1161,1159,1157,1155,1153,1151,1149,1147,1145,1142,1140,1138,1135,1133,1130,1128,1125,1123,1120,1117,1115,1112,1109,1107,1104,1101,1099,1096,1093,1091,1088,1085,1083,1080,1077,1075,1072,1070,1067,1065,1063,1060,1058,1056,1054,1052,1050,1048,1046,1044,1042,1040,1039,1037,1036,1034,1033,1032,1031,1030,1029,1028,1027,1026,1026,1025,1025,1024,1024,1024,1024,1024,1024,1024,1024,1024,1024,1024,1024,1024,1024,1024,1024,1024,1024,1024,1024,1024,1024,1024,1024,1024,1024,1024,1024,1024,1024,1024,1024,1024,1024,1024,1024,1024,1024,1024,1024,1024,1024,1024,1024,1024,1024,1025,1025,1025,1025,1025,1026,1026,1026,1026,1027,1027,1027,1028,1028,1028,1029,1029,1029,1030,1030,1030,1031,1031,1031,1032,1032,1032,1033,1033,1033,1034,1034,1034,1034,1035,1035,1035,1035,1035,1035,1035,1035,1035,1035,1035,1035,1035,1035,1035,1035,1035,1035,1035,1034,1034,1034,1034,1033,1033,1033,1032,1032,1032,1031,1031,1031,1030,1030,1030,1029,1029,1029,1028,1028,1028,1027,1027,1027,1026,1026,1026,1026,1025,1025,1025,1025,1025,1024,1024,1024,1024,1024,1024,1024,1024,1024,1024,1024,1024,1024,1024,1024,1024,1024,1024,1024,1024,1024,1024,1024,1024,1024,1024,1024,1024,1024,1024,1024,1024,1024,1024,1024,1024,1024,1024,1024,1024,1024,1024,1024,1024,1024,1024,1024,1024,1024,1024,1024,1024,1024,1024,1024,1024,1024,1023,1023,1023,1023,1023,1023,1023,1023,1023,1023,1022,1022,1022,1022,1022,1021,1020,1020,1019,1019,1045,1071,1097,1123,1149,1175,1201,1227,1253,1279,1305,1331,1357,1383,1409,1435,1461,1487,1539,1539,1515,1491,1467,1443,1420,1396,1373,1350,1328,1305,1283,1262,1241,1220,1200,1180,1161,1143,1125,1108,1091,1075,1060,1046,1032,1019,1007,996,985,976,967,959,952,946,941,937,934,931,929,929,948,964,978,989,999,1006,1012,1017,1020,1022,1023,1024,1024,1024,1024,1024,1025,1025,1025,1025,1026,1026,1026,1026,1026,1027,1027,1027,1027,1028,1028,1028,1028,1028,1029,1029,1029,1029,1030,1030,1030,1030,1031,1031,1031,1031,1031,1032,1032,1032,1032,1033,1033,1033,1033,1033,1034,1034,1034,1034,1035,1035,1035,1035,1035,1036,1036,1036,1036,1037,1037,1037,1037,1037,1038,1038,1038,1038,1039,1039,1039,1039,1040,1040,1040,1040,1040,1041,1041,1041,1041,1042,1042,1042,1042,1042,1043,1043,1043,1043,1044,1044,1044,1044,1044,1045,1045,1045,1045,1046,1046,1046,1046,1046,1047,1047,1047,1047,1048,1048,1048,1048,1048,1049,1049,1049,1049,1050,1050,1050,1050,1051,1051,1051,1051,1051,1052,1052,1052,1052,1053,1053,1053,1053,1053,1054,1054,1054,1054,1055,1055,1055,1055,1055,1055,1056,1056,1056,1056,1057,1057,1058,1058,1059,1060,1061,1062,1063,1064,1065,1066,1067,1069,1070,1071,1073,1074,1076,1077,1079,1081,1083,1084,1086,1088,1090,1092,1094,1096,1098,1100,1102,1104,1106,1109,1111,1113,1115,1117,1119,1121,1124,1126,1128,1130,1132,1134,1136,1138,1140,1142,1144,1146,1148,1150,1152,1153,1155,1157,1158,1160,1161,1163,1164,1166,1167,1168,1169,1171,1172,1173,1173,1174,1175,1176,1176,1177,1177,1178,1178,1178,1179,1179,1179,1179,1179,1178,1178,1178,1177,1177,1176,1175,1174,1173,1172,1171,1170,1168,1167,1166,1164,1162,1161,1159,1157,1155,1153,1151,1149,1147,1145,1142,1140,1138,1135,1133,1130,1128,1125,1123,1120,1117,1115,1112,1109,1107,1104,1101,1099,1096,1093,1091,1088,1085,1083,1080,1077,1075,1072,1070,1067,1065,1063,1060,1058,1056,1054,1052,1050,1048,1046,1044,1042,1040,1039,1037,1036,1034,1033,1032,1031,1030,1029,1028,1027,1026,1026,1025,1025,1024,1024,1024,1024,1024,1024,1024,1024,1024,1024,1024,1024,1024,1024,1024,1024,1024,1024,1024,1024,1024,1024,1024,1024,1024,1024,1024,1024,1024,1024,1024,1024,1024,1024,1024,1024,1024,1024,1024,1024,1024,1024,1025,1026,1026,1027,1029,1030,1031,1033,1035,1037,1038,1040,1042,1044,1046,1048,1049,1051,1053,1054,1056,1057,1058,1059,1059,1060,1060,1060,1060,1060,1059,1058,1057,1056,1055,1053,1052,1050,1048,1045,1043,1040,1038,1035,1032,1030,1027,1024,1021,1018,1016,1013,1010,1008,1005,1003,1000,998,996,995,993,992,991,990,989,988,988,988,988,988,989,989,990,991,992,994,995,997,999,1000,1002,1004,1006,1008,1010,1011,1013,1015,1017,1018,1019,1021,1022,1022,1023,1024,1024,1024,1024,1024,1024,1024,1024,1024,1024,1024,1024,1024,1024,1024,1024,1024,1024,1024,1024,1024,1024,1024,1024,1024,1024,1024,1024,1024,1024,1024,1024,1024,1024,1024,1024,1024,1024,1024,1024,1024,1024,1024,1024,1024,1024,1024,1024,1024,1024,1024,1024,1024,1023,1023,1023,1023,1023,1023,1023,1023,1023,1023,1022,1022,1022,1022,1019,1016,1012,1009,1003,1003,1029,1056,1083,1110,1137,1163,1190,1217,1244,1271,1297,1324,1351,1378,1405,1431,1458,1485,1539,1539,1515,1491,1467,1443,1420,1396,1373,1350,1328,1305,1283,1262,1241,1220,1200,1180,1161,1143,1125,1108,1091,1075,1060,1046,1032,1019,1007,996,985,976,967,959,952,946,941,937,934,931,929,929,948,964,978,989,999,1006,1012,1017,1020,1022,1023,1024,1024,1024,1024,1024,1025,1025,1025,1025,1026,1026,1026,1026,1026,1027,1027,1027,1027,1028,1028,1028,1028,1028,1029,1029,1029,1029,1030,1030,1030,1030,1031,1031,1031,1031,1031,1032,1032,1032,1032,1033,1033,1033,1033,1033,1034,1034,1034,1034,1035,1035,1035,1035,1035,1036,1036,1036,1036,1037,1037,1037,1037,1037,1038,1038,1038,1038,1039,1039,1039,1039,1040,1040,1040,1040,1040,1041,1041,1041,1041,1042,1042,1042,1042,1042,1043,1043,1043,1043,1044,1044,1044,1044,1044,1045,1045,1045,1045,1046,1046,1046,1046,1046,1047,1047,1047,1047,1048,1048,1048,1048,1048,1049,1049,1049,1049,1050,1050,1050,1050,1051,1051,1051,1051,1051,1052,1052,1052,1052,1053,1053,1053,1053,1053,1054,1054,1054,1054,1055,1055,1055,1055,1055,1055,1056,1056,1056,1056,1057,1057,1058,1058,1059,1060,1061,1062,1063,1064,1065,1066,1067,1069,1070,1071,1073,1074,1076,1077,1079,1081,1083,1084,1086,1088,1090,1092,1094,1096,1098,1100,1102,1104,1106,1109,1111,1113,1115,1117,1119,1121,1124,1126,1128,1130,1132,1134,1136,1138,1140,1142,1144,1146,1148,1150,1152,1153,1155,1157,1158,1160,1161,1163,1164,1166,1167,1168,1169,1171,1172,1173,1173,1174,1175,1176,1176,1177,1177,1178,1178,1178,1179,1179,1179,1179,1179,1178,1178,1178,1177,1177,1176,1175,1174,1173,1172,1171,1170,1168,1167,1166,1164,1162,1161,1159,1157,1155,1153,1151,1149,1147,1145,1142,1140,1138,1135,1133,1130,1128,1125,1123,1120,1117,1115,1112,1109,1107,1104,1101,1099,1096,1093,1091,1088,1085,1083,1080,1077,1075,1072,1070,1067,1065,1063,1060,1058,1056,1054,1052,1050,1048,1046,1044,1042,1040,1039,1037,1036,1034,1033,1032,1031,1030,1029,1028,1027,1026,1026,1025,1025,1024,1024,1024,1024,1024,1024,1024,1024,1024,1024,1024,1024,1024,1024,1024,1024,1024,1024,1024,1024,1024,1024,1024,1024,1024,1024,1024,1024,1024,1024,1024,1024,1024,1024,1024,1024,1024,1024,1024,1024,1024,1024,1024,1024,1025,1025,1025,1026,1026,1027,1027,1028,1028,1029,1030,1030,1031,1032,1032,1033,1034,1035,1036,1037,1037,1038,1039,1040,1041,1041,1042,1043,1044,1045,1045,1046,1047,1047,1048,1048,1049,1049,1049,1050,1050,1050,1050,1051,1051,1051,1050,1049,1049,1048,1048,1047,1046,1046,1045,1044,1044,1043,1043,1042,1041,1041,1040,1039,1039,1038,1038,1037,1036,1036,1035,1034,1034,1033,1032,1032,1031,1031,1030,1029,1029,1028,1027,1027,1026,1026,1025,1024,1024,1023,1022,1022,1021,1021,1020,1019,1019,1019,1019,1019,1019,1019,1019,1019,1020,1020,1020,1020,1020,1020,1020,1020,1020,1020,1020,1021,1021,1021,1021,1021,1021,1021,1021,1022,1022,1022,1022,1022,1022,1022,1023,1023,1023,1023,1023,1023,1023,1023,1023,1023,1024,1024,1024,1024,1024,1024,1024,1024,1024,1024,1024,1024,1024,1024,1024,1024,1024,1024,1023,1023,1023,1023,1023,1023,1023,1023,1023,1023,1023,1023,1022,1022,1022,1022,1022,1022,1022,1022,1022,1022,1022,1022,1022,1021,1021,1021,1021,1021,1021,1021,1021,1021,1021,1021,1021,1021,1021,1020,1020,1020,1020,1020,1020,1020,1020,1020,1020,1020,1020,1020,1020,1020,1020,1020,1019,1019,1019,1019,1019,1019,1019,1019,1019,1019,1019,1019,1019,1019,1019,1019,1019,1019,1019,1019,1019,1019,1019,1019,1019,1018,1018,1018,1018,1018,1018,1018,1018,1018,1018,1018,1018,1018,1018,1018,1018,1018,1018,1018,1018,1018,1018,1018,1018,1018,1018,1018,1018,1018,1018,1018,1017,1016,1015,1013,1011,1008,1009,1011,1015,1020,1026,1034,1044,1054,1066,1079,1094,1110,1127,1145,1164,1184,1205,1227,1250,1273,1298,1323,1349,1375,1401,1428,1456,1483,1539,1539,1518,1498,1477,1457,1437,1416,1396,1376,1355,1335,1315,1294,1274,1253,1233,1213,1192,1172,1152,1131,1111,1090,1070,1050,1029,1009,989,968,928,928,931,935,939,942,946,949,952,955,958,961,963,966,968,971,973,975,977,979,981,983,984,986,988,989,990,992,993,994,995,996,997,998,999,1000,1000,1001,1002,1002,1003,1003,1003,1004,1004,1004,1005,1005,1005,1005,1005,1006,1006,1006,1006,1006,1006,1006,1006,1006,1006,1006,1006,1006,1007,1007,1007,1007,1008,1008,1008,1008,1009,1009,1009,1009,1010,1010,1010,1010,1011,1011,1011,1011,1011,1012,1012,1012,1012,1013,1013,1013,1013,1014,1014,1014,1014,1015,1015,1015,1015,1016,1016,1016,1016,1016,1017,1017,1017,1017,1018,1018,1018,1018,1019,1019,1019,1019,1020,1020,1020,1020,1021,1021,1021,1021,1022,1022,1022,1022,1022,1023,1023,1023,1023,1024,1024,1024,1024,1025,1025,1025,1025,1025,1025,1026,1026,1026,1027,1027,1028,1028,1029,1029,1030,1031,1032,1033,1034,1035,1036,1037,1038,1039,1041,1042,1043,1045,1046,1047,1049,1050,1052,1053,1055,1057,1058,1060,1062,1063,1065,1067,1069,1070,1072,1074,1076,1077,1079,1081,1083,1084,1086,1088,1090,1091,1093,1095,1096,1098,1099,1101,1102,1104,1105,1107,1108,1109,1111,1112,1113,1114,1115,1117,1118,1118,1119,1120,1121,1122,1122,1123,1124,1124,1125,1125,1125,1126,1126,1126,1126,1126,1126,1126,1126,1126,1125,1125,1125,1124,1124,1123,1122,1122,1121,1120,1119,1118,1117,1116,1115,1114,1113,1112,1111,1109,1108,1107,1105,1104,1102,1101,1099,1097,1096,1094,1093,1091,1089,1087,1086,1084,1082,1080,1079,1077,1075,1073,1072,1070,1068,1066,1064,1063,1061,1059,1058,1056,1054,1053,1051,1050,1048,1047,1045,1044,1042,1041,1040,1038,1037,1036,1035,1034,1033,1032,1031,1030,1029,1028,1028,1027,1027,1026,1026,1025,1025,1024,1024,1024,1024

lead:V4
count:2460
points:1024,1024,1024,1024,1024,1024,1023,1023,1023,1023,1022,1022,1021,1021,1021,1020,1020,1019,1019,1018,1018,1017,1016,1016,1015,1015,1014,1014,1013,1012,1012,1011,1011,1010,1010,1009,1009,1008,1008,1008,1007,1007,1007,1006,1006,1006,1006,1006,1006,1006,1005,1006,1006,1006,1006,1006,1006,1006,1007,1007,1007,1008,1008,1008,1009,1009,1010,1010,1011,1011,1012,1012,1013,1014,1014,1015,1015,1016,1016,1017,1018,1018,1019,1019,1020,1020,1021,1021,1021,1022,1022,1023,1023,1023,1023,1024,1024,1024,1024,1024,1024,1024,1024,1024,1024,1024,1024,1024,1024,1024,1024,1024,1024,1024,1024,1024,1024,1024,1024,1024,1024,1024,1024,1023,1023,1023,1023,1023,1023,1023,1023,1023,1023,1023,1023,1023,1022,1022,1022,1022,1022,1022,1022,1022,1022,1022,1022,1022,1022,1022,1021,1021,1021,1021,1021,1021,1021,1021,1021,1021,1021,1021,1021,1020,1020,1016,1011,1006,1001,991,991,993,997,1005,1015,1029,1045,1064,1087,1112,1141,1172,1206,1244,1284,1327,1373,1423,1475,1588,1588,1563,1538,1513,1488,1463,1438,1414,1390,1366,1343,1319,1297,1275,1253,1232,1211,1191,1171,1152,1134,1117,1100,1084,1069,1054,1041,1028,1016,1005,995,986,977,970,964,958,954,950,948,946,946,954,962,968,973,977,980,983,985,986,987,988,988,988,988,989,989,990,990,991,991,992,992,993,993,994,994,995,995,995,996,996,997,997,998,998,999,999,1000,1000,1001,1001,1002,1002,1003,1003,1004,1004,1005,1005,1006,1006,1007,1007,1008,1008,1009,1009,1010,1010,1011,1011,1012,1012,1013,1013,1014,1014,1015,1015,1016,1016,1016,1017,1017,1018,1018,1019,1019,1020,1020,1021,1021,1022,1022,1023,1023,1024,1024,1025,1025,1026,1026,1027,1027,1028,1028,1029,1029,1030,1030,1031,1031,1032,1032,1033,1033,1034,1034,1035,1035,1036,1036,1037,1037,1038,1038,1038,1039,1039,1040,1040,1041,1041,1042,1042,1043,1043,1044,1044,1045,1045,1046,1046,1047,1047,1048,1048,1049,1049,1050,1050,1051,1051,1052,1052,1053,1053,1054,1054,1055,1055,1056,1057,1057,1057,1057,1057,1057,1057,1058,1058,1058,1059,1059,1060,1061,1061,1062,1063,1064,1065,1066,1067,1068,1069,1070,1071,1073,1074,1075,1076,1078,1079,1081,1082,1084,1085,1087,1088,1090,1091,1093,1095,1096,1098,1100,1101,1103,1105,1106,1108,1110,1111,1113,1115,1116,1118,1120,1121,1123,1124,1126,1127,1129,1130,1132,1133,1134,1136,1137,1138,1139,1141,1142,1143,1144,1145,1146,1146,1147,1148,1149,1149,1150,1151,1151,1151,1152,1152,1152,1153,1153,1153,1153,1153,1153,1153,1152,1152,1152,1151,1150,1150,1149,1148,1147,1146,1145,1144,1143,1142,1141,1139,1138,1136,1135,1133,1132,1130,1128,1126,1125,1123,1121,1119,1117,1115,1113,1111,1108,1106,1104,1102,1100,1097,1095,1093,1091,1088,1086,1084,1082,1079,1077,1075,1073,1071,1069,1066,1064,1062,1060,1058,1056,1054,1052,1051,1049,1047,1045,1044,1042,1041,1039,1038,1036,1035,1034,1033,1032,1031,1030,1029,1028,1027,1026,1026,1025,1025,1025,1024,1024,1024,1024,1024,1024,1024,1024,1024,1024,1024,1024,1024,1024,1024,1024,1024,1024,1024,1024,1024,1024,1024,1024,1024,1024,1024,1024,1024,1024,1024,1024,1024,1024,1024,1024,1024,1024,1024,1024,1024,1024,1024,1024,1024,1024,1025,1025,1025,1025,1025,1025,1026,1026,1026,1027,1027,1027,1027,1028,1028,1028,1029,1029,1029,1030,1030,1030,1031,1031,1031,1032,1032,1032,1033,1033,1033,1033,1034,1034,1034,1034,1034,1034,1035,1035,1035,1035,1035,1035,1035,1035,1035,1035,1035,1034,1034,1034,1034,1034,1034,1033,1033,1033,1033,1032,1032,1032,1031,1031,1031,1030,1030,1030,1029,1029,1029,1028,1028,1028,1027,1027,1027,1027,1026,1026,1026,1025,1025,1025,1025,1025,1025,1024,1024,1024,1024,1024,1024,1024,1024,1024,1024,1024,1024,1024,1024,1024,1024,1024,1024,1024,1024,1024,1024,1024,1024,1024,1024,1024,1024,1024,1024,1024,1024,1024,1024,1024,1024,1024,1024,1024,1024,1024,1024,1024,1024,1024,1024,1024,1024,1024,1024,1024,1024,1023,1023,1023,1023,1023,1023,1023,1023,1023,1022,1022,1022,1022,1022,1021,1021,1021,1021,1020,1017,1013,1009,1006,998,998,1028,1057,1087,1116,1146,1175,1205,1234,1264,1293,1323,1352,1382,1411,1441,1470,1500,1529,1588,1588,1563,1538,1513,1488,1463,1438,1414,1390,1366,1343,1319,1297,1275,1253,1232,1211,1191,1171,1152,1134,1117,1100,1084,1069,1054,1041,1028,1016,1005,995,986,977,970,964,958,954,950,948,946,946,958,969,978,986,992,997,1001,1004,1006,1007,1008,1008,1009,1009,1009,1009,1010,1010,1010,1011,1011,1011,1012,1012,1012,1013,1013,1013,1014,1014,1014,1015,1015,1015,1016,1016,1017,1017,1017,1018,1018,1018,1019,1019,1019,1020,1020,1020,1021,1021,1021,1022,1022,1022,1023,1023,1023,1024,1024,1024,1025,1025,1025,1026,1026,1026,1027,1027,1027,1028,1028,1028,1029,1029,1030,1030,1030,1031,1031,1031,1032,1032,1032,1033,1033,1033,1034,1034,1034,1035,1035,1035,1036,1036,1036,1037,1037,1037,1038,1038,1038,1039,1039,1039,1040,1040,1040,1041,1041,1042,1042,1042,1043,1043,1043,1044,1044,1044,1045,1045,1045,1046,1046,1046,1047,1047,1047,1048,1048,1048,1049,1049,1049,1050,1050,1050,1051,1051,1051,1052,1052,1052,1053,1053,1053,1054,1054,1055,1055,1055,1056,1056,1057,1057,1057,1057,1057,1057,1057,1058,1058,1058,1059,1059,1060,1061,1061,1062,1063,1064,1065,1066,1067,1068,1069,1070,1071,1073,1074,1075,1076,1078,1079,1081,1082,1084,1085,1087,1088,1090,1091,1093,1095,1096,1098,1100,1101,1103,1105,1106,1108,1110,1111,1113,1115,1116,1118,1120,1121,1123,1124,1126,1127,1129,1130,1132,1133,1134,1136,1137,1138,1139,1141,1142,1143,1144,1145,1146,1146,1147,1148,1149,1149,1150,1151,1151,1151,1152,1152,1152,1153,1153,1153,1153,1153,1153,1153,1152,1152,1152,1151,1150,1150,1149,1148,1147,1146,1145,1144,1143,1142,1141,1139,1138,1136,1135,1133,1132,1130,1128,1126,1125,1123,1121,1119,1117,1115,1113,1111,1108,1106,1104,1102,1100,1097,1095,1093,1091,1088,1086,1084,1082,1079,1077,1075,1073,1071,1069,1066,1064,1062,1060,1058,1056,1054,1052,1051,1049,1047,1045,1044,1042,1041,1039,1038,1036,1035,1034,1033,1032,1031,1030,1029,1028,1027,1026,1026,1025,1025,1025,1024,1024,1024,1024,1024,1024,1024,1024,1024,1024,1024,1024,1024,1024,1024,1024,1024,1024,1024,1024,1024,1024,1024,1024,1024,1024,1024,1024,1024,1024,1024,1024,1024,1024,1024,1024,1024,1024,1024,1024,1024,1024,1025,1025,1025,1026,1027,1027,1028,1029,1030,1031,1032,1033,1034,1035,1037,1038,1039,1040,1041,1041,1042,1043,1043,1044,1044,1045,1045,1045,1045,1044,1044,1043,1043,1042,1041,1039,1038,1036,1035,1033,1031,1029,1027,1025,1023,1021,1019,1016,1014,1012,1010,1008,1005,1003,1001,1000,998,996,995,993,992,991,990,989,989,988,988,988,988,988,989,989,990,991,992,994,995,997,999,1000,1002,1004,1006,1008,1010,1012,1013,1015,1017,1018,1019,1021,1022,1022,1023,1024,1024,1024,1024,1024,1024,1024,1024,1024,1024,1024,1024,1024,1024,1024,1024,1024,1024,1024,1024,1024,1024,1024,1024,1024,1024,1024,1024,1024,1024,1024,1024,1024,1024,1024,1024,1024,1024,1024,1024,1024,1024,1024,1024,1024,1024,1024,1024,1023,1023,1023,1023,1023,1023,1023,1023,1023,1022,1022,1022,1022,1022,1021,1021,1021,1021,1020,1014,1008,1002,996,984,984,1014,1044,1075,1105,1135,1165,1196,1226,1256,1286,1316,1347,1377,1407,1437,1468,1498,1528,1588,1588,1563,1538,1513,1488,1463,1438,1414,1390,1366,1343,1319,1297,1275,1253,1232,1211,1191,1171,1152,1134,1117,1100,1084,1069,1054,1041,1028,1016,1005,995,986,977,970,964,958,954,950,948,946,946,957,967,976,983,988,993,996,999,1001,1002,1003,1003,1003,1004,1004,1004,1005,1005,1005,1006,1006,1007,1007,1007,1008,1008,1008,1009,1009,1010,1010,1010,1011,1011,1011,1012,1012,1013,1013,1013,1014,1014,1015,1015,1015,1016,1016,1016,1017,1017,1018,1018,1018,1019,1019,1019,1020,1020,1021,1021,1021,1022,1022,1022,1023,1023,1024,1024,1024,1025,1025,1025,1026,1026,1027,1027,1027,1028,1028,1029,1029,1029,1030,1030,1030,1031,1031,1032,1032,1032,1033,1033,1033,1034,1034,1035,1035,1035,1036,1036,1036,1037,1037,1038,1038,1038,1039,1039,1040,1040,1040,1041,1041,1041,1042,1042,1043,1043,1043,1044,1044,1044,1045,1045,1046,1046,1046,1047,1047,1047,1048,1048,1049,1049,1049,1050,1050,1051,1051,1051,1052,1052,1052,1053,1053,1054,1054,1054,1055,1055,1055,1056,1057,1057,1057,1057,1057,1057,1057,1058,1058,1058,1059,1059,1060,1061,1061,1062,1063,1064,1065,1066,1067,1068,1069,1070,1071,1073,1074,1075,1076,1078,1079,1081,1082,1084,1085,1087,1088,1090,1091,1093,1095,1096,1098,1100,1101,1103,1105,1106,1108,1110,1111,1113,1115,1116,1118,1120,1121,1123,1124,1126,1127,1129,1130,1132,1133,1134,1136,1137,1138,1139,1141,1142,1143,1144,1145,1146,1146,1147,1148,1149,1149,1150,1151,1151,1151,1152,1152,1152,1153,1153,1153,1153,1153,1153,1153,1152,1152,1152,1151,1150,1150,1149,1148,1147,1146,1145,1144,1143,1142,1141,1139,1138,1136,1135,1133,1132,1130,1128,1126,1125,1123,1121,1119,1117,1115,1113,1111,1108,1106,1104,1102,1100,1097,1095,1093,1091,1088,1086,1084,1082,1079,1077,1075,1073,1071,1069,1066,1064,1062,1060,1058,1056,1054,1052,1051,1049,1047,1045,1044,1042,1041,1039,1038,1036,1035,1034,1033,1032,1031,1030,1029,1028,1027,1026,1026,1025,1025,1025,1024,1024,1024,1024,1024,1024,1024,1024,1024,1024,1024,1024,1024,1024,1024,1024,1024,1024,1024,1024,1024,1024,1024,1024,1024,1024,1024,1024,1024,1024,1024,1024,1024,1024,1024,1024,1024,1024,1024,1024,1024,1024,1024,1025,1025,1025,1026,1026,1027,1028,1028,1029,1030,1031,1032,1033,1034,1035,1036,1038,1039,1040,1041,1042,1044,1045,1046,1047,1048,1050,1051,1052,1053,1054,1055,1056,1057,1058,1059,1059,1060,1061,1061,1062,1062,1063,1063,1063,1063,1063,1063,1063,1063,1063,1062,1062,1061,1061,1060,1059,1058,1057,1056,1055,1054,1053,1052,1051,1050,1048,1047,1046,1044,1043,1042,1040,1039,1038,1036,1035,1034,1033,1031,1030,1029,1028,1027,1026,1025,1024,1024,1023,1022,1022,1021,1021,1021,1021,1020,1020,1020,1020,1020,1020,1020,1020,1021,1021,1021,1021,1021,1021,1021,1021,1021,1021,1021,1021,1021,1021,1022,1022,1022,1022,1022,1022,1022,1022,1022,1022,1022,1023,1023,1023,1023,1023,1023,1023,1023,1023,1023,1023,1024,1024,1024,1024,1024,1024,1024,1024,1024,1024,1024,1024,1024,1024,1024,1024,1024,1023,1023,1023,1023,1023,1023,1022,1022,1022,1022,1022,1022,1022,1021,1021,1021,1021,1021,1021,1021,1020,1020,1020,1020,1020,1020,1020,1019,1019,1019,1019,1019,1019,1019,1018,1018,1018,1018,1018,1018,1018,1018,1017,1017,1017,1017,1017,1017,1017,1017,1017,1016,1016,1016,1016,1016,1016,1016,1016,1016,1015,1015,1015,1015,1015,1015,1015,1015,1015,1015,1015,1015,1014,1014,1014,1014,1014,1014,1014,1014,1014,1014,1014,1014,1014,1014,1014,1014,1014,1013,1013,1013,1013,1013,1013,1013,1013,1013,1013,1013,1013,1013,1013,1013,1013,1013,1013,1013,1013,1013,1013,1013,1013,1013,1012,1011,1010,1007,1004,1000,995,996,998,1002,1008,1015,1024,1034,1046,1060,1074,1091,1108,1127,1147,1169,1191,1215,1240,1265,1292,1319,1347,1376,1405,1435,1465,1496,1526,1588,1588,1555,1521,1488,1455,1422,1390,1358,1327,1297,1267,1238,1211,1184,1158,1134,1111,1089,1069,1050,1032,1016,1001,989,977,968,960,954,949,946,946,949,951,954,957,959,962,964,966,968,970,972,974,976,978,980,981,983,984,986,987,988,989,991,992,993,994,995,995,996,997,998,998,999,1000,1000,1001,1001,1001,1002,1002,1002,1003,1003,1003,1003,1004,1004,1004,1004,1004,1004,1004,1004,1004,1004,1004,1004,1004,1004,1004,1005,1005,1005,1006,1006,1006,1007,1007,1007,1008,1008,1008,1009,1009,1009,1010,1010,1010,1011,1011,1011,1012,1012,1012,1013,1013,1013,1014,1014,1014,1015,1015,1015,1016,1016,1016,1017,1017,1017,1018,1018,1018,1019,1019,1020,1020,1020,1021,1021,1021,1022,1022,1022,1023,1023,1023,1024,1024,1024,1025,1025,1025,1026,1026,1026,1027,1027,1027,1028,1028,1028,1029,1029,1029,1030,1030,1030,1031,1031,1031,1031,1031,1032,1032,1032,1033,1033,1034,1034,1035,1036,1037,1038,1039,1040,1041,1042,1043,1045,1046,1047,1049,1050,1052,1054,1055,1057,1059,1061,1063,1065,1067,1069,1071,1073,1075,1077,1079,1081,1083,1085,1087,1090,1092,1094,1096,1098,1101,1103,1105,1107,1109,1111,1113,1115,1117,1120,1121,1123,1125,1127,1129,1131,1133,1134,1136,1138,1139,1141,1142,1143,1145,1146,1147,1148,1149,1150,1151,1152,1153,1154,1154,1155,1155,1156,1156,1156,1157,1157,1157,1157,1157,1156,1156,1156,1155,1155,1154,1153,1153,1152,1151,1150,1149,1148,1147,1145,1144,1143,1141,1140,1138,1136,1135,1133,1131,1129,1127,1126,1124,1122,1119,1117,1115,1113,1111,1109,1106,1104,1102,1100,1097,1095,1093,1090,1088,1086,1083,1081,1079,1077,1074,1072,1070,1068,1065,1063,1061,1059,1057,1055,1053,1051,1050,1048,1046,1044,1043,1041,1040,1038,1037,1035,1034,1033,1032,1031,1030,1029,1028,1027,1027,1026,1025,1025,1025,1024,1024,1024

lead:V5
count:2460
points:1024,1024,1024,1024,1024,1024,1024,1024,1024,1023,1023,1023,1023,1023,1023,1023,1022,1022,1022,1022,1021,1021,1021,1021,1021,1020,1020,1020,1020,1019,1019,1019,1019,1019,1018,1018,1018,1018,1018,1018,1017,1017,1017,1017,1017,1017,1017,1017,1017,1017,1017,1017,1017,1017,1017,1017,1017,1017,1017,1017,1017,1018,1018,1018,1018,1018,1018,1019,1019,1019,1019,1019,1020,1020,1020,1020,1021,1021,1021,1021,1021,1022,1022,1022,1022,1023,1023,1023,1023,1023,1023,1023,1024,1024,1024,1024,1024,1024,1024,1024,1024,1024,1024,1024,1024,1024,1024,1024,1024,1024,1024,1024,1024,1024,1024,1024,1024,1024,1024,1024,1024,1024,1023,1023,1023,1023,1023,1023,1023,1023,1023,1023,1022,1022,1022,1022,1022,1022,1022,1022,1022,1022,1021,1021,1021,1021,1021,1021,1021,1021,1021,1021,1020,1020,1020,1020,1020,1020,1020,1020,1020,1020,1019,1019,1019,1014,1009,1004,999,989,989,990,994,1000,1009,1020,1034,1050,1069,1090,1114,1140,1168,1200,1233,1269,1308,1349,1393,1488,1488,1468,1449,1429,1410,1390,1371,1352,1333,1315,1296,1278,1261,1243,1227,1210,1194,1178,1163,1148,1134,1121,1108,1095,1083,1072,1062,1052,1042,1034,1026,1019,1012,1007,1002,997,994,991,989,988,988,995,1001,1006,1011,1014,1017,1019,1021,1022,1023,1024,1024,1024,1024,1024,1024,1025,1025,1025,1025,1025,1026,1026,1026,1026,1026,1027,1027,1027,1027,1027,1028,1028,1028,1028,1029,1029,1029,1029,1029,1030,1030,1030,1030,1030,1031,1031,1031,1031,1031,1032,1032,1032,1032,1032,1033,1033,1033,1033,1033,1034,1034,1034,1034,1034,1035,1035,1035,1035,1035,1036,1036,1036,1036,1037,1037,1037,1037,1037,1038,1038,1038,1038,1038,1039,1039,1039,1039,1039,1040,1040,1040,1040,1040,1041,1041,1041,1041,1041,1042,1042,1042,1042,1042,1043,1043,1043,1043,1043,1044,1044,1044,1044,1044,1045,1045,1045,1045,1046,1046,1046,1046,1046,1047,1047,1047,1047,1047,1048,1048,1048,1048,1048,1049,1049,1049,1049,1049,1050,1050,1050,1050,1050,1051,1051,1051,1051,1051,1052,1052,1052,1052,1053,1053,1053,1053,1053,1053,1053,1054,1054,1054,1055,1055,1056,1057,1057,1058,1059,1059,1060,1061,1062,1063,1064,1065,1066,1067,1069,1070,1071,1072,1074,1075,1076,1078,1079,1081,1082,1084,1085,1087,1088,1090,1091,1093,1094,1096,1097,1099,1101,1102,1104,1105,1107,1108,1110,1111,1113,1114,1116,1117,1118,1120,1121,1122,1124,1125,1126,1127,1128,1130,1131,1132,1133,1134,1134,1135,1136,1137,1138,1138,1139,1139,1140,1140,1141,1141,1141,1142,1142,1142,1142,1142,1142,1142,1142,1142,1141,1141,1140,1140,1139,1139,1138,1137,1136,1135,1134,1133,1132,1131,1130,1128,1127,1126,1124,1123,1121,1119,1118,1116,1114,1113,1111,1109,1107,1105,1103,1101,1099,1097,1095,1093,1091,1089,1087,1085,1083,1081,1079,1077,1075,1073,1071,1069,1067,1065,1063,1061,1059,1057,1055,1054,1052,1050,1048,1047,1045,1044,1042,1041,1039,1038,1037,1035,1034,1033,1032,1031,1030,1029,1028,1028,1027,1026,1026,1025,1025,1025,1024,1024,1024,1024,1024,1024,1024,1024,1024,1024,1024,1024,1024,1024,1024,1024,1024,1024,1024,1024,1024,1024,1024,1024,1024,1024,1024,1024,1024,1024,1024,1024,1024,1024,1024,1024,1024,1024,1024,1024,1024,1024,1024,1024,1024,1024,1024,1025,1025,1025,1025,1025,1025,1026,1026,1026,1026,1026,1027,1027,1027,1028,1028,1028,1028,1029,1029,1029,1029,1030,1030,1030,1030,1031,1031,1031,1031,1031,1032,1032,1032,1032,1032,1032,1032,1033,1033,1033,1033,1033,1033,1033,1033,1033,1032,1032,1032,1032,1032,1032,1032,1031,1031,1031,1031,1031,1030,1030,1030,1030,1029,1029,1029,1029,1028,1028,1028,1028,1027,1027,1027,1026,1026,1026,1026,1026,1025,1025,1025,1025,1025,1025,1024,1024,1024,1024,1024,1024,1024,1024,1024,1024,1024,1024,1024,1024,1024,1024,1024,1024,1024,1024,1024,1024,1024,1024,1024,1024,1024,1024,1024,1024,1024,1024,1024,1024,1024,1024,1024,1024,1024,1024,1024,1024,1024,1024,1024,1024,1024,1024,1024,1024,1024,1023,1023,1023,1023,1023,1023,1023,1023,1023,1022,1022,1022,1022,1021,1021,1021,1021,1020,1020,1020,1019,1016,1012,1009,1005,998,998,1022,1047,1071,1096,1120,1145,1169,1194,1218,1243,1267,1292,1316,1341,1365,1390,1414,1439,1488,1488,1468,1449,1429,1410,1390,1371,1352,1333,1315,1296,1278,1261,1243,1227,1210,1194,1178,1163,1148,1134,1121,1108,1095,1083,1072,1062,1052,1042,1034,1026,1019,1012,1007,1002,997,994,991,989,988,988,995,1001,1006,1011,1014,1017,1019,1021,1022,1023,1024,1024,1024,1024,1024,1024,1025,1025,1025,1025,1025,1026,1026,1026,1026,1026,1027,1027,1027,1027,1027,1028,1028,1028,1028,1029,1029,1029,1029,1029,1030,1030,1030,1030,1030,1031,1031,1031,1031,1031,1032,1032,1032,1032,1032,1033,1033,1033,1033,1033,1034,1034,1034,1034,1034,1035,1035,1035,1035,1035,1036,1036,1036,1036,1037,1037,1037,1037,1037,1038,1038,1038,1038,1038,1039,1039,1039,1039,1039,1040,1040,1040,1040,1040,1041,1041,1041,1041,1041,1042,1042,1042,1042,1042,1043,1043,1043,1043,1043,1044,1044,1044,1044,1044,1045,1045,1045,1045,1046,1046,1046,1046,1046,1047,1047,1047,1047,1047,1048,1048,1048,1048,1048,1049,1049,1049,1049,1049,1050,1050,1050,1050,1050,1051,1051,1051,1051,1051,1052,1052,1052,1052,1053,1053,1053,1053,1053,1053,1053,1054,1054,1054,1055,1055,1056,1057,1057,1058,1059,1059,1060,1061,1062,1063,1064,1065,1066,1067,1069,1070,1071,1072,1074,1075,1076,1078,1079,1081,1082,1084,1085,1087,1088,1090,1091,1093,1094,1096,1097,1099,1101,1102,1104,1105,1107,1108,1110,1111,1113,1114,1116,1117,1118,1120,1121,1122,1124,1125,1126,1127,1128,1130,1131,1132,1133,1134,1134,1135,1136,1137,1138,1138,1139,1139,1140,1140,1141,1141,1141,1142,1142,1142,1142,1142,1142,1142,1142,1142,1141,1141,1140,1140,1139,1139,1138,1137,1136,1135,1134,1133,1132,1131,1130,1128,1127,1126,1124,1123,1121,1119,1118,1116,1114,1113,1111,1109,1107,1105,1103,1101,1099,1097,1095,1093,1091,1089,1087,1085,1083,1081,1079,1077,1075,1073,1071,1069,1067,1065,1063,1061,1059,1057,1055,1054,1052,1050,1048,1047,1045,1044,1042,1041,1039,1038,1037,1035,1034,1033,1032,1031,1030,1029,1028,1028,1027,1026,1026,1025,1025,1025,1024,1024,1024,1024,1024,1024,1024,1024,1024,1024,1024,1024,1024,1024,1024,1024,1024,1024,1024,1024,1024,1024,1024,1024,1024,1024,1024,1024,1024,1024,1024,1024,1024,1024,1024,1024,1024,1024,1024,1024,1024,1024,1024,1025,1025,1026,1027,1027,1028,1029,1030,1031,1032,1033,1034,1035,1036,1037,1038,1039,1040,1041,1042,1042,1043,1044,1044,1044,1044,1044,1044,1044,1044,1043,1043,1042,1041,1041,1040,1038,1037,1036,1035,1033,1032,1030,1029,1027,1026,1024,1022,1021,1019,1018,1016,1015,1013,1012,1011,1010,1008,1007,1007,1006,1005,1005,1004,1004,1004,1004,1004,1004,1004,1004,1005,1006,1006,1007,1008,1009,1010,1011,1012,1013,1014,1015,1016,1017,1018,1019,1020,1021,1021,1022,1023,1023,1024,1024,1024,1024,1024,1024,1024,1024,1024,1024,1024,1024,1024,1024,1024,1024,1024,1024,1024,1024,1024,1024,1024,1024,1024,1024,1024,1024,1024,1024,1024,1024,1024,1024,1024,1024,1024,1024,1024,1024,1024,1024,1024,1024,1024,1024,1024,1023,1023,1023,1023,1023,1023,1023,1023,1023,1022,1022,1022,1022,1021,1021,1021,1021,1020,1020,1020,1019,1016,1012,1008,1005,998,998,1022,1047,1071,1096,1120,1145,1169,1194,1218,1243,1267,1292,1316,1341,1365,1390,1414,1439,1488,1488,1468,1449,1429,1410,1390,1371,1352,1333,1315,1296,1278,1261,1243,1227,1210,1194,1178,1163,1148,1134,1121,1108,1095,1083,1072,1062,1052,1042,1034,1026,1019,1012,1007,1002,997,994,991,989,988,988,995,1001,1006,1011,1014,1017,1019,1021,1022,1023,1024,1024,1024,1024,1024,1024,1025,1025,1025,1025,1025,1026,1026,1026,1026,1026,1027,1027,1027,1027,1027,1028,1028,1028,1028,1029,1029,1029,1029,1029,1030,1030,1030,1030,1030,1031,1031,1031,1031,1031,1032,1032,1032,1032,1032,1033,1033,1033,1033,1033,1034,1034,1034,1034,1034,1035,1035,1035,1035,1035,1036,1036,1036,1036,1037,1037,1037,1037,1037,1038,1038,1038,1038,1038,1039,1039,1039,1039,1039,1040,1040,1040,1040,1040,1041,1041,1041,1041,1041,1042,1042,1042,1042,1042,1043,1043,1043,1043,1043,1044,1044,1044,1044,1044,1045,1045,1045,1045,1046,1046,1046,1046,1046,1047,1047,1047,1047,1047,1048,1048,1048,1048,1048,1049,1049,1049,1049,1049,1050,1050,1050,1050,1050,1051,1051,1051,1051,1051,1052,1052,1052,1052,1053,1053,1053,1053,1053,1053,1053,1054,1054,1054,1055,1055,1056,1057,1057,1058,1059,1059,1060,1061,1062,1063,1064,1065,1066,1067,1069,1070,1071,1072,1074,1075,1076,1078,1079,1081,1082,1084,1085,1087,1088,1090,1091,1093,1094,1096,1097,1099,1101,1102,1104,1105,1107,1108,1110,1111,1113,1114,1116,1117,1118,1120,1121,1122,1124,1125,1126,1127,1128,1130,1131,1132,1133,1134,1134,1135,1136,1137,1138,1138,1139,1139,1140,1140,1141,1141,1141,1142,1142,1142,1142,1142,1142,1142,1142,1142,1141,1141,1140,1140,1139,1139,1138,1137,1136,1135,1134,1133,1132,1131,1130,1128,1127,1126,1124,1123,1121,1119,1118,1116,1114,1113,1111,1109,1107,1105,1103,1101,1099,1097,1095,1093,1091,1089,1087,1085,1083,1081,1079,1077,1075,1073,1071,1069,1067,1065,1063,1061,1059,1057,1055,1054,1052,1050,1048,1047,1045,1044,1042,1041,1039,1038,1037,1035,1034,1033,1032,1031,1030,1029,1028,1028,1027,1026,1026,1025,1025,1025,1024,1024,1024,1024,1024,1024,1024,1024,1024,1024,1024,1024,1024,1024,1024,1024,1024,1024,1024,1024,1024,1024,1024,1024,1024,1024,1024,1024,1024,1024,1024,1024,1024,1024,1024,1024,1024,1024,1024,1024,1024,1024,1024,1024,1025,1025,1025,1026,1026,1027,1027,1028,1028,1029,1030,1030,1031,1032,1032,1033,1034,1035,1036,1037,1037,1038,1039,1040,1041,1042,1042,1043,1044,1045,1045,1046,1047,1047,1048,1048,1049,1049,1049,1050,1050,1050,1051,1051,1051,1051,1050,1050,1049,1048,1048,1047,1047,1046,1046,1045,1044,1044,1043,1043,1042,1042,1041,1040,1040,1039,1039,1038,1038,1037,1036,1036,1035,1035,1034,1034,1033,1032,1032,1031,1031,1030,1030,1029,1028,1028,1027,1027,1026,1025,1025,1024,1024,1023,1023,1022,1022,1022,1022,1022,1022,1022,1022,1022,1022,1022,1022,1022,1022,1022,1022,1022,1022,1023,1023,1023,1023,1023,1023,1023,1023,1023,1023,1023,1023,1023,1023,1023,1023,1023,1023,1023,1023,1024,1024,1024,1024,1024,1024,1024,1024,1024,1024,1024,1024,1024,1024,1024,1024,1024,1024,1024,1024,1024,1023,1023,1023,1023,1023,1022,1022,1022,1022,1022,1021,1021,1021,1021,1021,1020,1020,1020,1020,1020,1019,1019,1019,1019,1019,1019,1018,1018,1018,1018,1018,1017,1017,1017,1017,1017,1017,1016,1016,1016,1016,1016,1016,1015,1015,1015,1015,1015,1015,1015,1014,1014,1014,1014,1014,1014,1014,1013,1013,1013,1013,1013,1013,1013,1013,1012,1012,1012,1012,1012,1012,1012,1012,1012,1011,1011,1011,1011,1011,1011,1011,1011,1011,1011,1011,1011,1011,1010,1010,1010,1010,1010,1010,1010,1010,1010,1010,1010,1010,1010,1010,1010,1010,1010,1010,1010,1010,1010,1010,1010,1010,1010,1010,1010,1009,1009,1008,1007,1006,1003,1000,996,997,999,1002,1007,1013,1020,1029,1039,1050,1062,1076,1090,1106,1123,1140,1159,1178,1199,1220,1242,1265,1288,1312,1336,1361,1386,1411,1436,1488,1488,1461,1435,1409,1383,1358,1332,1308,1283,1260,1236,1214,1192,1171,1151,1132,1114,1097,1081,1066,1053,1040,1029,1019,1010,1002,996,991,988,985,985,986,987,988,989,990,991,991,992,993,994,994,995,996,996,997,997,998,998,999,999,1000,1000,1000,1001,1001,1001,1002,1002,1002,1003,1003,1003,1003,1003,1004,1004,1004,1004,1004,1004,1004,1005,1005,1005,1005,1005,1005,1005,1005,1005,1005,1005,1005,1005,1005,1005,1005,1005,1005,1005,1005,1006,1006,1007,1007,1007,1008,1008,1009,1009,1009,1010,1010,1011,1011,1011,1012,1012,1012,1013,1013,1014,1014,1014,1015,1015,1016,1016,1016,1017,1017,1018,1018,1018,1019,1019,1019,1020,1020,1021,1021,1021,1022,1022,1023,1023,1023,1024,1024,1025,1025,1025,1026,1026,1027,1027,1027,1028,1028,1028,1029,1029,1030,1030,1030,1031,1031,1032,1032,1032,1033,1033,1034,1034,1034,1035,1035,1035,1036,1036,1036,1036,1037,1037,1037,1037,1038,1038,1039,1040,1040,1041,1042,1043,1044,1044,1046,1047,1048,1049,1050,1051,1053,1054,1056,1057,1059,1060,1062,1063,1065,1067,1068,1070,1072,1074,1075,1077,1079,1081,1083,1085,1087,1088,1090,1092,1094,1096,1098,1100,1102,1103,1105,1107,1109,1111,1112,1114,1116,1117,1119,1121,1122,1124,1125,1127,1128,1129,1131,1132,1133,1134,1135,1136,1137,1138,1139,1140,1140,1141,1142,1142,1143,1143,1144,1144,1144,1144,1144,1144,1144,1144,1144,1144,1143,1143,1143,1142,1141,1141,1140,1139,1138,1137,1136,1135,1134,1133,1132,1130,1129,1128,1126,1124,1123,1121,1120,1118,1116,1114,1112,1111,1109,1107,1105,1103,1101,1099,1097,1095,1093,1090,1088,1086,1084,1082,1080,1078,1076,1074,1072,1070,1068,1066,1064,1062,1060,1058,1056,1054,1052,1051,1049,1047,1046,1044,1042,1041,1039,1038,1037,1035,1034,1033,1032,1031,1030,1029,1028,1028,1027,1026,1026,1025,1025,1025,1024,1024,1024

lead:V6
count:2460
points:1024,1024,1024,1024,1024,1023,1023,1023,1023,1022,1022,1022,1021,1021,1020,1020,1019,1019,1018,1018,1017,1016,1016,1015,1014,1014,1013,1012,1012,1011,1011,1010,1009,1009,1008,1008,1007,1007,1006,1006,1005,1005,1005,1004,1004,1004,1004,1004,1004,1004,1004,1004,1004,1004,1004,1004,1004,1004,1005,1005,1005,1006,1006,1007,1007,1008,1008,1009,1009,1010,1011,1011,1012,1012,1013,1014,1014,1015,1016,1016,1017,1018,1018,1019,1019,1020,1020,1021,1021,1022,1022,1022,1023,1023,1023,1023,1024,1024,1024,1024,1024,1024,1024,1024,1024,1024,1024,1024,1024,1024,1024,1024,1024,1024,1024,1024,1024,1024,1024,1024,1024,1024,1024,1024,1024,1024,1024,1024,1024,1024,1024,1024,1024,1024,1024,1024,1024,1024,1024,1024,1024,1024,1024,1023,1023,1023,1023,1023,1023,1023,1023,1023,1022,1022,1022,1022,1022,1021,1021,1021,1020,1020,1020,1019,1019,1011,1004,996,988,973,973,996,1019,1042,1065,1088,1111,1134,1157,1180,1203,1226,1249,1272,1295,1318,1341,1364,1388,1434,1434,1417,1399,1382,1366,1349,1332,1315,1299,1283,1267,1251,1236,1221,1206,1192,1178,1164,1151,1138,1126,1114,1103,1092,1082,1072,1063,1054,1046,1038,1032,1025,1020,1015,1010,1007,1004,1001,1000,998,998,1004,1008,1012,1015,1017,1019,1021,1022,1023,1023,1024,1024,1024,1024,1024,1024,1024,1025,1025,1025,1025,1025,1025,1025,1026,1026,1026,1026,1026,1026,1026,1027,1027,1027,1027,1027,1027,1028,1028,1028,1028,1028,1028,1028,1029,1029,1029,1029,1029,1029,1029,1030,1030,1030,1030,1030,1030,1030,1031,1031,1031,1031,1031,1031,1031,1032,1032,1032,1032,1032,1032,1032,1033,1033,1033,1033,1033,1033,1034,1034,1034,1034,1034,1034,1034,1035,1035,1035,1035,1035,1035,1035,1036,1036,1036,1036,1036,1036,1036,1037,1037,1037,1037,1037,1037,1037,1038,1038,1038,1038,1038,1038,1038,1039,1039,1039,1039,1039,1039,1040,1040,1040,1040,1040,1040,1040,1041,1041,1041,1041,1041,1041,1041,1042,1042,1042,1042,1042,1042,1042,1043,1043,1043,1043,1043,1043,1043,1044,1044,1044,1044,1044,1044,1044,1045,1045,1045,1045,1045,1045,1046,1046,1047,1047,1048,1048,1049,1050,1051,1051,1052,1053,1054,1055,1056,1057,1059,1060,1061,1062,1063,1065,1066,1068,1069,1070,1072,1073,1075,1076,1078,1079,1081,1083,1084,1086,1087,1089,1091,1092,1094,1095,1097,1099,1100,1102,1103,1105,1106,1108,1109,1111,1112,1114,1115,1116,1118,1119,1120,1121,1123,1124,1125,1126,1127,1128,1129,1130,1130,1131,1132,1133,1133,1134,1134,1135,1135,1136,1136,1136,1136,1137,1137,1137,1137,1137,1136,1136,1136,1135,1135,1134,1134,1133,1133,1132,1131,1130,1129,1128,1127,1126,1125,1123,1122,1121,1119,1118,1117,1115,1113,1112,1110,1108,1107,1105,1103,1101,1100,1098,1096,1094,1092,1090,1088,1086,1084,1082,1080,1078,1076,1074,1072,1071,1069,1067,1065,1063,1061,1059,1057,1056,1054,1052,1050,1049,1047,1046,1044,1043,1041,1040,1038,1037,1036,1035,1034,1033,1032,1031,1030,1029,1028,1027,1027,1026,1026,1025,1025,1025,1024,1024,1024,1024,1024,1024,1024,1024,1024,1024,1024,1024,1024,1024,1024,1024,1024,1024,1024,1024,1024,1024,1024,1024,1024,1024,1024,1024,1024,1024,1024,1024,1024,1024,1024,1024,1024,1024,1024,1024,1024,1024,1024,1024,1024,1024,1024,1024,1024,1024,1025,1025,1025,1025,1025,1025,1025,1025,1026,1026,1026,1026,1026,1026,1027,1027,1027,1027,1027,1027,1028,1028,1028,1028,1028,1028,1028,1028,1029,1029,1029,1029,1029,1029,1029,1029,1029,1029,1029,1029,1029,1029,1029,1029,1029,1029,1029,1029,1029,1029,1029,1028,1028,1028,1028,1028,1028,1028,1028,1027,1027,1027,1027,1027,1027,1026,1026,1026,1026,1026,1026,1025,1025,1025,1025,1025,1025,1025,1025,1024,1024,1024,1024,1024,1024,1024,1024,1024,1024,1024,1024,1024,1024,1024,1024,1024,1024,1024,1024,1024,1024,1024,1024,1024,1024,1024,1024,1024,1024,1024,1024,1024,1024,1024,1024,1024,1024,1024,1024,1024,1024,1024,1024,1024,1024,1024,1024,1024,1024,1024,1024,1024,1023,1023,1023,1023,1023,1023,1023,1023,1023,1022,1022,1022,1022,1022,1021,1021,1021,1020,1020,1020,1019,1019,1011,1004,996,988,973,973,996,1019,1042,1065,1088,1111,1134,1157,1180,1203,1226,1249,1272,1295,1318,1341,1364,1388,1434,1434,1417,1399,1382,1366,1349,1332,1315,1299,1283,1267,1251,1236,1221,1206,1192,1178,1164,1151,1138,1126,1114,1103,1092,1082,1072,1063,1054,1046,1038,1032,1025,1020,1015,1010,1007,1004,1001,1000,998,998,1004,1008,1012,1015,1017,1019,1021,1022,1023,1023,1024,1024,1024,1024,1024,1024,1024,1025,1025,1025,1025,1025,1025,1025,1026,1026,1026,1026,1026,1026,1026,1027,1027,1027,1027,1027,1027,1028,1028,1028,1028,1028,1028,1028,1029,1029,1029,1029,1029,1029,1029,1030,1030,1030,1030,1030,1030,1030,1031,1031,1031,1031,1031,1031,1031,1032,1032,1032,1032,1032,1032,1032,1033,1033,1033,1033,1033,1033,1034,1034,1034,1034,1034,1034,1034,1035,1035,1035,1035,1035,1035,1035,1036,1036,1036,1036,1036,1036,1036,1037,1037,1037,1037,1037,1037,1037,1038,1038,1038,1038,1038,1038,1038,1039,1039,1039,1039,1039,1039,1040,1040,1040,1040,1040,1040,1040,1041,1041,1041,1041,1041,1041,1041,1042,1042,1042,1042,1042,1042,1042,1043,1043,1043,1043,1043,1043,1043,1044,1044,1044,1044,1044,1044,1044,1045,1045,1045,1045,1045,1045,1046,1046,1047,1047,1048,1048,1049,1050,1051,1051,1052,1053,1054,1055,1056,1057,1059,1060,1061,1062,1063,1065,1066,1068,1069,1070,1072,1073,1075,1076,1078,1079,1081,1083,1084,1086,1087,1089,1091,1092,1094,1095,1097,1099,1100,1102,1103,1105,1106,1108,1109,1111,1112,1114,1115,1116,1118,1119,1120,1121,1123,1124,1125,1126,1127,1128,1129,1130,1130,1131,1132,1133,1133,1134,1134,1135,1135,1136,1136,1136,1136,1137,1137,1137,1137,1137,1136,1136,1136,1135,1135,1134,1134,1133,1133,1132,1131,1130,1129,1128,1127,1126,1125,1123,1122,1121,1119,1118,1117,1115,1113,1112,1110,1108,1107,1105,1103,1101,1100,1098,1096,1094,1092,1090,1088,1086,1084,1082,1080,1078,1076,1074,1072,1071,1069,1067,1065,1063,1061,1059,1057,1056,1054,1052,1050,1049,1047,1046,1044,1043,1041,1040,1038,1037,1036,1035,1034,1033,1032,1031,1030,1029,1028,1027,1027,1026,1026,1025,1025,1025,1024,1024,1024,1024,1024,1024,1024,1024,1024,1024,1024,1024,1024,1024,1024,1024,1024,1024,1024,1024,1024,1024,1024,1024,1024,1024,1024,1024,1024,1024,1024,1024,1024,1024,1024,1024,1024,1024,1024,1024,1024,1024,1025,1025,1025,1026,1027,1027,1028,1029,1030,1031,1032,1033,1034,1035,1036,1037,1038,1039,1040,1041,1042,1043,1043,1044,1044,1044,1044,1044,1044,1044,1044,1043,1043,1042,1041,1041,1040,1038,1037,1036,1035,1033,1032,1030,1029,1027,1026,1024,1022,1021,1019,1018,1016,1015,1013,1012,1011,1010,1008,1007,1007,1006,1005,1005,1004,1004,1004,1004,1004,1004,1004,1004,1005,1005,1006,1007,1008,1009,1010,1011,1012,1013,1014,1015,1016,1017,1018,1019,1020,1021,1021,1022,1023,1023,1023,1024,1024,1024,1024,1024,1024,1024,1024,1024,1024,1024,1024,1024,1024,1024,1024,1024,1024,1024,1024,1024,1024,1024,1024,1024,1024,1024,1024,1024,1024,1024,1024,1024,1024,1024,1024,1024,1024,1024,1024,1024,1024,1024,1024,1024,1023,1023,1023,1023,1023,1023,1023,1023,1023,1022,1022,1022,1022,1022,1021,1021,1021,1020,1020,1020,1019,1019,1010,1002,993,985,968,968,991,1014,1038,1061,1084,1107,1131,1154,1177,1201,1224,1247,1271,1294,1317,1340,1364,1387,1434,1434,1417,1399,1382,1366,1349,1332,1315,1299,1283,1267,1251,1236,1221,1206,1192,1178,1164,1151,1138,1126,1114,1103,1092,1082,1072,1063,1054,1046,1038,1032,1025,1020,1015,1010,1007,1004,1001,1000,998,998,1004,1008,1012,1015,1017,1019,1021,1022,1023,1023,1024,1024,1024,1024,1024,1024,1024,1025,1025,1025,1025,1025,1025,1025,1026,1026,1026,1026,1026,1026,1026,1027,1027,1027,1027,1027,1027,1028,1028,1028,1028,1028,1028,1028,1029,1029,1029,1029,1029,1029,1029,1030,1030,1030,1030,1030,1030,1030,1031,1031,1031,1031,1031,1031,1031,1032,1032,1032,1032,1032,1032,1032,1033,1033,1033,1033,1033,1033,1034,1034,1034,1034,1034,1034,1034,1035,1035,1035,1035,1035,1035,1035,1036,1036,1036,1036,1036,1036,1036,1037,1037,1037,1037,1037,1037,1037,1038,1038,1038,1038,1038,1038,1038,1039,1039,1039,1039,1039,1039,1040,1040,1040,1040,1040,1040,1040,1041,1041,1041,1041,1041,1041,1041,1042,1042,1042,1042,1042,1042,1042,1043,1043,1043,1043,1043,1043,1043,1044,1044,1044,1044,1044,1044,1044,1045,1045,1045,1045,1045,1045,1046,1046,1047,1047,1048,1048,1049,1050,1051,1051,1052,1053,1054,1055,1056,1057,1059,1060,1061,1062,1063,1065,1066,1068,1069,1070,1072,1073,1075,1076,1078,1079,1081,1083,1084,1086,1087,1089,1091,1092,1094,1095,1097,1099,1100,1102,1103,1105,1106,1108,1109,1111,1112,1114,1115,1116,1118,1119,1120,1121,1123,1124,1125,1126,1127,1128,1129,1130,1130,1131,1132,1133,1133,1134,1134,1135,1135,1136,1136,1136,1136,1137,1137,1137,1137,1137,1136,1136,1136,1135,1135,1134,1134,1133,1133,1132,1131,1130,1129,1128,1127,1126,1125,1123,1122,1121,1119,1118,1117,1115,1113,1112,1110,1108,1107,1105,1103,1101,1100,1098,1096,1094,1092,1090,1088,1086,1084,1082,1080,1078,1076,1074,1072,1071,1069,1067,1065,1063,1061,1059,1057,1056,1054,1052,1050,1049,1047,1046,1044,1043,1041,1040,1038,1037,1036,1035,1034,1033,1032,1031,1030,1029,1028,1027,1027,1026,1026,1025,1025,1025,1024,1024,1024,1024,1024,1024,1024,1024,1024,1024,1024,1024,1024,1024,1024,1024,1024,1024,1024,1024,1024,1024,1024,1024,1024,1024,1024,1024,1024,1024,1024,1024,1024,1024,1024,1024,1024,1024,1024,1024,1024,1024,1024,1024,1025,1025,1025,1025,1026,1026,1026,1027,1027,1028,1028,1029,1029,1030,1030,1031,1032,1032,1033,1034,1034,1035,1036,1036,1037,1037,1038,1039,1039,1040,1040,1041,1041,1042,1042,1043,1043,1043,1044,1044,1044,1044,1044,1044,1044,1044,1044,1044,1043,1043,1042,1042,1042,1041,1041,1040,1040,1040,1039,1039,1038,1038,1038,1037,1037,1036,1036,1035,1035,1035,1034,1034,1033,1033,1033,1032,1032,1031,1031,1031,1030,1030,1029,1029,1029,1028,1028,1027,1027,1026,1026,1026,1025,1025,1024,1024,1024,1024,1024,1024,1024,1024,1024,1024,1024,1024,1024,1024,1024,1024,1024,1024,1024,1024,1024,1024,1024,1024,1024,1024,1024,1024,1024,1024,1024,1024,1024,1024,1024,1024,1024,1024,1024,1024,1024,1024,1024,1024,1024,1024,1024,1024,1024,1024,1024,1024,1024,1024,1024,1024,1024,1024,1024,1024,1023,1023,1023,1023,1022,1022,1022,1022,1022,1021,1021,1021,1021,1021,1020,1020,1020,1020,1020,1019,1019,1019,1019,1019,1018,1018,1018,1018,1018,1017,1017,1017,1017,1017,1016,1016,1016,1016,1016,1015,1015,1015,1015,1015,1015,1014,1014,1014,1014,1014,1014,1013,1013,1013,1013,1013,1013,1013,1012,1012,1012,1012,1012,1012,1012,1011,1011,1011,1011,1011,1011,1011,1011,1011,1010,1010,1010,1010,1010,1010,1010,1010,1010,1010,1010,1010,1009,1009,1009,1009,1009,1009,1009,1009,1009,1009,1009,1009,1009,1009,1009,1009,1009,1009,1009,1009,1009,1009,1009,1009,1009,1009,1009,1008,1008,1007,1006,1004,1001,996,991,983,984,986,989,993,998,1005,1013,1022,1032,1043,1056,1069,1083,1099,1115,1132,1150,1169,1188,1208,1229,1250,1272,1294,1317,1340,1363,1387,1434,1434,1419,1405,1391,1376,1362,1348,1333,1319,1305,1290,1276,1262,1247,1233,1219,1204,1190,1176,1161,1147,1133,1118,1104,1090,1075,1061,1047,1032,1004,1004,1004,1005,1005,1005,1006,1006,1007,1007,1007,1008,1008,1009,1009,1009,1009,1010,1010,1010,1010,1011,1011,1011,1011,1012,1012,1012,1012,1012,1012,1012,1013,1013,1013,1013,1013,1013,1013,1013,1013,1013,1013,1013,1014,1014,1014,1014,1014,1014,1014,1014,1014,1014,1014,1014,1014,1014,1014,1014,1014,1014,1014,1014,1015,1015,1015,1016,1016,1016,1017,1017,1017,1018,1018,1018,1019,1019,1019,1020,1020,1020,1020,1021,1021,1021,1022,1022,1022,1023,1023,1023,1024,1024,1024,1025,1025,1025,1026,1026,1026,1027,1027,1027,1028,1028,1028,1028,1029,1029,1029,1030,1030,1030,1031,1031,1031,1032,1032,1032,1033,1033,1033,1034,1034,1034,1035,1035,1035,1036,1036,1036,1036,1037,1037,1037,1038,1038,1038,1039,1039,1039,1039,1039,1040,1040,1040,1040,1040,1041,1041,1041,1042,1042,1043,1043,1044,1044,1045,1046,1046,1047,1048,1049,1050,1050,1051,1052,1053,1054,1055,1056,1057,1058,1059,1060,1061,1062,1063,1065,1066,1067,1068,1069,1070,1071,1073,1074,1075,1076,1077,1078,1080,1081,1082,1083,1084,1085,1086,1087,1088,1089,1090,1091,1092,1093,1094,1095,1096,1097,1097,1098,1099,1100,1100,1101,1101,1102,1103,1103,1103,1104,1104,1105,1105,1105,1105,1106,1106,1106,1106,1106,1106,1106,1106,1106,1105,1105,1105,1104,1104,1103,1103,1102,1102,1101,1100,1100,1099,1098,1097,1096,1095,1094,1093,1092,1091,1090,1089,1088,1087,1085,1084,1083,1082,1080,1079,1078,1076,1075,1073,1072,1071,1069,1068,1066,1065,1064,1062,1061,1059,1058,1056,1055,1054,1052,1051,1050,1048,1047,1046,1044,1043,1042,1041,1040,1039,1038,1037,1035,1035,1034,1033,1032,1031,1030,1029,1029,1028,1028,1027,1026,1026,1026,1025,1025,1025,1024,1024,1024,1024

